{"type":"FeatureCollection","features":[{"type":"Feature","properties":{"node_id":"PORT-31210","node_type":"port","name":"VLISSINGEN","wpi_number":"31210","harbour_size":"M","maximum_vessel":"M","cargo_wharf":true,"rail_connection":true,"provisions":false,"water":true,"fuel_oil":true,"gameplay_status":"candidate","source":"NGA-World-Port-Index","territory_id":"NL-01","country_code":"NL"},"geometry":{"type":"Point","coordinates":[3.6000000003972,51.4500000001477]}},{"type":"Feature","properties":{"node_id":"PORT-43850","node_type":"port","name":"FEODOSIYA","wpi_number":"43850","harbour_size":"S","maximum_vessel":"M","cargo_wharf":false,"rail_connection":false,"provisions":true,"water":true,"fuel_oil":true,"gameplay_status":"candidate","source":"NGA-World-Port-Index","territory_id":"UA-05","country_code":"UA"},"geometry":{"type":"Point","coordinates":[35.433333333558,45.0166666667704]}},{"type":"Feature","properties":{"node_id":"PORT-42120","node_type":"port","name":"LAVRIO","wpi_number":"42120","harbour_size":"V","maximum_vessel":"M","cargo_wharf":false,"rail_connection":true,"provisions":false,"water":true,"fuel_oil":true,"gameplay_status":"candidate","source":"NGA-World-Port-Index","territory_id":"GR-02","country_code":"GR"},"geometry":{"type":"Point","coordinates":[24.066666666444,37.6999999996948]}},{"type":"Feature","properties":{"node_id":"PORT-38980","node_type":"port","name":"ANTIBES","wpi_number":"38980","harbour_size":"V","maximum_vessel":"M","cargo_wharf":true,"rail_connection":true,"provisions":false,"water":false,"fuel_oil":true,"gameplay_status":"candidate","source":"NGA-World-Port-Index","territory_id":"FR-06","country_code":"FR"},"geometry":{"type":"Point","coordinates":[7.13333333310559,43.5833333336141]}},{"type":"Feature","properties":{"node_id":"PORT-30990","node_type":"port","name":"DELFZIJL","wpi_number":"30990","harbour_size":"S","maximum_vessel":"M","cargo_wharf":true,"rail_connection":true,"provisions":true,"water":true,"fuel_oil":true,"gameplay_status":"candidate","source":"NGA-World-Port-Index","territory_id":"NL-02","country_code":"NL"},"geometry":{"type":"Point","coordinates":[6.9333333336325,53.3333333330778]}},{"type":"Feature","properties":{"node_id":"PORT-37400","node_type":"port","name":"PUERTO DE BILBAO","wpi_number":"37400","harbour_size":"M","maximum_vessel":"L","cargo_wharf":true,"rail_connection":true,"provisions":true,"water":true,"fuel_oil":true,"gameplay_status":"candidate","source":"NGA-World-Port-Index","territory_id":"ES-02","country_code":"ES"},"geometry":{"type":"Point","coordinates":[-3.04999999982496,43.3500000002957]}},{"type":"Feature","properties":{"node_id":"PORT-44622","node_type":"port","name":"GEBZE","wpi_number":"44622","harbour_size":"V","maximum_vessel":"L","cargo_wharf":false,"rail_connection":true,"provisions":false,"water":true,"fuel_oil":true,"gameplay_status":"candidate","source":"NGA-World-Port-Index","territory_id":"TR-01","country_code":"TR"},"geometry":{"type":"Point","coordinates":[29.5499999996296,40.766666666647]}},{"type":"Feature","properties":{"node_id":"PORT-31680","node_type":"port","name":"BRIDLINGTON","wpi_number":"31680","harbour_size":"V","maximum_vessel":"M","cargo_wharf":true,"rail_connection":true,"provisions":false,"water":true,"fuel_oil":true,"gameplay_status":"candidate","source":"NGA-World-Port-Index","territory_id":"GB-02","country_code":"GB"},"geometry":{"type":"Point","coordinates":[-0.183333333224638,54.0833333335407]}},{"type":"Feature","properties":{"node_id":"PORT-32450","node_type":"port","name":"STROMNESS","wpi_number":"32450","harbour_size":"V","maximum_vessel":"M","cargo_wharf":true,"rail_connection":false,"provisions":false,"water":true,"fuel_oil":true,"gameplay_status":"candidate","source":"NGA-World-Port-Index","territory_id":"GB-01","country_code":"GB"},"geometry":{"type":"Point","coordinates":[-3.29999999984008,58.9666666667289]}},{"type":"Feature","properties":{"node_id":"PORT-28550","node_type":"port","name":"PARNU","wpi_number":"28550","harbour_size":"S","maximum_vessel":"M","cargo_wharf":true,"rail_connection":true,"provisions":true,"water":true,"fuel_oil":true,"gameplay_status":"candidate","source":"NGA-World-Port-Index","territory_id":"EE-01","country_code":"EE"},"geometry":{"type":"Point","coordinates":[24.4999999996838,58.3833333331751]}},{"type":"Feature","properties":{"node_id":"PORT-25060","node_type":"port","name":"VASTERVIK","wpi_number":"25060","harbour_size":"S","maximum_vessel":"M","cargo_wharf":true,"rail_connection":true,"provisions":false,"water":true,"fuel_oil":true,"gameplay_status":"candidate","source":"NGA-World-Port-Index","territory_id":"SE-02","country_code":"SE"},"geometry":{"type":"Point","coordinates":[16.6499999999281,57.7666666667058]}},{"type":"Feature","properties":{"node_id":"PORT-23500","node_type":"port","name":"REKEFJORD","wpi_number":"23500","harbour_size":"V","maximum_vessel":"M","cargo_wharf":true,"rail_connection":false,"provisions":false,"water":true,"fuel_oil":false,"gameplay_status":"candidate","source":"NGA-World-Port-Index","territory_id":"NO-01","country_code":"NO"},"geometry":{"type":"Point","coordinates":[6.2666666666261,58.333333333492]}},{"type":"Feature","properties":{"node_id":"PORT-23310","node_type":"port","name":"MOSTERHAMN","wpi_number":"23310","harbour_size":"V","maximum_vessel":"M","cargo_wharf":true,"rail_connection":false,"provisions":false,"water":true,"fuel_oil":true,"gameplay_status":"candidate","source":"NGA-World-Port-Index","territory_id":"NO-01","country_code":"NO"},"geometry":{"type":"Point","coordinates":[5.40000000014664,59.6999999998098]}},{"type":"Feature","properties":{"node_id":"PORT-23300","node_type":"port","name":"MELING","wpi_number":"23300","harbour_size":"V","maximum_vessel":"M","cargo_wharf":true,"rail_connection":false,"provisions":false,"water":true,"fuel_oil":true,"gameplay_status":"candidate","source":"NGA-World-Port-Index","territory_id":"NO-01","country_code":"NO"},"geometry":{"type":"Point","coordinates":[5.11666666673627,59.7833333334919]}},{"type":"Feature","properties":{"node_id":"PORT-43100","node_type":"port","name":"SOUDHA","wpi_number":"43100","harbour_size":"M","maximum_vessel":"L","cargo_wharf":true,"rail_connection":false,"provisions":true,"water":true,"fuel_oil":false,"gameplay_status":"candidate","source":"NGA-World-Port-Index","territory_id":"GR-03","country_code":"GR"},"geometry":{"type":"Point","coordinates":[24.1833333337765,35.4833333331608]}},{"type":"Feature","properties":{"node_id":"PORT-37010","node_type":"port","name":"LA ROCHELLE","wpi_number":"37010","harbour_size":"M","maximum_vessel":"L","cargo_wharf":true,"rail_connection":true,"provisions":true,"water":true,"fuel_oil":true,"gameplay_status":"candidate","source":"NGA-World-Port-Index","territory_id":"FR-04","country_code":"FR"},"geometry":{"type":"Point","coordinates":[-1.14999999988983,46.1500000001293]}},{"type":"Feature","properties":{"node_id":"PORT-23817","node_type":"port","name":"FAGERSTRAND","wpi_number":"23817","harbour_size":"S","maximum_vessel":"M","cargo_wharf":false,"rail_connection":false,"provisions":false,"water":false,"fuel_oil":false,"gameplay_status":"candidate","source":"NGA-World-Port-Index","territory_id":"NO-01","country_code":"NO"},"geometry":{"type":"Point","coordinates":[10.5999999999219,59.7333333334427]}},{"type":"Feature","properties":{"node_id":"PORT-29260","node_type":"port","name":"TUBORG","wpi_number":"29260","harbour_size":"V","maximum_vessel":"M","cargo_wharf":true,"rail_connection":true,"provisions":false,"water":false,"fuel_oil":true,"gameplay_status":"candidate","source":"NGA-World-Port-Index","territory_id":"DK-02","country_code":"DK"},"geometry":{"type":"Point","coordinates":[12.5833333328959,55.7166666665554]}},{"type":"Feature","properties":{"node_id":"PORT-40115","node_type":"port","name":"GIOIA TAURO","wpi_number":"40115","harbour_size":"S","maximum_vessel":"M","cargo_wharf":true,"rail_connection":true,"provisions":false,"water":true,"fuel_oil":true,"gameplay_status":"candidate","source":"NGA-World-Port-Index","territory_id":"IT-03","country_code":"IT"},"geometry":{"type":"Point","coordinates":[15.8999999998828,38.4166666670059]}},{"type":"Feature","properties":{"node_id":"PORT-41610","node_type":"port","name":"KOTOR","wpi_number":"41610","harbour_size":"V","maximum_vessel":"M","cargo_wharf":true,"rail_connection":false,"provisions":true,"water":true,"fuel_oil":true,"gameplay_status":"candidate","source":"NGA-World-Port-Index","territory_id":"ME-01","country_code":"ME"},"geometry":{"type":"Point","coordinates":[18.7666666664831,42.4166666664545]}},{"type":"Feature","properties":{"node_id":"PORT-30985","node_type":"port","name":"EEMSHAVEN","wpi_number":"30985","harbour_size":"S","maximum_vessel":"M","cargo_wharf":true,"rail_connection":true,"provisions":false,"water":true,"fuel_oil":true,"gameplay_status":"candidate","source":"NGA-World-Port-Index","territory_id":"NL-02","country_code":"NL"},"geometry":{"type":"Point","coordinates":[6.8333333334468,53.450000000108]}},{"type":"Feature","properties":{"node_id":"PORT-23115","node_type":"port","name":"MOLDTUSTRANDA","wpi_number":"23115","harbour_size":"V","maximum_vessel":null,"cargo_wharf":true,"rail_connection":false,"provisions":false,"water":false,"fuel_oil":false,"gameplay_status":"candidate","source":"NGA-World-Port-Index","territory_id":"NO-02","country_code":"NO"},"geometry":{"type":"Point","coordinates":[5.65000000016173,62.2999999999927]}},{"type":"Feature","properties":{"node_id":"PORT-28370","node_type":"port","name":"SANKT-PETERBURG","wpi_number":"28370","harbour_size":"L","maximum_vessel":"M","cargo_wharf":true,"rail_connection":true,"provisions":true,"water":true,"fuel_oil":true,"gameplay_status":"candidate","source":"NGA-World-Port-Index","territory_id":"RU-02","country_code":"RU"},"geometry":{"type":"Point","coordinates":[30.2999999996749,59.9333333332091]}},{"type":"Feature","properties":{"node_id":"PORT-21900","node_type":"port","name":"SVOLVAER","wpi_number":"21900","harbour_size":"S","maximum_vessel":"M","cargo_wharf":true,"rail_connection":false,"provisions":false,"water":true,"fuel_oil":true,"gameplay_status":"candidate","source":"NGA-World-Port-Index","territory_id":"NO-03","country_code":"NO"},"geometry":{"type":"Point","coordinates":[14.5833333330168,68.2333333334217]}},{"type":"Feature","properties":{"node_id":"PORT-29880","node_type":"port","name":"ODENSE","wpi_number":"29880","harbour_size":"S","maximum_vessel":"M","cargo_wharf":true,"rail_connection":true,"provisions":false,"water":true,"fuel_oil":true,"gameplay_status":"candidate","source":"NGA-World-Port-Index","territory_id":"DK-01","country_code":"DK"},"geometry":{"type":"Point","coordinates":[10.383333333302,55.4166666665885]}},{"type":"Feature","properties":{"node_id":"PORT-34110","node_type":"port","name":"LIMERICK","wpi_number":"34110","harbour_size":"S","maximum_vessel":"M","cargo_wharf":true,"rail_connection":true,"provisions":true,"water":true,"fuel_oil":true,"gameplay_status":"candidate","source":"NGA-World-Port-Index","territory_id":"IE-01","country_code":"IE"},"geometry":{"type":"Point","coordinates":[-8.61666666694778,52.6333333333058]}},{"type":"Feature","properties":{"node_id":"PORT-33985","node_type":"port","name":"LANCASTER","wpi_number":"33985","harbour_size":"S","maximum_vessel":"M","cargo_wharf":false,"rail_connection":true,"provisions":true,"water":true,"fuel_oil":true,"gameplay_status":"candidate","source":"NGA-World-Port-Index","territory_id":"GB-02","country_code":"GB"},"geometry":{"type":"Point","coordinates":[-2.78333333356141,54.050000000067]}},{"type":"Feature","properties":{"node_id":"PORT-450","node_type":"port","name":"BUDIR","wpi_number":"450","harbour_size":"V","maximum_vessel":null,"cargo_wharf":true,"rail_connection":false,"provisions":false,"water":true,"fuel_oil":false,"gameplay_status":"candidate","source":"NGA-World-Port-Index","territory_id":"IS-01","country_code":"IS"},"geometry":{"type":"Point","coordinates":[-14.0166666670944,64.9333333334023]}},{"type":"Feature","properties":{"node_id":"PORT-30440","node_type":"port","name":"SKAGEN HAVN","wpi_number":"30440","harbour_size":"S","maximum_vessel":"M","cargo_wharf":true,"rail_connection":true,"provisions":true,"water":true,"fuel_oil":true,"gameplay_status":"candidate","source":"NGA-World-Port-Index","territory_id":"DK-01","country_code":"DK"},"geometry":{"type":"Point","coordinates":[10.5999999999219,57.716666666888]}},{"type":"Feature","properties":{"node_id":"PORT-28400","node_type":"port","name":"KRONSHTADT","wpi_number":"28400","harbour_size":"S","maximum_vessel":"L","cargo_wharf":true,"rail_connection":false,"provisions":true,"water":true,"fuel_oil":true,"gameplay_status":"candidate","source":"NGA-World-Port-Index","territory_id":"RU-02","country_code":"RU"},"geometry":{"type":"Point","coordinates":[29.7833333333962,59.9833333331839]}},{"type":"Feature","properties":{"node_id":"PORT-40240","node_type":"port","name":"SIRACUSA","wpi_number":"40240","harbour_size":"L","maximum_vessel":"L","cargo_wharf":true,"rail_connection":true,"provisions":true,"water":true,"fuel_oil":true,"gameplay_status":"candidate","source":"NGA-World-Port-Index","territory_id":"IT-04","country_code":"IT"},"geometry":{"type":"Point","coordinates":[15.2833333334184,37.0500000002986]}},{"type":"Feature","properties":{"node_id":"PORT-39260","node_type":"port","name":"PORTO VESME","wpi_number":"39260","harbour_size":"V","maximum_vessel":"L","cargo_wharf":true,"rail_connection":false,"provisions":false,"water":false,"fuel_oil":true,"gameplay_status":"candidate","source":"NGA-World-Port-Index","territory_id":"IT-05","country_code":"IT"},"geometry":{"type":"Point","coordinates":[8.4000000003279,39.1999999998844]}},{"type":"Feature","properties":{"node_id":"PORT-40000","node_type":"port","name":"CASTELLAMMARE DI STABIA","wpi_number":"40000","harbour_size":"V","maximum_vessel":"M","cargo_wharf":true,"rail_connection":true,"provisions":true,"water":true,"fuel_oil":true,"gameplay_status":"candidate","source":"NGA-World-Port-Index","territory_id":"IT-03","country_code":"IT"},"geometry":{"type":"Point","coordinates":[14.4833333337294,40.7000000000803]}},{"type":"Feature","properties":{"node_id":"PORT-34850","node_type":"port","name":"FISHGUARD","wpi_number":"34850","harbour_size":"S","maximum_vessel":"L","cargo_wharf":true,"rail_connection":true,"provisions":true,"water":true,"fuel_oil":true,"gameplay_status":"candidate","source":"NGA-World-Port-Index","territory_id":"GB-05","country_code":"GB"},"geometry":{"type":"Point","coordinates":[-4.98333333315534,52.0166666668349]}},{"type":"Feature","properties":{"node_id":"PORT-43750","node_type":"port","name":"YEVPATORIYA","wpi_number":"43750","harbour_size":"V","maximum_vessel":"M","cargo_wharf":true,"rail_connection":false,"provisions":true,"water":true,"fuel_oil":false,"gameplay_status":"candidate","source":"NGA-World-Port-Index","territory_id":"UA-05","country_code":"UA"},"geometry":{"type":"Point","coordinates":[33.3833333328951,45.1999999997943]}},{"type":"Feature","properties":{"node_id":"PORT-39990","node_type":"port","name":"TORRE ANNUNZIATA","wpi_number":"39990","harbour_size":"S","maximum_vessel":"M","cargo_wharf":true,"rail_connection":true,"provisions":false,"water":true,"fuel_oil":true,"gameplay_status":"candidate","source":"NGA-World-Port-Index","territory_id":"IT-03","country_code":"IT"},"geometry":{"type":"Point","coordinates":[14.4500000003342,40.7500000002093]}},{"type":"Feature","properties":{"node_id":"PORT-34200","node_type":"port","name":"KILRUSH","wpi_number":"34200","harbour_size":"V","maximum_vessel":"M","cargo_wharf":true,"rail_connection":false,"provisions":true,"water":true,"fuel_oil":true,"gameplay_status":"candidate","source":"NGA-World-Port-Index","territory_id":"IE-01","country_code":"IE"},"geometry":{"type":"Point","coordinates":[-9.49999999967573,52.6333333333058]}},{"type":"Feature","properties":{"node_id":"PORT-43940","node_type":"port","name":"HENICHESK","wpi_number":"43940","harbour_size":"V","maximum_vessel":"M","cargo_wharf":true,"rail_connection":true,"provisions":false,"water":true,"fuel_oil":true,"gameplay_status":"candidate","source":"NGA-World-Port-Index","territory_id":"UA-04","country_code":"UA"},"geometry":{"type":"Point","coordinates":[34.8166666670936,46.166666666917]}},{"type":"Feature","properties":{"node_id":"PORT-31930","node_type":"port","name":"LEITH","wpi_number":"31930","harbour_size":"M","maximum_vessel":"M","cargo_wharf":false,"rail_connection":true,"provisions":false,"water":true,"fuel_oil":true,"gameplay_status":"candidate","source":"NGA-World-Port-Index","territory_id":"GB-01","country_code":"GB"},"geometry":{"type":"Point","coordinates":[-3.1833333334059,55.9833333331923]}},{"type":"Feature","properties":{"node_id":"PORT-33790","node_type":"port","name":"LARNE","wpi_number":"33790","harbour_size":"S","maximum_vessel":"L","cargo_wharf":true,"rail_connection":true,"provisions":true,"water":true,"fuel_oil":true,"gameplay_status":"candidate","source":"NGA-World-Port-Index","territory_id":"GB-06","country_code":"GB"},"geometry":{"type":"Point","coordinates":[-5.79999999999113,54.849999999915]}},{"type":"Feature","properties":{"node_id":"PORT-23736","node_type":"port","name":"SLAGENSTANGEN","wpi_number":"23736","harbour_size":"V","maximum_vessel":"M","cargo_wharf":true,"rail_connection":false,"provisions":true,"water":true,"fuel_oil":true,"gameplay_status":"candidate","source":"NGA-World-Port-Index","territory_id":"NO-01","country_code":"NO"},"geometry":{"type":"Point","coordinates":[10.5166666668829,59.3166666664919]}},{"type":"Feature","properties":{"node_id":"PORT-41730","node_type":"port","name":"PREVEZA","wpi_number":"41730","harbour_size":"V","maximum_vessel":"M","cargo_wharf":false,"rail_connection":false,"provisions":true,"water":true,"fuel_oil":true,"gameplay_status":"candidate","source":"NGA-World-Port-Index","territory_id":"GR-01","country_code":"GR"},"geometry":{"type":"Point","coordinates":[20.7500000003555,38.9499999999456]}},{"type":"Feature","properties":{"node_id":"PORT-38550","node_type":"port","name":"BARCELONA","wpi_number":"38550","harbour_size":"L","maximum_vessel":"L","cargo_wharf":true,"rail_connection":true,"provisions":false,"water":true,"fuel_oil":true,"gameplay_status":"candidate","source":"NGA-World-Port-Index","territory_id":"ES-03","country_code":"ES"},"geometry":{"type":"Point","coordinates":[2.16666666709701,41.349999999954]}},{"type":"Feature","properties":{"node_id":"PORT-39440","node_type":"port","name":"SAVONA","wpi_number":"39440","harbour_size":"S","maximum_vessel":"M","cargo_wharf":true,"rail_connection":true,"provisions":true,"water":true,"fuel_oil":true,"gameplay_status":"candidate","source":"NGA-World-Port-Index","territory_id":"IT-01","country_code":"IT"},"geometry":{"type":"Point","coordinates":[8.4999999996153,44.3166666663712]}},{"type":"Feature","properties":{"node_id":"PORT-75","node_type":"port","name":"STRAUMSVIK","wpi_number":"75","harbour_size":"V","maximum_vessel":"L","cargo_wharf":true,"rail_connection":false,"provisions":false,"water":false,"fuel_oil":false,"gameplay_status":"candidate","source":"NGA-World-Port-Index","territory_id":"IS-01","country_code":"IS"},"geometry":{"type":"Point","coordinates":[-22.0500000000747,64.049999999816]}},{"type":"Feature","properties":{"node_id":"PORT-45730","node_type":"port","name":"CEUTA","wpi_number":"45730","harbour_size":"M","maximum_vessel":"M","cargo_wharf":true,"rail_connection":false,"provisions":true,"water":true,"fuel_oil":true,"gameplay_status":"candidate","source":"NGA-World-Port-Index","territory_id":"ES-06","country_code":"ES"},"geometry":{"type":"Point","coordinates":[-5.3166666671077,35.8999999996778]}},{"type":"Feature","properties":{"node_id":"PORT-40440","node_type":"port","name":"CROTONE","wpi_number":"40440","harbour_size":"S","maximum_vessel":"M","cargo_wharf":true,"rail_connection":true,"provisions":true,"water":true,"fuel_oil":true,"gameplay_status":"candidate","source":"NGA-World-Port-Index","territory_id":"IT-03","country_code":"IT"},"geometry":{"type":"Point","coordinates":[17.1333333337098,39.083333333599]}},{"type":"Feature","properties":{"node_id":"PORT-41420","node_type":"port","name":"KORCULA","wpi_number":"41420","harbour_size":"V","maximum_vessel":"M","cargo_wharf":false,"rail_connection":false,"provisions":true,"water":true,"fuel_oil":true,"gameplay_status":"candidate","source":"NGA-World-Port-Index","territory_id":"HR-02","country_code":"HR"},"geometry":{"type":"Point","coordinates":[17.1333333337098,42.9333333331837]}},{"type":"Feature","properties":{"node_id":"PORT-43093","node_type":"port","name":"AKRA KAVONISI","wpi_number":"43093","harbour_size":"V","maximum_vessel":"M","cargo_wharf":false,"rail_connection":false,"provisions":false,"water":true,"fuel_oil":false,"gameplay_status":"candidate","source":"NGA-World-Port-Index","territory_id":"GR-03","country_code":"GR"},"geometry":{"type":"Point","coordinates":[23.6333333332043,35.5166666664528]}},{"type":"Feature","properties":{"node_id":"PORT-31470","node_type":"port","name":"LONDON","wpi_number":"31470","harbour_size":"L","maximum_vessel":"L","cargo_wharf":true,"rail_connection":true,"provisions":true,"water":true,"fuel_oil":true,"gameplay_status":"candidate","source":"NGA-World-Port-Index","territory_id":"GB-04","country_code":"GB"},"geometry":{"type":"Point","coordinates":[-0.0833333330389425,51.499999999884]}},{"type":"Feature","properties":{"node_id":"PORT-32830","node_type":"port","name":"AULTBEA","wpi_number":"32830","harbour_size":"V","maximum_vessel":null,"cargo_wharf":false,"rail_connection":false,"provisions":true,"water":true,"fuel_oil":false,"gameplay_status":"candidate","source":"NGA-World-Port-Index","territory_id":"GB-01","country_code":"GB"},"geometry":{"type":"Point","coordinates":[-5.58333333337128,57.8333333334672]}},{"type":"Feature","properties":{"node_id":"PORT-24370","node_type":"port","name":"KARLSHAMN","wpi_number":"24370","harbour_size":"M","maximum_vessel":"M","cargo_wharf":true,"rail_connection":true,"provisions":false,"water":true,"fuel_oil":true,"gameplay_status":"candidate","source":"NGA-World-Port-Index","territory_id":"SE-01","country_code":"SE"},"geometry":{"type":"Point","coordinates":[14.8666666664271,56.1666666668188]}},{"type":"Feature","properties":{"node_id":"PORT-24220","node_type":"port","name":"LIMHAMN","wpi_number":"24220","harbour_size":"V","maximum_vessel":"L","cargo_wharf":true,"rail_connection":true,"provisions":false,"water":true,"fuel_oil":true,"gameplay_status":"candidate","source":"NGA-World-Port-Index","territory_id":"SE-01","country_code":"SE"},"geometry":{"type":"Point","coordinates":[12.9333333330967,55.5833333334945]}},{"type":"Feature","properties":{"node_id":"PORT-28720","node_type":"port","name":"NOWY PORT","wpi_number":"28720","harbour_size":"S","maximum_vessel":"M","cargo_wharf":true,"rail_connection":true,"provisions":true,"water":true,"fuel_oil":true,"gameplay_status":"candidate","source":"NGA-World-Port-Index","territory_id":"PL-01","country_code":"PL"},"geometry":{"type":"Point","coordinates":[18.6666666662974,54.4166666666319]}},{"type":"Feature","properties":{"node_id":"PORT-41030","node_type":"port","name":"BAKAR","wpi_number":"41030","harbour_size":"S","maximum_vessel":"L","cargo_wharf":true,"rail_connection":true,"provisions":true,"water":true,"fuel_oil":true,"gameplay_status":"candidate","source":"NGA-World-Port-Index","territory_id":"HR-02","country_code":"HR"},"geometry":{"type":"Point","coordinates":[14.5333333333731,45.3000000001465]}},{"type":"Feature","properties":{"node_id":"PORT-33200","node_type":"port","name":"FORT WILLIAM","wpi_number":"33200","harbour_size":"V","maximum_vessel":"M","cargo_wharf":true,"rail_connection":false,"provisions":true,"water":true,"fuel_oil":false,"gameplay_status":"candidate","source":"NGA-World-Port-Index","territory_id":"GB-01","country_code":"GB"},"geometry":{"type":"Point","coordinates":[-5.11666666673627,56.8166666664494]}},{"type":"Feature","properties":{"node_id":"PORT-23870","node_type":"port","name":"STROMSTAD","wpi_number":"23870","harbour_size":"V","maximum_vessel":null,"cargo_wharf":true,"rail_connection":true,"provisions":false,"water":true,"fuel_oil":true,"gameplay_status":"candidate","source":"NGA-World-Port-Index","territory_id":"SE-01","country_code":"SE"},"geometry":{"type":"Point","coordinates":[11.1666666667425,58.9333333333143]}},{"type":"Feature","properties":{"node_id":"PORT-30100","node_type":"port","name":"ABENRA","wpi_number":"30100","harbour_size":"S","maximum_vessel":"L","cargo_wharf":false,"rail_connection":true,"provisions":true,"water":true,"fuel_oil":true,"gameplay_status":"candidate","source":"NGA-World-Port-Index","territory_id":"DK-01","country_code":"DK"},"geometry":{"type":"Point","coordinates":[9.43333333288525,55.0500000000159]}},{"type":"Feature","properties":{"node_id":"PORT-44620","node_type":"port","name":"IZMIT","wpi_number":"44620","harbour_size":"S","maximum_vessel":"M","cargo_wharf":false,"rail_connection":true,"provisions":true,"water":true,"fuel_oil":true,"gameplay_status":"candidate","source":"NGA-World-Port-Index","territory_id":"TR-01","country_code":"TR"},"geometry":{"type":"Point","coordinates":[29.9166666669772,40.766666666647]}},{"type":"Feature","properties":{"node_id":"PORT-44690","node_type":"port","name":"CANAKKALE","wpi_number":"44690","harbour_size":"S","maximum_vessel":"L","cargo_wharf":false,"rail_connection":false,"provisions":true,"water":true,"fuel_oil":true,"gameplay_status":"candidate","source":"NGA-World-Port-Index","territory_id":"TR-01","country_code":"TR"},"geometry":{"type":"Point","coordinates":[26.3999999996189,40.1499999998995]}},{"type":"Feature","properties":{"node_id":"PORT-44910","node_type":"port","name":"XEROS","wpi_number":"44910","harbour_size":"V","maximum_vessel":"L","cargo_wharf":false,"rail_connection":false,"provisions":true,"water":false,"fuel_oil":false,"gameplay_status":"candidate","source":"NGA-World-Port-Index","territory_id":"CY-01","country_code":"CY"},"geometry":{"type":"Point","coordinates":[32.8333333332212,35.1333333335804]}},{"type":"Feature","properties":{"node_id":"PORT-40745","node_type":"port","name":"PORTO DI CHIOGGIA","wpi_number":"40745","harbour_size":"V","maximum_vessel":"L","cargo_wharf":false,"rail_connection":true,"provisions":true,"water":true,"fuel_oil":true,"gameplay_status":"candidate","source":"NGA-World-Port-Index","territory_id":"IT-01","country_code":"IT"},"geometry":{"type":"Point","coordinates":[12.3000000003839,45.2333333333184]}},{"type":"Feature","properties":{"node_id":"PORT-33170","node_type":"port","name":"CRAIGNURE","wpi_number":"33170","harbour_size":"V","maximum_vessel":null,"cargo_wharf":false,"rail_connection":false,"provisions":true,"water":false,"fuel_oil":false,"gameplay_status":"candidate","source":"NGA-World-Port-Index","territory_id":"GB-01","country_code":"GB"},"geometry":{"type":"Point","coordinates":[-5.69999999980543,56.4666666668306]}},{"type":"Feature","properties":{"node_id":"PORT-430","node_type":"port","name":"ESKIFJORDHUR","wpi_number":"430","harbour_size":"V","maximum_vessel":null,"cargo_wharf":true,"rail_connection":false,"provisions":false,"water":true,"fuel_oil":true,"gameplay_status":"candidate","source":"NGA-World-Port-Index","territory_id":"IS-01","country_code":"IS"},"geometry":{"type":"Point","coordinates":[-14.0166666670944,65.0666666666277]}},{"type":"Feature","properties":{"node_id":"PORT-23730","node_type":"port","name":"VALLOY","wpi_number":"23730","harbour_size":"V","maximum_vessel":null,"cargo_wharf":true,"rail_connection":true,"provisions":false,"water":true,"fuel_oil":true,"gameplay_status":"candidate","source":"NGA-World-Port-Index","territory_id":"NO-01","country_code":"NO"},"geometry":{"type":"Point","coordinates":[10.4999999997361,59.2666666668385]}},{"type":"Feature","properties":{"node_id":"PORT-23050","node_type":"port","name":"NAMSOS","wpi_number":"23050","harbour_size":"S","maximum_vessel":"M","cargo_wharf":true,"rail_connection":true,"provisions":true,"water":true,"fuel_oil":true,"gameplay_status":"candidate","source":"NGA-World-Port-Index","territory_id":"NO-02","country_code":"NO"},"geometry":{"type":"Point","coordinates":[11.4999999997966,64.4666666665851]}},{"type":"Feature","properties":{"node_id":"PORT-43388","node_type":"port","name":"AMBARLI","wpi_number":"43388","harbour_size":"V","maximum_vessel":null,"cargo_wharf":false,"rail_connection":false,"provisions":false,"water":true,"fuel_oil":true,"gameplay_status":"candidate","source":"NGA-World-Port-Index","territory_id":"TR-01","country_code":"TR"},"geometry":{"type":"Point","coordinates":[28.7000000002969,40.9666666663514]}},{"type":"Feature","properties":{"node_id":"PORT-22540","node_type":"port","name":"GLOMFJORD","wpi_number":"22540","harbour_size":"V","maximum_vessel":"M","cargo_wharf":false,"rail_connection":false,"provisions":true,"water":true,"fuel_oil":true,"gameplay_status":"candidate","source":"NGA-World-Port-Index","territory_id":"NO-03","country_code":"NO"},"geometry":{"type":"Point","coordinates":[13.9833333336992,66.8166666666193]}},{"type":"Feature","properties":{"node_id":"PORT-35740","node_type":"port","name":"GRAVELINES","wpi_number":"35740","harbour_size":"V","maximum_vessel":"M","cargo_wharf":false,"rail_connection":true,"provisions":false,"water":true,"fuel_oil":true,"gameplay_status":"candidate","source":"NGA-World-Port-Index","territory_id":"FR-02","country_code":"FR"},"geometry":{"type":"Point","coordinates":[2.11666666655501,50.9999999997729]}},{"type":"Feature","properties":{"node_id":"PORT-27570","node_type":"port","name":"JAKOBSTAD","wpi_number":"27570","harbour_size":"M","maximum_vessel":"M","cargo_wharf":true,"rail_connection":true,"provisions":false,"water":true,"fuel_oil":true,"gameplay_status":"candidate","source":"NGA-World-Port-Index","territory_id":"FI-02","country_code":"FI"},"geometry":{"type":"Point","coordinates":[22.6666666665391,63.6833333331952]}},{"type":"Feature","properties":{"node_id":"PORT-24530","node_type":"port","name":"BERGKVARA","wpi_number":"24530","harbour_size":"V","maximum_vessel":"M","cargo_wharf":true,"rail_connection":true,"provisions":false,"water":true,"fuel_oil":true,"gameplay_status":"candidate","source":"NGA-World-Port-Index","territory_id":"SE-02","country_code":"SE"},"geometry":{"type":"Point","coordinates":[16.1000000002542,56.3833333334194]}},{"type":"Feature","properties":{"node_id":"PORT-38005","node_type":"port","name":"SINES","wpi_number":"38005","harbour_size":"M","maximum_vessel":"M","cargo_wharf":true,"rail_connection":true,"provisions":true,"water":true,"fuel_oil":true,"gameplay_status":"candidate","source":"NGA-World-Port-Index","territory_id":"PT-02","country_code":"PT"},"geometry":{"type":"Point","coordinates":[-8.86666666696287,37.9500000000497]}},{"type":"Feature","properties":{"node_id":"PORT-44080","node_type":"port","name":"AZOV","wpi_number":"44080","harbour_size":"V","maximum_vessel":"M","cargo_wharf":true,"rail_connection":true,"provisions":true,"water":true,"fuel_oil":true,"gameplay_status":"candidate","source":"NGA-World-Port-Index","territory_id":"RU-05","country_code":"RU"},"geometry":{"type":"Point","coordinates":[39.4333333329013,47.1000000000624]}},{"type":"Feature","properties":{"node_id":"PORT-26310","node_type":"port","name":"GUSTAVSVIK","wpi_number":"26310","harbour_size":"V","maximum_vessel":"M","cargo_wharf":true,"rail_connection":true,"provisions":false,"water":false,"fuel_oil":false,"gameplay_status":"candidate","source":"NGA-World-Port-Index","territory_id":"SE-03","country_code":"SE"},"geometry":{"type":"Point","coordinates":[17.8833333337552,62.8333333331661]}},{"type":"Feature","properties":{"node_id":"PORT-28654","node_type":"port","name":"BUTINGE OIL TERMINAL","wpi_number":"28654","harbour_size":"V","maximum_vessel":"L","cargo_wharf":false,"rail_connection":false,"provisions":false,"water":false,"fuel_oil":false,"gameplay_status":"candidate","source":"NGA-World-Port-Index","territory_id":"LT-01","country_code":"LT"},"geometry":{"type":"Point","coordinates":[20.9499999998286,56.0333333334124]}},{"type":"Feature","properties":{"node_id":"PORT-23900","node_type":"port","name":"FJALLBACKA","wpi_number":"23900","harbour_size":"V","maximum_vessel":"M","cargo_wharf":false,"rail_connection":false,"provisions":false,"water":true,"fuel_oil":false,"gameplay_status":"candidate","source":"NGA-World-Port-Index","territory_id":"SE-01","country_code":"SE"},"geometry":{"type":"Point","coordinates":[11.2833333331767,58.6000000001929]}},{"type":"Feature","properties":{"node_id":"PORT-34360","node_type":"port","name":"CORK","wpi_number":"34360","harbour_size":"M","maximum_vessel":"M","cargo_wharf":true,"rail_connection":true,"provisions":true,"water":true,"fuel_oil":true,"gameplay_status":"candidate","source":"NGA-World-Port-Index","territory_id":"IE-01","country_code":"IE"},"geometry":{"type":"Point","coordinates":[-8.26666666674696,51.8499999997954]}},{"type":"Feature","properties":{"node_id":"PORT-43600","node_type":"port","name":"GALATI","wpi_number":"43600","harbour_size":"S","maximum_vessel":"M","cargo_wharf":true,"rail_connection":true,"provisions":false,"water":true,"fuel_oil":true,"gameplay_status":"candidate","source":"NGA-World-Port-Index","territory_id":"RO-03","country_code":"RO"},"geometry":{"type":"Point","coordinates":[28.0833333329342,45.4166666663932]}},{"type":"Feature","properties":{"node_id":"PORT-30285","node_type":"port","name":"STUDSTRUP","wpi_number":"30285","harbour_size":"M","maximum_vessel":"M","cargo_wharf":true,"rail_connection":false,"provisions":false,"water":true,"fuel_oil":true,"gameplay_status":"candidate","source":"NGA-World-Port-Index","territory_id":"DK-01","country_code":"DK"},"geometry":{"type":"Point","coordinates":[10.3499999999067,56.2499999998121]}},{"type":"Feature","properties":{"node_id":"PORT-37600","node_type":"port","name":"AVILES","wpi_number":"37600","harbour_size":"S","maximum_vessel":"M","cargo_wharf":true,"rail_connection":true,"provisions":false,"water":true,"fuel_oil":true,"gameplay_status":"candidate","source":"NGA-World-Port-Index","territory_id":"ES-01","country_code":"ES"},"geometry":{"type":"Point","coordinates":[-5.93333333357207,43.5999999998097]}},{"type":"Feature","properties":{"node_id":"PORT-34190","node_type":"port","name":"CASTLETOWN BEARHAVEN","wpi_number":"34190","harbour_size":"V","maximum_vessel":"M","cargo_wharf":true,"rail_connection":false,"provisions":false,"water":true,"fuel_oil":false,"gameplay_status":"candidate","source":"NGA-World-Port-Index","territory_id":"IE-01","country_code":"IE"},"geometry":{"type":"Point","coordinates":[-9.916666666667,51.6499999999866]}},{"type":"Feature","properties":{"node_id":"PORT-23660","node_type":"port","name":"BREVIK","wpi_number":"23660","harbour_size":"S","maximum_vessel":"M","cargo_wharf":true,"rail_connection":true,"provisions":false,"water":true,"fuel_oil":true,"gameplay_status":"candidate","source":"NGA-World-Port-Index","territory_id":"NO-01","country_code":"NO"},"geometry":{"type":"Point","coordinates":[9.70000000004712,59.0666666668127]}},{"type":"Feature","properties":{"node_id":"PORT-29580","node_type":"port","name":"STUBBEKOBING","wpi_number":"29580","harbour_size":"S","maximum_vessel":"M","cargo_wharf":false,"rail_connection":true,"provisions":false,"water":true,"fuel_oil":true,"gameplay_status":"candidate","source":"NGA-World-Port-Index","territory_id":"DK-02","country_code":"DK"},"geometry":{"type":"Point","coordinates":[12.0500000003688,54.8833333335391]}},{"type":"Feature","properties":{"node_id":"PORT-23075","node_type":"port","name":"MURUVIK","wpi_number":"23075","harbour_size":"V","maximum_vessel":"M","cargo_wharf":true,"rail_connection":false,"provisions":true,"water":true,"fuel_oil":false,"gameplay_status":"candidate","source":"NGA-World-Port-Index","territory_id":"NO-02","country_code":"NO"},"geometry":{"type":"Point","coordinates":[10.8499999999369,63.4333333331977]}},{"type":"Feature","properties":{"node_id":"PORT-28890","node_type":"port","name":"LUBECK","wpi_number":"28890","harbour_size":"M","maximum_vessel":"M","cargo_wharf":true,"rail_connection":true,"provisions":false,"water":true,"fuel_oil":false,"gameplay_status":"candidate","source":"NGA-World-Port-Index","territory_id":"DE-01","country_code":"DE"},"geometry":{"type":"Point","coordinates":[10.7000000001076,53.883333333472]}},{"type":"Feature","properties":{"node_id":"PORT-33500","node_type":"port","name":"LARGS","wpi_number":"33500","harbour_size":"V","maximum_vessel":"M","cargo_wharf":true,"rail_connection":true,"provisions":false,"water":false,"fuel_oil":false,"gameplay_status":"candidate","source":"NGA-World-Port-Index","territory_id":"GB-01","country_code":"GB"},"geometry":{"type":"Point","coordinates":[-4.86666666672118,55.8000000000086]}},{"type":"Feature","properties":{"node_id":"PORT-32930","node_type":"port","name":"PORTREE HARBOR","wpi_number":"32930","harbour_size":"V","maximum_vessel":"M","cargo_wharf":false,"rail_connection":true,"provisions":true,"water":true,"fuel_oil":true,"gameplay_status":"candidate","source":"NGA-World-Port-Index","territory_id":"GB-01","country_code":"GB"},"geometry":{"type":"Point","coordinates":[-6.19999999983565,57.4166666665426]}},{"type":"Feature","properties":{"node_id":"PORT-38870","node_type":"port","name":"TOULON","wpi_number":"38870","harbour_size":"L","maximum_vessel":"L","cargo_wharf":true,"rail_connection":true,"provisions":false,"water":true,"fuel_oil":true,"gameplay_status":"candidate","source":"NGA-World-Port-Index","territory_id":"FR-06","country_code":"FR"},"geometry":{"type":"Point","coordinates":[5.91666666642531,43.1000000001938]}},{"type":"Feature","properties":{"node_id":"PORT-31050","node_type":"port","name":"ZAANDAM","wpi_number":"31050","harbour_size":"S","maximum_vessel":"M","cargo_wharf":true,"rail_connection":true,"provisions":true,"water":true,"fuel_oil":true,"gameplay_status":"candidate","source":"NGA-World-Port-Index","territory_id":"NL-01","country_code":"NL"},"geometry":{"type":"Point","coordinates":[4.83333333332594,52.4333333334714]}},{"type":"Feature","properties":{"node_id":"PORT-24690","node_type":"port","name":"OSKARSHAMN","wpi_number":"24690","harbour_size":"S","maximum_vessel":"M","cargo_wharf":true,"rail_connection":true,"provisions":true,"water":true,"fuel_oil":true,"gameplay_status":"candidate","source":"NGA-World-Port-Index","territory_id":"SE-02","country_code":"SE"},"geometry":{"type":"Point","coordinates":[16.4499999995567,57.2666666667189]}},{"type":"Feature","properties":{"node_id":"PORT-39950","node_type":"port","name":"BAGNOLI","wpi_number":"39950","harbour_size":"S","maximum_vessel":"L","cargo_wharf":true,"rail_connection":true,"provisions":false,"water":true,"fuel_oil":true,"gameplay_status":"candidate","source":"NGA-World-Port-Index","territory_id":"IT-03","country_code":"IT"},"geometry":{"type":"Point","coordinates":[14.1666666669238,40.8166666664192]}},{"type":"Feature","properties":{"node_id":"PORT-27220","node_type":"port","name":"LULEA","wpi_number":"27220","harbour_size":"M","maximum_vessel":"M","cargo_wharf":true,"rail_connection":true,"provisions":true,"water":true,"fuel_oil":true,"gameplay_status":"candidate","source":"NGA-World-Port-Index","territory_id":"SE-03","country_code":"SE"},"geometry":{"type":"Point","coordinates":[22.1666666665089,65.5833333334427]}},{"type":"Feature","properties":{"node_id":"PORT-21660","node_type":"port","name":"ANDENES","wpi_number":"21660","harbour_size":"V","maximum_vessel":"M","cargo_wharf":true,"rail_connection":true,"provisions":true,"water":true,"fuel_oil":true,"gameplay_status":"candidate","source":"NGA-World-Port-Index","territory_id":"NO-03","country_code":"NO"},"geometry":{"type":"Point","coordinates":[16.1333333336494,69.3333333332987]}},{"type":"Feature","properties":{"node_id":"PORT-62950","node_type":"port","name":"MURMANSK","wpi_number":"62950","harbour_size":"L","maximum_vessel":"M","cargo_wharf":true,"rail_connection":true,"provisions":false,"water":true,"fuel_oil":true,"gameplay_status":"candidate","source":"NGA-World-Port-Index","territory_id":"RU-02","country_code":"RU"},"geometry":{"type":"Point","coordinates":[33.0499999998411,68.9833333332435]}},{"type":"Feature","properties":{"node_id":"PORT-35810","node_type":"port","name":"DIEPPE","wpi_number":"35810","harbour_size":"S","maximum_vessel":"M","cargo_wharf":false,"rail_connection":true,"provisions":true,"water":true,"fuel_oil":true,"gameplay_status":"candidate","source":"NGA-World-Port-Index","territory_id":"FR-02","country_code":"FR"},"geometry":{"type":"Point","coordinates":[1.08333333309934,49.9333333331794]}},{"type":"Feature","properties":{"node_id":"PORT-30380","node_type":"port","name":"HALS","wpi_number":"30380","harbour_size":"V","maximum_vessel":"M","cargo_wharf":false,"rail_connection":false,"provisions":true,"water":true,"fuel_oil":true,"gameplay_status":"candidate","source":"NGA-World-Port-Index","territory_id":"DK-01","country_code":"DK"},"geometry":{"type":"Point","coordinates":[10.3166666665115,56.9833333334256]}},{"type":"Feature","properties":{"node_id":"PORT-29005","node_type":"port","name":"FLENSBURG","wpi_number":"29005","harbour_size":"S","maximum_vessel":"M","cargo_wharf":true,"rail_connection":true,"provisions":true,"water":true,"fuel_oil":true,"gameplay_status":"candidate","source":"NGA-World-Port-Index","territory_id":"DE-01","country_code":"DE"},"geometry":{"type":"Point","coordinates":[9.43333333288525,54.8000000001204]}},{"type":"Feature","properties":{"node_id":"PORT-38435","node_type":"port","name":"TORREVIEJA","wpi_number":"38435","harbour_size":"V","maximum_vessel":"M","cargo_wharf":false,"rail_connection":true,"provisions":false,"water":true,"fuel_oil":true,"gameplay_status":"candidate","source":"NGA-World-Port-Index","territory_id":"ES-05","country_code":"ES"},"geometry":{"type":"Point","coordinates":[-0.683333333254854,37.9666666666484]}},{"type":"Feature","properties":{"node_id":"PORT-23020","node_type":"port","name":"BERG","wpi_number":"23020","harbour_size":"V","maximum_vessel":null,"cargo_wharf":true,"rail_connection":false,"provisions":true,"water":true,"fuel_oil":true,"gameplay_status":"candidate","source":"NGA-World-Port-Index","territory_id":"NO-03","country_code":"NO"},"geometry":{"type":"Point","coordinates":[12.2000000001982,65.3666666667678]}},{"type":"Feature","properties":{"node_id":"PORT-35450","node_type":"port","name":"PORTLAND HARBOUR","wpi_number":"35450","harbour_size":"M","maximum_vessel":"L","cargo_wharf":true,"rail_connection":true,"provisions":true,"water":true,"fuel_oil":true,"gameplay_status":"candidate","source":"NGA-World-Port-Index","territory_id":"GB-04","country_code":"GB"},"geometry":{"type":"Point","coordinates":[-2.43333333336059,50.5833333335376]}},{"type":"Feature","properties":{"node_id":"PORT-40820","node_type":"port","name":"TRIESTE","wpi_number":"40820","harbour_size":"L","maximum_vessel":"L","cargo_wharf":true,"rail_connection":true,"provisions":true,"water":true,"fuel_oil":true,"gameplay_status":"candidate","source":"NGA-World-Port-Index","territory_id":"IT-01","country_code":"IT"},"geometry":{"type":"Point","coordinates":[13.7666666670793,45.6499999997883]}},{"type":"Feature","properties":{"node_id":"PORT-25700","node_type":"port","name":"SANDARNE","wpi_number":"25700","harbour_size":"S","maximum_vessel":"L","cargo_wharf":true,"rail_connection":true,"provisions":false,"water":true,"fuel_oil":false,"gameplay_status":"candidate","source":"NGA-World-Port-Index","territory_id":"SE-02","country_code":"SE"},"geometry":{"type":"Point","coordinates":[17.1833333333535,61.2666666664837]}},{"type":"Feature","properties":{"node_id":"PORT-29800","node_type":"port","name":"AEROSKOBING","wpi_number":"29800","harbour_size":"V","maximum_vessel":"M","cargo_wharf":true,"rail_connection":false,"provisions":true,"water":true,"fuel_oil":true,"gameplay_status":"candidate","source":"NGA-World-Port-Index","territory_id":"DK-01","country_code":"DK"},"geometry":{"type":"Point","coordinates":[10.4166666666972,54.8833333335391]}},{"type":"Feature","properties":{"node_id":"PORT-35110","node_type":"port","name":"WATCHET HARBOR","wpi_number":"35110","harbour_size":"V","maximum_vessel":"M","cargo_wharf":false,"rail_connection":true,"provisions":false,"water":true,"fuel_oil":true,"gameplay_status":"candidate","source":"NGA-World-Port-Index","territory_id":"GB-04","country_code":"GB"},"geometry":{"type":"Point","coordinates":[-3.33333333323533,51.1833333334565]}},{"type":"Feature","properties":{"node_id":"PORT-36460","node_type":"port","name":"RADE DE BREST","wpi_number":"36460","harbour_size":"L","maximum_vessel":"M","cargo_wharf":true,"rail_connection":true,"provisions":false,"water":true,"fuel_oil":true,"gameplay_status":"candidate","source":"NGA-World-Port-Index","territory_id":"FR-01","country_code":"FR"},"geometry":{"type":"Point","coordinates":[-4.50000000027191,48.383333333066]}},{"type":"Feature","properties":{"node_id":"PORT-31290","node_type":"port","name":"BRUGES","wpi_number":"31290","harbour_size":"V","maximum_vessel":"M","cargo_wharf":true,"rail_connection":true,"provisions":false,"water":true,"fuel_oil":true,"gameplay_status":"candidate","source":"NGA-World-Port-Index","territory_id":"BE-01","country_code":"BE"},"geometry":{"type":"Point","coordinates":[3.21666666680114,51.2333333333908]}},{"type":"Feature","properties":{"node_id":"PORT-23180","node_type":"port","name":"BRATTHOLMEN","wpi_number":"23180","harbour_size":"V","maximum_vessel":"M","cargo_wharf":true,"rail_connection":false,"provisions":true,"water":true,"fuel_oil":true,"gameplay_status":"candidate","source":"NGA-World-Port-Index","territory_id":"NO-01","country_code":"NO"},"geometry":{"type":"Point","coordinates":[5.16666666637997,60.349999999799]}},{"type":"Feature","properties":{"node_id":"PORT-37950","node_type":"port","name":"PORTO DE LEIXOES","wpi_number":"37950","harbour_size":"V","maximum_vessel":"L","cargo_wharf":true,"rail_connection":true,"provisions":true,"water":true,"fuel_oil":true,"gameplay_status":"candidate","source":"NGA-World-Port-Index","territory_id":"PT-01","country_code":"PT"},"geometry":{"type":"Point","coordinates":[-8.69999999998669,41.1833333331072]}},{"type":"Feature","properties":{"node_id":"PORT-27400","node_type":"port","name":"TORNIO","wpi_number":"27400","harbour_size":"S","maximum_vessel":"M","cargo_wharf":true,"rail_connection":true,"provisions":false,"water":true,"fuel_oil":true,"gameplay_status":"candidate","source":"NGA-World-Port-Index","territory_id":"FI-03","country_code":"FI"},"geometry":{"type":"Point","coordinates":[24.1666666666297,65.7666666665259]}},{"type":"Feature","properties":{"node_id":"PORT-21840","node_type":"port","name":"BALLSTAD","wpi_number":"21840","harbour_size":"V","maximum_vessel":"M","cargo_wharf":true,"rail_connection":false,"provisions":true,"water":true,"fuel_oil":true,"gameplay_status":"candidate","source":"NGA-World-Port-Index","territory_id":"NO-03","country_code":"NO"},"geometry":{"type":"Point","coordinates":[13.7000000002888,68.0666666665497]}},{"type":"Feature","properties":{"node_id":"PORT-25910","node_type":"port","name":"SUNDSVALL","wpi_number":"25910","harbour_size":"M","maximum_vessel":"M","cargo_wharf":true,"rail_connection":true,"provisions":true,"water":true,"fuel_oil":true,"gameplay_status":"candidate","source":"NGA-World-Port-Index","territory_id":"SE-03","country_code":"SE"},"geometry":{"type":"Point","coordinates":[17.3500000003297,62.3833333333752]}},{"type":"Feature","properties":{"node_id":"PORT-23950","node_type":"port","name":"BROFJORDEN","wpi_number":"23950","harbour_size":"S","maximum_vessel":"M","cargo_wharf":true,"rail_connection":false,"provisions":false,"water":true,"fuel_oil":true,"gameplay_status":"candidate","source":"NGA-World-Port-Index","territory_id":"SE-01","country_code":"SE"},"geometry":{"type":"Point","coordinates":[11.4166666667577,58.3833333331751]}},{"type":"Feature","properties":{"node_id":"PORT-29905","node_type":"port","name":"SKAERBAEK","wpi_number":"29905","harbour_size":"V","maximum_vessel":"M","cargo_wharf":true,"rail_connection":false,"provisions":false,"water":false,"fuel_oil":true,"gameplay_status":"candidate","source":"NGA-World-Port-Index","territory_id":"DK-01","country_code":"DK"},"geometry":{"type":"Point","coordinates":[9.61666666700821,55.516666666695]}},{"type":"Feature","properties":{"node_id":"PORT-38380","node_type":"port","name":"ADRA","wpi_number":"38380","harbour_size":"V","maximum_vessel":null,"cargo_wharf":true,"rail_connection":true,"provisions":false,"water":true,"fuel_oil":true,"gameplay_status":"candidate","source":"NGA-World-Port-Index","territory_id":"ES-06","country_code":"ES"},"geometry":{"type":"Point","coordinates":[-3.0333333335765,36.7333333333513]}},{"type":"Feature","properties":{"node_id":"PORT-43380","node_type":"port","name":"GELIBOLU","wpi_number":"43380","harbour_size":"V","maximum_vessel":"M","cargo_wharf":true,"rail_connection":false,"provisions":true,"water":true,"fuel_oil":false,"gameplay_status":"candidate","source":"NGA-World-Port-Index","territory_id":"TR-01","country_code":"TR"},"geometry":{"type":"Point","coordinates":[26.6666666667808,40.3999999999645]}},{"type":"Feature","properties":{"node_id":"PORT-35600","node_type":"port","name":"PORTSMOUTH HARBOUR","wpi_number":"35600","harbour_size":"M","maximum_vessel":"M","cargo_wharf":true,"rail_connection":true,"provisions":true,"water":true,"fuel_oil":true,"gameplay_status":"candidate","source":"NGA-World-Port-Index","territory_id":"GB-04","country_code":"GB"},"geometry":{"type":"Point","coordinates":[-1.10000000024613,50.8000000000021]}},{"type":"Feature","properties":{"node_id":"PORT-29455","node_type":"port","name":"NYKOBING (MOR)","wpi_number":"29455","harbour_size":"V","maximum_vessel":"M","cargo_wharf":true,"rail_connection":false,"provisions":false,"water":true,"fuel_oil":true,"gameplay_status":"candidate","source":"NGA-World-Port-Index","territory_id":"DK-01","country_code":"DK"},"geometry":{"type":"Point","coordinates":[11.8666666662458,56.7666666667969]}},{"type":"Feature","properties":{"node_id":"PORT-33405","node_type":"port","name":"FINNART OIL TERMINAL","wpi_number":"33405","harbour_size":"S","maximum_vessel":"L","cargo_wharf":true,"rail_connection":false,"provisions":false,"water":true,"fuel_oil":true,"gameplay_status":"candidate","source":"NGA-World-Port-Index","territory_id":"GB-01","country_code":"GB"},"geometry":{"type":"Point","coordinates":[-4.83333333332594,56.1166666667725]}},{"type":"Feature","properties":{"node_id":"PORT-30450","node_type":"port","name":"HIRTSHALS","wpi_number":"30450","harbour_size":"V","maximum_vessel":"M","cargo_wharf":true,"rail_connection":true,"provisions":true,"water":true,"fuel_oil":true,"gameplay_status":"candidate","source":"NGA-World-Port-Index","territory_id":"DK-01","country_code":"DK"},"geometry":{"type":"Point","coordinates":[9.9666666663107,57.6000000001011]}},{"type":"Feature","properties":{"node_id":"PORT-42570","node_type":"port","name":"STRATONI","wpi_number":"42570","harbour_size":"V","maximum_vessel":"M","cargo_wharf":false,"rail_connection":false,"provisions":true,"water":false,"fuel_oil":false,"gameplay_status":"candidate","source":"NGA-World-Port-Index","territory_id":"GR-01","country_code":"GR"},"geometry":{"type":"Point","coordinates":[23.8333333335757,40.5166666663545]}},{"type":"Feature","properties":{"node_id":"PORT-38730","node_type":"port","name":"PORT-LA-NOUVELLE","wpi_number":"38730","harbour_size":"S","maximum_vessel":"M","cargo_wharf":true,"rail_connection":true,"provisions":true,"water":true,"fuel_oil":true,"gameplay_status":"candidate","source":"NGA-World-Port-Index","territory_id":"FR-06","country_code":"FR"},"geometry":{"type":"Point","coordinates":[3.06666666697175,43.0166666665116]}},{"type":"Feature","properties":{"node_id":"PORT-42820","node_type":"port","name":"KHIOS","wpi_number":"42820","harbour_size":"V","maximum_vessel":"M","cargo_wharf":true,"rail_connection":false,"provisions":true,"water":true,"fuel_oil":false,"gameplay_status":"candidate","source":"NGA-World-Port-Index","territory_id":"GR-03","country_code":"GR"},"geometry":{"type":"Point","coordinates":[26.1333333333554,38.3666666665272]}},{"type":"Feature","properties":{"node_id":"PORT-31120","node_type":"port","name":"VLAARDINGEN","wpi_number":"31120","harbour_size":"V","maximum_vessel":"M","cargo_wharf":true,"rail_connection":true,"provisions":false,"water":true,"fuel_oil":true,"gameplay_status":"candidate","source":"NGA-World-Port-Index","territory_id":"NL-01","country_code":"NL"},"geometry":{"type":"Point","coordinates":[4.35000000044251,51.899999999726]}},{"type":"Feature","properties":{"node_id":"PORT-39790","node_type":"port","name":"PORTO SANTO STEFANO","wpi_number":"39790","harbour_size":"V","maximum_vessel":"M","cargo_wharf":true,"rail_connection":true,"provisions":false,"water":true,"fuel_oil":true,"gameplay_status":"candidate","source":"NGA-World-Port-Index","territory_id":"IT-02","country_code":"IT"},"geometry":{"type":"Point","coordinates":[11.1166666670988,42.4333333335618]}},{"type":"Feature","properties":{"node_id":"PORT-30680","node_type":"port","name":"HUSUM","wpi_number":"30680","harbour_size":"V","maximum_vessel":"M","cargo_wharf":true,"rail_connection":true,"provisions":false,"water":true,"fuel_oil":true,"gameplay_status":"candidate","source":"NGA-World-Port-Index","territory_id":"DE-01","country_code":"DE"},"geometry":{"type":"Point","coordinates":[9.05000000018751,54.483333333219]}},{"type":"Feature","properties":{"node_id":"PORT-23451","node_type":"port","name":"KARSTO","wpi_number":"23451","harbour_size":"M","maximum_vessel":"L","cargo_wharf":false,"rail_connection":false,"provisions":false,"water":true,"fuel_oil":false,"gameplay_status":"candidate","source":"NGA-World-Port-Index","territory_id":"NO-01","country_code":"NO"},"geometry":{"type":"Point","coordinates":[5.51666666658079,59.2666666668385]}},{"type":"Feature","properties":{"node_id":"PORT-41415","node_type":"port","name":"NEUM","wpi_number":"41415","harbour_size":"S","maximum_vessel":null,"cargo_wharf":true,"rail_connection":false,"provisions":false,"water":false,"fuel_oil":false,"gameplay_status":"candidate","source":"NGA-World-Port-Index","territory_id":"BA-01","country_code":"BA"},"geometry":{"type":"Point","coordinates":[17.6000000003448,42.916666666959]}},{"type":"Feature","properties":{"node_id":"PORT-43165","node_type":"port","name":"KALI LIMENES","wpi_number":"43165","harbour_size":"V","maximum_vessel":"L","cargo_wharf":false,"rail_connection":false,"provisions":false,"water":true,"fuel_oil":true,"gameplay_status":"candidate","source":"NGA-World-Port-Index","territory_id":"GR-03","country_code":"GR"},"geometry":{"type":"Point","coordinates":[24.8333333336361,34.9333333331569]}},{"type":"Feature","properties":{"node_id":"PORT-34980","node_type":"port","name":"PORT TALBOT","wpi_number":"34980","harbour_size":"S","maximum_vessel":"M","cargo_wharf":true,"rail_connection":true,"provisions":true,"water":true,"fuel_oil":true,"gameplay_status":"candidate","source":"NGA-World-Port-Index","territory_id":"GB-05","country_code":"GB"},"geometry":{"type":"Point","coordinates":[-3.81666666701705,51.5833333331465]}},{"type":"Feature","properties":{"node_id":"PORT-33020","node_type":"port","name":"STORNOWAY HARBOR","wpi_number":"33020","harbour_size":"V","maximum_vessel":"M","cargo_wharf":true,"rail_connection":false,"provisions":true,"water":true,"fuel_oil":true,"gameplay_status":"candidate","source":"NGA-World-Port-Index","territory_id":"GB-01","country_code":"GB"},"geometry":{"type":"Point","coordinates":[-6.36666666681183,58.183333333441]}},{"type":"Feature","properties":{"node_id":"PORT-29490","node_type":"port","name":"KALUNDBORG","wpi_number":"29490","harbour_size":"S","maximum_vessel":"L","cargo_wharf":true,"rail_connection":true,"provisions":false,"water":true,"fuel_oil":true,"gameplay_status":"candidate","source":"NGA-World-Port-Index","territory_id":"DK-02","country_code":"DK"},"geometry":{"type":"Point","coordinates":[11.0999999999521,55.6833333331852]}},{"type":"Feature","properties":{"node_id":"PORT-31376","node_type":"port","name":"THAMESPORT","wpi_number":"31376","harbour_size":"S","maximum_vessel":"L","cargo_wharf":true,"rail_connection":true,"provisions":false,"water":true,"fuel_oil":true,"gameplay_status":"candidate","source":"NGA-World-Port-Index","territory_id":"GB-04","country_code":"GB"},"geometry":{"type":"Point","coordinates":[0.700000000401607,51.4333333335614]}},{"type":"Feature","properties":{"node_id":"PORT-24120","node_type":"port","name":"HELSINGBORG","wpi_number":"24120","harbour_size":"M","maximum_vessel":"M","cargo_wharf":true,"rail_connection":true,"provisions":true,"water":true,"fuel_oil":true,"gameplay_status":"candidate","source":"NGA-World-Port-Index","territory_id":"SE-01","country_code":"SE"},"geometry":{"type":"Point","coordinates":[12.7000000002284,56.0500000001647]}},{"type":"Feature","properties":{"node_id":"PORT-23125","node_type":"port","name":"MALOY","wpi_number":"23125","harbour_size":"S","maximum_vessel":"M","cargo_wharf":true,"rail_connection":false,"provisions":false,"water":true,"fuel_oil":true,"gameplay_status":"candidate","source":"NGA-World-Port-Index","territory_id":"NO-01","country_code":"NO"},"geometry":{"type":"Point","coordinates":[5.11666666673627,61.9333333334711]}},{"type":"Feature","properties":{"node_id":"PORT-21950","node_type":"port","name":"LODINGEN","wpi_number":"21950","harbour_size":"V","maximum_vessel":"M","cargo_wharf":true,"rail_connection":false,"provisions":true,"water":true,"fuel_oil":true,"gameplay_status":"candidate","source":"NGA-World-Port-Index","territory_id":"NO-03","country_code":"NO"},"geometry":{"type":"Point","coordinates":[16.0000000000685,68.4166666668016]}},{"type":"Feature","properties":{"node_id":"PORT-29420","node_type":"port","name":"FREDERIKSSUND","wpi_number":"29420","harbour_size":"V","maximum_vessel":"M","cargo_wharf":false,"rail_connection":true,"provisions":false,"water":true,"fuel_oil":true,"gameplay_status":"candidate","source":"NGA-World-Port-Index","territory_id":"DK-02","country_code":"DK"},"geometry":{"type":"Point","coordinates":[12.0500000003688,55.8333333334429]}},{"type":"Feature","properties":{"node_id":"PORT-190","node_type":"port","name":"ISAFJORDUR","wpi_number":"190","harbour_size":"V","maximum_vessel":"L","cargo_wharf":true,"rail_connection":false,"provisions":true,"water":true,"fuel_oil":true,"gameplay_status":"candidate","source":"NGA-World-Port-Index","territory_id":"IS-01","country_code":"IS"},"geometry":{"type":"Point","coordinates":[-23.1166666669256,66.0666666667032]}},{"type":"Feature","properties":{"node_id":"PORT-27080","node_type":"port","name":"SKELLEFTEHAMN","wpi_number":"27080","harbour_size":"S","maximum_vessel":"M","cargo_wharf":true,"rail_connection":true,"provisions":false,"water":true,"fuel_oil":true,"gameplay_status":"candidate","source":"NGA-World-Port-Index","territory_id":"SE-03","country_code":"SE"},"geometry":{"type":"Point","coordinates":[21.2333333332389,64.6833333332642]}},{"type":"Feature","properties":{"node_id":"PORT-23485","node_type":"port","name":"SKUDENESHAVN","wpi_number":"23485","harbour_size":"V","maximum_vessel":"M","cargo_wharf":true,"rail_connection":false,"provisions":true,"water":true,"fuel_oil":true,"gameplay_status":"candidate","source":"NGA-World-Port-Index","territory_id":"NO-01","country_code":"NO"},"geometry":{"type":"Point","coordinates":[5.2666666665657,59.1499999997969]}},{"type":"Feature","properties":{"node_id":"PORT-29940","node_type":"port","name":"FABORG","wpi_number":"29940","harbour_size":"S","maximum_vessel":"M","cargo_wharf":false,"rail_connection":true,"provisions":false,"water":true,"fuel_oil":true,"gameplay_status":"candidate","source":"NGA-World-Port-Index","territory_id":"DK-01","country_code":"DK"},"geometry":{"type":"Point","coordinates":[10.249999999721,55.1000000000724]}},{"type":"Feature","properties":{"node_id":"PORT-38010","node_type":"port","name":"LAGOS","wpi_number":"38010","harbour_size":null,"maximum_vessel":null,"cargo_wharf":false,"rail_connection":false,"provisions":false,"water":false,"fuel_oil":false,"gameplay_status":"candidate","source":"NGA-World-Port-Index","territory_id":"PT-02","country_code":"PT"},"geometry":{"type":"Point","coordinates":[-8.61666666694778,37.1000000002431]}},{"type":"Feature","properties":{"node_id":"PORT-35200","node_type":"port","name":"HAYLE","wpi_number":"35200","harbour_size":"V","maximum_vessel":"M","cargo_wharf":false,"rail_connection":true,"provisions":true,"water":true,"fuel_oil":true,"gameplay_status":"candidate","source":"NGA-World-Port-Index","territory_id":"GB-04","country_code":"GB"},"geometry":{"type":"Point","coordinates":[-5.4166666663951,50.1833333333094]}},{"type":"Feature","properties":{"node_id":"PORT-39025","node_type":"port","name":"MONACO","wpi_number":"39025","harbour_size":"V","maximum_vessel":"M","cargo_wharf":true,"rail_connection":true,"provisions":true,"water":true,"fuel_oil":true,"gameplay_status":"candidate","source":"NGA-World-Port-Index","territory_id":"FR-06","country_code":"FR"},"geometry":{"type":"Point","coordinates":[7.41666666651593,43.7333333332766]}},{"type":"Feature","properties":{"node_id":"PORT-31260","node_type":"port","name":"BRUXELLES","wpi_number":"31260","harbour_size":"S","maximum_vessel":"M","cargo_wharf":true,"rail_connection":true,"provisions":true,"water":true,"fuel_oil":true,"gameplay_status":"candidate","source":"NGA-World-Port-Index","territory_id":"BE-01","country_code":"BE"},"geometry":{"type":"Point","coordinates":[4.35000000044251,50.8666666664129]}},{"type":"Feature","properties":{"node_id":"PORT-31720","node_type":"port","name":"TEESPORT","wpi_number":"31720","harbour_size":"L","maximum_vessel":"M","cargo_wharf":true,"rail_connection":true,"provisions":true,"water":true,"fuel_oil":true,"gameplay_status":"candidate","source":"NGA-World-Port-Index","territory_id":"GB-02","country_code":"GB"},"geometry":{"type":"Point","coordinates":[-1.13333333364137,54.6500000001471]}},{"type":"Feature","properties":{"node_id":"PORT-33570","node_type":"port","name":"STRANRAER","wpi_number":"33570","harbour_size":"V","maximum_vessel":"M","cargo_wharf":true,"rail_connection":true,"provisions":false,"water":true,"fuel_oil":true,"gameplay_status":"candidate","source":"NGA-World-Port-Index","territory_id":"GB-01","country_code":"GB"},"geometry":{"type":"Point","coordinates":[-5.03333333369736,54.9000000000606]}},{"type":"Feature","properties":{"node_id":"PORT-28185","node_type":"port","name":"PORKKALA","wpi_number":"28185","harbour_size":"V","maximum_vessel":"M","cargo_wharf":true,"rail_connection":true,"provisions":false,"water":true,"fuel_oil":true,"gameplay_status":"candidate","source":"NGA-World-Port-Index","territory_id":"FI-01","country_code":"FI"},"geometry":{"type":"Point","coordinates":[24.3833333332496,60.0833333332348]}},{"type":"Feature","properties":{"node_id":"PORT-38920","node_type":"port","name":"SAINT-TROPEZ","wpi_number":"38920","harbour_size":"V","maximum_vessel":null,"cargo_wharf":true,"rail_connection":true,"provisions":true,"water":true,"fuel_oil":false,"gameplay_status":"candidate","source":"NGA-World-Port-Index","territory_id":"FR-06","country_code":"FR"},"geometry":{"type":"Point","coordinates":[6.63333333307538,43.2666666665813]}},{"type":"Feature","properties":{"node_id":"PORT-40210","node_type":"port","name":"LICATA","wpi_number":"40210","harbour_size":"V","maximum_vessel":"M","cargo_wharf":true,"rail_connection":true,"provisions":false,"water":true,"fuel_oil":true,"gameplay_status":"candidate","source":"NGA-World-Port-Index","territory_id":"IT-04","country_code":"IT"},"geometry":{"type":"Point","coordinates":[13.9333333331572,37.1000000002431]}},{"type":"Feature","properties":{"node_id":"PORT-40080","node_type":"port","name":"REGGIO DI CALABRIA","wpi_number":"40080","harbour_size":"S","maximum_vessel":"M","cargo_wharf":true,"rail_connection":true,"provisions":false,"water":true,"fuel_oil":true,"gameplay_status":"candidate","source":"NGA-World-Port-Index","territory_id":"IT-03","country_code":"IT"},"geometry":{"type":"Point","coordinates":[15.6499999998677,38.1166666667329]}},{"type":"Feature","properties":{"node_id":"PORT-40300","node_type":"port","name":"LIPARI","wpi_number":"40300","harbour_size":"V","maximum_vessel":null,"cargo_wharf":true,"rail_connection":false,"provisions":true,"water":false,"fuel_oil":false,"gameplay_status":"candidate","source":"NGA-World-Port-Index","territory_id":"IT-04","country_code":"IT"},"geometry":{"type":"Point","coordinates":[14.9666666666128,38.483333333047]}},{"type":"Feature","properties":{"node_id":"PORT-43120","node_type":"port","name":"RETHIMNON","wpi_number":"43120","harbour_size":"V","maximum_vessel":"M","cargo_wharf":true,"rail_connection":false,"provisions":true,"water":true,"fuel_oil":true,"gameplay_status":"candidate","source":"NGA-World-Port-Index","territory_id":"GR-03","country_code":"GR"},"geometry":{"type":"Point","coordinates":[24.4666666662885,35.3666666665766]}},{"type":"Feature","properties":{"node_id":"PORT-33950","node_type":"port","name":"SLIGO","wpi_number":"33950","harbour_size":"V","maximum_vessel":"M","cargo_wharf":true,"rail_connection":true,"provisions":true,"water":true,"fuel_oil":true,"gameplay_status":"candidate","source":"NGA-World-Port-Index","territory_id":"IE-01","country_code":"IE"},"geometry":{"type":"Point","coordinates":[-8.46666666622006,54.2666666668052]}},{"type":"Feature","properties":{"node_id":"PORT-31650","node_type":"port","name":"IMMINGHAM","wpi_number":"31650","harbour_size":"M","maximum_vessel":"L","cargo_wharf":false,"rail_connection":true,"provisions":true,"water":true,"fuel_oil":true,"gameplay_status":"candidate","source":"NGA-World-Port-Index","territory_id":"GB-02","country_code":"GB"},"geometry":{"type":"Point","coordinates":[-0.200000000371425,53.6333333334507]}},{"type":"Feature","properties":{"node_id":"PORT-31430","node_type":"port","name":"TILBURY","wpi_number":"31430","harbour_size":"S","maximum_vessel":"M","cargo_wharf":false,"rail_connection":false,"provisions":true,"water":true,"fuel_oil":true,"gameplay_status":"candidate","source":"NGA-World-Port-Index","territory_id":"GB-04","country_code":"GB"},"geometry":{"type":"Point","coordinates":[0.333333333054034,51.4666666669031]}},{"type":"Feature","properties":{"node_id":"PORT-35710","node_type":"port","name":"DOVER HARBOR","wpi_number":"35710","harbour_size":"S","maximum_vessel":"L","cargo_wharf":false,"rail_connection":true,"provisions":true,"water":true,"fuel_oil":true,"gameplay_status":"candidate","source":"NGA-World-Port-Index","territory_id":"GB-04","country_code":"GB"},"geometry":{"type":"Point","coordinates":[1.33333333311446,51.1166666665962]}},{"type":"Feature","properties":{"node_id":"PORT-28480","node_type":"port","name":"TALLINN","wpi_number":"28480","harbour_size":"L","maximum_vessel":"M","cargo_wharf":true,"rail_connection":false,"provisions":true,"water":true,"fuel_oil":false,"gameplay_status":"candidate","source":"NGA-World-Port-Index","territory_id":"EE-01","country_code":"EE"},"geometry":{"type":"Point","coordinates":[24.7666666668456,59.4499999999175]}},{"type":"Feature","properties":{"node_id":"PORT-23520","node_type":"port","name":"FARSUND","wpi_number":"23520","harbour_size":"V","maximum_vessel":"M","cargo_wharf":true,"rail_connection":false,"provisions":true,"water":true,"fuel_oil":false,"gameplay_status":"candidate","source":"NGA-World-Port-Index","territory_id":"NO-01","country_code":"NO"},"geometry":{"type":"Point","coordinates":[6.81666666630001,58.083333333127]}},{"type":"Feature","properties":{"node_id":"PORT-30950","node_type":"port","name":"EMDEN","wpi_number":"30950","harbour_size":"M","maximum_vessel":"M","cargo_wharf":true,"rail_connection":true,"provisions":false,"water":false,"fuel_oil":true,"gameplay_status":"candidate","source":"NGA-World-Port-Index","territory_id":"DE-01","country_code":"DE"},"geometry":{"type":"Point","coordinates":[7.18333333364762,53.3333333330778]}},{"type":"Feature","properties":{"node_id":"PORT-41670","node_type":"port","name":"DURRES","wpi_number":"41670","harbour_size":"S","maximum_vessel":"M","cargo_wharf":true,"rail_connection":true,"provisions":true,"water":true,"fuel_oil":true,"gameplay_status":"candidate","source":"NGA-World-Port-Index","territory_id":"AL-01","country_code":"AL"},"geometry":{"type":"Point","coordinates":[19.4499999997379,41.3166666665036]}},{"type":"Feature","properties":{"node_id":"PORT-27250","node_type":"port","name":"TOREHAMN","wpi_number":"27250","harbour_size":"V","maximum_vessel":"M","cargo_wharf":true,"rail_connection":false,"provisions":true,"water":true,"fuel_oil":true,"gameplay_status":"candidate","source":"NGA-World-Port-Index","territory_id":"SE-03","country_code":"SE"},"geometry":{"type":"Point","coordinates":[22.6500000002906,65.9000000000371]}},{"type":"Feature","properties":{"node_id":"PORT-24280","node_type":"port","name":"SIMRISHAMN","wpi_number":"24280","harbour_size":"S","maximum_vessel":"M","cargo_wharf":true,"rail_connection":false,"provisions":true,"water":true,"fuel_oil":true,"gameplay_status":"candidate","source":"NGA-World-Port-Index","territory_id":"SE-01","country_code":"SE"},"geometry":{"type":"Point","coordinates":[14.3666666663969,55.5500000000632]}},{"type":"Feature","properties":{"node_id":"PORT-37120","node_type":"port","name":"LE VERDON","wpi_number":"37120","harbour_size":"S","maximum_vessel":"L","cargo_wharf":false,"rail_connection":true,"provisions":true,"water":true,"fuel_oil":true,"gameplay_status":"candidate","source":"NGA-World-Port-Index","territory_id":"FR-04","country_code":"FR"},"geometry":{"type":"Point","coordinates":[-1.04999999970413,45.5499999999713]}},{"type":"Feature","properties":{"node_id":"PORT-34590","node_type":"port","name":"SILLOTH","wpi_number":"34590","harbour_size":"S","maximum_vessel":"M","cargo_wharf":true,"rail_connection":true,"provisions":false,"water":true,"fuel_oil":true,"gameplay_status":"candidate","source":"NGA-World-Port-Index","territory_id":"GB-02","country_code":"GB"},"geometry":{"type":"Point","coordinates":[-3.40000000002578,54.8666666665214]}},{"type":"Feature","properties":{"node_id":"PORT-23058","node_type":"port","name":"DJUPVIKEN","wpi_number":"23058","harbour_size":"S","maximum_vessel":"M","cargo_wharf":true,"rail_connection":true,"provisions":true,"water":true,"fuel_oil":true,"gameplay_status":"candidate","source":"NGA-World-Port-Index","territory_id":"NO-02","country_code":"NO"},"geometry":{"type":"Point","coordinates":[11.4500000001529,63.7833333333893]}},{"type":"Feature","properties":{"node_id":"PORT-42205","node_type":"port","name":"PAKHI OIL TERMINAL","wpi_number":"42205","harbour_size":"V","maximum_vessel":"M","cargo_wharf":true,"rail_connection":true,"provisions":false,"water":false,"fuel_oil":true,"gameplay_status":"candidate","source":"NGA-World-Port-Index","territory_id":"GR-02","country_code":"GR"},"geometry":{"type":"Point","coordinates":[23.3833333331892,37.9666666666484]}},{"type":"Feature","properties":{"node_id":"PORT-20910","node_type":"port","name":"KVALSUND","wpi_number":"20910","harbour_size":"V","maximum_vessel":null,"cargo_wharf":false,"rail_connection":false,"provisions":false,"water":false,"fuel_oil":false,"gameplay_status":"candidate","source":"NGA-World-Port-Index","territory_id":"NO-03","country_code":"NO"},"geometry":{"type":"Point","coordinates":[23.9833333334051,70.5000000001423]}},{"type":"Feature","properties":{"node_id":"PORT-34648","node_type":"port","name":"GARLSTON","wpi_number":"34648","harbour_size":"V","maximum_vessel":"M","cargo_wharf":true,"rail_connection":true,"provisions":false,"water":true,"fuel_oil":true,"gameplay_status":"candidate","source":"NGA-World-Port-Index","territory_id":"GB-02","country_code":"GB"},"geometry":{"type":"Point","coordinates":[-2.89999999999556,53.3500000000034]}},{"type":"Feature","properties":{"node_id":"PORT-39550","node_type":"port","name":"MARINA DI CARRARA","wpi_number":"39550","harbour_size":"V","maximum_vessel":null,"cargo_wharf":true,"rail_connection":true,"provisions":true,"water":true,"fuel_oil":true,"gameplay_status":"candidate","source":"NGA-World-Port-Index","territory_id":"IT-02","country_code":"IT"},"geometry":{"type":"Point","coordinates":[10.0333333331012,44.033333333364]}},{"type":"Feature","properties":{"node_id":"PORT-33280","node_type":"port","name":"PORT ELLEN","wpi_number":"33280","harbour_size":"V","maximum_vessel":"M","cargo_wharf":true,"rail_connection":false,"provisions":true,"water":true,"fuel_oil":false,"gameplay_status":"candidate","source":"NGA-World-Port-Index","territory_id":"GB-01","country_code":"GB"},"geometry":{"type":"Point","coordinates":[-6.19999999983565,55.633333333415]}},{"type":"Feature","properties":{"node_id":"PORT-100","node_type":"port","name":"REYKJAVIK","wpi_number":"100","harbour_size":"M","maximum_vessel":"L","cargo_wharf":true,"rail_connection":false,"provisions":true,"water":true,"fuel_oil":true,"gameplay_status":"candidate","source":"NGA-World-Port-Index","territory_id":"IS-01","country_code":"IS"},"geometry":{"type":"Point","coordinates":[-21.9333333336406,64.1500000000562]}},{"type":"Feature","properties":{"node_id":"PORT-25290","node_type":"port","name":"NYKOPING","wpi_number":"25290","harbour_size":"S","maximum_vessel":"M","cargo_wharf":true,"rail_connection":true,"provisions":true,"water":true,"fuel_oil":true,"gameplay_status":"candidate","source":"NGA-World-Port-Index","territory_id":"SE-02","country_code":"SE"},"geometry":{"type":"Point","coordinates":[17.0166666663774,58.7500000001087]}},{"type":"Feature","properties":{"node_id":"PORT-22920","node_type":"port","name":"MOSJOEN","wpi_number":"22920","harbour_size":"V","maximum_vessel":"M","cargo_wharf":true,"rail_connection":true,"provisions":true,"water":true,"fuel_oil":true,"gameplay_status":"candidate","source":"NGA-World-Port-Index","territory_id":"NO-03","country_code":"NO"},"geometry":{"type":"Point","coordinates":[13.2000000002586,65.8333333332163]}},{"type":"Feature","properties":{"node_id":"PORT-36130","node_type":"port","name":"SAINT-MALO","wpi_number":"36130","harbour_size":"S","maximum_vessel":"M","cargo_wharf":true,"rail_connection":true,"provisions":true,"water":true,"fuel_oil":true,"gameplay_status":"candidate","source":"NGA-World-Port-Index","territory_id":"FR-01","country_code":"FR"},"geometry":{"type":"Point","coordinates":[-2.01666666636932,48.6499999999962]}},{"type":"Feature","properties":{"node_id":"PORT-40960","node_type":"port","name":"PULA","wpi_number":"40960","harbour_size":"V","maximum_vessel":"L","cargo_wharf":true,"rail_connection":true,"provisions":true,"water":true,"fuel_oil":true,"gameplay_status":"candidate","source":"NGA-World-Port-Index","territory_id":"HR-02","country_code":"HR"},"geometry":{"type":"Point","coordinates":[13.7999999995762,44.8833333330742]}},{"type":"Feature","properties":{"node_id":"PORT-44010","node_type":"port","name":"MARIUPOL","wpi_number":"44010","harbour_size":"S","maximum_vessel":"L","cargo_wharf":true,"rail_connection":true,"provisions":true,"water":true,"fuel_oil":true,"gameplay_status":"candidate","source":"NGA-World-Port-Index","territory_id":"UA-03","country_code":"UA"},"geometry":{"type":"Point","coordinates":[37.5666666663615,47.0833333333429]}},{"type":"Feature","properties":{"node_id":"PORT-44210","node_type":"port","name":"GELENDZHIK","wpi_number":"44210","harbour_size":"V","maximum_vessel":"M","cargo_wharf":false,"rail_connection":true,"provisions":true,"water":true,"fuel_oil":true,"gameplay_status":"candidate","source":"NGA-World-Port-Index","territory_id":"RU-05","country_code":"RU"},"geometry":{"type":"Point","coordinates":[38.0666666663916,44.5499999998453]}},{"type":"Feature","properties":{"node_id":"PORT-31860","node_type":"port","name":"BERWICK-UPON-TWEED","wpi_number":"31860","harbour_size":"V","maximum_vessel":"M","cargo_wharf":false,"rail_connection":true,"provisions":false,"water":true,"fuel_oil":true,"gameplay_status":"candidate","source":"NGA-World-Port-Index","territory_id":"GB-02","country_code":"GB"},"geometry":{"type":"Point","coordinates":[-2.00000000012086,55.7666666667991]}},{"type":"Feature","properties":{"node_id":"PORT-33060","node_type":"port","name":"ORNSAY","wpi_number":"33060","harbour_size":"V","maximum_vessel":"M","cargo_wharf":false,"rail_connection":false,"provisions":true,"water":true,"fuel_oil":false,"gameplay_status":"candidate","source":"NGA-World-Port-Index","territory_id":"GB-01","country_code":"GB"},"geometry":{"type":"Point","coordinates":[-5.79999999999113,57.1499999998332]}},{"type":"Feature","properties":{"node_id":"PORT-28790","node_type":"port","name":"DARLOWO","wpi_number":"28790","harbour_size":"V","maximum_vessel":"M","cargo_wharf":true,"rail_connection":true,"provisions":false,"water":true,"fuel_oil":true,"gameplay_status":"candidate","source":"NGA-World-Port-Index","territory_id":"PL-01","country_code":"PL"},"geometry":{"type":"Point","coordinates":[16.4166666670598,54.4333333334586]}},{"type":"Feature","properties":{"node_id":"PORT-23835","node_type":"port","name":"SARPSBORG","wpi_number":"23835","harbour_size":"V","maximum_vessel":"M","cargo_wharf":true,"rail_connection":true,"provisions":false,"water":true,"fuel_oil":false,"gameplay_status":"candidate","source":"NGA-World-Port-Index","territory_id":"NO-01","country_code":"NO"},"geometry":{"type":"Point","coordinates":[11.0999999999521,59.2666666668385]}},{"type":"Feature","properties":{"node_id":"PORT-41820","node_type":"port","name":"ITEA","wpi_number":"41820","harbour_size":"V","maximum_vessel":"M","cargo_wharf":true,"rail_connection":false,"provisions":false,"water":true,"fuel_oil":false,"gameplay_status":"candidate","source":"NGA-World-Port-Index","territory_id":"GR-02","country_code":"GR"},"geometry":{"type":"Point","coordinates":[22.416666666524,38.4333333330851]}},{"type":"Feature","properties":{"node_id":"PORT-22270","node_type":"port","name":"KJERRINGOY","wpi_number":"22270","harbour_size":"V","maximum_vessel":"M","cargo_wharf":true,"rail_connection":false,"provisions":false,"water":false,"fuel_oil":false,"gameplay_status":"candidate","source":"NGA-World-Port-Index","territory_id":"NO-03","country_code":"NO"},"geometry":{"type":"Point","coordinates":[14.7666666662414,67.516666666664]}},{"type":"Feature","properties":{"node_id":"PORT-35860","node_type":"port","name":"HONFLEUR","wpi_number":"35860","harbour_size":"V","maximum_vessel":"M","cargo_wharf":true,"rail_connection":true,"provisions":false,"water":true,"fuel_oil":true,"gameplay_status":"candidate","source":"NGA-World-Port-Index","territory_id":"FR-01","country_code":"FR"},"geometry":{"type":"Point","coordinates":[0.216666666619881,49.4166666666397]}},{"type":"Feature","properties":{"node_id":"PORT-43790","node_type":"port","name":"YALTA","wpi_number":"43790","harbour_size":"V","maximum_vessel":"M","cargo_wharf":true,"rail_connection":false,"provisions":true,"water":true,"fuel_oil":false,"gameplay_status":"candidate","source":"NGA-World-Port-Index","territory_id":"UA-05","country_code":"UA"},"geometry":{"type":"Point","coordinates":[34.1666666663357,44.4833333332352]}},{"type":"Feature","properties":{"node_id":"PORT-43747","node_type":"port","name":"UST-DUNAISK","wpi_number":"43747","harbour_size":"V","maximum_vessel":"M","cargo_wharf":false,"rail_connection":false,"provisions":false,"water":true,"fuel_oil":true,"gameplay_status":"candidate","source":"NGA-World-Port-Index","territory_id":"UA-04","country_code":"UA"},"geometry":{"type":"Point","coordinates":[29.7000000003573,45.4666666663555]}},{"type":"Feature","properties":{"node_id":"PORT-27537","node_type":"port","name":"RAHJA","wpi_number":"27537","harbour_size":"V","maximum_vessel":"M","cargo_wharf":false,"rail_connection":true,"provisions":true,"water":true,"fuel_oil":true,"gameplay_status":"candidate","source":"NGA-World-Port-Index","territory_id":"FI-03","country_code":"FI"},"geometry":{"type":"Point","coordinates":[23.73333333339,64.2000000001501]}},{"type":"Feature","properties":{"node_id":"PORT-28640","node_type":"port","name":"LIEPAJA","wpi_number":"28640","harbour_size":"M","maximum_vessel":"M","cargo_wharf":true,"rail_connection":false,"provisions":true,"water":true,"fuel_oil":true,"gameplay_status":"candidate","source":"NGA-World-Port-Index","territory_id":"LV-01","country_code":"LV"},"geometry":{"type":"Point","coordinates":[21.016666666619,56.5166666667472]}},{"type":"Feature","properties":{"node_id":"PORT-23700","node_type":"port","name":"LARVIK","wpi_number":"23700","harbour_size":"S","maximum_vessel":"M","cargo_wharf":true,"rail_connection":true,"provisions":false,"water":true,"fuel_oil":true,"gameplay_status":"candidate","source":"NGA-World-Port-Index","territory_id":"NO-01","country_code":"NO"},"geometry":{"type":"Point","coordinates":[10.0333333331012,59.0499999997703]}},{"type":"Feature","properties":{"node_id":"PORT-42378","node_type":"port","name":"ASPROPIRGOS","wpi_number":"42378","harbour_size":"V","maximum_vessel":"M","cargo_wharf":true,"rail_connection":true,"provisions":false,"water":true,"fuel_oil":true,"gameplay_status":"candidate","source":"NGA-World-Port-Index","territory_id":"GR-02","country_code":"GR"},"geometry":{"type":"Point","coordinates":[23.5999999998091,38.0333333334534]}},{"type":"Feature","properties":{"node_id":"PORT-39215","node_type":"port","name":"SARROCH OIL TERMINAL","wpi_number":"39215","harbour_size":"M","maximum_vessel":"L","cargo_wharf":true,"rail_connection":false,"provisions":true,"water":true,"fuel_oil":true,"gameplay_status":"candidate","source":"NGA-World-Port-Index","territory_id":"IT-05","country_code":"IT"},"geometry":{"type":"Point","coordinates":[9.03333333304073,39.083333333599]}},{"type":"Feature","properties":{"node_id":"PORT-40505","node_type":"port","name":"TORRE DEL GRECO","wpi_number":"40505","harbour_size":"V","maximum_vessel":null,"cargo_wharf":true,"rail_connection":true,"provisions":false,"water":true,"fuel_oil":true,"gameplay_status":"candidate","source":"NGA-World-Port-Index","territory_id":"IT-03","country_code":"IT"},"geometry":{"type":"Point","coordinates":[14.3666666663969,40.7833333333463]}},{"type":"Feature","properties":{"node_id":"PORT-39360","node_type":"port","name":"SAN REMO","wpi_number":"39360","harbour_size":"V","maximum_vessel":"M","cargo_wharf":true,"rail_connection":true,"provisions":false,"water":true,"fuel_oil":true,"gameplay_status":"candidate","source":"NGA-World-Port-Index","territory_id":"IT-01","country_code":"IT"},"geometry":{"type":"Point","coordinates":[7.7833333329652,43.8166666667749]}},{"type":"Feature","properties":{"node_id":"PORT-43560","node_type":"port","name":"CONSTANTA","wpi_number":"43560","harbour_size":"M","maximum_vessel":"M","cargo_wharf":true,"rail_connection":true,"provisions":true,"water":true,"fuel_oil":true,"gameplay_status":"candidate","source":"NGA-World-Port-Index","territory_id":"RO-03","country_code":"RO"},"geometry":{"type":"Point","coordinates":[28.6499999997549,44.1666666665387]}},{"type":"Feature","properties":{"node_id":"PORT-33930","node_type":"port","name":"KILLYBEGS","wpi_number":"33930","harbour_size":"V","maximum_vessel":"L","cargo_wharf":true,"rail_connection":false,"provisions":true,"water":true,"fuel_oil":true,"gameplay_status":"candidate","source":"NGA-World-Port-Index","territory_id":"IE-01","country_code":"IE"},"geometry":{"type":"Point","coordinates":[-8.4499999999716,54.633333333237]}},{"type":"Feature","properties":{"node_id":"PORT-26890","node_type":"port","name":"UMEA HAMN","wpi_number":"26890","harbour_size":"S","maximum_vessel":"M","cargo_wharf":true,"rail_connection":true,"provisions":true,"water":true,"fuel_oil":true,"gameplay_status":"candidate","source":"NGA-World-Port-Index","territory_id":"SE-03","country_code":"SE"},"geometry":{"type":"Point","coordinates":[20.3499999996127,63.7000000001325]}},{"type":"Feature","properties":{"node_id":"PORT-24950","node_type":"port","name":"VISBY","wpi_number":"24950","harbour_size":"S","maximum_vessel":"M","cargo_wharf":true,"rail_connection":false,"provisions":false,"water":true,"fuel_oil":true,"gameplay_status":"candidate","source":"NGA-World-Port-Index","territory_id":"SE-02","country_code":"SE"},"geometry":{"type":"Point","coordinates":[18.2833333335997,57.6333333331121]}},{"type":"Feature","properties":{"node_id":"PORT-31972","node_type":"port","name":"HOUND POINT TERMINAL","wpi_number":"31972","harbour_size":"S","maximum_vessel":"L","cargo_wharf":false,"rail_connection":true,"provisions":true,"water":false,"fuel_oil":false,"gameplay_status":"candidate","source":"NGA-World-Port-Index","territory_id":"GB-01","country_code":"GB"},"geometry":{"type":"Point","coordinates":[-3.36666666663054,56.0000000000915]}},{"type":"Feature","properties":{"node_id":"PORT-27920","node_type":"port","name":"MARIEHAMN","wpi_number":"27920","harbour_size":"S","maximum_vessel":"M","cargo_wharf":true,"rail_connection":false,"provisions":false,"water":true,"fuel_oil":true,"gameplay_status":"candidate","source":"NGA-World-Port-Index","territory_id":"FI-01","country_code":"FI"},"geometry":{"type":"Point","coordinates":[19.9166666663729,60.1000000001465]}},{"type":"Feature","properties":{"node_id":"PORT-28690","node_type":"port","name":"KALININGRAD","wpi_number":"28690","harbour_size":"M","maximum_vessel":"M","cargo_wharf":true,"rail_connection":true,"provisions":true,"water":true,"fuel_oil":true,"gameplay_status":"candidate","source":"NGA-World-Port-Index","territory_id":"RU-01","country_code":"RU"},"geometry":{"type":"Point","coordinates":[20.4833333331936,54.6999999999613]}},{"type":"Feature","properties":{"node_id":"PORT-39180","node_type":"port","name":"OLBIA","wpi_number":"39180","harbour_size":"S","maximum_vessel":"M","cargo_wharf":true,"rail_connection":true,"provisions":true,"water":true,"fuel_oil":true,"gameplay_status":"candidate","source":"NGA-World-Port-Index","territory_id":"IT-05","country_code":"IT"},"geometry":{"type":"Point","coordinates":[9.49999999967573,40.916666666929]}},{"type":"Feature","properties":{"node_id":"PORT-44650","node_type":"port","name":"BANDIRMA","wpi_number":"44650","harbour_size":"V","maximum_vessel":"M","cargo_wharf":true,"rail_connection":true,"provisions":true,"water":true,"fuel_oil":true,"gameplay_status":"candidate","source":"NGA-World-Port-Index","territory_id":"TR-01","country_code":"TR"},"geometry":{"type":"Point","coordinates":[27.9666666665,40.3499999997957]}},{"type":"Feature","properties":{"node_id":"PORT-33470","node_type":"port","name":"ROTHESAY DOCK","wpi_number":"33470","harbour_size":"V","maximum_vessel":null,"cargo_wharf":false,"rail_connection":true,"provisions":false,"water":false,"fuel_oil":false,"gameplay_status":"candidate","source":"NGA-World-Port-Index","territory_id":"GB-01","country_code":"GB"},"geometry":{"type":"Point","coordinates":[-4.40000000008621,55.899999999754]}},{"type":"Feature","properties":{"node_id":"PORT-32900","node_type":"port","name":"KYLE OF LOCHALSH","wpi_number":"32900","harbour_size":"V","maximum_vessel":"M","cargo_wharf":true,"rail_connection":true,"provisions":true,"water":true,"fuel_oil":false,"gameplay_status":"candidate","source":"NGA-World-Port-Index","territory_id":"GB-01","country_code":"GB"},"geometry":{"type":"Point","coordinates":[-5.71666666695222,57.2833333331863]}},{"type":"Feature","properties":{"node_id":"PORT-42760","node_type":"port","name":"MITILINI","wpi_number":"42760","harbour_size":"S","maximum_vessel":"M","cargo_wharf":true,"rail_connection":false,"provisions":true,"water":true,"fuel_oil":true,"gameplay_status":"candidate","source":"NGA-World-Port-Index","territory_id":"GR-03","country_code":"GR"},"geometry":{"type":"Point","coordinates":[26.5666666665951,39.0999999998774]}},{"type":"Feature","properties":{"node_id":"PORT-32320","node_type":"port","name":"BURGHEAD","wpi_number":"32320","harbour_size":"V","maximum_vessel":"M","cargo_wharf":false,"rail_connection":true,"provisions":true,"water":true,"fuel_oil":true,"gameplay_status":"candidate","source":"NGA-World-Port-Index","territory_id":"GB-01","country_code":"GB"},"geometry":{"type":"Point","coordinates":[-3.50000000021148,57.6999999998426]}},{"type":"Feature","properties":{"node_id":"PORT-32030","node_type":"port","name":"BURNTISLAND","wpi_number":"32030","harbour_size":"S","maximum_vessel":"M","cargo_wharf":true,"rail_connection":true,"provisions":true,"water":true,"fuel_oil":true,"gameplay_status":"candidate","source":"NGA-World-Port-Index","territory_id":"GB-01","country_code":"GB"},"geometry":{"type":"Point","coordinates":[-3.2333333330496,56.0500000001647]}},{"type":"Feature","properties":{"node_id":"PORT-23095","node_type":"port","name":"THAMSHAMM","wpi_number":"23095","harbour_size":"S","maximum_vessel":"L","cargo_wharf":true,"rail_connection":true,"provisions":true,"water":true,"fuel_oil":false,"gameplay_status":"candidate","source":"NGA-World-Port-Index","territory_id":"NO-02","country_code":"NO"},"geometry":{"type":"Point","coordinates":[9.88333333327176,63.3166666668669]}},{"type":"Feature","properties":{"node_id":"PORT-22320","node_type":"port","name":"FAUSKE","wpi_number":"22320","harbour_size":"V","maximum_vessel":null,"cargo_wharf":true,"rail_connection":true,"provisions":false,"water":false,"fuel_oil":false,"gameplay_status":"candidate","source":"NGA-World-Port-Index","territory_id":"NO-03","country_code":"NO"},"geometry":{"type":"Point","coordinates":[15.3666666664573,67.2500000000939]}},{"type":"Feature","properties":{"node_id":"PORT-27535","node_type":"port","name":"VEITSILUOTO","wpi_number":"27535","harbour_size":"S","maximum_vessel":"M","cargo_wharf":true,"rail_connection":true,"provisions":true,"water":true,"fuel_oil":true,"gameplay_status":"candidate","source":"NGA-World-Port-Index","territory_id":"FI-03","country_code":"FI"},"geometry":{"type":"Point","coordinates":[24.6166666670162,65.7000000000362]}},{"type":"Feature","properties":{"node_id":"PORT-35400","node_type":"port","name":"BRIXHAM HARBOUR","wpi_number":"35400","harbour_size":"V","maximum_vessel":"M","cargo_wharf":false,"rail_connection":true,"provisions":true,"water":true,"fuel_oil":false,"gameplay_status":"candidate","source":"NGA-World-Port-Index","territory_id":"GB-04","country_code":"GB"},"geometry":{"type":"Point","coordinates":[-3.51666666645993,50.399999999932]}},{"type":"Feature","properties":{"node_id":"PORT-33310","node_type":"port","name":"LAMLASH HARBOR","wpi_number":"33310","harbour_size":"V","maximum_vessel":"L","cargo_wharf":false,"rail_connection":false,"provisions":false,"water":false,"fuel_oil":false,"gameplay_status":"candidate","source":"NGA-World-Port-Index","territory_id":"GB-01","country_code":"GB"},"geometry":{"type":"Point","coordinates":[-5.11666666673627,55.5333333331006]}},{"type":"Feature","properties":{"node_id":"PORT-30340","node_type":"port","name":"HADSUND","wpi_number":"30340","harbour_size":"V","maximum_vessel":"M","cargo_wharf":false,"rail_connection":true,"provisions":true,"water":true,"fuel_oil":true,"gameplay_status":"candidate","source":"NGA-World-Port-Index","territory_id":"DK-01","country_code":"DK"},"geometry":{"type":"Point","coordinates":[10.1166666670384,56.7166666664819]}},{"type":"Feature","properties":{"node_id":"PORT-43430","node_type":"port","name":"DEFTERDAR BURNU","wpi_number":"43430","harbour_size":"V","maximum_vessel":"M","cargo_wharf":false,"rail_connection":true,"provisions":false,"water":true,"fuel_oil":true,"gameplay_status":"candidate","source":"NGA-World-Port-Index","territory_id":"TR-01","country_code":"TR"},"geometry":{"type":"Point","coordinates":[29.0333333333509,41.0499999999777]}},{"type":"Feature","properties":{"node_id":"PORT-25590","node_type":"port","name":"GAVLE","wpi_number":"25590","harbour_size":"S","maximum_vessel":"M","cargo_wharf":true,"rail_connection":true,"provisions":false,"water":true,"fuel_oil":true,"gameplay_status":"candidate","source":"NGA-World-Port-Index","territory_id":"SE-02","country_code":"SE"},"geometry":{"type":"Point","coordinates":[17.1666666671051,60.6833333335423]}},{"type":"Feature","properties":{"node_id":"PORT-25570","node_type":"port","name":"KARSKAR","wpi_number":"25570","harbour_size":"V","maximum_vessel":"M","cargo_wharf":true,"rail_connection":true,"provisions":true,"water":true,"fuel_oil":true,"gameplay_status":"candidate","source":"NGA-World-Port-Index","territory_id":"SE-02","country_code":"SE"},"geometry":{"type":"Point","coordinates":[17.2666666663925,60.6833333335423]}},{"type":"Feature","properties":{"node_id":"PORT-39830","node_type":"port","name":"ANZIO","wpi_number":"39830","harbour_size":"V","maximum_vessel":null,"cargo_wharf":true,"rail_connection":true,"provisions":false,"water":true,"fuel_oil":false,"gameplay_status":"candidate","source":"NGA-World-Port-Index","territory_id":"IT-02","country_code":"IT"},"geometry":{"type":"Point","coordinates":[12.6333333334379,41.4499999997726]}},{"type":"Feature","properties":{"node_id":"PORT-21495","node_type":"port","name":"MEDBY","wpi_number":"21495","harbour_size":"V","maximum_vessel":"M","cargo_wharf":true,"rail_connection":false,"provisions":true,"water":false,"fuel_oil":false,"gameplay_status":"candidate","source":"NGA-World-Port-Index","territory_id":"NO-03","country_code":"NO"},"geometry":{"type":"Point","coordinates":[17.7333333330275,68.9166666667806]}},{"type":"Feature","properties":{"node_id":"PORT-44965","node_type":"port","name":"DHEKELIA","wpi_number":"44965","harbour_size":"V","maximum_vessel":"M","cargo_wharf":false,"rail_connection":false,"provisions":true,"water":true,"fuel_oil":true,"gameplay_status":"candidate","source":"NGA-World-Port-Index","territory_id":"CY-01","country_code":"CY"},"geometry":{"type":"Point","coordinates":[33.7166666668475,34.966666666975]}},{"type":"Feature","properties":{"node_id":"PORT-37190","node_type":"port","name":"BORDEAUX","wpi_number":"37190","harbour_size":"L","maximum_vessel":"L","cargo_wharf":true,"rail_connection":true,"provisions":true,"water":true,"fuel_oil":true,"gameplay_status":"candidate","source":"NGA-World-Port-Index","territory_id":"FR-04","country_code":"FR"},"geometry":{"type":"Point","coordinates":[-0.566666666820668,44.8666666668637]}},{"type":"Feature","properties":{"node_id":"PORT-40750","node_type":"port","name":"PORTO DI MALAMOCCO","wpi_number":"40750","harbour_size":"V","maximum_vessel":"M","cargo_wharf":true,"rail_connection":false,"provisions":false,"water":false,"fuel_oil":false,"gameplay_status":"candidate","source":"NGA-World-Port-Index","territory_id":"IT-01","country_code":"IT"},"geometry":{"type":"Point","coordinates":[12.3166666666324,45.3333333331922]}},{"type":"Feature","properties":{"node_id":"PORT-40870","node_type":"port","name":"PIRAN","wpi_number":"40870","harbour_size":"V","maximum_vessel":null,"cargo_wharf":false,"rail_connection":false,"provisions":true,"water":true,"fuel_oil":true,"gameplay_status":"candidate","source":"NGA-World-Port-Index","territory_id":"SI-01","country_code":"SI"},"geometry":{"type":"Point","coordinates":[13.5666666667079,45.5333333330559]}},{"type":"Feature","properties":{"node_id":"PORT-29720","node_type":"port","name":"NYSTED","wpi_number":"29720","harbour_size":"V","maximum_vessel":"M","cargo_wharf":false,"rail_connection":true,"provisions":true,"water":true,"fuel_oil":false,"gameplay_status":"candidate","source":"NGA-World-Port-Index","territory_id":"DK-02","country_code":"DK"},"geometry":{"type":"Point","coordinates":[11.7333333335632,54.6666666664758]}},{"type":"Feature","properties":{"node_id":"PORT-38410","node_type":"port","name":"AGUILAS","wpi_number":"38410","harbour_size":"V","maximum_vessel":"M","cargo_wharf":true,"rail_connection":false,"provisions":false,"water":true,"fuel_oil":false,"gameplay_status":"candidate","source":"NGA-World-Port-Index","territory_id":"ES-05","country_code":"ES"},"geometry":{"type":"Point","coordinates":[-1.5666666668811,37.3999999998121]}},{"type":"Feature","properties":{"node_id":"PORT-35730","node_type":"port","name":"DUNKERQUE PORT EST","wpi_number":"35730","harbour_size":"M","maximum_vessel":"L","cargo_wharf":true,"rail_connection":true,"provisions":false,"water":true,"fuel_oil":true,"gameplay_status":"candidate","source":"NGA-World-Port-Index","territory_id":"FR-02","country_code":"FR"},"geometry":{"type":"Point","coordinates":[2.38333333371689,51.0500000001028]}},{"type":"Feature","properties":{"node_id":"PORT-44180","node_type":"port","name":"ANAPA","wpi_number":"44180","harbour_size":"V","maximum_vessel":"M","cargo_wharf":false,"rail_connection":true,"provisions":true,"water":true,"fuel_oil":false,"gameplay_status":"candidate","source":"NGA-World-Port-Index","territory_id":"RU-05","country_code":"RU"},"geometry":{"type":"Point","coordinates":[37.3166666663463,44.8833333330742]}},{"type":"Feature","properties":{"node_id":"PORT-26240","node_type":"port","name":"HARNOSAND","wpi_number":"26240","harbour_size":"S","maximum_vessel":"L","cargo_wharf":true,"rail_connection":true,"provisions":false,"water":true,"fuel_oil":true,"gameplay_status":"candidate","source":"NGA-World-Port-Index","territory_id":"SE-03","country_code":"SE"},"geometry":{"type":"Point","coordinates":[17.9333333333988,62.6333333333772]}},{"type":"Feature","properties":{"node_id":"PORT-25460","node_type":"port","name":"HALLSTAVIK","wpi_number":"25460","harbour_size":"V","maximum_vessel":"M","cargo_wharf":true,"rail_connection":true,"provisions":true,"water":true,"fuel_oil":true,"gameplay_status":"candidate","source":"NGA-World-Port-Index","territory_id":"SE-02","country_code":"SE"},"geometry":{"type":"Point","coordinates":[18.5833333332585,60.0500000001438]}},{"type":"Feature","properties":{"node_id":"PORT-23970","node_type":"port","name":"LYSEKIL","wpi_number":"23970","harbour_size":"V","maximum_vessel":"L","cargo_wharf":true,"rail_connection":true,"provisions":true,"water":true,"fuel_oil":true,"gameplay_status":"candidate","source":"NGA-World-Port-Index","territory_id":"SE-01","country_code":"SE"},"geometry":{"type":"Point","coordinates":[11.4333333330061,58.2666666666246]}},{"type":"Feature","properties":{"node_id":"PORT-28860","node_type":"port","name":"ROSTOCK","wpi_number":"28860","harbour_size":"L","maximum_vessel":"M","cargo_wharf":true,"rail_connection":true,"provisions":true,"water":true,"fuel_oil":true,"gameplay_status":"candidate","source":"NGA-World-Port-Index","territory_id":"DE-01","country_code":"DE"},"geometry":{"type":"Point","coordinates":[12.1333333334077,54.1000000001188]}},{"type":"Feature","properties":{"node_id":"PORT-33530","node_type":"port","name":"ARDROSSAN","wpi_number":"33530","harbour_size":"S","maximum_vessel":"M","cargo_wharf":true,"rail_connection":true,"provisions":true,"water":true,"fuel_oil":true,"gameplay_status":"candidate","source":"NGA-World-Port-Index","territory_id":"GB-01","country_code":"GB"},"geometry":{"type":"Point","coordinates":[-4.81666666707748,55.6499999999182]}},{"type":"Feature","properties":{"node_id":"PORT-25760","node_type":"port","name":"IGGESUND","wpi_number":"25760","harbour_size":"V","maximum_vessel":null,"cargo_wharf":true,"rail_connection":true,"provisions":false,"water":true,"fuel_oil":true,"gameplay_status":"candidate","source":"NGA-World-Port-Index","territory_id":"SE-02","country_code":"SE"},"geometry":{"type":"Point","coordinates":[17.0833333331678,61.6499999999609]}},{"type":"Feature","properties":{"node_id":"PORT-42490","node_type":"port","name":"MILIANA","wpi_number":"42490","harbour_size":"V","maximum_vessel":"M","cargo_wharf":false,"rail_connection":false,"provisions":true,"water":true,"fuel_oil":false,"gameplay_status":"candidate","source":"NGA-World-Port-Index","territory_id":"GR-02","country_code":"GR"},"geometry":{"type":"Point","coordinates":[23.2166666671113,39.1666666665902]}},{"type":"Feature","properties":{"node_id":"PORT-38775","node_type":"port","name":"FOS","wpi_number":"38775","harbour_size":"V","maximum_vessel":"L","cargo_wharf":true,"rail_connection":true,"provisions":true,"water":true,"fuel_oil":true,"gameplay_status":"candidate","source":"NGA-World-Port-Index","territory_id":"FR-06","country_code":"FR"},"geometry":{"type":"Point","coordinates":[4.88333333296964,43.4166666666695]}},{"type":"Feature","properties":{"node_id":"PORT-42860","node_type":"port","name":"PITHAGORION","wpi_number":"42860","harbour_size":"V","maximum_vessel":"M","cargo_wharf":false,"rail_connection":false,"provisions":true,"water":true,"fuel_oil":false,"gameplay_status":"candidate","source":"NGA-World-Port-Index","territory_id":"GR-03","country_code":"GR"},"geometry":{"type":"Point","coordinates":[26.9500000001911,37.6833333333766]}},{"type":"Feature","properties":{"node_id":"PORT-35550","node_type":"port","name":"COWES HARBOUR","wpi_number":"35550","harbour_size":"S","maximum_vessel":"M","cargo_wharf":true,"rail_connection":true,"provisions":false,"water":true,"fuel_oil":true,"gameplay_status":"candidate","source":"NGA-World-Port-Index","territory_id":"GB-04","country_code":"GB"},"geometry":{"type":"Point","coordinates":[-1.29999999971922,50.7666666666594]}},{"type":"Feature","properties":{"node_id":"PORT-30870","node_type":"port","name":"OLDENBURG","wpi_number":"30870","harbour_size":"V","maximum_vessel":"M","cargo_wharf":false,"rail_connection":true,"provisions":true,"water":true,"fuel_oil":true,"gameplay_status":"candidate","source":"NGA-World-Port-Index","territory_id":"DE-01","country_code":"DE"},"geometry":{"type":"Point","coordinates":[8.21666666710326,53.1166666665714]}},{"type":"Feature","properties":{"node_id":"PORT-29545","node_type":"port","name":"STIGSNAESVAERKET","wpi_number":"29545","harbour_size":"V","maximum_vessel":"M","cargo_wharf":true,"rail_connection":false,"provisions":true,"water":true,"fuel_oil":false,"gameplay_status":"candidate","source":"NGA-World-Port-Index","territory_id":"DK-02","country_code":"DK"},"geometry":{"type":"Point","coordinates":[11.2499999997815,55.2000000002404]}},{"type":"Feature","properties":{"node_id":"PORT-34160","node_type":"port","name":"FENIT","wpi_number":"34160","harbour_size":"V","maximum_vessel":"M","cargo_wharf":true,"rail_connection":true,"provisions":false,"water":true,"fuel_oil":true,"gameplay_status":"candidate","source":"NGA-World-Port-Index","territory_id":"IE-01","country_code":"IE"},"geometry":{"type":"Point","coordinates":[-9.8666666670233,52.2666666667565]}},{"type":"Feature","properties":{"node_id":"PORT-36370","node_type":"port","name":"PORT DE ROSCOFF-BLOSCON","wpi_number":"36370","harbour_size":"V","maximum_vessel":"M","cargo_wharf":false,"rail_connection":true,"provisions":false,"water":true,"fuel_oil":true,"gameplay_status":"candidate","source":"NGA-World-Port-Index","territory_id":"FR-01","country_code":"FR"},"geometry":{"type":"Point","coordinates":[-3.98333333309494,48.7333333335527]}},{"type":"Feature","properties":{"node_id":"PORT-31140","node_type":"port","name":"ROTTERDAM","wpi_number":"31140","harbour_size":"L","maximum_vessel":"L","cargo_wharf":true,"rail_connection":true,"provisions":true,"water":true,"fuel_oil":true,"gameplay_status":"candidate","source":"NGA-World-Port-Index","territory_id":"NL-01","country_code":"NL"},"geometry":{"type":"Point","coordinates":[4.48333333312512,51.899999999726]}},{"type":"Feature","properties":{"node_id":"PORT-32420","node_type":"port","name":"KETTLETOFT","wpi_number":"32420","harbour_size":"V","maximum_vessel":null,"cargo_wharf":true,"rail_connection":false,"provisions":false,"water":false,"fuel_oil":false,"gameplay_status":"candidate","source":"NGA-World-Port-Index","territory_id":"GB-01","country_code":"GB"},"geometry":{"type":"Point","coordinates":[-2.60000000033677,59.2333333333565]}},{"type":"Feature","properties":{"node_id":"PORT-420","node_type":"port","name":"NESKAUPSTADUR","wpi_number":"420","harbour_size":"V","maximum_vessel":null,"cargo_wharf":true,"rail_connection":false,"provisions":true,"water":true,"fuel_oil":true,"gameplay_status":"candidate","source":"NGA-World-Port-Index","territory_id":"IS-01","country_code":"IS"},"geometry":{"type":"Point","coordinates":[-13.6833333331421,65.1499999999082]}},{"type":"Feature","properties":{"node_id":"PORT-40500","node_type":"port","name":"BRINDISI","wpi_number":"40500","harbour_size":"L","maximum_vessel":"L","cargo_wharf":true,"rail_connection":true,"provisions":false,"water":true,"fuel_oil":true,"gameplay_status":"candidate","source":"NGA-World-Port-Index","territory_id":"IT-03","country_code":"IT"},"geometry":{"type":"Point","coordinates":[17.9833333330425,40.6499999997018]}},{"type":"Feature","properties":{"node_id":"PORT-31080","node_type":"port","name":"HOEK VAN HOLLAND","wpi_number":"31080","harbour_size":"V","maximum_vessel":null,"cargo_wharf":true,"rail_connection":true,"provisions":false,"water":true,"fuel_oil":true,"gameplay_status":"candidate","source":"NGA-World-Port-Index","territory_id":"NL-01","country_code":"NL"},"geometry":{"type":"Point","coordinates":[4.13333333292433,51.949999999749]}},{"type":"Feature","properties":{"node_id":"PORT-28750","node_type":"port","name":"POLICE","wpi_number":"28750","harbour_size":"S","maximum_vessel":"M","cargo_wharf":true,"rail_connection":false,"provisions":false,"water":true,"fuel_oil":false,"gameplay_status":"candidate","source":"NGA-World-Port-Index","territory_id":"PL-02","country_code":"PL"},"geometry":{"type":"Point","coordinates":[14.5666666667683,53.5666666668023]}},{"type":"Feature","properties":{"node_id":"PORT-20800","node_type":"port","name":"HONNINGSVAG","wpi_number":"20800","harbour_size":"S","maximum_vessel":"L","cargo_wharf":true,"rail_connection":false,"provisions":false,"water":true,"fuel_oil":true,"gameplay_status":"candidate","source":"NGA-World-Port-Index","territory_id":"NO-03","country_code":"NO"},"geometry":{"type":"Point","coordinates":[25.9999999997744,70.983333333316]}},{"type":"Feature","properties":{"node_id":"PORT-27530","node_type":"port","name":"RAAHE","wpi_number":"27530","harbour_size":"S","maximum_vessel":"M","cargo_wharf":true,"rail_connection":true,"provisions":false,"water":true,"fuel_oil":true,"gameplay_status":"candidate","source":"NGA-World-Port-Index","territory_id":"FI-03","country_code":"FI"},"geometry":{"type":"Point","coordinates":[24.4166666666448,64.6833333332642]}},{"type":"Feature","properties":{"node_id":"PORT-27610","node_type":"port","name":"HELLNAS","wpi_number":"27610","harbour_size":"V","maximum_vessel":"M","cargo_wharf":false,"rail_connection":false,"provisions":false,"water":false,"fuel_oil":false,"gameplay_status":"candidate","source":"NGA-World-Port-Index","territory_id":"FI-02","country_code":"FI"},"geometry":{"type":"Point","coordinates":[22.2333333332994,63.2833333333735]}},{"type":"Feature","properties":{"node_id":"PORT-23138","node_type":"port","name":"MONGSTAD","wpi_number":"23138","harbour_size":"M","maximum_vessel":"M","cargo_wharf":true,"rail_connection":false,"provisions":true,"water":true,"fuel_oil":true,"gameplay_status":"candidate","source":"NGA-World-Port-Index","territory_id":"NO-01","country_code":"NO"},"geometry":{"type":"Point","coordinates":[5.03333333369736,60.8166666667869]}},{"type":"Feature","properties":{"node_id":"PORT-23230","node_type":"port","name":"NORHEIMSUND","wpi_number":"23230","harbour_size":"V","maximum_vessel":"M","cargo_wharf":true,"rail_connection":true,"provisions":false,"water":false,"fuel_oil":false,"gameplay_status":"candidate","source":"NGA-World-Port-Index","territory_id":"NO-01","country_code":"NO"},"geometry":{"type":"Point","coordinates":[6.15000000019195,60.3666666666528]}},{"type":"Feature","properties":{"node_id":"PORT-37980","node_type":"port","name":"FIGUEIRA DA FOZ","wpi_number":"37980","harbour_size":"V","maximum_vessel":"M","cargo_wharf":true,"rail_connection":true,"provisions":true,"water":true,"fuel_oil":false,"gameplay_status":"candidate","source":"NGA-World-Port-Index","territory_id":"PT-01","country_code":"PT"},"geometry":{"type":"Point","coordinates":[-8.84999999981612,40.1499999998995]}},{"type":"Feature","properties":{"node_id":"PORT-32955","node_type":"port","name":"LOCHMADDY","wpi_number":"32955","harbour_size":"V","maximum_vessel":"M","cargo_wharf":true,"rail_connection":false,"provisions":true,"water":true,"fuel_oil":true,"gameplay_status":"candidate","source":"NGA-World-Port-Index","territory_id":"GB-01","country_code":"GB"},"geometry":{"type":"Point","coordinates":[-7.16666666650084,57.6000000001011]}},{"type":"Feature","properties":{"node_id":"PORT-30730","node_type":"port","name":"RENDSBURG","wpi_number":"30730","harbour_size":"S","maximum_vessel":"M","cargo_wharf":true,"rail_connection":true,"provisions":false,"water":true,"fuel_oil":true,"gameplay_status":"candidate","source":"NGA-World-Port-Index","territory_id":"DE-01","country_code":"DE"},"geometry":{"type":"Point","coordinates":[9.68333333290037,54.3000000001196]}},{"type":"Feature","properties":{"node_id":"PORT-32490","node_type":"port","name":"LYNESS","wpi_number":"32490","harbour_size":"M","maximum_vessel":null,"cargo_wharf":true,"rail_connection":false,"provisions":false,"water":true,"fuel_oil":true,"gameplay_status":"candidate","source":"NGA-World-Port-Index","territory_id":"GB-01","country_code":"GB"},"geometry":{"type":"Point","coordinates":[-3.19999999965435,58.8333333333305]}},{"type":"Feature","properties":{"node_id":"PORT-23465","node_type":"port","name":"AKRAHAMN","wpi_number":"23465","harbour_size":"V","maximum_vessel":"M","cargo_wharf":true,"rail_connection":false,"provisions":true,"water":true,"fuel_oil":false,"gameplay_status":"candidate","source":"NGA-World-Port-Index","territory_id":"NO-01","country_code":"NO"},"geometry":{"type":"Point","coordinates":[5.18333333352676,59.2666666668385]}},{"type":"Feature","properties":{"node_id":"PORT-41550","node_type":"port","name":"DUBROVNIK","wpi_number":"41550","harbour_size":"S","maximum_vessel":"M","cargo_wharf":true,"rail_connection":false,"provisions":true,"water":true,"fuel_oil":true,"gameplay_status":"candidate","source":"NGA-World-Port-Index","territory_id":"HR-02","country_code":"HR"},"geometry":{"type":"Point","coordinates":[18.0833333332283,42.666666666411]}},{"type":"Feature","properties":{"node_id":"PORT-43260","node_type":"port","name":"KALIMNOS","wpi_number":"43260","harbour_size":"V","maximum_vessel":"M","cargo_wharf":true,"rail_connection":false,"provisions":true,"water":true,"fuel_oil":false,"gameplay_status":"candidate","source":"NGA-World-Port-Index","territory_id":"GR-03","country_code":"GR"},"geometry":{"type":"Point","coordinates":[26.9833333335864,36.9500000000504]}},{"type":"Feature","properties":{"node_id":"PORT-20930","node_type":"port","name":"SORVAER","wpi_number":"20930","harbour_size":"V","maximum_vessel":"M","cargo_wharf":true,"rail_connection":true,"provisions":true,"water":true,"fuel_oil":false,"gameplay_status":"candidate","source":"NGA-World-Port-Index","territory_id":"NO-03","country_code":"NO"},"geometry":{"type":"Point","coordinates":[21.9833333332843,70.6333333331965]}},{"type":"Feature","properties":{"node_id":"PORT-33690","node_type":"port","name":"ARDGLASS","wpi_number":"33690","harbour_size":"V","maximum_vessel":"M","cargo_wharf":false,"rail_connection":false,"provisions":true,"water":true,"fuel_oil":false,"gameplay_status":"candidate","source":"NGA-World-Port-Index","territory_id":"GB-06","country_code":"GB"},"geometry":{"type":"Point","coordinates":[-5.61666666676649,54.2666666668052]}},{"type":"Feature","properties":{"node_id":"PORT-36960","node_type":"port","name":"LES SABLES D' OLONNE","wpi_number":"36960","harbour_size":"M","maximum_vessel":null,"cargo_wharf":true,"rail_connection":true,"provisions":true,"water":true,"fuel_oil":true,"gameplay_status":"candidate","source":"NGA-World-Port-Index","territory_id":"FR-01","country_code":"FR"},"geometry":{"type":"Point","coordinates":[-1.79999999974944,46.4999999997044]}},{"type":"Feature","properties":{"node_id":"PORT-41950","node_type":"port","name":"YITHION","wpi_number":"41950","harbour_size":"V","maximum_vessel":"M","cargo_wharf":false,"rail_connection":false,"provisions":false,"water":true,"fuel_oil":false,"gameplay_status":"candidate","source":"NGA-World-Port-Index","territory_id":"GR-02","country_code":"GR"},"geometry":{"type":"Point","coordinates":[22.5666666663534,36.7500000000508]}},{"type":"Feature","properties":{"node_id":"PORT-31660","node_type":"port","name":"KINGSTON UPON HULL","wpi_number":"31660","harbour_size":"M","maximum_vessel":"L","cargo_wharf":true,"rail_connection":true,"provisions":true,"water":true,"fuel_oil":true,"gameplay_status":"candidate","source":"NGA-World-Port-Index","territory_id":"GB-02","country_code":"GB"},"geometry":{"type":"Point","coordinates":[-0.283333333410334,53.7500000001752]}},{"type":"Feature","properties":{"node_id":"PORT-28505","node_type":"port","name":"PALDISKI","wpi_number":"28505","harbour_size":"V","maximum_vessel":"M","cargo_wharf":true,"rail_connection":true,"provisions":true,"water":true,"fuel_oil":true,"gameplay_status":"candidate","source":"NGA-World-Port-Index","territory_id":"EE-01","country_code":"EE"},"geometry":{"type":"Point","coordinates":[24.0333333330488,59.3500000000407]}},{"type":"Feature","properties":{"node_id":"PORT-24960","node_type":"port","name":"KLINTEHAMN","wpi_number":"24960","harbour_size":"V","maximum_vessel":"M","cargo_wharf":true,"rail_connection":false,"provisions":true,"water":true,"fuel_oil":true,"gameplay_status":"candidate","source":"NGA-World-Port-Index","territory_id":"SE-02","country_code":"SE"},"geometry":{"type":"Point","coordinates":[18.1999999996624,57.3833333331767]}},{"type":"Feature","properties":{"node_id":"PORT-24180","node_type":"port","name":"LANDSKRONA","wpi_number":"24180","harbour_size":"S","maximum_vessel":"M","cargo_wharf":true,"rail_connection":true,"provisions":true,"water":true,"fuel_oil":true,"gameplay_status":"candidate","source":"NGA-World-Port-Index","territory_id":"SE-01","country_code":"SE"},"geometry":{"type":"Point","coordinates":[12.833333332911,55.8666666664593]}},{"type":"Feature","properties":{"node_id":"PORT-23130","node_type":"port","name":"FLORO","wpi_number":"23130","harbour_size":"V","maximum_vessel":null,"cargo_wharf":true,"rail_connection":false,"provisions":true,"water":true,"fuel_oil":true,"gameplay_status":"candidate","source":"NGA-World-Port-Index","territory_id":"NO-01","country_code":"NO"},"geometry":{"type":"Point","coordinates":[5.03333333369736,61.6000000002037]}},{"type":"Feature","properties":{"node_id":"PORT-23810","node_type":"port","name":"OSLO","wpi_number":"23810","harbour_size":"L","maximum_vessel":"L","cargo_wharf":true,"rail_connection":true,"provisions":true,"water":true,"fuel_oil":true,"gameplay_status":"candidate","source":"NGA-World-Port-Index","territory_id":"NO-01","country_code":"NO"},"geometry":{"type":"Point","coordinates":[10.7499999997513,59.9166666666084]}},{"type":"Feature","properties":{"node_id":"PORT-35415","node_type":"port","name":"TEIGNMOUTH HARBOUR","wpi_number":"35415","harbour_size":"V","maximum_vessel":"M","cargo_wharf":false,"rail_connection":true,"provisions":true,"water":true,"fuel_oil":true,"gameplay_status":"candidate","source":"NGA-World-Port-Index","territory_id":"GB-04","country_code":"GB"},"geometry":{"type":"Point","coordinates":[-3.50000000021148,50.5500000002822]}},{"type":"Feature","properties":{"node_id":"PORT-23487","node_type":"port","name":"TANANGER","wpi_number":"23487","harbour_size":"V","maximum_vessel":"M","cargo_wharf":true,"rail_connection":true,"provisions":false,"water":true,"fuel_oil":true,"gameplay_status":"candidate","source":"NGA-World-Port-Index","territory_id":"NO-01","country_code":"NO"},"geometry":{"type":"Point","coordinates":[5.58333333337128,58.9333333333143]}},{"type":"Feature","properties":{"node_id":"PORT-40980","node_type":"port","name":"ZALIV RASA","wpi_number":"40980","harbour_size":"V","maximum_vessel":null,"cargo_wharf":false,"rail_connection":true,"provisions":false,"water":true,"fuel_oil":true,"gameplay_status":"candidate","source":"NGA-World-Port-Index","territory_id":"HR-02","country_code":"HR"},"geometry":{"type":"Point","coordinates":[14.0666666667381,45.0500000002974]}},{"type":"Feature","properties":{"node_id":"PORT-28912","node_type":"port","name":"ORTH","wpi_number":"28912","harbour_size":"V","maximum_vessel":"M","cargo_wharf":true,"rail_connection":true,"provisions":false,"water":true,"fuel_oil":true,"gameplay_status":"candidate","source":"NGA-World-Port-Index","territory_id":"DE-01","country_code":"DE"},"geometry":{"type":"Point","coordinates":[11.0500000003084,54.4500000001724]}},{"type":"Feature","properties":{"node_id":"PORT-40220","node_type":"port","name":"GELA","wpi_number":"40220","harbour_size":"V","maximum_vessel":"M","cargo_wharf":true,"rail_connection":true,"provisions":false,"water":true,"fuel_oil":true,"gameplay_status":"candidate","source":"NGA-World-Port-Index","territory_id":"IT-04","country_code":"IT"},"geometry":{"type":"Point","coordinates":[14.2499999999627,37.066666666351]}},{"type":"Feature","properties":{"node_id":"PORT-42905","node_type":"port","name":"MIKONOS","wpi_number":"42905","harbour_size":"V","maximum_vessel":"L","cargo_wharf":false,"rail_connection":false,"provisions":true,"water":true,"fuel_oil":false,"gameplay_status":"candidate","source":"NGA-World-Port-Index","territory_id":"GR-03","country_code":"GR"},"geometry":{"type":"Point","coordinates":[25.3333333336663,37.4499999998776]}},{"type":"Feature","properties":{"node_id":"PORT-41690","node_type":"port","name":"VLORES","wpi_number":"41690","harbour_size":"V","maximum_vessel":"M","cargo_wharf":true,"rail_connection":true,"provisions":false,"water":true,"fuel_oil":true,"gameplay_status":"candidate","source":"NGA-World-Port-Index","territory_id":"AL-01","country_code":"AL"},"geometry":{"type":"Point","coordinates":[19.50000000028,40.4666666667267]}},{"type":"Feature","properties":{"node_id":"PORT-22030","node_type":"port","name":"NARVIK","wpi_number":"22030","harbour_size":"V","maximum_vessel":"L","cargo_wharf":true,"rail_connection":true,"provisions":false,"water":true,"fuel_oil":true,"gameplay_status":"candidate","source":"NGA-World-Port-Index","territory_id":"NO-03","country_code":"NO"},"geometry":{"type":"Point","coordinates":[17.4166666662219,68.4333333334321]}},{"type":"Feature","properties":{"node_id":"PORT-31665","node_type":"port","name":"HOWDENDYKE","wpi_number":"31665","harbour_size":"V","maximum_vessel":"M","cargo_wharf":true,"rail_connection":false,"provisions":false,"water":true,"fuel_oil":true,"gameplay_status":"candidate","source":"NGA-World-Port-Index","territory_id":"GB-02","country_code":"GB"},"geometry":{"type":"Point","coordinates":[-0.883333333626245,53.7333333330885]}},{"type":"Feature","properties":{"node_id":"PORT-35650","node_type":"port","name":"NEWHAVEN HARBOUR","wpi_number":"35650","harbour_size":"V","maximum_vessel":"L","cargo_wharf":false,"rail_connection":true,"provisions":false,"water":true,"fuel_oil":true,"gameplay_status":"candidate","source":"NGA-World-Port-Index","territory_id":"GB-04","country_code":"GB"},"geometry":{"type":"Point","coordinates":[0.0499999996436994,50.7833333335999]}},{"type":"Feature","properties":{"node_id":"PORT-28823","node_type":"port","name":"SZCZECIN","wpi_number":"28823","harbour_size":"M","maximum_vessel":"M","cargo_wharf":true,"rail_connection":true,"provisions":true,"water":true,"fuel_oil":true,"gameplay_status":"candidate","source":"NGA-World-Port-Index","territory_id":"PL-02","country_code":"PL"},"geometry":{"type":"Point","coordinates":[14.5499999996215,53.4166666668015]}},{"type":"Feature","properties":{"node_id":"PORT-42460","node_type":"port","name":"TSINGELI","wpi_number":"42460","harbour_size":"V","maximum_vessel":"M","cargo_wharf":false,"rail_connection":false,"provisions":false,"water":false,"fuel_oil":false,"gameplay_status":"candidate","source":"NGA-World-Port-Index","territory_id":"GR-02","country_code":"GR"},"geometry":{"type":"Point","coordinates":[22.8499999997637,39.1666666665902]}},{"type":"Feature","properties":{"node_id":"PORT-39590","node_type":"port","name":"LIVORNO","wpi_number":"39590","harbour_size":"S","maximum_vessel":"L","cargo_wharf":true,"rail_connection":true,"provisions":false,"water":true,"fuel_oil":true,"gameplay_status":"candidate","source":"NGA-World-Port-Index","territory_id":"IT-02","country_code":"IT"},"geometry":{"type":"Point","coordinates":[10.3166666665115,43.5500000002463]}},{"type":"Feature","properties":{"node_id":"PORT-27280","node_type":"port","name":"KARLSBORG","wpi_number":"27280","harbour_size":"M","maximum_vessel":"L","cargo_wharf":true,"rail_connection":true,"provisions":true,"water":true,"fuel_oil":true,"gameplay_status":"candidate","source":"NGA-World-Port-Index","territory_id":"SE-03","country_code":"SE"},"geometry":{"type":"Point","coordinates":[23.2833333330035,65.8000000000746]}},{"type":"Feature","properties":{"node_id":"PORT-30960","node_type":"port","name":"LEER","wpi_number":"30960","harbour_size":"V","maximum_vessel":"M","cargo_wharf":true,"rail_connection":true,"provisions":true,"water":true,"fuel_oil":true,"gameplay_status":"candidate","source":"NGA-World-Port-Index","territory_id":"DE-01","country_code":"DE"},"geometry":{"type":"Point","coordinates":[7.44999999991117,53.2333333334391]}},{"type":"Feature","properties":{"node_id":"PORT-35240","node_type":"port","name":"NEWLYN","wpi_number":"35240","harbour_size":"V","maximum_vessel":"L","cargo_wharf":true,"rail_connection":true,"provisions":false,"water":true,"fuel_oil":true,"gameplay_status":"candidate","source":"NGA-World-Port-Index","territory_id":"GB-04","country_code":"GB"},"geometry":{"type":"Point","coordinates":[-5.54999999997604,50.1000000002439]}},{"type":"Feature","properties":{"node_id":"PORT-34020","node_type":"port","name":"WESTPORT","wpi_number":"34020","harbour_size":"V","maximum_vessel":null,"cargo_wharf":true,"rail_connection":true,"provisions":false,"water":true,"fuel_oil":true,"gameplay_status":"candidate","source":"NGA-World-Port-Index","territory_id":"IE-01","country_code":"IE"},"geometry":{"type":"Point","coordinates":[-9.53333333307094,53.8000000000239]}},{"type":"Feature","properties":{"node_id":"PORT-31740","node_type":"port","name":"HARTLEPOOL","wpi_number":"31740","harbour_size":"S","maximum_vessel":"L","cargo_wharf":true,"rail_connection":true,"provisions":true,"water":true,"fuel_oil":true,"gameplay_status":"candidate","source":"NGA-World-Port-Index","territory_id":"GB-02","country_code":"GB"},"geometry":{"type":"Point","coordinates":[-1.18333333328507,54.6999999999613]}},{"type":"Feature","properties":{"node_id":"PORT-38940","node_type":"port","name":"SAINT-RAPHAEL","wpi_number":"38940","harbour_size":"V","maximum_vessel":null,"cargo_wharf":true,"rail_connection":true,"provisions":false,"water":true,"fuel_oil":true,"gameplay_status":"candidate","source":"NGA-World-Port-Index","territory_id":"FR-06","country_code":"FR"},"geometry":{"type":"Point","coordinates":[6.76666666665632,43.4166666666695]}},{"type":"Feature","properties":{"node_id":"PORT-37150","node_type":"port","name":"PAUILLAC","wpi_number":"37150","harbour_size":"S","maximum_vessel":"L","cargo_wharf":true,"rail_connection":true,"provisions":false,"water":true,"fuel_oil":true,"gameplay_status":"candidate","source":"NGA-World-Port-Index","territory_id":"FR-04","country_code":"FR"},"geometry":{"type":"Point","coordinates":[-0.750000000045307,45.1999999997943]}},{"type":"Feature","properties":{"node_id":"PORT-29830","node_type":"port","name":"SVENDBORG","wpi_number":"29830","harbour_size":"S","maximum_vessel":"M","cargo_wharf":true,"rail_connection":true,"provisions":true,"water":true,"fuel_oil":true,"gameplay_status":"candidate","source":"NGA-World-Port-Index","territory_id":"DK-01","country_code":"DK"},"geometry":{"type":"Point","coordinates":[10.6166666670686,55.0666666668171]}},{"type":"Feature","properties":{"node_id":"PORT-38433","node_type":"port","name":"ISLAS HORMIGAS","wpi_number":"38433","harbour_size":null,"maximum_vessel":null,"cargo_wharf":false,"rail_connection":false,"provisions":false,"water":false,"fuel_oil":false,"gameplay_status":"candidate","source":"NGA-World-Port-Index","territory_id":"ES-05","country_code":"ES"},"geometry":{"type":"Point","coordinates":[-0.649999999859611,37.6499999999191]}},{"type":"Feature","properties":{"node_id":"PORT-42210","node_type":"port","name":"PERAMA","wpi_number":"42210","harbour_size":"S","maximum_vessel":"L","cargo_wharf":true,"rail_connection":true,"provisions":true,"water":true,"fuel_oil":true,"gameplay_status":"candidate","source":"NGA-World-Port-Index","territory_id":"GR-02","country_code":"GR"},"geometry":{"type":"Point","coordinates":[23.5666666664138,37.9666666666484]}},{"type":"Feature","properties":{"node_id":"PORT-39090","node_type":"port","name":"PORT DE PROPRIANO","wpi_number":"39090","harbour_size":"V","maximum_vessel":"M","cargo_wharf":true,"rail_connection":false,"provisions":false,"water":true,"fuel_oil":true,"gameplay_status":"candidate","source":"NGA-World-Port-Index","territory_id":"FR-06","country_code":"FR"},"geometry":{"type":"Point","coordinates":[8.90000000035812,41.6833333332185]}},{"type":"Feature","properties":{"node_id":"PORT-44660","node_type":"port","name":"ERDEK","wpi_number":"44660","harbour_size":"V","maximum_vessel":"M","cargo_wharf":true,"rail_connection":false,"provisions":true,"water":true,"fuel_oil":true,"gameplay_status":"candidate","source":"NGA-World-Port-Index","territory_id":"TR-01","country_code":"TR"},"geometry":{"type":"Point","coordinates":[27.8000000004221,40.383333333017]}},{"type":"Feature","properties":{"node_id":"PORT-31570","node_type":"port","name":"LOWESTOFT","wpi_number":"31570","harbour_size":"S","maximum_vessel":"M","cargo_wharf":true,"rail_connection":true,"provisions":true,"water":true,"fuel_oil":true,"gameplay_status":"candidate","source":"NGA-World-Port-Index","territory_id":"GB-04","country_code":"GB"},"geometry":{"type":"Point","coordinates":[1.75000000010574,52.4833333330676]}},{"type":"Feature","properties":{"node_id":"PORT-24790","node_type":"port","name":"DEGERHAMN","wpi_number":"24790","harbour_size":"V","maximum_vessel":"M","cargo_wharf":true,"rail_connection":false,"provisions":true,"water":true,"fuel_oil":true,"gameplay_status":"candidate","source":"NGA-World-Port-Index","territory_id":"SE-02","country_code":"SE"},"geometry":{"type":"Point","coordinates":[16.4166666670598,56.3500000001274]}},{"type":"Feature","properties":{"node_id":"PORT-24300","node_type":"port","name":"AHUS","wpi_number":"24300","harbour_size":"S","maximum_vessel":"M","cargo_wharf":false,"rail_connection":false,"provisions":true,"water":true,"fuel_oil":true,"gameplay_status":"candidate","source":"NGA-World-Port-Index","territory_id":"SE-01","country_code":"SE"},"geometry":{"type":"Point","coordinates":[14.3166666667532,55.9333333333431]}},{"type":"Feature","properties":{"node_id":"PORT-25320","node_type":"port","name":"SODERTALJE","wpi_number":"25320","harbour_size":"S","maximum_vessel":"M","cargo_wharf":true,"rail_connection":true,"provisions":false,"water":true,"fuel_oil":true,"gameplay_status":"candidate","source":"NGA-World-Port-Index","territory_id":"SE-02","country_code":"SE"},"geometry":{"type":"Point","coordinates":[17.6499999999885,59.1833333332071]}},{"type":"Feature","properties":{"node_id":"PORT-24020","node_type":"port","name":"GOTEBORG","wpi_number":"24020","harbour_size":"L","maximum_vessel":"L","cargo_wharf":true,"rail_connection":true,"provisions":true,"water":true,"fuel_oil":true,"gameplay_status":"candidate","source":"NGA-World-Port-Index","territory_id":"SE-01","country_code":"SE"},"geometry":{"type":"Point","coordinates":[11.9666666664315,57.6999999998426]}},{"type":"Feature","properties":{"node_id":"PORT-28310","node_type":"port","name":"GAVAN VYSOTSK","wpi_number":"28310","harbour_size":"S","maximum_vessel":"M","cargo_wharf":true,"rail_connection":true,"provisions":true,"water":true,"fuel_oil":true,"gameplay_status":"candidate","source":"NGA-World-Port-Index","territory_id":"RU-02","country_code":"RU"},"geometry":{"type":"Point","coordinates":[28.5666666667159,60.6166666666305]}},{"type":"Feature","properties":{"node_id":"PORT-22940","node_type":"port","name":"TJOTTA","wpi_number":"22940","harbour_size":"V","maximum_vessel":"M","cargo_wharf":true,"rail_connection":false,"provisions":false,"water":false,"fuel_oil":false,"gameplay_status":"candidate","source":"NGA-World-Port-Index","territory_id":"NO-03","country_code":"NO"},"geometry":{"type":"Point","coordinates":[12.4333333330665,65.8333333332163]}},{"type":"Feature","properties":{"node_id":"PORT-36220","node_type":"port","name":"LE LEGUE","wpi_number":"36220","harbour_size":"V","maximum_vessel":"M","cargo_wharf":false,"rail_connection":true,"provisions":true,"water":true,"fuel_oil":true,"gameplay_status":"candidate","source":"NGA-World-Port-Index","territory_id":"FR-01","country_code":"FR"},"geometry":{"type":"Point","coordinates":[-2.75000000016617,48.5333333333575]}},{"type":"Feature","properties":{"node_id":"PORT-43566","node_type":"port","name":"CERNAVODA","wpi_number":"43566","harbour_size":"V","maximum_vessel":"M","cargo_wharf":true,"rail_connection":false,"provisions":false,"water":true,"fuel_oil":true,"gameplay_status":"candidate","source":"NGA-World-Port-Index","territory_id":"RO-03","country_code":"RO"},"geometry":{"type":"Point","coordinates":[28.0500000004373,44.3333333332325]}},{"type":"Feature","properties":{"node_id":"PORT-43650","node_type":"port","name":"ODESA","wpi_number":"43650","harbour_size":"L","maximum_vessel":"M","cargo_wharf":true,"rail_connection":true,"provisions":true,"water":true,"fuel_oil":true,"gameplay_status":"candidate","source":"NGA-World-Port-Index","territory_id":"UA-04","country_code":"UA"},"geometry":{"type":"Point","coordinates":[30.7333333329147,46.4833333332313]}},{"type":"Feature","properties":{"node_id":"PORT-31880","node_type":"port","name":"EYEMOUTH","wpi_number":"31880","harbour_size":"V","maximum_vessel":null,"cargo_wharf":false,"rail_connection":true,"provisions":true,"water":true,"fuel_oil":true,"gameplay_status":"candidate","source":"NGA-World-Port-Index","territory_id":"GB-01","country_code":"GB"},"geometry":{"type":"Point","coordinates":[-2.08333333315977,55.8666666664593]}},{"type":"Feature","properties":{"node_id":"PORT-23840","node_type":"port","name":"FREDRIKSTAD","wpi_number":"23840","harbour_size":"S","maximum_vessel":"L","cargo_wharf":true,"rail_connection":true,"provisions":false,"water":true,"fuel_oil":true,"gameplay_status":"candidate","source":"NGA-World-Port-Index","territory_id":"NO-01","country_code":"NO"},"geometry":{"type":"Point","coordinates":[10.9500000001226,59.1999999999674]}},{"type":"Feature","properties":{"node_id":"PORT-23060","node_type":"port","name":"LEVANGER","wpi_number":"23060","harbour_size":"V","maximum_vessel":null,"cargo_wharf":true,"rail_connection":true,"provisions":true,"water":true,"fuel_oil":true,"gameplay_status":"candidate","source":"NGA-World-Port-Index","territory_id":"NO-02","country_code":"NO"},"geometry":{"type":"Point","coordinates":[11.3000000003235,63.7500000000745]}},{"type":"Feature","properties":{"node_id":"PORT-38500","node_type":"port","name":"EL GRAO","wpi_number":"38500","harbour_size":"V","maximum_vessel":"M","cargo_wharf":true,"rail_connection":true,"provisions":false,"water":true,"fuel_oil":true,"gameplay_status":"candidate","source":"NGA-World-Port-Index","territory_id":"ES-05","country_code":"ES"},"geometry":{"type":"Point","coordinates":[0.0166666662484563,39.9666666666009]}},{"type":"Feature","properties":{"node_id":"PORT-34640","node_type":"port","name":"HEYSHAM","wpi_number":"34640","harbour_size":"V","maximum_vessel":"M","cargo_wharf":true,"rail_connection":true,"provisions":true,"water":true,"fuel_oil":true,"gameplay_status":"candidate","source":"NGA-World-Port-Index","territory_id":"GB-02","country_code":"GB"},"geometry":{"type":"Point","coordinates":[-2.91666666624402,54.0333333335519]}},{"type":"Feature","properties":{"node_id":"PORT-32180","node_type":"port","name":"PERTH","wpi_number":"32180","harbour_size":"S","maximum_vessel":"M","cargo_wharf":true,"rail_connection":true,"provisions":false,"water":true,"fuel_oil":true,"gameplay_status":"candidate","source":"NGA-World-Port-Index","territory_id":"GB-01","country_code":"GB"},"geometry":{"type":"Point","coordinates":[-3.44999999966948,56.4000000000285]}},{"type":"Feature","properties":{"node_id":"PORT-33290","node_type":"port","name":"CRINAN (CANAL)","wpi_number":"33290","harbour_size":"V","maximum_vessel":"M","cargo_wharf":false,"rail_connection":false,"provisions":true,"water":false,"fuel_oil":true,"gameplay_status":"candidate","source":"NGA-World-Port-Index","territory_id":"GB-01","country_code":"GB"},"geometry":{"type":"Point","coordinates":[-5.56666666622449,56.0833333333412]}},{"type":"Feature","properties":{"node_id":"PORT-160","node_type":"port","name":"BILDUDALUR","wpi_number":"160","harbour_size":"V","maximum_vessel":null,"cargo_wharf":true,"rail_connection":false,"provisions":true,"water":true,"fuel_oil":false,"gameplay_status":"candidate","source":"NGA-World-Port-Index","territory_id":"IS-01","country_code":"IS"},"geometry":{"type":"Point","coordinates":[-23.5999999998091,65.6833333334552]}},{"type":"Feature","properties":{"node_id":"PORT-27805","node_type":"port","name":"NAANTALI","wpi_number":"27805","harbour_size":"V","maximum_vessel":"M","cargo_wharf":true,"rail_connection":false,"provisions":true,"water":true,"fuel_oil":true,"gameplay_status":"candidate","source":"NGA-World-Port-Index","territory_id":"FI-02","country_code":"FI"},"geometry":{"type":"Point","coordinates":[22.0166666666795,60.4666666667573]}},{"type":"Feature","properties":{"node_id":"PORT-42434","node_type":"port","name":"ACHLADI","wpi_number":"42434","harbour_size":"V","maximum_vessel":"M","cargo_wharf":true,"rail_connection":false,"provisions":true,"water":true,"fuel_oil":true,"gameplay_status":"candidate","source":"NGA-World-Port-Index","territory_id":"GR-02","country_code":"GR"},"geometry":{"type":"Point","coordinates":[22.8166666663685,38.9000000002243]}},{"type":"Feature","properties":{"node_id":"PORT-42600","node_type":"port","name":"KAVALA","wpi_number":"42600","harbour_size":"S","maximum_vessel":"M","cargo_wharf":true,"rail_connection":true,"provisions":true,"water":true,"fuel_oil":true,"gameplay_status":"candidate","source":"NGA-World-Port-Index","territory_id":"GR-01","country_code":"GR"},"geometry":{"type":"Point","coordinates":[24.4000000003964,40.9333333334992]}},{"type":"Feature","properties":{"node_id":"PORT-22290","node_type":"port","name":"BODO","wpi_number":"22290","harbour_size":"V","maximum_vessel":"L","cargo_wharf":true,"rail_connection":true,"provisions":false,"water":true,"fuel_oil":true,"gameplay_status":"candidate","source":"NGA-World-Port-Index","territory_id":"NO-03","country_code":"NO"},"geometry":{"type":"Point","coordinates":[14.3833333335437,67.2833333332312]}},{"type":"Feature","properties":{"node_id":"PORT-39370","node_type":"port","name":"IMPERIA","wpi_number":"39370","harbour_size":"S","maximum_vessel":"M","cargo_wharf":true,"rail_connection":true,"provisions":false,"water":true,"fuel_oil":true,"gameplay_status":"candidate","source":"NGA-World-Port-Index","territory_id":"IT-01","country_code":"IT"},"geometry":{"type":"Point","coordinates":[8.03333333298033,43.8833333334993]}},{"type":"Feature","properties":{"node_id":"PORT-30230","node_type":"port","name":"HORSENS","wpi_number":"30230","harbour_size":"V","maximum_vessel":"M","cargo_wharf":true,"rail_connection":true,"provisions":false,"water":true,"fuel_oil":true,"gameplay_status":"candidate","source":"NGA-World-Port-Index","territory_id":"DK-01","country_code":"DK"},"geometry":{"type":"Point","coordinates":[9.84999999987652,55.8666666664593]}},{"type":"Feature","properties":{"node_id":"PORT-41320","node_type":"port","name":"SPLIT","wpi_number":"41320","harbour_size":"L","maximum_vessel":"L","cargo_wharf":true,"rail_connection":true,"provisions":true,"water":true,"fuel_oil":false,"gameplay_status":"candidate","source":"NGA-World-Port-Index","territory_id":"HR-02","country_code":"HR"},"geometry":{"type":"Point","coordinates":[16.4333333333082,43.4999999998741]}},{"type":"Feature","properties":{"node_id":"PORT-310","node_type":"port","name":"AKUREYRI","wpi_number":"310","harbour_size":"V","maximum_vessel":null,"cargo_wharf":true,"rail_connection":false,"provisions":true,"water":true,"fuel_oil":true,"gameplay_status":"candidate","source":"NGA-World-Port-Index","territory_id":"IS-01","country_code":"IS"},"geometry":{"type":"Point","coordinates":[-18.0833333332283,65.6833333334552]}},{"type":"Feature","properties":{"node_id":"PORT-28710","node_type":"port","name":"GDANSK","wpi_number":"28710","harbour_size":"L","maximum_vessel":"L","cargo_wharf":true,"rail_connection":true,"provisions":true,"water":true,"fuel_oil":true,"gameplay_status":"candidate","source":"NGA-World-Port-Index","territory_id":"PL-01","country_code":"PL"},"geometry":{"type":"Point","coordinates":[18.6666666662974,54.3500000001174]}},{"type":"Feature","properties":{"node_id":"PORT-28660","node_type":"port","name":"KLAIPEDA","wpi_number":"28660","harbour_size":"M","maximum_vessel":"M","cargo_wharf":true,"rail_connection":true,"provisions":false,"water":true,"fuel_oil":true,"gameplay_status":"candidate","source":"NGA-World-Port-Index","territory_id":"LT-01","country_code":"LT"},"geometry":{"type":"Point","coordinates":[21.1166666668048,55.7166666665554]}},{"type":"Feature","properties":{"node_id":"PORT-23710","node_type":"port","name":"SANDEFJORDEN","wpi_number":"23710","harbour_size":"S","maximum_vessel":"L","cargo_wharf":true,"rail_connection":true,"provisions":false,"water":true,"fuel_oil":true,"gameplay_status":"candidate","source":"NGA-World-Port-Index","territory_id":"NO-01","country_code":"NO"},"geometry":{"type":"Point","coordinates":[10.2333333334726,59.1166666665283]}},{"type":"Feature","properties":{"node_id":"PORT-37290","node_type":"port","name":"PUERTO DE PASAJES","wpi_number":"37290","harbour_size":"M","maximum_vessel":"M","cargo_wharf":true,"rail_connection":true,"provisions":true,"water":true,"fuel_oil":true,"gameplay_status":"candidate","source":"NGA-World-Port-Index","territory_id":"ES-02","country_code":"ES"},"geometry":{"type":"Point","coordinates":[-1.93333333333038,43.3333333332485]}},{"type":"Feature","properties":{"node_id":"PORT-250","node_type":"port","name":"SAUDARKROKUR","wpi_number":"250","harbour_size":"V","maximum_vessel":null,"cargo_wharf":true,"rail_connection":false,"provisions":true,"water":false,"fuel_oil":false,"gameplay_status":"candidate","source":"NGA-World-Port-Index","territory_id":"IS-01","country_code":"IS"},"geometry":{"type":"Point","coordinates":[-19.6666666663578,65.7500000000025]}},{"type":"Feature","properties":{"node_id":"PORT-43810","node_type":"port","name":"ALUSHTA","wpi_number":"43810","harbour_size":"V","maximum_vessel":"M","cargo_wharf":false,"rail_connection":false,"provisions":true,"water":true,"fuel_oil":false,"gameplay_status":"candidate","source":"NGA-World-Port-Index","territory_id":"UA-05","country_code":"UA"},"geometry":{"type":"Point","coordinates":[34.4166666663508,44.683333333511]}},{"type":"Feature","properties":{"node_id":"PORT-32780","node_type":"port","name":"SCRABSTER HARBOR","wpi_number":"32780","harbour_size":"S","maximum_vessel":"L","cargo_wharf":true,"rail_connection":true,"provisions":true,"water":true,"fuel_oil":true,"gameplay_status":"candidate","source":"NGA-World-Port-Index","territory_id":"GB-01","country_code":"GB"},"geometry":{"type":"Point","coordinates":[-3.54999999985517,58.6166666666295]}},{"type":"Feature","properties":{"node_id":"PORT-33090","node_type":"port","name":"MALLAIG","wpi_number":"33090","harbour_size":"V","maximum_vessel":"M","cargo_wharf":true,"rail_connection":true,"provisions":true,"water":true,"fuel_oil":true,"gameplay_status":"candidate","source":"NGA-World-Port-Index","territory_id":"GB-01","country_code":"GB"},"geometry":{"type":"Point","coordinates":[-5.81666666623958,56.999999999988]}},{"type":"Feature","properties":{"node_id":"PORT-39261","node_type":"port","name":"PORTO DI ORISTANO","wpi_number":"39261","harbour_size":"S","maximum_vessel":"L","cargo_wharf":true,"rail_connection":true,"provisions":true,"water":true,"fuel_oil":true,"gameplay_status":"candidate","source":"NGA-World-Port-Index","territory_id":"IT-05","country_code":"IT"},"geometry":{"type":"Point","coordinates":[8.5500000001573,39.8666666667778]}},{"type":"Feature","properties":{"node_id":"PORT-38543","node_type":"port","name":"VILLANUEVA Y GELTRU","wpi_number":"38543","harbour_size":"V","maximum_vessel":"M","cargo_wharf":true,"rail_connection":true,"provisions":false,"water":false,"fuel_oil":false,"gameplay_status":"candidate","source":"NGA-World-Port-Index","territory_id":"ES-03","country_code":"ES"},"geometry":{"type":"Point","coordinates":[1.73333333295898,41.233333333191]}},{"type":"Feature","properties":{"node_id":"PORT-35410","node_type":"port","name":"TORQUAY HARBOUR","wpi_number":"35410","harbour_size":"V","maximum_vessel":"M","cargo_wharf":false,"rail_connection":true,"provisions":true,"water":true,"fuel_oil":true,"gameplay_status":"candidate","source":"NGA-World-Port-Index","territory_id":"GB-04","country_code":"GB"},"geometry":{"type":"Point","coordinates":[-3.53333333360672,50.4666666667085]}},{"type":"Feature","properties":{"node_id":"PORT-39190","node_type":"port","name":"ARBATAX","wpi_number":"39190","harbour_size":"V","maximum_vessel":"L","cargo_wharf":true,"rail_connection":true,"provisions":false,"water":true,"fuel_oil":true,"gameplay_status":"candidate","source":"NGA-World-Port-Index","territory_id":"IT-05","country_code":"IT"},"geometry":{"type":"Point","coordinates":[9.70000000004712,39.9333333332278]}},{"type":"Feature","properties":{"node_id":"PORT-44605","node_type":"port","name":"KABA BURNU","wpi_number":"44605","harbour_size":"V","maximum_vessel":"L","cargo_wharf":true,"rail_connection":true,"provisions":true,"water":true,"fuel_oil":true,"gameplay_status":"candidate","source":"NGA-World-Port-Index","territory_id":"TR-01","country_code":"TR"},"geometry":{"type":"Point","coordinates":[29.5333333333811,40.766666666647]}},{"type":"Feature","properties":{"node_id":"PORT-22350","node_type":"port","name":"ROGNAN","wpi_number":"22350","harbour_size":"V","maximum_vessel":"M","cargo_wharf":true,"rail_connection":true,"provisions":false,"water":false,"fuel_oil":false,"gameplay_status":"candidate","source":"NGA-World-Port-Index","territory_id":"NO-03","country_code":"NO"},"geometry":{"type":"Point","coordinates":[15.4166666669993,67.0999999998798]}},{"type":"Feature","properties":{"node_id":"PORT-62900","node_type":"port","name":"BOLSHAYA PIRYU GUBA","wpi_number":"62900","harbour_size":"S","maximum_vessel":null,"cargo_wharf":true,"rail_connection":false,"provisions":false,"water":false,"fuel_oil":false,"gameplay_status":"candidate","source":"NGA-World-Port-Index","territory_id":"RU-02","country_code":"RU"},"geometry":{"type":"Point","coordinates":[34.3666666667071,66.6666666666059]}},{"type":"Feature","properties":{"node_id":"PORT-38590","node_type":"port","name":"ROSAS","wpi_number":"38590","harbour_size":"V","maximum_vessel":null,"cargo_wharf":false,"rail_connection":true,"provisions":false,"water":true,"fuel_oil":true,"gameplay_status":"candidate","source":"NGA-World-Port-Index","territory_id":"ES-03","country_code":"ES"},"geometry":{"type":"Point","coordinates":[3.1833333334059,42.2666666669863]}},{"type":"Feature","properties":{"node_id":"PORT-30800","node_type":"port","name":"CUXHAVEN","wpi_number":"30800","harbour_size":"M","maximum_vessel":"M","cargo_wharf":true,"rail_connection":true,"provisions":true,"water":true,"fuel_oil":true,"gameplay_status":"candidate","source":"NGA-World-Port-Index","territory_id":"DE-01","country_code":"DE"},"geometry":{"type":"Point","coordinates":[8.71666666623515,53.8666666664136]}},{"type":"Feature","properties":{"node_id":"PORT-23630","node_type":"port","name":"RISOR","wpi_number":"23630","harbour_size":"V","maximum_vessel":"M","cargo_wharf":true,"rail_connection":false,"provisions":true,"water":true,"fuel_oil":true,"gameplay_status":"candidate","source":"NGA-World-Port-Index","territory_id":"NO-01","country_code":"NO"},"geometry":{"type":"Point","coordinates":[9.23333333341215,58.7166666665348]}},{"type":"Feature","properties":{"node_id":"PORT-39860","node_type":"port","name":"GAETA","wpi_number":"39860","harbour_size":"S","maximum_vessel":"M","cargo_wharf":true,"rail_connection":true,"provisions":false,"water":true,"fuel_oil":true,"gameplay_status":"candidate","source":"NGA-World-Port-Index","territory_id":"IT-02","country_code":"IT"},"geometry":{"type":"Point","coordinates":[13.5833333329563,41.2000000003024]}},{"type":"Feature","properties":{"node_id":"PORT-21510","node_type":"port","name":"SJOVEGAN","wpi_number":"21510","harbour_size":"V","maximum_vessel":"M","cargo_wharf":true,"rail_connection":false,"provisions":true,"water":true,"fuel_oil":false,"gameplay_status":"candidate","source":"NGA-World-Port-Index","territory_id":"NO-03","country_code":"NO"},"geometry":{"type":"Point","coordinates":[17.8333333332131,68.8833333332722]}},{"type":"Feature","properties":{"node_id":"PORT-44970","node_type":"port","name":"FAMAGUSTA","wpi_number":"44970","harbour_size":"S","maximum_vessel":"M","cargo_wharf":true,"rail_connection":false,"provisions":true,"water":true,"fuel_oil":false,"gameplay_status":"candidate","source":"NGA-World-Port-Index","territory_id":"CY-01","country_code":"CY"},"geometry":{"type":"Point","coordinates":[33.9333333334673,35.1166666668271]}},{"type":"Feature","properties":{"node_id":"PORT-31820","node_type":"port","name":"BLYTH","wpi_number":"31820","harbour_size":"M","maximum_vessel":"M","cargo_wharf":true,"rail_connection":true,"provisions":true,"water":true,"fuel_oil":true,"gameplay_status":"candidate","source":"NGA-World-Port-Index","territory_id":"GB-02","country_code":"GB"},"geometry":{"type":"Point","coordinates":[-1.50000000009065,55.1166666665263]}},{"type":"Feature","properties":{"node_id":"PORT-33480","node_type":"port","name":"RENFREW","wpi_number":"33480","harbour_size":"V","maximum_vessel":"M","cargo_wharf":false,"rail_connection":true,"provisions":false,"water":false,"fuel_oil":false,"gameplay_status":"candidate","source":"NGA-World-Port-Index","territory_id":"GB-01","country_code":"GB"},"geometry":{"type":"Point","coordinates":[-4.38333333293942,55.8833333331297]}},{"type":"Feature","properties":{"node_id":"PORT-44060","node_type":"port","name":"TAGANROG","wpi_number":"44060","harbour_size":"V","maximum_vessel":"M","cargo_wharf":true,"rail_connection":true,"provisions":true,"water":true,"fuel_oil":false,"gameplay_status":"candidate","source":"NGA-World-Port-Index","territory_id":"RU-05","country_code":"RU"},"geometry":{"type":"Point","coordinates":[38.9500000000179,47.1999999997193]}},{"type":"Feature","properties":{"node_id":"PORT-26280","node_type":"port","name":"ULVVIK","wpi_number":"26280","harbour_size":"V","maximum_vessel":"L","cargo_wharf":true,"rail_connection":true,"provisions":true,"water":true,"fuel_oil":false,"gameplay_status":"candidate","source":"NGA-World-Port-Index","territory_id":"SE-03","country_code":"SE"},"geometry":{"type":"Point","coordinates":[17.8666666666084,62.6666666668236]}},{"type":"Feature","properties":{"node_id":"PORT-29760","node_type":"port","name":"RUDKOBING","wpi_number":"29760","harbour_size":"S","maximum_vessel":"M","cargo_wharf":false,"rail_connection":false,"provisions":false,"water":true,"fuel_oil":true,"gameplay_status":"candidate","source":"NGA-World-Port-Index","territory_id":"DK-01","country_code":"DK"},"geometry":{"type":"Point","coordinates":[10.716666666356,54.949999999826]}},{"type":"Feature","properties":{"node_id":"PORT-30350","node_type":"port","name":"MARIAGER","wpi_number":"30350","harbour_size":"V","maximum_vessel":"M","cargo_wharf":true,"rail_connection":false,"provisions":true,"water":true,"fuel_oil":true,"gameplay_status":"candidate","source":"NGA-World-Port-Index","territory_id":"DK-01","country_code":"DK"},"geometry":{"type":"Point","coordinates":[9.98333333345746,56.6500000002421]}},{"type":"Feature","properties":{"node_id":"PORT-40760","node_type":"port","name":"PORTO DI LIDO-VENEZIA","wpi_number":"40760","harbour_size":"L","maximum_vessel":"L","cargo_wharf":true,"rail_connection":true,"provisions":true,"water":true,"fuel_oil":true,"gameplay_status":"candidate","source":"NGA-World-Port-Index","territory_id":"IT-01","country_code":"IT"},"geometry":{"type":"Point","coordinates":[12.4333333330665,45.4166666663932]}},{"type":"Feature","properties":{"node_id":"PORT-25480","node_type":"port","name":"HARGSHAMN","wpi_number":"25480","harbour_size":"V","maximum_vessel":"L","cargo_wharf":true,"rail_connection":false,"provisions":false,"water":true,"fuel_oil":true,"gameplay_status":"candidate","source":"NGA-World-Port-Index","territory_id":"SE-02","country_code":"SE"},"geometry":{"type":"Point","coordinates":[18.4499999996775,60.183333333302]}},{"type":"Feature","properties":{"node_id":"PORT-37860","node_type":"port","name":"MARIN","wpi_number":"37860","harbour_size":"S","maximum_vessel":"M","cargo_wharf":false,"rail_connection":true,"provisions":false,"water":true,"fuel_oil":true,"gameplay_status":"candidate","source":"NGA-World-Port-Index","territory_id":"ES-01","country_code":"ES"},"geometry":{"type":"Point","coordinates":[-8.69999999998669,42.3999999999085]}},{"type":"Feature","properties":{"node_id":"PORT-32350","node_type":"port","name":"INVERGORDON","wpi_number":"32350","harbour_size":"S","maximum_vessel":"L","cargo_wharf":true,"rail_connection":true,"provisions":true,"water":true,"fuel_oil":true,"gameplay_status":"candidate","source":"NGA-World-Port-Index","territory_id":"GB-01","country_code":"GB"},"geometry":{"type":"Point","coordinates":[-4.16666666631954,57.6833333335118]}},{"type":"Feature","properties":{"node_id":"PORT-23107","node_type":"port","name":"BUD","wpi_number":"23107","harbour_size":"V","maximum_vessel":"M","cargo_wharf":true,"rail_connection":false,"provisions":true,"water":true,"fuel_oil":true,"gameplay_status":"candidate","source":"NGA-World-Port-Index","territory_id":"NO-02","country_code":"NO"},"geometry":{"type":"Point","coordinates":[6.91666666648571,62.9000000000634]}},{"type":"Feature","properties":{"node_id":"PORT-28230","node_type":"port","name":"KOTKA","wpi_number":"28230","harbour_size":"L","maximum_vessel":"M","cargo_wharf":true,"rail_connection":true,"provisions":true,"water":true,"fuel_oil":true,"gameplay_status":"candidate","source":"NGA-World-Port-Index","territory_id":"FI-01","country_code":"FI"},"geometry":{"type":"Point","coordinates":[26.9666666664396,60.4666666667573]}},{"type":"Feature","properties":{"node_id":"PORT-27680","node_type":"port","name":"KRISTINESTAD","wpi_number":"27680","harbour_size":"M","maximum_vessel":"M","cargo_wharf":true,"rail_connection":true,"provisions":true,"water":true,"fuel_oil":true,"gameplay_status":"candidate","source":"NGA-World-Port-Index","territory_id":"FI-02","country_code":"FI"},"geometry":{"type":"Point","coordinates":[21.4000000002151,62.2833333335422]}},{"type":"Feature","properties":{"node_id":"PORT-30630","node_type":"port","name":"RINGKOBING","wpi_number":"30630","harbour_size":"V","maximum_vessel":null,"cargo_wharf":false,"rail_connection":true,"provisions":false,"water":true,"fuel_oil":true,"gameplay_status":"candidate","source":"NGA-World-Port-Index","territory_id":"DK-01","country_code":"DK"},"geometry":{"type":"Point","coordinates":[8.24999999960018,56.0833333333412]}},{"type":"Feature","properties":{"node_id":"PORT-38780","node_type":"port","name":"PORT-DE-BOUC","wpi_number":"38780","harbour_size":"S","maximum_vessel":"L","cargo_wharf":true,"rail_connection":true,"provisions":true,"water":true,"fuel_oil":true,"gameplay_status":"candidate","source":"NGA-World-Port-Index","territory_id":"FR-06","country_code":"FR"},"geometry":{"type":"Point","coordinates":[4.98333333315534,43.4000000001078]}},{"type":"Feature","properties":{"node_id":"PORT-43280","node_type":"port","name":"LAKKI","wpi_number":"43280","harbour_size":"V","maximum_vessel":"M","cargo_wharf":true,"rail_connection":false,"provisions":true,"water":true,"fuel_oil":true,"gameplay_status":"candidate","source":"NGA-World-Port-Index","territory_id":"GR-03","country_code":"GR"},"geometry":{"type":"Point","coordinates":[26.8500000000054,37.1333333333299]}},{"type":"Feature","properties":{"node_id":"PORT-44240","node_type":"port","name":"SOCHI","wpi_number":"44240","harbour_size":"V","maximum_vessel":"M","cargo_wharf":true,"rail_connection":false,"provisions":true,"water":true,"fuel_oil":false,"gameplay_status":"candidate","source":"NGA-World-Port-Index","territory_id":"RU-05","country_code":"RU"},"geometry":{"type":"Point","coordinates":[39.7333333334585,43.5833333336141]}},{"type":"Feature","properties":{"node_id":"PORT-25360","node_type":"port","name":"GUSTAVSBERG","wpi_number":"25360","harbour_size":"V","maximum_vessel":"M","cargo_wharf":true,"rail_connection":false,"provisions":true,"water":false,"fuel_oil":true,"gameplay_status":"candidate","source":"NGA-World-Port-Index","territory_id":"SE-02","country_code":"SE"},"geometry":{"type":"Point","coordinates":[18.3833333328871,59.3166666664919]}},{"type":"Feature","properties":{"node_id":"PORT-29220","node_type":"port","name":"KOGE","wpi_number":"29220","harbour_size":"V","maximum_vessel":"M","cargo_wharf":true,"rail_connection":true,"provisions":true,"water":true,"fuel_oil":true,"gameplay_status":"candidate","source":"NGA-World-Port-Index","territory_id":"DK-02","country_code":"DK"},"geometry":{"type":"Point","coordinates":[12.2000000001982,55.4499999997576]}},{"type":"Feature","properties":{"node_id":"PORT-40615","node_type":"port","name":"VASTO","wpi_number":"40615","harbour_size":"V","maximum_vessel":"M","cargo_wharf":true,"rail_connection":true,"provisions":true,"water":true,"fuel_oil":true,"gameplay_status":"candidate","source":"NGA-World-Port-Index","territory_id":"IT-03","country_code":"IT"},"geometry":{"type":"Point","coordinates":[14.7166666665977,42.1166666664779]}},{"type":"Feature","properties":{"node_id":"PORT-34260","node_type":"port","name":"BANTRY","wpi_number":"34260","harbour_size":"V","maximum_vessel":"L","cargo_wharf":true,"rail_connection":true,"provisions":true,"water":true,"fuel_oil":true,"gameplay_status":"candidate","source":"NGA-World-Port-Index","territory_id":"IE-01","country_code":"IE"},"geometry":{"type":"Point","coordinates":[-9.45000000003203,51.6833333335557]}},{"type":"Feature","properties":{"node_id":"PORT-35070","node_type":"port","name":"BRISTOL","wpi_number":"35070","harbour_size":"M","maximum_vessel":"M","cargo_wharf":true,"rail_connection":false,"provisions":true,"water":true,"fuel_oil":true,"gameplay_status":"candidate","source":"NGA-World-Port-Index","territory_id":"GB-04","country_code":"GB"},"geometry":{"type":"Point","coordinates":[-2.63333333373202,51.4666666669031]}},{"type":"Feature","properties":{"node_id":"PORT-31270","node_type":"port","name":"GHENT","wpi_number":"31270","harbour_size":"M","maximum_vessel":"L","cargo_wharf":true,"rail_connection":true,"provisions":true,"water":true,"fuel_oil":true,"gameplay_status":"candidate","source":"NGA-World-Port-Index","territory_id":"BE-01","country_code":"BE"},"geometry":{"type":"Point","coordinates":[3.73333333307981,51.0666666668776]}},{"type":"Feature","properties":{"node_id":"PORT-32430","node_type":"port","name":"WHITEHALL","wpi_number":"32430","harbour_size":"V","maximum_vessel":null,"cargo_wharf":true,"rail_connection":false,"provisions":false,"water":false,"fuel_oil":false,"gameplay_status":"candidate","source":"NGA-World-Port-Index","territory_id":"GB-01","country_code":"GB"},"geometry":{"type":"Point","coordinates":[-2.60000000033677,59.1333333333833]}},{"type":"Feature","properties":{"node_id":"PORT-42530","node_type":"port","name":"THESSALONIKI","wpi_number":"42530","harbour_size":"M","maximum_vessel":"L","cargo_wharf":true,"rail_connection":true,"provisions":false,"water":false,"fuel_oil":false,"gameplay_status":"candidate","source":"NGA-World-Port-Index","territory_id":"GR-01","country_code":"GR"},"geometry":{"type":"Point","coordinates":[22.933333333701,40.6333333330394]}},{"type":"Feature","properties":{"node_id":"PORT-28615","node_type":"port","name":"LIELUPE","wpi_number":"28615","harbour_size":"V","maximum_vessel":"M","cargo_wharf":false,"rail_connection":true,"provisions":false,"water":true,"fuel_oil":true,"gameplay_status":"candidate","source":"NGA-World-Port-Index","territory_id":"LV-01","country_code":"LV"},"geometry":{"type":"Point","coordinates":[23.4333333337312,56.999999999988]}},{"type":"Feature","properties":{"node_id":"PORT-30460","node_type":"port","name":"THYBORON","wpi_number":"30460","harbour_size":"V","maximum_vessel":"M","cargo_wharf":true,"rail_connection":true,"provisions":true,"water":true,"fuel_oil":true,"gameplay_status":"candidate","source":"NGA-World-Port-Index","territory_id":"DK-01","country_code":"DK"},"geometry":{"type":"Point","coordinates":[8.21666666710326,56.6999999999892]}},{"type":"Feature","properties":{"node_id":"PORT-41620","node_type":"port","name":"TIVAT","wpi_number":"41620","harbour_size":"V","maximum_vessel":null,"cargo_wharf":true,"rail_connection":true,"provisions":true,"water":true,"fuel_oil":true,"gameplay_status":"candidate","source":"NGA-World-Port-Index","territory_id":"ME-01","country_code":"ME"},"geometry":{"type":"Point","coordinates":[18.6999999996926,42.4333333335618]}},{"type":"Feature","properties":{"node_id":"PORT-20690","node_type":"port","name":"VADSO","wpi_number":"20690","harbour_size":"S","maximum_vessel":"M","cargo_wharf":true,"rail_connection":false,"provisions":false,"water":true,"fuel_oil":true,"gameplay_status":"candidate","source":"NGA-World-Port-Index","territory_id":"NO-03","country_code":"NO"},"geometry":{"type":"Point","coordinates":[29.750000000001,70.0666666665471]}},{"type":"Feature","properties":{"node_id":"PORT-27540","node_type":"port","name":"HIMANKA","wpi_number":"27540","harbour_size":"S","maximum_vessel":"M","cargo_wharf":false,"rail_connection":false,"provisions":true,"water":true,"fuel_oil":false,"gameplay_status":"candidate","source":"NGA-World-Port-Index","territory_id":"FI-02","country_code":"FI"},"geometry":{"type":"Point","coordinates":[23.6500000003511,63.9999999998152]}},{"type":"Feature","properties":{"node_id":"PORT-23470","node_type":"port","name":"SANDNES","wpi_number":"23470","harbour_size":"V","maximum_vessel":null,"cargo_wharf":true,"rail_connection":true,"provisions":true,"water":true,"fuel_oil":false,"gameplay_status":"candidate","source":"NGA-World-Port-Index","territory_id":"NO-01","country_code":"NO"},"geometry":{"type":"Point","coordinates":[5.75000000034743,58.8500000000641]}},{"type":"Feature","properties":{"node_id":"PORT-23440","node_type":"port","name":"HAUGESUND","wpi_number":"23440","harbour_size":"S","maximum_vessel":"M","cargo_wharf":true,"rail_connection":false,"provisions":false,"water":true,"fuel_oil":true,"gameplay_status":"candidate","source":"NGA-World-Port-Index","territory_id":"NO-01","country_code":"NO"},"geometry":{"type":"Point","coordinates":[5.2666666665657,59.4166666667479]}},{"type":"Feature","properties":{"node_id":"PORT-37990","node_type":"port","name":"LISBOA","wpi_number":"37990","harbour_size":"L","maximum_vessel":"L","cargo_wharf":true,"rail_connection":true,"provisions":true,"water":true,"fuel_oil":true,"gameplay_status":"candidate","source":"NGA-World-Port-Index","territory_id":"PT-02","country_code":"PT"},"geometry":{"type":"Point","coordinates":[-9.1666666666217,38.6999999998246]}},{"type":"Feature","properties":{"node_id":"PORT-21690","node_type":"port","name":"STOKKMARKNES","wpi_number":"21690","harbour_size":"V","maximum_vessel":"M","cargo_wharf":true,"rail_connection":false,"provisions":true,"water":true,"fuel_oil":true,"gameplay_status":"candidate","source":"NGA-World-Port-Index","territory_id":"NO-03","country_code":"NO"},"geometry":{"type":"Point","coordinates":[14.9166666669691,68.5666666668022]}},{"type":"Feature","properties":{"node_id":"PORT-29435","node_type":"port","name":"KYNDBYVAERKETS HAVN","wpi_number":"29435","harbour_size":"V","maximum_vessel":"M","cargo_wharf":true,"rail_connection":true,"provisions":false,"water":true,"fuel_oil":true,"gameplay_status":"candidate","source":"NGA-World-Port-Index","territory_id":"DK-02","country_code":"DK"},"geometry":{"type":"Point","coordinates":[11.8833333333926,55.8166666665445]}},{"type":"Feature","properties":{"node_id":"PORT-21130","node_type":"port","name":"ALTA","wpi_number":"21130","harbour_size":"V","maximum_vessel":"M","cargo_wharf":true,"rail_connection":false,"provisions":true,"water":true,"fuel_oil":false,"gameplay_status":"candidate","source":"NGA-World-Port-Index","territory_id":"NO-03","country_code":"NO"},"geometry":{"type":"Point","coordinates":[23.2499999996082,69.9666666665837]}},{"type":"Feature","properties":{"node_id":"PORT-32500","node_type":"port","name":"SCAPA BAY","wpi_number":"32500","harbour_size":"S","maximum_vessel":"L","cargo_wharf":true,"rail_connection":false,"provisions":false,"water":true,"fuel_oil":true,"gameplay_status":"candidate","source":"NGA-World-Port-Index","territory_id":"GB-01","country_code":"GB"},"geometry":{"type":"Point","coordinates":[-2.98333333303451,58.9500000002078]}},{"type":"Feature","properties":{"node_id":"PORT-33370","node_type":"port","name":"ROTHESAY HARBOR","wpi_number":"33370","harbour_size":"V","maximum_vessel":null,"cargo_wharf":false,"rail_connection":false,"provisions":true,"water":true,"fuel_oil":true,"gameplay_status":"candidate","source":"NGA-World-Port-Index","territory_id":"GB-01","country_code":"GB"},"geometry":{"type":"Point","coordinates":[-5.04999999994582,55.8333333334429]}},{"type":"Feature","properties":{"node_id":"PORT-23140","node_type":"port","name":"VAKSDAL","wpi_number":"23140","harbour_size":"S","maximum_vessel":"M","cargo_wharf":true,"rail_connection":true,"provisions":false,"water":true,"fuel_oil":false,"gameplay_status":"candidate","source":"NGA-World-Port-Index","territory_id":"NO-01","country_code":"NO"},"geometry":{"type":"Point","coordinates":[5.73333333320068,60.4833333334789]}},{"type":"Feature","properties":{"node_id":"PORT-42780","node_type":"port","name":"PLOMARION","wpi_number":"42780","harbour_size":"V","maximum_vessel":"M","cargo_wharf":false,"rail_connection":false,"provisions":true,"water":true,"fuel_oil":true,"gameplay_status":"candidate","source":"NGA-World-Port-Index","territory_id":"GR-03","country_code":"GR"},"geometry":{"type":"Point","coordinates":[26.3666666662237,38.9833333334238]}},{"type":"Feature","properties":{"node_id":"PORT-30785","node_type":"port","name":"BUTZFLETH","wpi_number":"30785","harbour_size":"S","maximum_vessel":"M","cargo_wharf":true,"rail_connection":true,"provisions":false,"water":true,"fuel_oil":true,"gameplay_status":"candidate","source":"NGA-World-Port-Index","territory_id":"DE-01","country_code":"DE"},"geometry":{"type":"Point","coordinates":[9.51666666682249,53.6500000000533]}},{"type":"Feature","properties":{"node_id":"PORT-27870","node_type":"port","name":"SIGNILSKAR","wpi_number":"27870","harbour_size":"V","maximum_vessel":"M","cargo_wharf":false,"rail_connection":false,"provisions":false,"water":false,"fuel_oil":false,"gameplay_status":"candidate","source":"NGA-World-Port-Index","territory_id":"FI-01","country_code":"FI"},"geometry":{"type":"Point","coordinates":[19.3333333333038,60.200000000173]}},{"type":"Feature","properties":{"node_id":"PORT-40250","node_type":"port","name":"AUGUSTA","wpi_number":"40250","harbour_size":"S","maximum_vessel":"M","cargo_wharf":true,"rail_connection":true,"provisions":true,"water":true,"fuel_oil":true,"gameplay_status":"candidate","source":"NGA-World-Port-Index","territory_id":"IT-04","country_code":"IT"},"geometry":{"type":"Point","coordinates":[15.2333333337747,37.2166666666363]}},{"type":"Feature","properties":{"node_id":"PORT-42310","node_type":"port","name":"DHIAVLOS STENO","wpi_number":"42310","harbour_size":"V","maximum_vessel":"L","cargo_wharf":true,"rail_connection":true,"provisions":true,"water":true,"fuel_oil":false,"gameplay_status":"candidate","source":"NGA-World-Port-Index","territory_id":"GR-02","country_code":"GR"},"geometry":{"type":"Point","coordinates":[23.5999999998091,38.4499999997009]}},{"type":"Feature","properties":{"node_id":"PORT-43384","node_type":"port","name":"BORUSAN FERTILIZER JETTY","wpi_number":"43384","harbour_size":"V","maximum_vessel":"M","cargo_wharf":true,"rail_connection":false,"provisions":true,"water":true,"fuel_oil":true,"gameplay_status":"candidate","source":"NGA-World-Port-Index","territory_id":"TR-01","country_code":"TR"},"geometry":{"type":"Point","coordinates":[29.1000000001414,40.4166666666399]}},{"type":"Feature","properties":{"node_id":"PORT-34770","node_type":"port","name":"HOLYHEAD","wpi_number":"34770","harbour_size":"S","maximum_vessel":"M","cargo_wharf":true,"rail_connection":true,"provisions":true,"water":true,"fuel_oil":true,"gameplay_status":"candidate","source":"NGA-World-Port-Index","territory_id":"GB-05","country_code":"GB"},"geometry":{"type":"Point","coordinates":[-4.63333333295455,53.3166666668514]}},{"type":"Feature","properties":{"node_id":"PORT-34700","node_type":"port","name":"MANCHESTER","wpi_number":"34700","harbour_size":"L","maximum_vessel":"M","cargo_wharf":true,"rail_connection":true,"provisions":true,"water":true,"fuel_oil":true,"gameplay_status":"candidate","source":"NGA-World-Port-Index","territory_id":"GB-02","country_code":"GB"},"geometry":{"type":"Point","coordinates":[-2.26666666638441,53.4833333330721]}},{"type":"Feature","properties":{"node_id":"PORT-31220","node_type":"port","name":"TERNEUZEN","wpi_number":"31220","harbour_size":"M","maximum_vessel":"M","cargo_wharf":true,"rail_connection":true,"provisions":true,"water":true,"fuel_oil":true,"gameplay_status":"candidate","source":"NGA-World-Port-Index","territory_id":"NL-01","country_code":"NL"},"geometry":{"type":"Point","coordinates":[3.81666666701705,51.3499999999053]}},{"type":"Feature","properties":{"node_id":"PORT-35760","node_type":"port","name":"BOULOGNE-SUR-MER","wpi_number":"35760","harbour_size":"M","maximum_vessel":"M","cargo_wharf":false,"rail_connection":true,"provisions":false,"water":true,"fuel_oil":true,"gameplay_status":"candidate","source":"NGA-World-Port-Index","territory_id":"FR-02","country_code":"FR"},"geometry":{"type":"Point","coordinates":[1.60000000027634,50.7333333332775]}},{"type":"Feature","properties":{"node_id":"PORT-43925","node_type":"port","name":"RENI","wpi_number":"43925","harbour_size":"V","maximum_vessel":null,"cargo_wharf":false,"rail_connection":false,"provisions":true,"water":true,"fuel_oil":true,"gameplay_status":"candidate","source":"NGA-World-Port-Index","territory_id":"UA-04","country_code":"UA"},"geometry":{"type":"Point","coordinates":[28.2999999995541,45.4333333334406]}},{"type":"Feature","properties":{"node_id":"PORT-32460","node_type":"port","name":"SOUTH NESS","wpi_number":"32460","harbour_size":"V","maximum_vessel":null,"cargo_wharf":true,"rail_connection":false,"provisions":true,"water":true,"fuel_oil":false,"gameplay_status":"candidate","source":"NGA-World-Port-Index","territory_id":"GB-01","country_code":"GB"},"geometry":{"type":"Point","coordinates":[-3.19999999965435,58.8000000000855]}},{"type":"Feature","properties":{"node_id":"PORT-43130","node_type":"port","name":"IRAKLION","wpi_number":"43130","harbour_size":"M","maximum_vessel":"M","cargo_wharf":true,"rail_connection":false,"provisions":true,"water":true,"fuel_oil":false,"gameplay_status":"candidate","source":"NGA-World-Port-Index","territory_id":"GR-03","country_code":"GR"},"geometry":{"type":"Point","coordinates":[25.1500000004417,35.3499999999677]}},{"type":"Feature","properties":{"node_id":"PORT-35610","node_type":"port","name":"LITTLEHAMPTON HARBOUR","wpi_number":"35610","harbour_size":"V","maximum_vessel":"M","cargo_wharf":true,"rail_connection":true,"provisions":true,"water":true,"fuel_oil":true,"gameplay_status":"candidate","source":"NGA-World-Port-Index","territory_id":"GB-04","country_code":"GB"},"geometry":{"type":"Point","coordinates":[-0.533333333425459,50.7833333335999]}},{"type":"Feature","properties":{"node_id":"PORT-35300","node_type":"port","name":"MEVAGISSEY","wpi_number":"35300","harbour_size":"V","maximum_vessel":"M","cargo_wharf":false,"rail_connection":false,"provisions":true,"water":true,"fuel_oil":false,"gameplay_status":"candidate","source":"NGA-World-Port-Index","territory_id":"GB-04","country_code":"GB"},"geometry":{"type":"Point","coordinates":[-4.78333333368224,50.2666666668771]}},{"type":"Feature","properties":{"node_id":"PORT-31010","node_type":"port","name":"HARLINGEN","wpi_number":"31010","harbour_size":"V","maximum_vessel":"M","cargo_wharf":true,"rail_connection":true,"provisions":true,"water":true,"fuel_oil":true,"gameplay_status":"candidate","source":"NGA-World-Port-Index","territory_id":"NL-02","country_code":"NL"},"geometry":{"type":"Point","coordinates":[5.4166666663951,53.1833333335161]}},{"type":"Feature","properties":{"node_id":"PORT-29350","node_type":"port","name":"HELSINGOR","wpi_number":"29350","harbour_size":"V","maximum_vessel":"L","cargo_wharf":true,"rail_connection":true,"provisions":false,"water":true,"fuel_oil":true,"gameplay_status":"candidate","source":"NGA-World-Port-Index","territory_id":"DK-02","country_code":"DK"},"geometry":{"type":"Point","coordinates":[12.6166666662911,56.0333333334124]}},{"type":"Feature","properties":{"node_id":"PORT-37470","node_type":"port","name":"SANTANDER","wpi_number":"37470","harbour_size":"M","maximum_vessel":"L","cargo_wharf":true,"rail_connection":true,"provisions":false,"water":true,"fuel_oil":true,"gameplay_status":"candidate","source":"NGA-World-Port-Index","territory_id":"ES-02","country_code":"ES"},"geometry":{"type":"Point","coordinates":[-3.78333333362184,43.466666666623]}},{"type":"Feature","properties":{"node_id":"PORT-31690","node_type":"port","name":"SCARBOROUGH","wpi_number":"31690","harbour_size":"V","maximum_vessel":"M","cargo_wharf":false,"rail_connection":true,"provisions":true,"water":true,"fuel_oil":true,"gameplay_status":"candidate","source":"NGA-World-Port-Index","territory_id":"GB-02","country_code":"GB"},"geometry":{"type":"Point","coordinates":[-0.39999999984452,54.2833333331073]}},{"type":"Feature","properties":{"node_id":"PORT-31360","node_type":"port","name":"WHITSTABLE","wpi_number":"31360","harbour_size":"S","maximum_vessel":null,"cargo_wharf":false,"rail_connection":true,"provisions":false,"water":true,"fuel_oil":true,"gameplay_status":"candidate","source":"NGA-World-Port-Index","territory_id":"GB-04","country_code":"GB"},"geometry":{"type":"Point","coordinates":[1.03333333345567,51.3666666665207]}},{"type":"Feature","properties":{"node_id":"PORT-28610","node_type":"port","name":"RIGA","wpi_number":"28610","harbour_size":"L","maximum_vessel":"L","cargo_wharf":true,"rail_connection":false,"provisions":false,"water":true,"fuel_oil":true,"gameplay_status":"candidate","source":"NGA-World-Port-Index","territory_id":"LV-01","country_code":"LV"},"geometry":{"type":"Point","coordinates":[24.0999999998393,56.9500000001902]}},{"type":"Feature","properties":{"node_id":"PORT-25190","node_type":"port","name":"NORRKOPING","wpi_number":"25190","harbour_size":"M","maximum_vessel":"M","cargo_wharf":true,"rail_connection":true,"provisions":false,"water":true,"fuel_oil":true,"gameplay_status":"candidate","source":"NGA-World-Port-Index","territory_id":"SE-02","country_code":"SE"},"geometry":{"type":"Point","coordinates":[16.2000000004399,58.5833333332486]}},{"type":"Feature","properties":{"node_id":"PORT-24050","node_type":"port","name":"HALMSTAD","wpi_number":"24050","harbour_size":"S","maximum_vessel":"M","cargo_wharf":true,"rail_connection":true,"provisions":false,"water":true,"fuel_oil":true,"gameplay_status":"candidate","source":"NGA-World-Port-Index","territory_id":"SE-01","country_code":"SE"},"geometry":{"type":"Point","coordinates":[12.8666666663063,56.6666666668252]}},{"type":"Feature","properties":{"node_id":"PORT-23330","node_type":"port","name":"SAGVAG","wpi_number":"23330","harbour_size":"V","maximum_vessel":"M","cargo_wharf":true,"rail_connection":false,"provisions":false,"water":true,"fuel_oil":false,"gameplay_status":"candidate","source":"NGA-World-Port-Index","territory_id":"NO-01","country_code":"NO"},"geometry":{"type":"Point","coordinates":[5.38333333299985,59.7666666667312]}},{"type":"Feature","properties":{"node_id":"PORT-23118","node_type":"port","name":"ORSTAV","wpi_number":"23118","harbour_size":"S","maximum_vessel":null,"cargo_wharf":true,"rail_connection":false,"provisions":false,"water":true,"fuel_oil":true,"gameplay_status":"candidate","source":"NGA-World-Port-Index","territory_id":"NO-02","country_code":"NO"},"geometry":{"type":"Point","coordinates":[6.13333333304516,62.1999999999844]}},{"type":"Feature","properties":{"node_id":"PORT-38370","node_type":"port","name":"MALAGA","wpi_number":"38370","harbour_size":"M","maximum_vessel":"L","cargo_wharf":true,"rail_connection":true,"provisions":true,"water":true,"fuel_oil":true,"gameplay_status":"candidate","source":"NGA-World-Port-Index","territory_id":"ES-06","country_code":"ES"},"geometry":{"type":"Point","coordinates":[-4.41666666633467,36.716666666965]}},{"type":"Feature","properties":{"node_id":"PORT-38630","node_type":"port","name":"PALMA DE MALLORCA","wpi_number":"38630","harbour_size":"M","maximum_vessel":"L","cargo_wharf":true,"rail_connection":true,"provisions":true,"water":true,"fuel_oil":true,"gameplay_status":"candidate","source":"NGA-World-Port-Index","territory_id":"ES-03","country_code":"ES"},"geometry":{"type":"Point","coordinates":[2.63333333373202,39.5666666663575]}},{"type":"Feature","properties":{"node_id":"PORT-36850","node_type":"port","name":"ST NAZAIRE","wpi_number":"36850","harbour_size":"M","maximum_vessel":"L","cargo_wharf":true,"rail_connection":true,"provisions":true,"water":true,"fuel_oil":true,"gameplay_status":"candidate","source":"NGA-World-Port-Index","territory_id":"FR-01","country_code":"FR"},"geometry":{"type":"Point","coordinates":[-2.19999999959396,47.2833333333496]}},{"type":"Feature","properties":{"node_id":"PORT-29910","node_type":"port","name":"MIDDELFART","wpi_number":"29910","harbour_size":"S","maximum_vessel":"M","cargo_wharf":true,"rail_connection":false,"provisions":false,"water":true,"fuel_oil":true,"gameplay_status":"candidate","source":"NGA-World-Port-Index","territory_id":"DK-01","country_code":"DK"},"geometry":{"type":"Point","coordinates":[9.73333333344237,55.5000000001035]}},{"type":"Feature","properties":{"node_id":"PORT-42180","node_type":"port","name":"AYIOS NIKOLAOS","wpi_number":"42180","harbour_size":"V","maximum_vessel":null,"cargo_wharf":false,"rail_connection":false,"provisions":false,"water":false,"fuel_oil":false,"gameplay_status":"candidate","source":"NGA-World-Port-Index","territory_id":"GR-02","country_code":"GR"},"geometry":{"type":"Point","coordinates":[23.5333333330186,37.9833333332319]}},{"type":"Feature","properties":{"node_id":"PORT-32600","node_type":"port","name":"LERWICK","wpi_number":"32600","harbour_size":"M","maximum_vessel":"L","cargo_wharf":true,"rail_connection":false,"provisions":true,"water":true,"fuel_oil":true,"gameplay_status":"candidate","source":"NGA-World-Port-Index","territory_id":"GB-01","country_code":"GB"},"geometry":{"type":"Point","coordinates":[-1.14999999988983,60.1499999999855]}},{"type":"Feature","properties":{"node_id":"PORT-35580","node_type":"port","name":"SOUTHAMPTON","wpi_number":"35580","harbour_size":"L","maximum_vessel":"L","cargo_wharf":true,"rail_connection":true,"provisions":false,"water":true,"fuel_oil":true,"gameplay_status":"candidate","source":"NGA-World-Port-Index","territory_id":"GB-04","country_code":"GB"},"geometry":{"type":"Point","coordinates":[-1.39999999990492,50.9000000002538]}},{"type":"Feature","properties":{"node_id":"PORT-30900","node_type":"port","name":"BREMEN","wpi_number":"30900","harbour_size":"L","maximum_vessel":"M","cargo_wharf":true,"rail_connection":true,"provisions":true,"water":true,"fuel_oil":true,"gameplay_status":"candidate","source":"NGA-World-Port-Index","territory_id":"DE-01","country_code":"DE"},"geometry":{"type":"Point","coordinates":[8.76666666677718,53.1333333331139]}},{"type":"Feature","properties":{"node_id":"PORT-43680","node_type":"port","name":"KHERSON","wpi_number":"43680","harbour_size":"S","maximum_vessel":"M","cargo_wharf":true,"rail_connection":true,"provisions":false,"water":true,"fuel_oil":true,"gameplay_status":"candidate","source":"NGA-World-Port-Index","territory_id":"UA-04","country_code":"UA"},"geometry":{"type":"Point","coordinates":[32.6000000003529,46.6166666665722]}},{"type":"Feature","properties":{"node_id":"PORT-34685","node_type":"port","name":"MOSTYN","wpi_number":"34685","harbour_size":"V","maximum_vessel":"M","cargo_wharf":true,"rail_connection":true,"provisions":false,"water":true,"fuel_oil":false,"gameplay_status":"candidate","source":"NGA-World-Port-Index","territory_id":"GB-05","country_code":"GB"},"geometry":{"type":"Point","coordinates":[-3.26666666644484,53.3166666668514]}},{"type":"Feature","properties":{"node_id":"PORT-31630","node_type":"port","name":"BOSTON","wpi_number":"31630","harbour_size":"S","maximum_vessel":null,"cargo_wharf":true,"rail_connection":true,"provisions":true,"water":true,"fuel_oil":true,"gameplay_status":"candidate","source":"NGA-World-Port-Index","territory_id":"GB-03","country_code":"GB"},"geometry":{"type":"Point","coordinates":[-0.0166666662484563,52.9666666668988]}},{"type":"Feature","properties":{"node_id":"PORT-510","node_type":"port","name":"VESTMANNAEYJAR","wpi_number":"510","harbour_size":"S","maximum_vessel":"M","cargo_wharf":true,"rail_connection":false,"provisions":true,"water":true,"fuel_oil":true,"gameplay_status":"candidate","source":"NGA-World-Port-Index","territory_id":"IS-01","country_code":"IS"},"geometry":{"type":"Point","coordinates":[-20.2833333337205,63.4333333331977]}},{"type":"Feature","properties":{"node_id":"PORT-28170","node_type":"port","name":"EKENAS","wpi_number":"28170","harbour_size":"S","maximum_vessel":"M","cargo_wharf":true,"rail_connection":true,"provisions":false,"water":true,"fuel_oil":true,"gameplay_status":"candidate","source":"NGA-World-Port-Index","territory_id":"FI-01","country_code":"FI"},"geometry":{"type":"Point","coordinates":[23.4333333337312,59.9833333331839]}},{"type":"Feature","properties":{"node_id":"PORT-28410","node_type":"port","name":"REKA LUGA","wpi_number":"28410","harbour_size":"V","maximum_vessel":"M","cargo_wharf":false,"rail_connection":false,"provisions":false,"water":false,"fuel_oil":false,"gameplay_status":"candidate","source":"NGA-World-Port-Index","territory_id":"RU-02","country_code":"RU"},"geometry":{"type":"Point","coordinates":[28.3166666667008,59.6666666667269]}},{"type":"Feature","properties":{"node_id":"PORT-42400","node_type":"port","name":"PORTHMOS EVRIPOU","wpi_number":"42400","harbour_size":"V","maximum_vessel":"M","cargo_wharf":true,"rail_connection":false,"provisions":true,"water":true,"fuel_oil":true,"gameplay_status":"candidate","source":"NGA-World-Port-Index","territory_id":"GR-02","country_code":"GR"},"geometry":{"type":"Point","coordinates":[23.5833333335606,38.4666666664802]}},{"type":"Feature","properties":{"node_id":"PORT-43677","node_type":"port","name":"DNIPRO-BUZKYY","wpi_number":"43677","harbour_size":"S","maximum_vessel":"M","cargo_wharf":true,"rail_connection":false,"provisions":false,"water":true,"fuel_oil":true,"gameplay_status":"candidate","source":"NGA-World-Port-Index","territory_id":"UA-04","country_code":"UA"},"geometry":{"type":"Point","coordinates":[31.8833333337028,46.7333333335306]}},{"type":"Feature","properties":{"node_id":"PORT-43950","node_type":"port","name":"KYRYLIVKA","wpi_number":"43950","harbour_size":"V","maximum_vessel":"M","cargo_wharf":true,"rail_connection":false,"provisions":false,"water":false,"fuel_oil":false,"gameplay_status":"candidate","source":"NGA-World-Port-Index","territory_id":"UA-03","country_code":"UA"},"geometry":{"type":"Point","coordinates":[35.3666666667675,46.3499999996975]}},{"type":"Feature","properties":{"node_id":"PORT-33820","node_type":"port","name":"COLERAINE","wpi_number":"33820","harbour_size":"S","maximum_vessel":"M","cargo_wharf":true,"rail_connection":true,"provisions":true,"water":true,"fuel_oil":true,"gameplay_status":"candidate","source":"NGA-World-Port-Index","territory_id":"GB-06","country_code":"GB"},"geometry":{"type":"Point","coordinates":[-6.66666666647062,55.1333333331897]}},{"type":"Feature","properties":{"node_id":"PORT-28187","node_type":"port","name":"INKOO","wpi_number":"28187","harbour_size":"V","maximum_vessel":"M","cargo_wharf":false,"rail_connection":true,"provisions":true,"water":true,"fuel_oil":true,"gameplay_status":"candidate","source":"NGA-World-Port-Index","territory_id":"FI-01","country_code":"FI"},"geometry":{"type":"Point","coordinates":[23.9166666666146,60.0166666668817]}},{"type":"Feature","properties":{"node_id":"PORT-41790","node_type":"port","name":"ARGOSTOLION","wpi_number":"41790","harbour_size":"V","maximum_vessel":"L","cargo_wharf":true,"rail_connection":true,"provisions":false,"water":true,"fuel_oil":false,"gameplay_status":"candidate","source":"NGA-World-Port-Index","territory_id":"GR-02","country_code":"GR"},"geometry":{"type":"Point","coordinates":[20.5166666665889,38.1833333336817]}},{"type":"Feature","properties":{"node_id":"PORT-22140","node_type":"port","name":"KORSNES","wpi_number":"22140","harbour_size":"V","maximum_vessel":"M","cargo_wharf":true,"rail_connection":false,"provisions":false,"water":false,"fuel_oil":false,"gameplay_status":"candidate","source":"NGA-World-Port-Index","territory_id":"NO-03","country_code":"NO"},"geometry":{"type":"Point","coordinates":[16.0666666668589,68.2500000001267]}},{"type":"Feature","properties":{"node_id":"PORT-33145","node_type":"port","name":"KILKEEL","wpi_number":"33145","harbour_size":"V","maximum_vessel":"M","cargo_wharf":false,"rail_connection":false,"provisions":true,"water":true,"fuel_oil":true,"gameplay_status":"candidate","source":"NGA-World-Port-Index","territory_id":"GB-06","country_code":"GB"},"geometry":{"type":"Point","coordinates":[-5.98333333321577,54.050000000067]}},{"type":"Feature","properties":{"node_id":"PORT-43760","node_type":"port","name":"SEVASTOPOL","wpi_number":"43760","harbour_size":"L","maximum_vessel":"M","cargo_wharf":true,"rail_connection":true,"provisions":true,"water":true,"fuel_oil":true,"gameplay_status":"candidate","source":"NGA-World-Port-Index","territory_id":"UA-05","country_code":"UA"},"geometry":{"type":"Point","coordinates":[33.5333333336228,44.6166666664163]}},{"type":"Feature","properties":{"node_id":"PORT-32230","node_type":"port","name":"PETERHEAD","wpi_number":"32230","harbour_size":"M","maximum_vessel":"L","cargo_wharf":true,"rail_connection":true,"provisions":true,"water":true,"fuel_oil":true,"gameplay_status":"candidate","source":"NGA-World-Port-Index","territory_id":"GB-01","country_code":"GB"},"geometry":{"type":"Point","coordinates":[-1.78333333350098,57.5000000002357]}},{"type":"Feature","properties":{"node_id":"PORT-33190","node_type":"port","name":"CORPACH","wpi_number":"33190","harbour_size":"S","maximum_vessel":null,"cargo_wharf":true,"rail_connection":true,"provisions":false,"water":true,"fuel_oil":true,"gameplay_status":"candidate","source":"NGA-World-Port-Index","territory_id":"GB-01","country_code":"GB"},"geometry":{"type":"Point","coordinates":[-5.11666666673627,56.8500000000702]}},{"type":"Feature","properties":{"node_id":"PORT-70","node_type":"port","name":"KEFLAVIK","wpi_number":"70","harbour_size":"V","maximum_vessel":null,"cargo_wharf":true,"rail_connection":false,"provisions":true,"water":true,"fuel_oil":true,"gameplay_status":"candidate","source":"NGA-World-Port-Index","territory_id":"IS-01","country_code":"IS"},"geometry":{"type":"Point","coordinates":[-22.5500000001049,63.9999999998152]}},{"type":"Feature","properties":{"node_id":"PORT-40880","node_type":"port","name":"UMAG","wpi_number":"40880","harbour_size":"V","maximum_vessel":"M","cargo_wharf":true,"rail_connection":true,"provisions":false,"water":false,"fuel_oil":true,"gameplay_status":"candidate","source":"NGA-World-Port-Index","territory_id":"HR-02","country_code":"HR"},"geometry":{"type":"Point","coordinates":[13.5166666670642,45.4333333334406]}},{"type":"Feature","properties":{"node_id":"PORT-24720","node_type":"port","name":"FIGEHOLM","wpi_number":"24720","harbour_size":"V","maximum_vessel":"M","cargo_wharf":true,"rail_connection":false,"provisions":true,"water":true,"fuel_oil":false,"gameplay_status":"candidate","source":"NGA-World-Port-Index","territory_id":"SE-02","country_code":"SE"},"geometry":{"type":"Point","coordinates":[16.5000000000987,57.3666666668283]}},{"type":"Feature","properties":{"node_id":"PORT-39470","node_type":"port","name":"GENOVA","wpi_number":"39470","harbour_size":"L","maximum_vessel":"M","cargo_wharf":true,"rail_connection":true,"provisions":true,"water":true,"fuel_oil":true,"gameplay_status":"candidate","source":"NGA-World-Port-Index","territory_id":"IT-01","country_code":"IT"},"geometry":{"type":"Point","coordinates":[8.93333333375336,44.3999999997699]}},{"type":"Feature","properties":{"node_id":"PORT-33577","node_type":"port","name":"BANGOR","wpi_number":"33577","harbour_size":"V","maximum_vessel":"M","cargo_wharf":false,"rail_connection":true,"provisions":true,"water":true,"fuel_oil":true,"gameplay_status":"candidate","source":"NGA-World-Port-Index","territory_id":"GB-06","country_code":"GB"},"geometry":{"type":"Point","coordinates":[-5.66666666641019,54.6500000001471]}},{"type":"Feature","properties":{"node_id":"PORT-37040","node_type":"port","name":"ROCHEFORT","wpi_number":"37040","harbour_size":"M","maximum_vessel":"M","cargo_wharf":false,"rail_connection":true,"provisions":true,"water":true,"fuel_oil":true,"gameplay_status":"candidate","source":"NGA-World-Port-Index","territory_id":"FR-04","country_code":"FR"},"geometry":{"type":"Point","coordinates":[-0.950000000416732,45.9333333333855]}},{"type":"Feature","properties":{"node_id":"PORT-33210","node_type":"port","name":"GLENSANDA","wpi_number":"33210","harbour_size":"V","maximum_vessel":"L","cargo_wharf":true,"rail_connection":false,"provisions":false,"water":false,"fuel_oil":false,"gameplay_status":"candidate","source":"NGA-World-Port-Index","territory_id":"GB-01","country_code":"GB"},"geometry":{"type":"Point","coordinates":[-5.53333333372758,56.5666666665392]}},{"type":"Feature","properties":{"node_id":"PORT-41880","node_type":"port","name":"KATAKOLON","wpi_number":"41880","harbour_size":"V","maximum_vessel":"M","cargo_wharf":true,"rail_connection":true,"provisions":true,"water":true,"fuel_oil":true,"gameplay_status":"candidate","source":"NGA-World-Port-Index","territory_id":"GR-02","country_code":"GR"},"geometry":{"type":"Point","coordinates":[21.3166666662779,37.6499999999191]}},{"type":"Feature","properties":{"node_id":"PORT-39120","node_type":"port","name":"L'ILE ROUSSE","wpi_number":"39120","harbour_size":"V","maximum_vessel":"M","cargo_wharf":true,"rail_connection":true,"provisions":true,"water":true,"fuel_oil":true,"gameplay_status":"candidate","source":"NGA-World-Port-Index","territory_id":"FR-06","country_code":"FR"},"geometry":{"type":"Point","coordinates":[8.93333333375336,42.6333333335231]}},{"type":"Feature","properties":{"node_id":"PORT-44625","node_type":"port","name":"GOLCUK BURNU","wpi_number":"44625","harbour_size":"V","maximum_vessel":"M","cargo_wharf":false,"rail_connection":false,"provisions":false,"water":false,"fuel_oil":true,"gameplay_status":"candidate","source":"NGA-World-Port-Index","territory_id":"TR-01","country_code":"TR"},"geometry":{"type":"Point","coordinates":[29.8166666667915,40.7333333334561]}},{"type":"Feature","properties":{"node_id":"PORT-44730","node_type":"port","name":"AYVALIK","wpi_number":"44730","harbour_size":"V","maximum_vessel":"M","cargo_wharf":false,"rail_connection":false,"provisions":true,"water":true,"fuel_oil":false,"gameplay_status":"candidate","source":"NGA-World-Port-Index","territory_id":"TR-01","country_code":"TR"},"geometry":{"type":"Point","coordinates":[26.700000000176,39.3166666669558]}},{"type":"Feature","properties":{"node_id":"PORT-22750","node_type":"port","name":"SANDNESSJOEN","wpi_number":"22750","harbour_size":"V","maximum_vessel":"M","cargo_wharf":true,"rail_connection":false,"provisions":true,"water":true,"fuel_oil":true,"gameplay_status":"candidate","source":"NGA-World-Port-Index","territory_id":"NO-03","country_code":"NO"},"geometry":{"type":"Point","coordinates":[12.6333333334379,66.0166666665713]}},{"type":"Feature","properties":{"node_id":"PORT-32850","node_type":"port","name":"GAIRLOCH","wpi_number":"32850","harbour_size":"V","maximum_vessel":"M","cargo_wharf":false,"rail_connection":false,"provisions":true,"water":true,"fuel_oil":false,"gameplay_status":"candidate","source":"NGA-World-Port-Index","territory_id":"GB-01","country_code":"GB"},"geometry":{"type":"Point","coordinates":[-5.68333333355698,57.716666666888]}},{"type":"Feature","properties":{"node_id":"PORT-40490","node_type":"port","name":"OTRANTO","wpi_number":"40490","harbour_size":"V","maximum_vessel":"M","cargo_wharf":false,"rail_connection":true,"provisions":true,"water":true,"fuel_oil":false,"gameplay_status":"candidate","source":"NGA-World-Port-Index","territory_id":"IT-03","country_code":"IT"},"geometry":{"type":"Point","coordinates":[18.5000000002195,40.1499999998995]}},{"type":"Feature","properties":{"node_id":"PORT-31940","node_type":"port","name":"GRANTON","wpi_number":"31940","harbour_size":"V","maximum_vessel":"M","cargo_wharf":true,"rail_connection":true,"provisions":false,"water":true,"fuel_oil":true,"gameplay_status":"candidate","source":"NGA-World-Port-Index","territory_id":"GB-01","country_code":"GB"},"geometry":{"type":"Point","coordinates":[-3.21666666680114,55.9833333331923]}},{"type":"Feature","properties":{"node_id":"PORT-23053","node_type":"port","name":"MALM","wpi_number":"23053","harbour_size":"V","maximum_vessel":"M","cargo_wharf":true,"rail_connection":false,"provisions":true,"water":true,"fuel_oil":false,"gameplay_status":"candidate","source":"NGA-World-Port-Index","territory_id":"NO-02","country_code":"NO"},"geometry":{"type":"Point","coordinates":[11.233333333533,64.066666666697]}},{"type":"Feature","properties":{"node_id":"PORT-38570","node_type":"port","name":"SAN FELIU DE GUIXOLS","wpi_number":"38570","harbour_size":"V","maximum_vessel":"M","cargo_wharf":true,"rail_connection":false,"provisions":false,"water":true,"fuel_oil":true,"gameplay_status":"candidate","source":"NGA-World-Port-Index","territory_id":"ES-03","country_code":"ES"},"geometry":{"type":"Point","coordinates":[3.0333333335765,41.7833333332133]}},{"type":"Feature","properties":{"node_id":"PORT-41220","node_type":"port","name":"ZADAR","wpi_number":"41220","harbour_size":"S","maximum_vessel":"M","cargo_wharf":true,"rail_connection":true,"provisions":true,"water":true,"fuel_oil":false,"gameplay_status":"candidate","source":"NGA-World-Port-Index","territory_id":"HR-02","country_code":"HR"},"geometry":{"type":"Point","coordinates":[15.2166666666279,44.1166666667801]}},{"type":"Feature","properties":{"node_id":"PORT-480","node_type":"port","name":"HORNABJORDUR","wpi_number":"480","harbour_size":"V","maximum_vessel":null,"cargo_wharf":true,"rail_connection":false,"provisions":false,"water":false,"fuel_oil":true,"gameplay_status":"candidate","source":"NGA-World-Port-Index","territory_id":"IS-01","country_code":"IS"},"geometry":{"type":"Point","coordinates":[-15.2333333337747,64.2500000000428]}},{"type":"Feature","properties":{"node_id":"PORT-24900","node_type":"port","name":"FAROSUND","wpi_number":"24900","harbour_size":"S","maximum_vessel":"M","cargo_wharf":true,"rail_connection":false,"provisions":true,"water":true,"fuel_oil":true,"gameplay_status":"candidate","source":"NGA-World-Port-Index","territory_id":"SE-02","country_code":"SE"},"geometry":{"type":"Point","coordinates":[19.0499999998935,57.9166666664825]}},{"type":"Feature","properties":{"node_id":"PORT-23770","node_type":"port","name":"SVELVIK","wpi_number":"23770","harbour_size":"V","maximum_vessel":null,"cargo_wharf":true,"rail_connection":true,"provisions":false,"water":true,"fuel_oil":true,"gameplay_status":"candidate","source":"NGA-World-Port-Index","territory_id":"NO-01","country_code":"NO"},"geometry":{"type":"Point","coordinates":[10.4000000004488,59.6166666666049]}},{"type":"Feature","properties":{"node_id":"PORT-24250","node_type":"port","name":"TRELLEBORG","wpi_number":"24250","harbour_size":"S","maximum_vessel":"L","cargo_wharf":true,"rail_connection":true,"provisions":true,"water":true,"fuel_oil":true,"gameplay_status":"candidate","source":"NGA-World-Port-Index","territory_id":"SE-01","country_code":"SE"},"geometry":{"type":"Point","coordinates":[13.1499999997166,55.3666666666591]}},{"type":"Feature","properties":{"node_id":"PORT-30160","node_type":"port","name":"KOLDING","wpi_number":"30160","harbour_size":"S","maximum_vessel":"M","cargo_wharf":false,"rail_connection":true,"provisions":false,"water":true,"fuel_oil":true,"gameplay_status":"candidate","source":"NGA-World-Port-Index","territory_id":"DK-01","country_code":"DK"},"geometry":{"type":"Point","coordinates":[9.49999999967573,55.4833333330802]}},{"type":"Feature","properties":{"node_id":"PORT-43510","node_type":"port","name":"VARNA","wpi_number":"43510","harbour_size":"L","maximum_vessel":"M","cargo_wharf":true,"rail_connection":true,"provisions":true,"water":true,"fuel_oil":true,"gameplay_status":"candidate","source":"NGA-World-Port-Index","territory_id":"BG-02","country_code":"BG"},"geometry":{"type":"Point","coordinates":[27.9666666665,43.1833333331875]}},{"type":"Feature","properties":{"node_id":"PORT-28930","node_type":"port","name":"KIEL","wpi_number":"28930","harbour_size":"L","maximum_vessel":"M","cargo_wharf":true,"rail_connection":true,"provisions":true,"water":true,"fuel_oil":true,"gameplay_status":"candidate","source":"NGA-World-Port-Index","territory_id":"DE-01","country_code":"DE"},"geometry":{"type":"Point","coordinates":[10.1333333332869,54.31666666674]}},{"type":"Feature","properties":{"node_id":"PORT-29390","node_type":"port","name":"HUNDESTED","wpi_number":"29390","harbour_size":"V","maximum_vessel":"M","cargo_wharf":true,"rail_connection":true,"provisions":true,"water":true,"fuel_oil":false,"gameplay_status":"candidate","source":"NGA-World-Port-Index","territory_id":"DK-02","country_code":"DK"},"geometry":{"type":"Point","coordinates":[11.8499999999974,55.966666666565]}},{"type":"Feature","properties":{"node_id":"PORT-29700","node_type":"port","name":"NAKSKOV","wpi_number":"29700","harbour_size":"S","maximum_vessel":"L","cargo_wharf":true,"rail_connection":true,"provisions":false,"water":true,"fuel_oil":true,"gameplay_status":"candidate","source":"NGA-World-Port-Index","territory_id":"DK-02","country_code":"DK"},"geometry":{"type":"Point","coordinates":[11.1333333333473,54.8333333335843]}},{"type":"Feature","properties":{"node_id":"PORT-35015","node_type":"port","name":"NEWPORT","wpi_number":"35015","harbour_size":"M","maximum_vessel":"L","cargo_wharf":true,"rail_connection":true,"provisions":false,"water":true,"fuel_oil":true,"gameplay_status":"candidate","source":"NGA-World-Port-Index","territory_id":"GB-05","country_code":"GB"},"geometry":{"type":"Point","coordinates":[-2.98333333303451,51.5500000000997]}},{"type":"Feature","properties":{"node_id":"PORT-28190","node_type":"port","name":"HELSINKI","wpi_number":"28190","harbour_size":"L","maximum_vessel":"L","cargo_wharf":true,"rail_connection":true,"provisions":true,"water":true,"fuel_oil":true,"gameplay_status":"candidate","source":"NGA-World-Port-Index","territory_id":"FI-01","country_code":"FI"},"geometry":{"type":"Point","coordinates":[24.9666666663187,60.1666666666673]}},{"type":"Feature","properties":{"node_id":"PORT-23670","node_type":"port","name":"PORSGRUNN","wpi_number":"23670","harbour_size":"S","maximum_vessel":"L","cargo_wharf":true,"rail_connection":true,"provisions":false,"water":true,"fuel_oil":false,"gameplay_status":"candidate","source":"NGA-World-Port-Index","territory_id":"NO-01","country_code":"NO"},"geometry":{"type":"Point","coordinates":[9.66666666665188,59.1499999997969]}},{"type":"Feature","properties":{"node_id":"PORT-38480","node_type":"port","name":"VALENCIA","wpi_number":"38480","harbour_size":"M","maximum_vessel":"M","cargo_wharf":true,"rail_connection":true,"provisions":true,"water":true,"fuel_oil":true,"gameplay_status":"candidate","source":"NGA-World-Port-Index","territory_id":"ES-05","country_code":"ES"},"geometry":{"type":"Point","coordinates":[-0.316666666805577,39.4499999998988]}},{"type":"Feature","properties":{"node_id":"PORT-39810","node_type":"port","name":"CIVITAVECCHIA","wpi_number":"39810","harbour_size":"M","maximum_vessel":"M","cargo_wharf":true,"rail_connection":true,"provisions":false,"water":true,"fuel_oil":true,"gameplay_status":"candidate","source":"NGA-World-Port-Index","territory_id":"IT-02","country_code":"IT"},"geometry":{"type":"Point","coordinates":[11.7833333332069,42.0999999999579]}},{"type":"Feature","properties":{"node_id":"PORT-21380","node_type":"port","name":"GIBOSTAD","wpi_number":"21380","harbour_size":"V","maximum_vessel":"M","cargo_wharf":true,"rail_connection":false,"provisions":false,"water":false,"fuel_oil":false,"gameplay_status":"candidate","source":"NGA-World-Port-Index","territory_id":"NO-03","country_code":"NO"},"geometry":{"type":"Point","coordinates":[18.0833333332283,69.3499999999893]}},{"type":"Feature","properties":{"node_id":"PORT-44950","node_type":"port","name":"LIMASSOL","wpi_number":"44950","harbour_size":"S","maximum_vessel":"M","cargo_wharf":false,"rail_connection":false,"provisions":true,"water":true,"fuel_oil":true,"gameplay_status":"candidate","source":"NGA-World-Port-Index","territory_id":"CY-01","country_code":"CY"},"geometry":{"type":"Point","coordinates":[33.0499999998411,34.6666666668685]}},{"type":"Feature","properties":{"node_id":"PORT-26800","node_type":"port","name":"RUNDVIK","wpi_number":"26800","harbour_size":"V","maximum_vessel":"M","cargo_wharf":true,"rail_connection":true,"provisions":true,"water":true,"fuel_oil":true,"gameplay_status":"candidate","source":"NGA-World-Port-Index","territory_id":"SE-03","country_code":"SE"},"geometry":{"type":"Point","coordinates":[19.4499999997379,63.5333333332909]}},{"type":"Feature","properties":{"node_id":"PORT-25720","node_type":"port","name":"SODERHAMN","wpi_number":"25720","harbour_size":"S","maximum_vessel":"L","cargo_wharf":true,"rail_connection":true,"provisions":false,"water":true,"fuel_oil":true,"gameplay_status":"candidate","source":"NGA-World-Port-Index","territory_id":"SE-02","country_code":"SE"},"geometry":{"type":"Point","coordinates":[17.0833333331678,61.2999999999297]}},{"type":"Feature","properties":{"node_id":"PORT-30290","node_type":"port","name":"GRENAA HAVN","wpi_number":"30290","harbour_size":"V","maximum_vessel":"M","cargo_wharf":true,"rail_connection":true,"provisions":false,"water":true,"fuel_oil":true,"gameplay_status":"candidate","source":"NGA-World-Port-Index","territory_id":"DK-01","country_code":"DK"},"geometry":{"type":"Point","coordinates":[10.9333333329759,56.4166666668299]}},{"type":"Feature","properties":{"node_id":"PORT-35880","node_type":"port","name":"PORT DE CAEN","wpi_number":"35880","harbour_size":"S","maximum_vessel":"M","cargo_wharf":true,"rail_connection":true,"provisions":false,"water":true,"fuel_oil":false,"gameplay_status":"candidate","source":"NGA-World-Port-Index","territory_id":"FR-01","country_code":"FR"},"geometry":{"type":"Point","coordinates":[-0.35000000020082,49.1833333332141]}},{"type":"Feature","properties":{"node_id":"PORT-43568","node_type":"port","name":"MIDIA","wpi_number":"43568","harbour_size":"V","maximum_vessel":null,"cargo_wharf":false,"rail_connection":true,"provisions":false,"water":true,"fuel_oil":true,"gameplay_status":"candidate","source":"NGA-World-Port-Index","territory_id":"RO-03","country_code":"RO"},"geometry":{"type":"Point","coordinates":[28.6666666669016,44.3499999997404]}},{"type":"Feature","properties":{"node_id":"PORT-23823","node_type":"port","name":"TOFTE","wpi_number":"23823","harbour_size":"V","maximum_vessel":"M","cargo_wharf":true,"rail_connection":false,"provisions":true,"water":true,"fuel_oil":false,"gameplay_status":"candidate","source":"NGA-World-Port-Index","territory_id":"NO-01","country_code":"NO"},"geometry":{"type":"Point","coordinates":[10.5666666665266,59.5499999999776]}},{"type":"Feature","properties":{"node_id":"PORT-62810","node_type":"port","name":"SEVERODVINSK","wpi_number":"62810","harbour_size":"S","maximum_vessel":null,"cargo_wharf":true,"rail_connection":true,"provisions":true,"water":true,"fuel_oil":true,"gameplay_status":"candidate","source":"NGA-World-Port-Index","territory_id":"RU-02","country_code":"RU"},"geometry":{"type":"Point","coordinates":[39.7833333331022,64.5666666666883]}},{"type":"Feature","properties":{"node_id":"PORT-62970","node_type":"port","name":"MYS ABRAM","wpi_number":"62970","harbour_size":"V","maximum_vessel":null,"cargo_wharf":true,"rail_connection":true,"provisions":false,"water":true,"fuel_oil":false,"gameplay_status":"candidate","source":"NGA-World-Port-Index","territory_id":"RU-02","country_code":"RU"},"geometry":{"type":"Point","coordinates":[33.0333333335926,68.9833333332435]}},{"type":"Feature","properties":{"node_id":"PORT-36300","node_type":"port","name":"TREGUIER","wpi_number":"36300","harbour_size":"V","maximum_vessel":"M","cargo_wharf":false,"rail_connection":true,"provisions":true,"water":true,"fuel_oil":true,"gameplay_status":"candidate","source":"NGA-World-Port-Index","territory_id":"FR-01","country_code":"FR"},"geometry":{"type":"Point","coordinates":[-3.2333333330496,48.7833333332308]}},{"type":"Feature","properties":{"node_id":"PORT-33515","node_type":"port","name":"HUNTERSTON","wpi_number":"33515","harbour_size":"V","maximum_vessel":"L","cargo_wharf":true,"rail_connection":true,"provisions":false,"water":true,"fuel_oil":true,"gameplay_status":"candidate","source":"NGA-World-Port-Index","territory_id":"GB-01","country_code":"GB"},"geometry":{"type":"Point","coordinates":[-4.88333333296964,55.7499999999902]}},{"type":"Feature","properties":{"node_id":"PORT-40830","node_type":"port","name":"MUGGIA","wpi_number":"40830","harbour_size":"V","maximum_vessel":null,"cargo_wharf":false,"rail_connection":true,"provisions":false,"water":false,"fuel_oil":false,"gameplay_status":"candidate","source":"NGA-World-Port-Index","territory_id":"IT-01","country_code":"IT"},"geometry":{"type":"Point","coordinates":[13.7666666670793,45.5999999998314]}},{"type":"Feature","properties":{"node_id":"PORT-26720","node_type":"port","name":"DOMSJO","wpi_number":"26720","harbour_size":"V","maximum_vessel":"M","cargo_wharf":false,"rail_connection":true,"provisions":false,"water":false,"fuel_oil":false,"gameplay_status":"candidate","source":"NGA-World-Port-Index","territory_id":"SE-03","country_code":"SE"},"geometry":{"type":"Point","coordinates":[18.7333333330879,63.2666666667314]}},{"type":"Feature","properties":{"node_id":"PORT-29120","node_type":"port","name":"HASLE","wpi_number":"29120","harbour_size":"V","maximum_vessel":"M","cargo_wharf":false,"rail_connection":false,"provisions":true,"water":true,"fuel_oil":true,"gameplay_status":"candidate","source":"NGA-World-Port-Index","territory_id":"DK-02","country_code":"DK"},"geometry":{"type":"Point","coordinates":[14.7000000003492,55.1833333331002]}},{"type":"Feature","properties":{"node_id":"PORT-25395","node_type":"port","name":"VASTERAS","wpi_number":"25395","harbour_size":"M","maximum_vessel":"M","cargo_wharf":true,"rail_connection":true,"provisions":true,"water":true,"fuel_oil":true,"gameplay_status":"candidate","source":"NGA-World-Port-Index","territory_id":"SE-02","country_code":"SE"},"geometry":{"type":"Point","coordinates":[16.5499999997424,59.6166666666049]}},{"type":"Feature","properties":{"node_id":"PORT-23550","node_type":"port","name":"KRISTIANSAND","wpi_number":"23550","harbour_size":"S","maximum_vessel":"L","cargo_wharf":true,"rail_connection":true,"provisions":true,"water":true,"fuel_oil":true,"gameplay_status":"candidate","source":"NGA-World-Port-Index","territory_id":"NO-01","country_code":"NO"},"geometry":{"type":"Point","coordinates":[7.99999999958508,58.1500000000852]}},{"type":"Feature","properties":{"node_id":"PORT-37740","node_type":"port","name":"FERROL","wpi_number":"37740","harbour_size":"M","maximum_vessel":"M","cargo_wharf":true,"rail_connection":true,"provisions":false,"water":true,"fuel_oil":true,"gameplay_status":"candidate","source":"NGA-World-Port-Index","territory_id":"ES-01","country_code":"ES"},"geometry":{"type":"Point","coordinates":[-8.23333333335172,43.483333333058]}},{"type":"Feature","properties":{"node_id":"PORT-21670","node_type":"port","name":"SORTLAND","wpi_number":"21670","harbour_size":"V","maximum_vessel":"M","cargo_wharf":true,"rail_connection":false,"provisions":true,"water":true,"fuel_oil":true,"gameplay_status":"candidate","source":"NGA-World-Port-Index","territory_id":"NO-03","country_code":"NO"},"geometry":{"type":"Point","coordinates":[15.4166666669993,68.6999999998997]}},{"type":"Feature","properties":{"node_id":"PORT-30400","node_type":"port","name":"ALBORG","wpi_number":"30400","harbour_size":"S","maximum_vessel":"L","cargo_wharf":true,"rail_connection":true,"provisions":true,"water":true,"fuel_oil":true,"gameplay_status":"candidate","source":"NGA-World-Port-Index","territory_id":"DK-01","country_code":"DK"},"geometry":{"type":"Point","coordinates":[9.93333333291546,57.0500000001618]}},{"type":"Feature","properties":{"node_id":"PORT-23040","node_type":"port","name":"RORVIK","wpi_number":"23040","harbour_size":"V","maximum_vessel":"M","cargo_wharf":true,"rail_connection":false,"provisions":true,"water":true,"fuel_oil":true,"gameplay_status":"candidate","source":"NGA-World-Port-Index","territory_id":"NO-02","country_code":"NO"},"geometry":{"type":"Point","coordinates":[11.2499999997815,64.8666666667711]}},{"type":"Feature","properties":{"node_id":"PORT-26140","node_type":"port","name":"VIVSTAVARV","wpi_number":"26140","harbour_size":"V","maximum_vessel":"M","cargo_wharf":true,"rail_connection":true,"provisions":true,"water":false,"fuel_oil":true,"gameplay_status":"candidate","source":"NGA-World-Port-Index","territory_id":"SE-03","country_code":"SE"},"geometry":{"type":"Point","coordinates":[17.3500000003297,62.4833333332332]}},{"type":"Feature","properties":{"node_id":"PORT-30500","node_type":"port","name":"HOLSTEBRO-STUER","wpi_number":"30500","harbour_size":"S","maximum_vessel":"M","cargo_wharf":false,"rail_connection":true,"provisions":false,"water":true,"fuel_oil":true,"gameplay_status":"candidate","source":"NGA-World-Port-Index","territory_id":"DK-01","country_code":"DK"},"geometry":{"type":"Point","coordinates":[8.58333333355254,56.500000000058]}},{"type":"Feature","properties":{"node_id":"PORT-38270","node_type":"port","name":"SEVILLA","wpi_number":"38270","harbour_size":"M","maximum_vessel":"M","cargo_wharf":true,"rail_connection":true,"provisions":true,"water":true,"fuel_oil":true,"gameplay_status":"candidate","source":"NGA-World-Port-Index","territory_id":"ES-06","country_code":"ES"},"geometry":{"type":"Point","coordinates":[-6.00000000036255,37.3666666669695]}},{"type":"Feature","properties":{"node_id":"PORT-20710","node_type":"port","name":"BERLEVAG","wpi_number":"20710","harbour_size":"V","maximum_vessel":"M","cargo_wharf":false,"rail_connection":false,"provisions":true,"water":true,"fuel_oil":false,"gameplay_status":"candidate","source":"NGA-World-Port-Index","territory_id":"NO-03","country_code":"NO"},"geometry":{"type":"Point","coordinates":[29.1000000001414,70.8666666667788]}},{"type":"Feature","properties":{"node_id":"PORT-34130","node_type":"port","name":"FOYNES","wpi_number":"34130","harbour_size":"L","maximum_vessel":"L","cargo_wharf":true,"rail_connection":true,"provisions":true,"water":true,"fuel_oil":true,"gameplay_status":"candidate","source":"NGA-World-Port-Index","territory_id":"IE-01","country_code":"IE"},"geometry":{"type":"Point","coordinates":[-9.116666666978,52.6166666666444]}},{"type":"Feature","properties":{"node_id":"PORT-35150","node_type":"port","name":"BIDEFORD","wpi_number":"35150","harbour_size":"S","maximum_vessel":"M","cargo_wharf":true,"rail_connection":false,"provisions":false,"water":true,"fuel_oil":true,"gameplay_status":"candidate","source":"NGA-World-Port-Index","territory_id":"GB-04","country_code":"GB"},"geometry":{"type":"Point","coordinates":[-4.19999999971479,51.03333333356]}},{"type":"Feature","properties":{"node_id":"PORT-32380","node_type":"port","name":"WICK","wpi_number":"32380","harbour_size":"S","maximum_vessel":"M","cargo_wharf":true,"rail_connection":true,"provisions":false,"water":true,"fuel_oil":true,"gameplay_status":"candidate","source":"NGA-World-Port-Index","territory_id":"GB-01","country_code":"GB"},"geometry":{"type":"Point","coordinates":[-3.0833333332202,58.433333333402]}},{"type":"Feature","properties":{"node_id":"PORT-23111","node_type":"port","name":"ANDALSNES","wpi_number":"23111","harbour_size":"V","maximum_vessel":null,"cargo_wharf":true,"rail_connection":true,"provisions":true,"water":true,"fuel_oil":true,"gameplay_status":"candidate","source":"NGA-World-Port-Index","territory_id":"NO-02","country_code":"NO"},"geometry":{"type":"Point","coordinates":[7.6833333336778,62.5666666664858]}},{"type":"Feature","properties":{"node_id":"PORT-38390","node_type":"port","name":"ALMERIA","wpi_number":"38390","harbour_size":"S","maximum_vessel":"M","cargo_wharf":true,"rail_connection":true,"provisions":true,"water":true,"fuel_oil":true,"gameplay_status":"candidate","source":"NGA-World-Port-Index","territory_id":"ES-06","country_code":"ES"},"geometry":{"type":"Point","coordinates":[-2.46666666675583,36.8333333331227]}},{"type":"Feature","properties":{"node_id":"PORT-31060","node_type":"port","name":"AMSTERDAM","wpi_number":"31060","harbour_size":"L","maximum_vessel":"M","cargo_wharf":true,"rail_connection":true,"provisions":true,"water":true,"fuel_oil":true,"gameplay_status":"candidate","source":"NGA-World-Port-Index","territory_id":"NL-01","country_code":"NL"},"geometry":{"type":"Point","coordinates":[4.90000000011643,52.3666666665532]}},{"type":"Feature","properties":{"node_id":"PORT-30850","node_type":"port","name":"BRAKE","wpi_number":"30850","harbour_size":"M","maximum_vessel":"M","cargo_wharf":true,"rail_connection":true,"provisions":true,"water":true,"fuel_oil":true,"gameplay_status":"candidate","source":"NGA-World-Port-Index","territory_id":"DE-01","country_code":"DE"},"geometry":{"type":"Point","coordinates":[8.48333333336684,53.3333333330778]}},{"type":"Feature","properties":{"node_id":"PORT-24000","node_type":"port","name":"STENUNGSUND","wpi_number":"24000","harbour_size":"V","maximum_vessel":"M","cargo_wharf":false,"rail_connection":true,"provisions":false,"water":true,"fuel_oil":false,"gameplay_status":"candidate","source":"NGA-World-Port-Index","territory_id":"SE-01","country_code":"SE"},"geometry":{"type":"Point","coordinates":[11.8333333337489,58.0666666667105]}},{"type":"Feature","properties":{"node_id":"PORT-40660","node_type":"port","name":"ANCONA","wpi_number":"40660","harbour_size":"S","maximum_vessel":"L","cargo_wharf":true,"rail_connection":true,"provisions":false,"water":true,"fuel_oil":true,"gameplay_status":"candidate","source":"NGA-World-Port-Index","territory_id":"IT-02","country_code":"IT"},"geometry":{"type":"Point","coordinates":[13.4999999999174,43.6166666666818]}},{"type":"Feature","properties":{"node_id":"PORT-43720","node_type":"port","name":"KHORLY","wpi_number":"43720","harbour_size":"V","maximum_vessel":"M","cargo_wharf":true,"rail_connection":false,"provisions":true,"water":true,"fuel_oil":true,"gameplay_status":"candidate","source":"NGA-World-Port-Index","territory_id":"UA-04","country_code":"UA"},"geometry":{"type":"Point","coordinates":[33.2833333336077,46.0833333334557]}},{"type":"Feature","properties":{"node_id":"PORT-38610","node_type":"port","name":"IBIZA","wpi_number":"38610","harbour_size":"V","maximum_vessel":"M","cargo_wharf":true,"rail_connection":false,"provisions":true,"water":true,"fuel_oil":true,"gameplay_status":"candidate","source":"NGA-World-Port-Index","territory_id":"ES-05","country_code":"ES"},"geometry":{"type":"Point","coordinates":[1.45000000044695,38.9000000002243]}},{"type":"Feature","properties":{"node_id":"PORT-38750","node_type":"port","name":"SETE","wpi_number":"38750","harbour_size":"S","maximum_vessel":"M","cargo_wharf":true,"rail_connection":true,"provisions":true,"water":true,"fuel_oil":true,"gameplay_status":"candidate","source":"NGA-World-Port-Index","territory_id":"FR-06","country_code":"FR"},"geometry":{"type":"Point","coordinates":[3.69999999968457,43.4000000001078]}},{"type":"Feature","properties":{"node_id":"PORT-27410","node_type":"port","name":"KEMI","wpi_number":"27410","harbour_size":"S","maximum_vessel":"M","cargo_wharf":true,"rail_connection":true,"provisions":false,"water":true,"fuel_oil":true,"gameplay_status":"candidate","source":"NGA-World-Port-Index","territory_id":"FI-03","country_code":"FI"},"geometry":{"type":"Point","coordinates":[24.5666666664743,65.7333333334301]}},{"type":"Feature","properties":{"node_id":"PORT-21870","node_type":"port","name":"STAMSUND","wpi_number":"21870","harbour_size":"V","maximum_vessel":"M","cargo_wharf":true,"rail_connection":false,"provisions":false,"water":true,"fuel_oil":true,"gameplay_status":"candidate","source":"NGA-World-Port-Index","territory_id":"NO-03","country_code":"NO"},"geometry":{"type":"Point","coordinates":[13.8500000001182,68.1166666665577]}},{"type":"Feature","properties":{"node_id":"PORT-31750","node_type":"port","name":"SEAHAM","wpi_number":"31750","harbour_size":"S","maximum_vessel":"M","cargo_wharf":true,"rail_connection":true,"provisions":true,"water":true,"fuel_oil":true,"gameplay_status":"candidate","source":"NGA-World-Port-Index","territory_id":"GB-02","country_code":"GB"},"geometry":{"type":"Point","coordinates":[-1.31666666686601,54.8333333335843]}},{"type":"Feature","properties":{"node_id":"PORT-33450","node_type":"port","name":"BOWLING","wpi_number":"33450","harbour_size":"V","maximum_vessel":"M","cargo_wharf":true,"rail_connection":true,"provisions":false,"water":true,"fuel_oil":true,"gameplay_status":"candidate","source":"NGA-World-Port-Index","territory_id":"GB-01","country_code":"GB"},"geometry":{"type":"Point","coordinates":[-4.48333333312512,55.9333333333431]}},{"type":"Feature","properties":{"node_id":"PORT-40170","node_type":"port","name":"MARSALA","wpi_number":"40170","harbour_size":"S","maximum_vessel":"M","cargo_wharf":true,"rail_connection":true,"provisions":true,"water":true,"fuel_oil":true,"gameplay_status":"candidate","source":"NGA-World-Port-Index","territory_id":"IT-04","country_code":"IT"},"geometry":{"type":"Point","coordinates":[12.4333333330665,37.7833333334188]}},{"type":"Feature","properties":{"node_id":"PORT-42620","node_type":"port","name":"LAGOS","wpi_number":"42620","harbour_size":"V","maximum_vessel":"M","cargo_wharf":false,"rail_connection":false,"provisions":false,"water":true,"fuel_oil":false,"gameplay_status":"candidate","source":"NGA-World-Port-Index","territory_id":"GR-01","country_code":"GR"},"geometry":{"type":"Point","coordinates":[25.1333333332949,40.9999999996779]}},{"type":"Feature","properties":{"node_id":"PORT-29520","node_type":"port","name":"KORSOR","wpi_number":"29520","harbour_size":"S","maximum_vessel":"M","cargo_wharf":true,"rail_connection":true,"provisions":false,"water":true,"fuel_oil":true,"gameplay_status":"candidate","source":"NGA-World-Port-Index","territory_id":"DK-02","country_code":"DK"},"geometry":{"type":"Point","coordinates":[11.1333333333473,55.3333333334361]}},{"type":"Feature","properties":{"node_id":"PORT-35750","node_type":"port","name":"CALAIS","wpi_number":"35750","harbour_size":"S","maximum_vessel":"M","cargo_wharf":true,"rail_connection":true,"provisions":true,"water":true,"fuel_oil":true,"gameplay_status":"candidate","source":"NGA-World-Port-Index","territory_id":"FR-02","country_code":"FR"},"geometry":{"type":"Point","coordinates":[1.85000000029143,50.9666666666047]}},{"type":"Feature","properties":{"node_id":"PORT-23455","node_type":"port","name":"ESPEVAER","wpi_number":"23455","harbour_size":"V","maximum_vessel":"M","cargo_wharf":true,"rail_connection":false,"provisions":true,"water":true,"fuel_oil":true,"gameplay_status":"candidate","source":"NGA-World-Port-Index","territory_id":"NO-01","country_code":"NO"},"geometry":{"type":"Point","coordinates":[5.15000000013152,59.5833333332389]}},{"type":"Feature","properties":{"node_id":"PORT-37960","node_type":"port","name":"OPORTO","wpi_number":"37960","harbour_size":"V","maximum_vessel":"M","cargo_wharf":true,"rail_connection":true,"provisions":false,"water":true,"fuel_oil":true,"gameplay_status":"candidate","source":"NGA-World-Port-Index","territory_id":"PT-01","country_code":"PT"},"geometry":{"type":"Point","coordinates":[-8.66666666659148,41.1500000001959]}},{"type":"Feature","properties":{"node_id":"PORT-43210","node_type":"port","name":"RODHOS","wpi_number":"43210","harbour_size":"S","maximum_vessel":"M","cargo_wharf":true,"rail_connection":false,"provisions":true,"water":true,"fuel_oil":true,"gameplay_status":"candidate","source":"NGA-World-Port-Index","territory_id":"GR-03","country_code":"GR"},"geometry":{"type":"Point","coordinates":[28.2333333336619,36.4500000003331]}},{"type":"Feature","properties":{"node_id":"PORT-34780","node_type":"port","name":"CAERNARVON","wpi_number":"34780","harbour_size":"S","maximum_vessel":null,"cargo_wharf":false,"rail_connection":true,"provisions":true,"water":true,"fuel_oil":false,"gameplay_status":"candidate","source":"NGA-World-Port-Index","territory_id":"GB-05","country_code":"GB"},"geometry":{"type":"Point","coordinates":[-4.26666666650527,53.1499999999417]}},{"type":"Feature","properties":{"node_id":"PORT-33880","node_type":"port","name":"RATHMULLAN","wpi_number":"33880","harbour_size":"V","maximum_vessel":null,"cargo_wharf":false,"rail_connection":true,"provisions":false,"water":true,"fuel_oil":true,"gameplay_status":"candidate","source":"NGA-World-Port-Index","territory_id":"IE-01","country_code":"IE"},"geometry":{"type":"Point","coordinates":[-7.53333333295011,55.1000000000724]}},{"type":"Feature","properties":{"node_id":"PORT-30060","node_type":"port","name":"SONDERBORG","wpi_number":"30060","harbour_size":"S","maximum_vessel":"M","cargo_wharf":true,"rail_connection":true,"provisions":false,"water":true,"fuel_oil":true,"gameplay_status":"candidate","source":"NGA-World-Port-Index","territory_id":"DK-01","country_code":"DK"},"geometry":{"type":"Point","coordinates":[9.78333333308607,54.9166666667187]}},{"type":"Feature","properties":{"node_id":"PORT-43150","node_type":"port","name":"SITIA","wpi_number":"43150","harbour_size":"V","maximum_vessel":"M","cargo_wharf":true,"rail_connection":false,"provisions":false,"water":false,"fuel_oil":false,"gameplay_status":"candidate","source":"NGA-World-Port-Index","territory_id":"GR-03","country_code":"GR"},"geometry":{"type":"Point","coordinates":[26.1333333333554,35.2166666670179]}},{"type":"Feature","properties":{"node_id":"PORT-31390","node_type":"port","name":"CHATHAM DOCKS","wpi_number":"31390","harbour_size":"S","maximum_vessel":"M","cargo_wharf":false,"rail_connection":true,"provisions":false,"water":true,"fuel_oil":false,"gameplay_status":"candidate","source":"NGA-World-Port-Index","territory_id":"GB-04","country_code":"GB"},"geometry":{"type":"Point","coordinates":[0.549999999673915,51.4000000002099]}},{"type":"Feature","properties":{"node_id":"PORT-29410","node_type":"port","name":"FREDERIKSVAERK","wpi_number":"29410","harbour_size":"V","maximum_vessel":"M","cargo_wharf":true,"rail_connection":true,"provisions":false,"water":true,"fuel_oil":true,"gameplay_status":"candidate","source":"NGA-World-Port-Index","territory_id":"DK-02","country_code":"DK"},"geometry":{"type":"Point","coordinates":[12.0166666669736,55.966666666565]}},{"type":"Feature","properties":{"node_id":"PORT-170","node_type":"port","name":"THINGEYRI","wpi_number":"170","harbour_size":"V","maximum_vessel":null,"cargo_wharf":true,"rail_connection":false,"provisions":true,"water":true,"fuel_oil":false,"gameplay_status":"candidate","source":"NGA-World-Port-Index","territory_id":"IS-01","country_code":"IS"},"geometry":{"type":"Point","coordinates":[-23.4833333333749,65.8833333333874]}},{"type":"Feature","properties":{"node_id":"PORT-32630","node_type":"port","name":"SULLOM VOE","wpi_number":"32630","harbour_size":"S","maximum_vessel":"L","cargo_wharf":true,"rail_connection":false,"provisions":true,"water":false,"fuel_oil":true,"gameplay_status":"candidate","source":"NGA-World-Port-Index","territory_id":"GB-01","country_code":"GB"},"geometry":{"type":"Point","coordinates":[-1.29999999971922,60.4666666667573]}},{"type":"Feature","properties":{"node_id":"PORT-24100","node_type":"port","name":"HOGANAS","wpi_number":"24100","harbour_size":"V","maximum_vessel":"M","cargo_wharf":true,"rail_connection":true,"provisions":true,"water":true,"fuel_oil":true,"gameplay_status":"candidate","source":"NGA-World-Port-Index","territory_id":"SE-01","country_code":"SE"},"geometry":{"type":"Point","coordinates":[12.550000000399,56.1999999998132]}},{"type":"Feature","properties":{"node_id":"PORT-23120","node_type":"port","name":"ALESUND","wpi_number":"23120","harbour_size":"S","maximum_vessel":"L","cargo_wharf":true,"rail_connection":false,"provisions":false,"water":true,"fuel_oil":true,"gameplay_status":"candidate","source":"NGA-World-Port-Index","territory_id":"NO-02","country_code":"NO"},"geometry":{"type":"Point","coordinates":[6.1666666664404,62.4666666666682]}},{"type":"Feature","properties":{"node_id":"PORT-40100","node_type":"port","name":"MESSINA","wpi_number":"40100","harbour_size":"S","maximum_vessel":"L","cargo_wharf":true,"rail_connection":true,"provisions":true,"water":true,"fuel_oil":true,"gameplay_status":"candidate","source":"NGA-World-Port-Index","territory_id":"IT-04","country_code":"IT"},"geometry":{"type":"Point","coordinates":[15.5666666668287,38.1999999997035]}},{"type":"Feature","properties":{"node_id":"PORT-27090","node_type":"port","name":"KAGEHAMN","wpi_number":"27090","harbour_size":"V","maximum_vessel":"M","cargo_wharf":true,"rail_connection":false,"provisions":true,"water":true,"fuel_oil":true,"gameplay_status":"candidate","source":"NGA-World-Port-Index","territory_id":"SE-03","country_code":"SE"},"geometry":{"type":"Point","coordinates":[21.0333333337658,64.8333333334979]}},{"type":"Feature","properties":{"node_id":"PORT-44603","node_type":"port","name":"YARIMCA","wpi_number":"44603","harbour_size":"S","maximum_vessel":null,"cargo_wharf":false,"rail_connection":false,"provisions":false,"water":true,"fuel_oil":false,"gameplay_status":"candidate","source":"NGA-World-Port-Index","territory_id":"TR-01","country_code":"TR"},"geometry":{"type":"Point","coordinates":[29.7000000003573,40.8000000002003]}},{"type":"Feature","properties":{"node_id":"PORT-31640","node_type":"port","name":"GRIMSBY","wpi_number":"31640","harbour_size":"M","maximum_vessel":"M","cargo_wharf":true,"rail_connection":true,"provisions":true,"water":true,"fuel_oil":true,"gameplay_status":"candidate","source":"NGA-World-Port-Index","territory_id":"GB-02","country_code":"GB"},"geometry":{"type":"Point","coordinates":[-0.0666666667904862,53.5833333330863]}},{"type":"Feature","properties":{"node_id":"PORT-23340","node_type":"port","name":"LEIRVIK","wpi_number":"23340","harbour_size":"V","maximum_vessel":"M","cargo_wharf":true,"rail_connection":false,"provisions":false,"water":true,"fuel_oil":false,"gameplay_status":"candidate","source":"NGA-World-Port-Index","territory_id":"NO-01","country_code":"NO"},"geometry":{"type":"Point","coordinates":[5.50000000033234,59.7833333334919]}},{"type":"Feature","properties":{"node_id":"PORT-28440","node_type":"port","name":"KUNDA","wpi_number":"28440","harbour_size":"V","maximum_vessel":"M","cargo_wharf":false,"rail_connection":true,"provisions":true,"water":true,"fuel_oil":false,"gameplay_status":"candidate","source":"NGA-World-Port-Index","territory_id":"EE-01","country_code":"EE"},"geometry":{"type":"Point","coordinates":[26.5333333331998,59.5333333335207]}},{"type":"Feature","properties":{"node_id":"PORT-40330","node_type":"port","name":"VALLETTA HARBORS","wpi_number":"40330","harbour_size":"M","maximum_vessel":"M","cargo_wharf":true,"rail_connection":false,"provisions":true,"water":true,"fuel_oil":true,"gameplay_status":"candidate","source":"NGA-World-Port-Index","territory_id":"MT-01","country_code":"MT"},"geometry":{"type":"Point","coordinates":[14.5166666662263,35.8999999996778]}},{"type":"Feature","properties":{"node_id":"PORT-36860","node_type":"port","name":"DONGES","wpi_number":"36860","harbour_size":"S","maximum_vessel":"L","cargo_wharf":true,"rail_connection":false,"provisions":true,"water":true,"fuel_oil":true,"gameplay_status":"candidate","source":"NGA-World-Port-Index","territory_id":"FR-01","country_code":"FR"},"geometry":{"type":"Point","coordinates":[-2.06666666691131,47.3000000002939]}},{"type":"Feature","properties":{"node_id":"PORT-35715","node_type":"port","name":"RAMSGATE","wpi_number":"35715","harbour_size":"S","maximum_vessel":"M","cargo_wharf":true,"rail_connection":true,"provisions":false,"water":true,"fuel_oil":true,"gameplay_status":"candidate","source":"NGA-World-Port-Index","territory_id":"GB-04","country_code":"GB"},"geometry":{"type":"Point","coordinates":[1.4166666670517,51.3333333331689]}},{"type":"Feature","properties":{"node_id":"PORT-25900","node_type":"port","name":"STOCKVIK","wpi_number":"25900","harbour_size":"V","maximum_vessel":null,"cargo_wharf":true,"rail_connection":true,"provisions":true,"water":false,"fuel_oil":false,"gameplay_status":"candidate","source":"NGA-World-Port-Index","territory_id":"SE-03","country_code":"SE"},"geometry":{"type":"Point","coordinates":[17.383333333725,62.3333333334844]}},{"type":"Feature","properties":{"node_id":"PORT-42200","node_type":"port","name":"ELEVSIS","wpi_number":"42200","harbour_size":"S","maximum_vessel":"L","cargo_wharf":true,"rail_connection":true,"provisions":true,"water":true,"fuel_oil":true,"gameplay_status":"candidate","source":"NGA-World-Port-Index","territory_id":"GR-02","country_code":"GR"},"geometry":{"type":"Point","coordinates":[23.5500000001654,38.0333333334534]}},{"type":"Feature","properties":{"node_id":"PORT-35170","node_type":"port","name":"PADSTOW","wpi_number":"35170","harbour_size":"V","maximum_vessel":"M","cargo_wharf":false,"rail_connection":true,"provisions":true,"water":true,"fuel_oil":true,"gameplay_status":"candidate","source":"NGA-World-Port-Index","territory_id":"GB-04","country_code":"GB"},"geometry":{"type":"Point","coordinates":[-4.93333333351164,50.5500000002822]}},{"type":"Feature","properties":{"node_id":"PORT-32240","node_type":"port","name":"FRASERBURGH HARBOR","wpi_number":"32240","harbour_size":"S","maximum_vessel":"M","cargo_wharf":true,"rail_connection":false,"provisions":true,"water":true,"fuel_oil":true,"gameplay_status":"candidate","source":"NGA-World-Port-Index","territory_id":"GB-01","country_code":"GB"},"geometry":{"type":"Point","coordinates":[-2.00000000012086,57.6833333335118]}},{"type":"Feature","properties":{"node_id":"PORT-28180","node_type":"port","name":"JUSSARO","wpi_number":"28180","harbour_size":"V","maximum_vessel":null,"cargo_wharf":false,"rail_connection":false,"provisions":true,"water":true,"fuel_oil":false,"gameplay_status":"candidate","source":"NGA-World-Port-Index","territory_id":"FI-01","country_code":"FI"},"geometry":{"type":"Point","coordinates":[23.5666666664138,59.8333333333161]}},{"type":"Feature","properties":{"node_id":"PORT-42415","node_type":"port","name":"LARIMNA","wpi_number":"42415","harbour_size":"V","maximum_vessel":"M","cargo_wharf":false,"rail_connection":false,"provisions":false,"water":false,"fuel_oil":false,"gameplay_status":"candidate","source":"NGA-World-Port-Index","territory_id":"GR-02","country_code":"GR"},"geometry":{"type":"Point","coordinates":[23.2833333330035,38.5666666669257]}},{"type":"Feature","properties":{"node_id":"PORT-35630","node_type":"port","name":"SHOREHAM HARBOUR","wpi_number":"35630","harbour_size":"V","maximum_vessel":"M","cargo_wharf":true,"rail_connection":true,"provisions":true,"water":true,"fuel_oil":true,"gameplay_status":"candidate","source":"NGA-World-Port-Index","territory_id":"GB-04","country_code":"GB"},"geometry":{"type":"Point","coordinates":[-0.250000000015091,50.8166666664646]}},{"type":"Feature","properties":{"node_id":"PORT-30910","node_type":"port","name":"WILHELMSHAVEN","wpi_number":"30910","harbour_size":"S","maximum_vessel":"M","cargo_wharf":true,"rail_connection":true,"provisions":true,"water":true,"fuel_oil":true,"gameplay_status":"candidate","source":"NGA-World-Port-Index","territory_id":"DE-01","country_code":"DE"},"geometry":{"type":"Point","coordinates":[8.16666666656127,53.5333333334719]}},{"type":"Feature","properties":{"node_id":"PORT-30725","node_type":"port","name":"ITZEHOE","wpi_number":"30725","harbour_size":"V","maximum_vessel":"M","cargo_wharf":true,"rail_connection":true,"provisions":false,"water":true,"fuel_oil":true,"gameplay_status":"candidate","source":"NGA-World-Port-Index","territory_id":"DE-01","country_code":"DE"},"geometry":{"type":"Point","coordinates":[9.51666666682249,53.9166666668916]}},{"type":"Feature","properties":{"node_id":"PORT-23525","node_type":"port","name":"STUSVIK","wpi_number":"23525","harbour_size":"V","maximum_vessel":"M","cargo_wharf":true,"rail_connection":false,"provisions":false,"water":false,"fuel_oil":false,"gameplay_status":"candidate","source":"NGA-World-Port-Index","territory_id":"NO-01","country_code":"NO"},"geometry":{"type":"Point","coordinates":[7.0333333329199,57.9999999999243]}},{"type":"Feature","properties":{"node_id":"PORT-41660","node_type":"port","name":"SHENGJIN","wpi_number":"41660","harbour_size":"V","maximum_vessel":null,"cargo_wharf":false,"rail_connection":false,"provisions":false,"water":true,"fuel_oil":false,"gameplay_status":"candidate","source":"NGA-World-Port-Index","territory_id":"AL-01","country_code":"AL"},"geometry":{"type":"Point","coordinates":[19.5999999995673,41.8166666669762]}},{"type":"Feature","properties":{"node_id":"PORT-21970","node_type":"port","name":"ULVIK","wpi_number":"21970","harbour_size":"V","maximum_vessel":null,"cargo_wharf":false,"rail_connection":false,"provisions":false,"water":false,"fuel_oil":false,"gameplay_status":"candidate","source":"NGA-World-Port-Index","territory_id":"NO-03","country_code":"NO"},"geometry":{"type":"Point","coordinates":[16.266666666332,68.5666666668022]}},{"type":"Feature","properties":{"node_id":"PORT-31895","node_type":"port","name":"BIRD PORT","wpi_number":"31895","harbour_size":"V","maximum_vessel":"M","cargo_wharf":true,"rail_connection":false,"provisions":true,"water":true,"fuel_oil":true,"gameplay_status":"candidate","source":"NGA-World-Port-Index","territory_id":"GB-05","country_code":"GB"},"geometry":{"type":"Point","coordinates":[-2.96666666678605,51.5666666666786]}},{"type":"Feature","properties":{"node_id":"PORT-34610","node_type":"port","name":"WORKINGTON","wpi_number":"34610","harbour_size":"V","maximum_vessel":"M","cargo_wharf":true,"rail_connection":true,"provisions":true,"water":true,"fuel_oil":true,"gameplay_status":"candidate","source":"NGA-World-Port-Index","territory_id":"GB-02","country_code":"GB"},"geometry":{"type":"Point","coordinates":[-3.63333333289412,54.5666666668]}},{"type":"Feature","properties":{"node_id":"PORT-30170","node_type":"port","name":"FREDERICIA","wpi_number":"30170","harbour_size":"S","maximum_vessel":"M","cargo_wharf":true,"rail_connection":true,"provisions":true,"water":true,"fuel_oil":true,"gameplay_status":"candidate","source":"NGA-World-Port-Index","territory_id":"DK-01","country_code":"DK"},"geometry":{"type":"Point","coordinates":[9.76666666683761,55.56666666679]}},{"type":"Feature","properties":{"node_id":"PORT-35835","node_type":"port","name":"PORT DU HAVRE-ANTIFER","wpi_number":"35835","harbour_size":"S","maximum_vessel":"L","cargo_wharf":true,"rail_connection":false,"provisions":false,"water":true,"fuel_oil":true,"gameplay_status":"candidate","source":"NGA-World-Port-Index","territory_id":"FR-02","country_code":"FR"},"geometry":{"type":"Point","coordinates":[0.149999999829395,49.6500000001391]}},{"type":"Feature","properties":{"node_id":"PORT-43673","node_type":"port","name":"PORT OKTYABRSK","wpi_number":"43673","harbour_size":"V","maximum_vessel":"M","cargo_wharf":true,"rail_connection":true,"provisions":false,"water":false,"fuel_oil":false,"gameplay_status":"candidate","source":"NGA-World-Port-Index","territory_id":"UA-04","country_code":"UA"},"geometry":{"type":"Point","coordinates":[31.9333333333465,46.8333333332827]}},{"type":"Feature","properties":{"node_id":"PORT-28800","node_type":"port","name":"KOLOBRZEG","wpi_number":"28800","harbour_size":"V","maximum_vessel":"M","cargo_wharf":true,"rail_connection":true,"provisions":true,"water":true,"fuel_oil":true,"gameplay_status":"candidate","source":"NGA-World-Port-Index","territory_id":"PL-01","country_code":"PL"},"geometry":{"type":"Point","coordinates":[15.549999999682,54.216666666784]}},{"type":"Feature","properties":{"node_id":"PORT-40985","node_type":"port","name":"BRSICA","wpi_number":"40985","harbour_size":"V","maximum_vessel":null,"cargo_wharf":true,"rail_connection":false,"provisions":true,"water":true,"fuel_oil":true,"gameplay_status":"candidate","source":"NGA-World-Port-Index","territory_id":"HR-02","country_code":"HR"},"geometry":{"type":"Point","coordinates":[14.0499999995913,45.0333333334498]}},{"type":"Feature","properties":{"node_id":"PORT-33680","node_type":"port","name":"WARREN POINT","wpi_number":"33680","harbour_size":"V","maximum_vessel":"M","cargo_wharf":true,"rail_connection":true,"provisions":false,"water":true,"fuel_oil":true,"gameplay_status":"candidate","source":"NGA-World-Port-Index","territory_id":"GB-06","country_code":"GB"},"geometry":{"type":"Point","coordinates":[-6.25000000037764,54.1000000001188]}},{"type":"Feature","properties":{"node_id":"PORT-35950","node_type":"port","name":"RADE DE CHERBOURG","wpi_number":"35950","harbour_size":"L","maximum_vessel":"M","cargo_wharf":true,"rail_connection":true,"provisions":true,"water":true,"fuel_oil":true,"gameplay_status":"candidate","source":"NGA-World-Port-Index","territory_id":"FR-01","country_code":"FR"},"geometry":{"type":"Point","coordinates":[-1.63333333367159,49.6500000001391]}},{"type":"Feature","properties":{"node_id":"PORT-27780","node_type":"port","name":"RAUMA","wpi_number":"27780","harbour_size":"M","maximum_vessel":"M","cargo_wharf":true,"rail_connection":true,"provisions":false,"water":true,"fuel_oil":true,"gameplay_status":"candidate","source":"NGA-World-Port-Index","territory_id":"FI-02","country_code":"FI"},"geometry":{"type":"Point","coordinates":[21.5000000004008,61.1333333333002]}},{"type":"Feature","properties":{"node_id":"PORT-23830","node_type":"port","name":"MOSS","wpi_number":"23830","harbour_size":"S","maximum_vessel":"L","cargo_wharf":true,"rail_connection":true,"provisions":false,"water":true,"fuel_oil":false,"gameplay_status":"candidate","source":"NGA-World-Port-Index","territory_id":"NO-01","country_code":"NO"},"geometry":{"type":"Point","coordinates":[10.6666666667123,59.4499999999175]}},{"type":"Feature","properties":{"node_id":"PORT-39060","node_type":"port","name":"BASTIA","wpi_number":"39060","harbour_size":"V","maximum_vessel":"M","cargo_wharf":true,"rail_connection":true,"provisions":false,"water":true,"fuel_oil":true,"gameplay_status":"candidate","source":"NGA-World-Port-Index","territory_id":"FR-06","country_code":"FR"},"geometry":{"type":"Point","coordinates":[9.45000000003203,42.7000000000986]}},{"type":"Feature","properties":{"node_id":"PORT-22160","node_type":"port","name":"TRANOY","wpi_number":"22160","harbour_size":"V","maximum_vessel":"M","cargo_wharf":true,"rail_connection":false,"provisions":false,"water":true,"fuel_oil":false,"gameplay_status":"candidate","source":"NGA-World-Port-Index","territory_id":"NO-03","country_code":"NO"},"geometry":{"type":"Point","coordinates":[15.6666666670144,68.1833333331795]}},{"type":"Feature","properties":{"node_id":"PORT-26420","node_type":"port","name":"VAJA","wpi_number":"26420","harbour_size":"V","maximum_vessel":"L","cargo_wharf":true,"rail_connection":true,"provisions":true,"water":true,"fuel_oil":true,"gameplay_status":"candidate","source":"NGA-World-Port-Index","territory_id":"SE-03","country_code":"SE"},"geometry":{"type":"Point","coordinates":[17.716666666779,62.9833333333883]}},{"type":"Feature","properties":{"node_id":"PORT-24940","node_type":"port","name":"STORUGNS","wpi_number":"24940","harbour_size":"V","maximum_vessel":"M","cargo_wharf":true,"rail_connection":false,"provisions":true,"water":false,"fuel_oil":true,"gameplay_status":"candidate","source":"NGA-World-Port-Index","territory_id":"SE-02","country_code":"SE"},"geometry":{"type":"Point","coordinates":[18.7999999998783,57.8333333334672]}},{"type":"Feature","properties":{"node_id":"PORT-23780","node_type":"port","name":"DRAMMEN","wpi_number":"23780","harbour_size":"M","maximum_vessel":"L","cargo_wharf":true,"rail_connection":true,"provisions":true,"water":true,"fuel_oil":true,"gameplay_status":"candidate","source":"NGA-World-Port-Index","territory_id":"NO-01","country_code":"NO"},"geometry":{"type":"Point","coordinates":[10.249999999721,59.7333333334427]}},{"type":"Feature","properties":{"node_id":"PORT-42070","node_type":"port","name":"SPETSES","wpi_number":"42070","harbour_size":"V","maximum_vessel":"M","cargo_wharf":false,"rail_connection":false,"provisions":true,"water":false,"fuel_oil":false,"gameplay_status":"candidate","source":"NGA-World-Port-Index","territory_id":"GR-02","country_code":"GR"},"geometry":{"type":"Point","coordinates":[23.1666666665693,37.2666666664643]}},{"type":"Feature","properties":{"node_id":"PORT-40510","node_type":"port","name":"MONOPOLI","wpi_number":"40510","harbour_size":"S","maximum_vessel":"M","cargo_wharf":true,"rail_connection":true,"provisions":false,"water":true,"fuel_oil":true,"gameplay_status":"candidate","source":"NGA-World-Port-Index","territory_id":"IT-03","country_code":"IT"},"geometry":{"type":"Point","coordinates":[17.2999999997877,40.9499999997939]}},{"type":"Feature","properties":{"node_id":"PORT-37050","node_type":"port","name":"TONNAY CHARENTE","wpi_number":"37050","harbour_size":"S","maximum_vessel":"M","cargo_wharf":false,"rail_connection":true,"provisions":true,"water":false,"fuel_oil":true,"gameplay_status":"candidate","source":"NGA-World-Port-Index","territory_id":"FR-04","country_code":"FR"},"geometry":{"type":"Point","coordinates":[-0.899999999874735,45.9333333333855]}},{"type":"Feature","properties":{"node_id":"PORT-23680","node_type":"port","name":"SKIEN","wpi_number":"23680","harbour_size":"S","maximum_vessel":"M","cargo_wharf":true,"rail_connection":true,"provisions":false,"water":true,"fuel_oil":true,"gameplay_status":"candidate","source":"NGA-World-Port-Index","territory_id":"NO-01","country_code":"NO"},"geometry":{"type":"Point","coordinates":[9.59999999986143,59.1999999999674]}},{"type":"Feature","properties":{"node_id":"PORT-41910","node_type":"port","name":"PILOS","wpi_number":"41910","harbour_size":"V","maximum_vessel":"M","cargo_wharf":false,"rail_connection":false,"provisions":false,"water":true,"fuel_oil":false,"gameplay_status":"candidate","source":"NGA-World-Port-Index","territory_id":"GR-02","country_code":"GR"},"geometry":{"type":"Point","coordinates":[21.6666666664787,36.9000000002507]}},{"type":"Feature","properties":{"node_id":"PORT-41290","node_type":"port","name":"SIBENIK","wpi_number":"41290","harbour_size":"S","maximum_vessel":"M","cargo_wharf":false,"rail_connection":false,"provisions":false,"water":true,"fuel_oil":true,"gameplay_status":"candidate","source":"NGA-World-Port-Index","territory_id":"HR-02","country_code":"HR"},"geometry":{"type":"Point","coordinates":[15.8833333336343,43.7333333332766]}},{"type":"Feature","properties":{"node_id":"PORT-43780","node_type":"port","name":"BALAKLAVA","wpi_number":"43780","harbour_size":"V","maximum_vessel":"M","cargo_wharf":false,"rail_connection":true,"provisions":true,"water":true,"fuel_oil":false,"gameplay_status":"candidate","source":"NGA-World-Port-Index","territory_id":"UA-05","country_code":"UA"},"geometry":{"type":"Point","coordinates":[33.6000000004133,44.5000000002448]}},{"type":"Feature","properties":{"node_id":"PORT-31980","node_type":"port","name":"ROSYTH","wpi_number":"31980","harbour_size":"S","maximum_vessel":"M","cargo_wharf":true,"rail_connection":true,"provisions":false,"water":true,"fuel_oil":false,"gameplay_status":"candidate","source":"NGA-World-Port-Index","territory_id":"GB-01","country_code":"GB"},"geometry":{"type":"Point","coordinates":[-3.43333333342102,56.0166666666909]}},{"type":"Feature","properties":{"node_id":"PORT-38580","node_type":"port","name":"PALAMOS","wpi_number":"38580","harbour_size":"S","maximum_vessel":"M","cargo_wharf":true,"rail_connection":true,"provisions":false,"water":true,"fuel_oil":true,"gameplay_status":"candidate","source":"NGA-World-Port-Index","territory_id":"ES-03","country_code":"ES"},"geometry":{"type":"Point","coordinates":[3.11666666661545,41.8333333332872]}},{"type":"Feature","properties":{"node_id":"PORT-39140","node_type":"port","name":"LA MADDALENA","wpi_number":"39140","harbour_size":"S","maximum_vessel":"L","cargo_wharf":true,"rail_connection":true,"provisions":true,"water":true,"fuel_oil":true,"gameplay_status":"candidate","source":"NGA-World-Port-Index","territory_id":"IT-05","country_code":"IT"},"geometry":{"type":"Point","coordinates":[9.41666666663679,41.2000000003024]}},{"type":"Feature","properties":{"node_id":"PORT-44640","node_type":"port","name":"MUDANYA","wpi_number":"44640","harbour_size":"V","maximum_vessel":"M","cargo_wharf":true,"rail_connection":false,"provisions":true,"water":true,"fuel_oil":true,"gameplay_status":"candidate","source":"NGA-World-Port-Index","territory_id":"TR-01","country_code":"TR"},"geometry":{"type":"Point","coordinates":[28.8833333335215,40.383333333017]}},{"type":"Feature","properties":{"node_id":"PORT-34025","node_type":"port","name":"DROGHEDA","wpi_number":"34025","harbour_size":"V","maximum_vessel":"M","cargo_wharf":false,"rail_connection":true,"provisions":false,"water":true,"fuel_oil":true,"gameplay_status":"candidate","source":"NGA-World-Port-Index","territory_id":"IE-02","country_code":"IE"},"geometry":{"type":"Point","coordinates":[-6.30000000002134,53.7166666664142]}},{"type":"Feature","properties":{"node_id":"PORT-35370","node_type":"port","name":"PLYMOUTH","wpi_number":"35370","harbour_size":"M","maximum_vessel":"M","cargo_wharf":true,"rail_connection":true,"provisions":false,"water":false,"fuel_oil":true,"gameplay_status":"candidate","source":"NGA-World-Port-Index","territory_id":"GB-04","country_code":"GB"},"geometry":{"type":"Point","coordinates":[-4.15000000007109,50.3666666667721]}},{"type":"Feature","properties":{"node_id":"PORT-32330","node_type":"port","name":"INVERNESS","wpi_number":"32330","harbour_size":"S","maximum_vessel":"M","cargo_wharf":true,"rail_connection":true,"provisions":true,"water":true,"fuel_oil":true,"gameplay_status":"candidate","source":"NGA-World-Port-Index","territory_id":"GB-01","country_code":"GB"},"geometry":{"type":"Point","coordinates":[-4.23333333311003,57.4833333334771]}},{"type":"Feature","properties":{"node_id":"PORT-26810","node_type":"port","name":"NORDMALING","wpi_number":"26810","harbour_size":"V","maximum_vessel":"M","cargo_wharf":true,"rail_connection":false,"provisions":true,"water":true,"fuel_oil":true,"gameplay_status":"candidate","source":"NGA-World-Port-Index","territory_id":"SE-03","country_code":"SE"},"geometry":{"type":"Point","coordinates":[19.4833333331332,63.5666666666105]}},{"type":"Feature","properties":{"node_id":"PORT-30330","node_type":"port","name":"RANDERS","wpi_number":"30330","harbour_size":"S","maximum_vessel":"M","cargo_wharf":true,"rail_connection":true,"provisions":false,"water":true,"fuel_oil":true,"gameplay_status":"candidate","source":"NGA-World-Port-Index","territory_id":"DK-01","country_code":"DK"},"geometry":{"type":"Point","coordinates":[10.0500000002479,56.4666666668306]}},{"type":"Feature","properties":{"node_id":"PORT-30760","node_type":"port","name":"GLUCKSTADT","wpi_number":"30760","harbour_size":"S","maximum_vessel":"M","cargo_wharf":true,"rail_connection":true,"provisions":true,"water":true,"fuel_oil":true,"gameplay_status":"candidate","source":"NGA-World-Port-Index","territory_id":"DE-01","country_code":"DE"},"geometry":{"type":"Point","coordinates":[9.41666666663679,53.7833333334031]}},{"type":"Feature","properties":{"node_id":"PORT-43570","node_type":"port","name":"SULINA","wpi_number":"43570","harbour_size":"V","maximum_vessel":"L","cargo_wharf":true,"rail_connection":false,"provisions":true,"water":true,"fuel_oil":true,"gameplay_status":"candidate","source":"NGA-World-Port-Index","territory_id":"RO-03","country_code":"RO"},"geometry":{"type":"Point","coordinates":[29.6666666669621,45.1666666666691]}},{"type":"Feature","properties":{"node_id":"PORT-29710","node_type":"port","name":"RODBY HAVN","wpi_number":"29710","harbour_size":"V","maximum_vessel":"M","cargo_wharf":true,"rail_connection":true,"provisions":false,"water":true,"fuel_oil":true,"gameplay_status":"candidate","source":"NGA-World-Port-Index","territory_id":"DK-02","country_code":"DK"},"geometry":{"type":"Point","coordinates":[11.3499999999672,54.6500000001471]}},{"type":"Feature","properties":{"node_id":"PORT-28950","node_type":"port","name":"ECKERNFORDE","wpi_number":"28950","harbour_size":"S","maximum_vessel":"M","cargo_wharf":false,"rail_connection":true,"provisions":false,"water":true,"fuel_oil":false,"gameplay_status":"candidate","source":"NGA-World-Port-Index","territory_id":"DE-01","country_code":"DE"},"geometry":{"type":"Point","coordinates":[9.83333333362806,54.483333333219]}},{"type":"Feature","properties":{"node_id":"PORT-43435","node_type":"port","name":"ISTINYE","wpi_number":"43435","harbour_size":"V","maximum_vessel":"M","cargo_wharf":false,"rail_connection":false,"provisions":true,"water":true,"fuel_oil":false,"gameplay_status":"candidate","source":"NGA-World-Port-Index","territory_id":"TR-01","country_code":"TR"},"geometry":{"type":"Point","coordinates":[29.0499999995994,41.1166666666569]}},{"type":"Feature","properties":{"node_id":"PORT-62894","node_type":"port","name":"VITINO","wpi_number":"62894","harbour_size":"V","maximum_vessel":"L","cargo_wharf":true,"rail_connection":true,"provisions":true,"water":true,"fuel_oil":true,"gameplay_status":"candidate","source":"NGA-World-Port-Index","territory_id":"RU-02","country_code":"RU"},"geometry":{"type":"Point","coordinates":[32.3166666669425,67.0833333332411]}},{"type":"Feature","properties":{"node_id":"PORT-35040","node_type":"port","name":"SHARPNESS","wpi_number":"35040","harbour_size":"S","maximum_vessel":"L","cargo_wharf":true,"rail_connection":true,"provisions":false,"water":true,"fuel_oil":true,"gameplay_status":"candidate","source":"NGA-World-Port-Index","territory_id":"GB-04","country_code":"GB"},"geometry":{"type":"Point","coordinates":[-2.48333333300429,51.7166666668746]}},{"type":"Feature","properties":{"node_id":"PORT-33460","node_type":"port","name":"OLD KILPATRICK","wpi_number":"33460","harbour_size":"V","maximum_vessel":null,"cargo_wharf":false,"rail_connection":true,"provisions":false,"water":true,"fuel_oil":true,"gameplay_status":"candidate","source":"NGA-World-Port-Index","territory_id":"GB-01","country_code":"GB"},"geometry":{"type":"Point","coordinates":[-4.46666666687666,55.9166666668322]}},{"type":"Feature","properties":{"node_id":"PORT-32070","node_type":"port","name":"METHIL","wpi_number":"32070","harbour_size":"S","maximum_vessel":"M","cargo_wharf":true,"rail_connection":true,"provisions":false,"water":true,"fuel_oil":true,"gameplay_status":"candidate","source":"NGA-World-Port-Index","territory_id":"GB-01","country_code":"GB"},"geometry":{"type":"Point","coordinates":[-3.00000000018126,56.18333333321]}},{"type":"Feature","properties":{"node_id":"PORT-27740","node_type":"port","name":"PORI","wpi_number":"27740","harbour_size":"L","maximum_vessel":"M","cargo_wharf":true,"rail_connection":true,"provisions":true,"water":true,"fuel_oil":true,"gameplay_status":"candidate","source":"NGA-World-Port-Index","territory_id":"FI-02","country_code":"FI"},"geometry":{"type":"Point","coordinates":[21.8000000000596,61.4833333332966]}},{"type":"Feature","properties":{"node_id":"PORT-32910","node_type":"port","name":"KYLEAKIN","wpi_number":"32910","harbour_size":"V","maximum_vessel":null,"cargo_wharf":false,"rail_connection":false,"provisions":true,"water":false,"fuel_oil":false,"gameplay_status":"candidate","source":"NGA-World-Port-Index","territory_id":"GB-01","country_code":"GB"},"geometry":{"type":"Point","coordinates":[-5.73333333320068,57.2666666667189]}},{"type":"Feature","properties":{"node_id":"PORT-24440","node_type":"port","name":"RONNEBY","wpi_number":"24440","harbour_size":"S","maximum_vessel":"M","cargo_wharf":true,"rail_connection":true,"provisions":false,"water":true,"fuel_oil":true,"gameplay_status":"candidate","source":"NGA-World-Port-Index","territory_id":"SE-01","country_code":"SE"},"geometry":{"type":"Point","coordinates":[15.2999999996669,56.18333333321]}},{"type":"Feature","properties":{"node_id":"PORT-23240","node_type":"port","name":"ODDA","wpi_number":"23240","harbour_size":"V","maximum_vessel":"M","cargo_wharf":true,"rail_connection":false,"provisions":false,"water":true,"fuel_oil":true,"gameplay_status":"candidate","source":"NGA-World-Port-Index","territory_id":"NO-01","country_code":"NO"},"geometry":{"type":"Point","coordinates":[6.55000000003647,60.0833333332348]}},{"type":"Feature","properties":{"node_id":"PORT-38490","node_type":"port","name":"SAGUNTO","wpi_number":"38490","harbour_size":"V","maximum_vessel":"L","cargo_wharf":true,"rail_connection":true,"provisions":true,"water":true,"fuel_oil":true,"gameplay_status":"candidate","source":"NGA-World-Port-Index","territory_id":"ES-05","country_code":"ES"},"geometry":{"type":"Point","coordinates":[-0.216666666619881,39.6500000001674]}},{"type":"Feature","properties":{"node_id":"PORT-21490","node_type":"port","name":"FINNSNES","wpi_number":"21490","harbour_size":"V","maximum_vessel":"M","cargo_wharf":true,"rail_connection":false,"provisions":true,"water":true,"fuel_oil":false,"gameplay_status":"candidate","source":"NGA-World-Port-Index","territory_id":"NO-03","country_code":"NO"},"geometry":{"type":"Point","coordinates":[17.9666666667941,69.2333333332359]}},{"type":"Feature","properties":{"node_id":"PORT-36360","node_type":"port","name":"MORLAIX","wpi_number":"36360","harbour_size":"S","maximum_vessel":"M","cargo_wharf":false,"rail_connection":true,"provisions":true,"water":true,"fuel_oil":false,"gameplay_status":"candidate","source":"NGA-World-Port-Index","territory_id":"FR-01","country_code":"FR"},"geometry":{"type":"Point","coordinates":[-3.83333333326551,48.5833333334263]}},{"type":"Feature","properties":{"node_id":"PORT-44200","node_type":"port","name":"NOVOROSSIYSK","wpi_number":"44200","harbour_size":"L","maximum_vessel":"M","cargo_wharf":true,"rail_connection":true,"provisions":true,"water":true,"fuel_oil":true,"gameplay_status":"candidate","source":"NGA-World-Port-Index","territory_id":"RU-05","country_code":"RU"},"geometry":{"type":"Point","coordinates":[37.7833333329813,44.7166666666445]}},{"type":"Feature","properties":{"node_id":"PORT-40720","node_type":"port","name":"PORTO DI CORSINI","wpi_number":"40720","harbour_size":"M","maximum_vessel":"M","cargo_wharf":true,"rail_connection":true,"provisions":true,"water":true,"fuel_oil":true,"gameplay_status":"candidate","source":"NGA-World-Port-Index","territory_id":"IT-01","country_code":"IT"},"geometry":{"type":"Point","coordinates":[12.2833333332371,44.5000000002448]}},{"type":"Feature","properties":{"node_id":"PORT-23600","node_type":"port","name":"ARENDAL","wpi_number":"23600","harbour_size":"S","maximum_vessel":"M","cargo_wharf":true,"rail_connection":true,"provisions":true,"water":true,"fuel_oil":false,"gameplay_status":"candidate","source":"NGA-World-Port-Index","territory_id":"NO-01","country_code":"NO"},"geometry":{"type":"Point","coordinates":[8.76666666677718,58.4666666666501]}},{"type":"Feature","properties":{"node_id":"PORT-23990","node_type":"port","name":"UDDEVALLA","wpi_number":"23990","harbour_size":"M","maximum_vessel":"M","cargo_wharf":true,"rail_connection":true,"provisions":false,"water":true,"fuel_oil":true,"gameplay_status":"candidate","source":"NGA-World-Port-Index","territory_id":"SE-01","country_code":"SE"},"geometry":{"type":"Point","coordinates":[11.9166666667878,58.350000000162]}},{"type":"Feature","properties":{"node_id":"PORT-23100","node_type":"port","name":"KRISTIANSUND","wpi_number":"23100","harbour_size":"S","maximum_vessel":"M","cargo_wharf":true,"rail_connection":true,"provisions":false,"water":true,"fuel_oil":true,"gameplay_status":"candidate","source":"NGA-World-Port-Index","territory_id":"NO-02","country_code":"NO"},"geometry":{"type":"Point","coordinates":[7.7333333333215,63.1166666667222]}},{"type":"Feature","properties":{"node_id":"PORT-28210","node_type":"port","name":"PORVOO","wpi_number":"28210","harbour_size":"V","maximum_vessel":"L","cargo_wharf":true,"rail_connection":true,"provisions":false,"water":true,"fuel_oil":true,"gameplay_status":"candidate","source":"NGA-World-Port-Index","territory_id":"FI-01","country_code":"FI"},"geometry":{"type":"Point","coordinates":[25.6333333333251,60.3000000000402]}},{"type":"Feature","properties":{"node_id":"PORT-35885","node_type":"port","name":"OUISTREHAM","wpi_number":"35885","harbour_size":"V","maximum_vessel":"M","cargo_wharf":true,"rail_connection":false,"provisions":false,"water":true,"fuel_oil":false,"gameplay_status":"candidate","source":"NGA-World-Port-Index","territory_id":"FR-01","country_code":"FR"},"geometry":{"type":"Point","coordinates":[-0.250000000015091,49.2833333334627]}},{"type":"Feature","properties":{"node_id":"PORT-35790","node_type":"port","name":"SAINT-VALERY-SUR-SOMME","wpi_number":"35790","harbour_size":"V","maximum_vessel":"M","cargo_wharf":true,"rail_connection":false,"provisions":false,"water":true,"fuel_oil":true,"gameplay_status":"candidate","source":"NGA-World-Port-Index","territory_id":"FR-02","country_code":"FR"},"geometry":{"type":"Point","coordinates":[1.6166666665248,50.1833333333094]}},{"type":"Feature","properties":{"node_id":"PORT-25440","node_type":"port","name":"GRISSLEHAMN","wpi_number":"25440","harbour_size":"V","maximum_vessel":"M","cargo_wharf":true,"rail_connection":false,"provisions":true,"water":true,"fuel_oil":true,"gameplay_status":"candidate","source":"NGA-World-Port-Index","territory_id":"SE-02","country_code":"SE"},"geometry":{"type":"Point","coordinates":[18.8166666670251,60.1000000001465]}},{"type":"Feature","properties":{"node_id":"PORT-23829","node_type":"port","name":"KAMBO","wpi_number":"23829","harbour_size":"V","maximum_vessel":"M","cargo_wharf":true,"rail_connection":true,"provisions":false,"water":true,"fuel_oil":false,"gameplay_status":"candidate","source":"NGA-World-Port-Index","territory_id":"NO-01","country_code":"NO"},"geometry":{"type":"Point","coordinates":[10.6833333329608,59.46666666678]}},{"type":"Feature","properties":{"node_id":"PORT-62840","node_type":"port","name":"RABOCHEOSTROVSK","wpi_number":"62840","harbour_size":"S","maximum_vessel":null,"cargo_wharf":true,"rail_connection":true,"provisions":false,"water":true,"fuel_oil":false,"gameplay_status":"candidate","source":"NGA-World-Port-Index","territory_id":"RU-02","country_code":"RU"},"geometry":{"type":"Point","coordinates":[34.7833333336983,64.9833333333222]}},{"type":"Feature","properties":{"node_id":"PORT-38420","node_type":"port","name":"HORNILLO","wpi_number":"38420","harbour_size":"V","maximum_vessel":"M","cargo_wharf":true,"rail_connection":false,"provisions":false,"water":false,"fuel_oil":false,"gameplay_status":"candidate","source":"NGA-World-Port-Index","territory_id":"ES-05","country_code":"ES"},"geometry":{"type":"Point","coordinates":[-1.54999999973435,37.3999999998121]}},{"type":"Feature","properties":{"node_id":"PORT-37770","node_type":"port","name":"LA CORUNA","wpi_number":"37770","harbour_size":"S","maximum_vessel":"L","cargo_wharf":true,"rail_connection":true,"provisions":false,"water":true,"fuel_oil":true,"gameplay_status":"candidate","source":"NGA-World-Port-Index","territory_id":"ES-01","country_code":"ES"},"geometry":{"type":"Point","coordinates":[-8.4000000003279,43.366666666582]}},{"type":"Feature","properties":{"node_id":"PORT-35560","node_type":"port","name":"YARMOUTH HARBOUR","wpi_number":"35560","harbour_size":"S","maximum_vessel":null,"cargo_wharf":false,"rail_connection":false,"provisions":true,"water":true,"fuel_oil":true,"gameplay_status":"candidate","source":"NGA-World-Port-Index","territory_id":"GB-04","country_code":"GB"},"geometry":{"type":"Point","coordinates":[-1.50000000009065,50.7000000000395]}},{"type":"Feature","properties":{"node_id":"PORT-32410","node_type":"port","name":"PIEROWALL","wpi_number":"32410","harbour_size":"S","maximum_vessel":null,"cargo_wharf":true,"rail_connection":false,"provisions":true,"water":false,"fuel_oil":false,"gameplay_status":"candidate","source":"NGA-World-Port-Index","territory_id":"GB-01","country_code":"GB"},"geometry":{"type":"Point","coordinates":[-2.98333333303451,59.299999999789]}},{"type":"Feature","properties":{"node_id":"PORT-25610","node_type":"port","name":"NORRSUNDET","wpi_number":"25610","harbour_size":"V","maximum_vessel":"M","cargo_wharf":true,"rail_connection":true,"provisions":false,"water":true,"fuel_oil":false,"gameplay_status":"candidate","source":"NGA-World-Port-Index","territory_id":"SE-02","country_code":"SE"},"geometry":{"type":"Point","coordinates":[17.1666666671051,60.9333333334177]}},{"type":"Feature","properties":{"node_id":"PORT-30860","node_type":"port","name":"ELSFLETH","wpi_number":"30860","harbour_size":"V","maximum_vessel":null,"cargo_wharf":true,"rail_connection":true,"provisions":false,"water":true,"fuel_oil":true,"gameplay_status":"candidate","source":"NGA-World-Port-Index","territory_id":"DE-01","country_code":"DE"},"geometry":{"type":"Point","coordinates":[8.46666666622006,53.2333333334391]}},{"type":"Feature","properties":{"node_id":"PORT-28870","node_type":"port","name":"WISMAR","wpi_number":"28870","harbour_size":"S","maximum_vessel":"M","cargo_wharf":true,"rail_connection":true,"provisions":false,"water":true,"fuel_oil":true,"gameplay_status":"candidate","source":"NGA-World-Port-Index","territory_id":"DE-01","country_code":"DE"},"geometry":{"type":"Point","coordinates":[11.4666666664013,53.900000000241]}},{"type":"Feature","properties":{"node_id":"PORT-29130","node_type":"port","name":"CHRISTIANSO HARBOR","wpi_number":"29130","harbour_size":"V","maximum_vessel":"M","cargo_wharf":false,"rail_connection":true,"provisions":false,"water":false,"fuel_oil":false,"gameplay_status":"candidate","source":"NGA-World-Port-Index","territory_id":"DK-02","country_code":"DK"},"geometry":{"type":"Point","coordinates":[15.1833333332327,55.3166666666375]}},{"type":"Feature","properties":{"node_id":"PORT-38280","node_type":"port","name":"ROTA","wpi_number":"38280","harbour_size":"V","maximum_vessel":"L","cargo_wharf":false,"rail_connection":true,"provisions":false,"water":true,"fuel_oil":false,"gameplay_status":"candidate","source":"NGA-World-Port-Index","territory_id":"ES-06","country_code":"ES"},"geometry":{"type":"Point","coordinates":[-6.33333333341659,36.6166666669717]}},{"type":"Feature","properties":{"node_id":"PORT-31085","node_type":"port","name":"EUROPOORT","wpi_number":"31085","harbour_size":"M","maximum_vessel":"L","cargo_wharf":true,"rail_connection":true,"provisions":false,"water":true,"fuel_oil":true,"gameplay_status":"candidate","source":"NGA-World-Port-Index","territory_id":"NL-01","country_code":"NL"},"geometry":{"type":"Point","coordinates":[4.11666666667588,51.949999999749]}},{"type":"Feature","properties":{"node_id":"PORT-29555","node_type":"port","name":"NAESTVED","wpi_number":"29555","harbour_size":"S","maximum_vessel":"M","cargo_wharf":false,"rail_connection":true,"provisions":false,"water":true,"fuel_oil":true,"gameplay_status":"candidate","source":"NGA-World-Port-Index","territory_id":"DK-02","country_code":"DK"},"geometry":{"type":"Point","coordinates":[11.7499999998117,55.2333333333534]}},{"type":"Feature","properties":{"node_id":"PORT-23112","node_type":"port","name":"HAREID","wpi_number":"23112","harbour_size":"V","maximum_vessel":null,"cargo_wharf":true,"rail_connection":false,"provisions":false,"water":true,"fuel_oil":true,"gameplay_status":"candidate","source":"NGA-World-Port-Index","territory_id":"NO-02","country_code":"NO"},"geometry":{"type":"Point","coordinates":[6.0333333337578,62.3666666668026]}},{"type":"Feature","properties":{"node_id":"PORT-42470","node_type":"port","name":"VOLOS","wpi_number":"42470","harbour_size":"M","maximum_vessel":"M","cargo_wharf":true,"rail_connection":true,"provisions":true,"water":true,"fuel_oil":true,"gameplay_status":"candidate","source":"NGA-World-Port-Index","territory_id":"GR-02","country_code":"GR"},"geometry":{"type":"Point","coordinates":[22.9499999999495,39.3666666668648]}},{"type":"Feature","properties":{"node_id":"PORT-38770","node_type":"port","name":"PORT SAINT LOUIS DU RHONE","wpi_number":"38770","harbour_size":"S","maximum_vessel":"L","cargo_wharf":true,"rail_connection":true,"provisions":true,"water":true,"fuel_oil":true,"gameplay_status":"candidate","source":"NGA-World-Port-Index","territory_id":"FR-06","country_code":"FR"},"geometry":{"type":"Point","coordinates":[4.81666666707748,43.3833333334071]}},{"type":"Feature","properties":{"node_id":"PORT-28484","node_type":"port","name":"MUUGA-PORT OF TALLIN","wpi_number":"28484","harbour_size":"S","maximum_vessel":"M","cargo_wharf":false,"rail_connection":false,"provisions":true,"water":true,"fuel_oil":true,"gameplay_status":"candidate","source":"NGA-World-Port-Index","territory_id":"EE-01","country_code":"EE"},"geometry":{"type":"Point","coordinates":[24.9500000000703,59.5000000000613]}},{"type":"Feature","properties":{"node_id":"PORT-30457","node_type":"port","name":"THISTED","wpi_number":"30457","harbour_size":"V","maximum_vessel":"M","cargo_wharf":false,"rail_connection":true,"provisions":false,"water":true,"fuel_oil":true,"gameplay_status":"candidate","source":"NGA-World-Port-Index","territory_id":"DK-01","country_code":"DK"},"geometry":{"type":"Point","coordinates":[8.69999999998669,56.9500000001902]}},{"type":"Feature","properties":{"node_id":"PORT-42880","node_type":"port","name":"GAVRIO","wpi_number":"42880","harbour_size":"V","maximum_vessel":"M","cargo_wharf":true,"rail_connection":false,"provisions":true,"water":true,"fuel_oil":false,"gameplay_status":"candidate","source":"NGA-World-Port-Index","territory_id":"GR-03","country_code":"GR"},"geometry":{"type":"Point","coordinates":[24.7333333334504,37.8833333336671]}},{"type":"Feature","properties":{"node_id":"PORT-20740","node_type":"port","name":"KJOLLEFJORDEN","wpi_number":"20740","harbour_size":"V","maximum_vessel":"M","cargo_wharf":false,"rail_connection":false,"provisions":true,"water":true,"fuel_oil":true,"gameplay_status":"candidate","source":"NGA-World-Port-Index","territory_id":"NO-03","country_code":"NO"},"geometry":{"type":"Point","coordinates":[27.3333333328889,70.949999999991]}},{"type":"Feature","properties":{"node_id":"PORT-31760","node_type":"port","name":"SUNDERLAND","wpi_number":"31760","harbour_size":"M","maximum_vessel":"L","cargo_wharf":true,"rail_connection":true,"provisions":true,"water":true,"fuel_oil":true,"gameplay_status":"candidate","source":"NGA-World-Port-Index","territory_id":"GB-02","country_code":"GB"},"geometry":{"type":"Point","coordinates":[-1.36666666650971,54.9166666667187]}},{"type":"Feature","properties":{"node_id":"PORT-32980","node_type":"port","name":"CASTLE BAY","wpi_number":"32980","harbour_size":"V","maximum_vessel":null,"cargo_wharf":false,"rail_connection":false,"provisions":false,"water":true,"fuel_oil":true,"gameplay_status":"candidate","source":"NGA-World-Port-Index","territory_id":"GB-01","country_code":"GB"},"geometry":{"type":"Point","coordinates":[-7.48333333330641,56.9500000001902]}},{"type":"Feature","properties":{"node_id":"PORT-43030","node_type":"port","name":"MILOS","wpi_number":"43030","harbour_size":"V","maximum_vessel":"M","cargo_wharf":true,"rail_connection":false,"provisions":true,"water":true,"fuel_oil":false,"gameplay_status":"candidate","source":"NGA-World-Port-Index","territory_id":"GR-03","country_code":"GR"},"geometry":{"type":"Point","coordinates":[24.4500000000401,36.716666666965]}},{"type":"Feature","properties":{"node_id":"PORT-27650","node_type":"port","name":"VAASA","wpi_number":"27650","harbour_size":"M","maximum_vessel":"L","cargo_wharf":true,"rail_connection":true,"provisions":false,"water":true,"fuel_oil":true,"gameplay_status":"candidate","source":"NGA-World-Port-Index","territory_id":"FI-02","country_code":"FI"},"geometry":{"type":"Point","coordinates":[21.5833333334397,63.0999999998003]}},{"type":"Feature","properties":{"node_id":"PORT-40580","node_type":"port","name":"PORTO DI BARLETTA","wpi_number":"40580","harbour_size":"V","maximum_vessel":"M","cargo_wharf":true,"rail_connection":true,"provisions":false,"water":true,"fuel_oil":true,"gameplay_status":"candidate","source":"NGA-World-Port-Index","territory_id":"IT-03","country_code":"IT"},"geometry":{"type":"Point","coordinates":[16.2833333334788,41.3166666665036]}},{"type":"Feature","properties":{"node_id":"PORT-40180","node_type":"port","name":"MAZARA DEL VALLO","wpi_number":"40180","harbour_size":"V","maximum_vessel":"M","cargo_wharf":true,"rail_connection":true,"provisions":true,"water":true,"fuel_oil":true,"gameplay_status":"candidate","source":"NGA-World-Port-Index","territory_id":"IT-04","country_code":"IT"},"geometry":{"type":"Point","coordinates":[12.5833333328959,37.6499999999191]}},{"type":"Feature","properties":{"node_id":"PORT-38670","node_type":"port","name":"PUERTO DE ALCUDIA","wpi_number":"38670","harbour_size":"V","maximum_vessel":"M","cargo_wharf":true,"rail_connection":false,"provisions":true,"water":true,"fuel_oil":true,"gameplay_status":"candidate","source":"NGA-World-Port-Index","territory_id":"ES-03","country_code":"ES"},"geometry":{"type":"Point","coordinates":[3.1333333337622,39.8333333333717]}},{"type":"Feature","properties":{"node_id":"PORT-43155","node_type":"port","name":"AYIOS NIKOLAOS","wpi_number":"43155","harbour_size":"V","maximum_vessel":"M","cargo_wharf":true,"rail_connection":false,"provisions":false,"water":true,"fuel_oil":true,"gameplay_status":"candidate","source":"NGA-World-Port-Index","territory_id":"GR-03","country_code":"GR"},"geometry":{"type":"Point","coordinates":[25.7166666663641,35.2000000001955]}},{"type":"Feature","properties":{"node_id":"PORT-20940","node_type":"port","name":"BREDVIK","wpi_number":"20940","harbour_size":"V","maximum_vessel":"M","cargo_wharf":true,"rail_connection":true,"provisions":true,"water":true,"fuel_oil":false,"gameplay_status":"candidate","source":"NGA-World-Port-Index","territory_id":"NO-03","country_code":"NO"},"geometry":{"type":"Point","coordinates":[22.1333333331137,70.5833333333493]}},{"type":"Feature","properties":{"node_id":"PORT-31670","node_type":"port","name":"GOOLE","wpi_number":"31670","harbour_size":"S","maximum_vessel":"M","cargo_wharf":true,"rail_connection":true,"provisions":true,"water":true,"fuel_oil":true,"gameplay_status":"candidate","source":"NGA-World-Port-Index","territory_id":"GB-02","country_code":"GB"},"geometry":{"type":"Point","coordinates":[-0.833333333084249,53.6999999998903]}},{"type":"Feature","properties":{"node_id":"PORT-25050","node_type":"port","name":"VERKEBACK","wpi_number":"25050","harbour_size":"V","maximum_vessel":"M","cargo_wharf":true,"rail_connection":true,"provisions":true,"water":true,"fuel_oil":true,"gameplay_status":"candidate","source":"NGA-World-Port-Index","territory_id":"SE-02","country_code":"SE"},"geometry":{"type":"Point","coordinates":[16.5333333334939,57.733333333374]}},{"type":"Feature","properties":{"node_id":"PORT-23820","node_type":"port","name":"DROBAK","wpi_number":"23820","harbour_size":"V","maximum_vessel":null,"cargo_wharf":true,"rail_connection":false,"provisions":true,"water":true,"fuel_oil":false,"gameplay_status":"candidate","source":"NGA-World-Port-Index","territory_id":"NO-01","country_code":"NO"},"geometry":{"type":"Point","coordinates":[10.6499999995656,59.6666666667269]}},{"type":"Feature","properties":{"node_id":"PORT-38310","node_type":"port","name":"ALGECIRAS","wpi_number":"38310","harbour_size":"S","maximum_vessel":"L","cargo_wharf":true,"rail_connection":true,"provisions":true,"water":true,"fuel_oil":true,"gameplay_status":"candidate","source":"NGA-World-Port-Index","territory_id":"ES-06","country_code":"ES"},"geometry":{"type":"Point","coordinates":[-5.43333333354185,36.1333333329931]}},{"type":"Feature","properties":{"node_id":"PORT-38990","node_type":"port","name":"NICE","wpi_number":"38990","harbour_size":"S","maximum_vessel":"M","cargo_wharf":true,"rail_connection":true,"provisions":true,"water":true,"fuel_oil":true,"gameplay_status":"candidate","source":"NGA-World-Port-Index","territory_id":"FR-06","country_code":"FR"},"geometry":{"type":"Point","coordinates":[7.28333333293499,43.700000000245]}},{"type":"Feature","properties":{"node_id":"PORT-44740","node_type":"port","name":"DIKILI","wpi_number":"44740","harbour_size":"V","maximum_vessel":"M","cargo_wharf":false,"rail_connection":false,"provisions":false,"water":true,"fuel_oil":false,"gameplay_status":"candidate","source":"NGA-World-Port-Index","territory_id":"TR-01","country_code":"TR"},"geometry":{"type":"Point","coordinates":[26.8166666666102,39.0166666664505]}},{"type":"Feature","properties":{"node_id":"PORT-40130","node_type":"port","name":"PORTO DI PALERMO","wpi_number":"40130","harbour_size":"S","maximum_vessel":"L","cargo_wharf":true,"rail_connection":true,"provisions":true,"water":true,"fuel_oil":true,"gameplay_status":"candidate","source":"NGA-World-Port-Index","territory_id":"IT-04","country_code":"IT"},"geometry":{"type":"Point","coordinates":[13.3666666663365,38.133333333671]}},{"type":"Feature","properties":{"node_id":"PORT-37000","node_type":"port","name":"LA PALLICE","wpi_number":"37000","harbour_size":"M","maximum_vessel":"L","cargo_wharf":true,"rail_connection":true,"provisions":true,"water":true,"fuel_oil":true,"gameplay_status":"candidate","source":"NGA-World-Port-Index","territory_id":"FR-04","country_code":"FR"},"geometry":{"type":"Point","coordinates":[-1.21666666668028,46.166666666917]}},{"type":"Feature","properties":{"node_id":"PORT-44162","node_type":"port","name":"KAVKAZ OIL TERMINAL","wpi_number":"44162","harbour_size":"V","maximum_vessel":"M","cargo_wharf":true,"rail_connection":true,"provisions":false,"water":true,"fuel_oil":true,"gameplay_status":"candidate","source":"NGA-World-Port-Index","territory_id":"RU-05","country_code":"RU"},"geometry":{"type":"Point","coordinates":[36.6500000002383,45.3333333331922]}},{"type":"Feature","properties":{"node_id":"PORT-42050","node_type":"port","name":"NAVPLIO","wpi_number":"42050","harbour_size":"V","maximum_vessel":"M","cargo_wharf":true,"rail_connection":true,"provisions":false,"water":true,"fuel_oil":false,"gameplay_status":"candidate","source":"NGA-World-Port-Index","territory_id":"GR-02","country_code":"GR"},"geometry":{"type":"Point","coordinates":[22.80000000012,37.5666666664713]}},{"type":"Feature","properties":{"node_id":"PORT-41590","node_type":"port","name":"RISAN","wpi_number":"41590","harbour_size":"V","maximum_vessel":null,"cargo_wharf":false,"rail_connection":false,"provisions":false,"water":false,"fuel_oil":false,"gameplay_status":"candidate","source":"NGA-World-Port-Index","territory_id":"ME-01","country_code":"ME"},"geometry":{"type":"Point","coordinates":[18.6999999996926,42.5166666669185]}},{"type":"Feature","properties":{"node_id":"PORT-34060","node_type":"port","name":"GALWAY","wpi_number":"34060","harbour_size":"V","maximum_vessel":"M","cargo_wharf":true,"rail_connection":true,"provisions":true,"water":true,"fuel_oil":true,"gameplay_status":"candidate","source":"NGA-World-Port-Index","territory_id":"IE-01","country_code":"IE"},"geometry":{"type":"Point","coordinates":[-9.05000000018751,53.2666666664634]}},{"type":"Feature","properties":{"node_id":"PORT-35320","node_type":"port","name":"CHARLESTOWN","wpi_number":"35320","harbour_size":"V","maximum_vessel":"M","cargo_wharf":false,"rail_connection":true,"provisions":true,"water":true,"fuel_oil":true,"gameplay_status":"candidate","source":"NGA-World-Port-Index","territory_id":"GB-04","country_code":"GB"},"geometry":{"type":"Point","coordinates":[-4.75000000028703,50.3333333335623]}},{"type":"Feature","properties":{"node_id":"PORT-33780","node_type":"port","name":"KILROOT","wpi_number":"33780","harbour_size":"S","maximum_vessel":"M","cargo_wharf":true,"rail_connection":true,"provisions":false,"water":false,"fuel_oil":true,"gameplay_status":"candidate","source":"NGA-World-Port-Index","territory_id":"GB-06","country_code":"GB"},"geometry":{"type":"Point","coordinates":[-5.71666666695222,54.7333333335421]}},{"type":"Feature","properties":{"node_id":"PORT-35440","node_type":"port","name":"BRIDPORT HARBOUR","wpi_number":"35440","harbour_size":"V","maximum_vessel":"M","cargo_wharf":false,"rail_connection":true,"provisions":false,"water":true,"fuel_oil":true,"gameplay_status":"candidate","source":"NGA-World-Port-Index","territory_id":"GB-04","country_code":"GB"},"geometry":{"type":"Point","coordinates":[-2.76666666641463,50.7166666667401]}},{"type":"Feature","properties":{"node_id":"PORT-31215","node_type":"port","name":"HANSWEERT","wpi_number":"31215","harbour_size":"V","maximum_vessel":"M","cargo_wharf":true,"rail_connection":true,"provisions":false,"water":true,"fuel_oil":true,"gameplay_status":"candidate","source":"NGA-World-Port-Index","territory_id":"NL-01","country_code":"NL"},"geometry":{"type":"Point","coordinates":[4.00000000024169,51.4500000001477]}},{"type":"Feature","properties":{"node_id":"PORT-27130","node_type":"port","name":"BRANNFORS","wpi_number":"27130","harbour_size":"V","maximum_vessel":"M","cargo_wharf":true,"rail_connection":false,"provisions":true,"water":true,"fuel_oil":false,"gameplay_status":"candidate","source":"NGA-World-Port-Index","territory_id":"SE-03","country_code":"SE"},"geometry":{"type":"Point","coordinates":[21.3833333330683,65.0166666664997]}},{"type":"Feature","properties":{"node_id":"PORT-30480","node_type":"port","name":"LEMVIG","wpi_number":"30480","harbour_size":"V","maximum_vessel":"M","cargo_wharf":false,"rail_connection":true,"provisions":false,"water":true,"fuel_oil":true,"gameplay_status":"candidate","source":"NGA-World-Port-Index","territory_id":"DK-01","country_code":"DK"},"geometry":{"type":"Point","coordinates":[8.28333333299542,56.5833333335594]}},{"type":"Feature","properties":{"node_id":"PORT-23505","node_type":"port","name":"KIRKEHAMN","wpi_number":"23505","harbour_size":"V","maximum_vessel":"M","cargo_wharf":false,"rail_connection":false,"provisions":false,"water":false,"fuel_oil":false,"gameplay_status":"candidate","source":"NGA-World-Port-Index","territory_id":"NO-01","country_code":"NO"},"geometry":{"type":"Point","coordinates":[6.53333333288968,58.2333333334707]}},{"type":"Feature","properties":{"node_id":"PORT-42920","node_type":"port","name":"LIMIN SIROU","wpi_number":"42920","harbour_size":"V","maximum_vessel":"M","cargo_wharf":true,"rail_connection":false,"provisions":true,"water":true,"fuel_oil":true,"gameplay_status":"candidate","source":"NGA-World-Port-Index","territory_id":"GR-03","country_code":"GR"},"geometry":{"type":"Point","coordinates":[24.9500000000703,37.4333333331197]}},{"type":"Feature","properties":{"node_id":"PORT-41720","node_type":"port","name":"KERKIRA","wpi_number":"41720","harbour_size":"M","maximum_vessel":"M","cargo_wharf":true,"rail_connection":false,"provisions":true,"water":true,"fuel_oil":false,"gameplay_status":"candidate","source":"NGA-World-Port-Index","territory_id":"GR-01","country_code":"GR"},"geometry":{"type":"Point","coordinates":[19.9333333335197,39.6166666667091]}},{"type":"Feature","properties":{"node_id":"PORT-22050","node_type":"port","name":"LITLE BALLANGEN","wpi_number":"22050","harbour_size":"V","maximum_vessel":"M","cargo_wharf":true,"rail_connection":false,"provisions":false,"water":true,"fuel_oil":false,"gameplay_status":"candidate","source":"NGA-World-Port-Index","territory_id":"NO-03","country_code":"NO"},"geometry":{"type":"Point","coordinates":[16.8500000002995,68.3333333334357]}},{"type":"Feature","properties":{"node_id":"PORT-21910","node_type":"port","name":"SKROVA HAVN","wpi_number":"21910","harbour_size":"V","maximum_vessel":"M","cargo_wharf":true,"rail_connection":false,"provisions":true,"water":true,"fuel_oil":true,"gameplay_status":"candidate","source":"NGA-World-Port-Index","territory_id":"NO-03","country_code":"NO"},"geometry":{"type":"Point","coordinates":[14.666666666954,68.1666666666592]}},{"type":"Feature","properties":{"node_id":"PORT-35700","node_type":"port","name":"FOLKESTONE HARBOUR","wpi_number":"35700","harbour_size":"S","maximum_vessel":"M","cargo_wharf":true,"rail_connection":true,"provisions":true,"water":true,"fuel_oil":true,"gameplay_status":"candidate","source":"NGA-World-Port-Index","territory_id":"GB-04","country_code":"GB"},"geometry":{"type":"Point","coordinates":[1.20000000043182,51.0833333332367]}},{"type":"Feature","properties":{"node_id":"PORT-31150","node_type":"port","name":"DORDRECHT","wpi_number":"31150","harbour_size":"M","maximum_vessel":"L","cargo_wharf":true,"rail_connection":true,"provisions":true,"water":true,"fuel_oil":true,"gameplay_status":"candidate","source":"NGA-World-Port-Index","territory_id":"NL-01","country_code":"NL"},"geometry":{"type":"Point","coordinates":[4.6500000001013,51.8166666667087]}},{"type":"Feature","properties":{"node_id":"PORT-28828","node_type":"port","name":"WOLGAST","wpi_number":"28828","harbour_size":"V","maximum_vessel":"M","cargo_wharf":true,"rail_connection":true,"provisions":true,"water":true,"fuel_oil":true,"gameplay_status":"candidate","source":"NGA-World-Port-Index","territory_id":"DE-04","country_code":"DE"},"geometry":{"type":"Point","coordinates":[13.7833333333278,54.050000000067]}},{"type":"Feature","properties":{"node_id":"PORT-40040","node_type":"port","name":"SALERNO","wpi_number":"40040","harbour_size":"S","maximum_vessel":"M","cargo_wharf":true,"rail_connection":true,"provisions":true,"water":true,"fuel_oil":true,"gameplay_status":"candidate","source":"NGA-World-Port-Index","territory_id":"IT-03","country_code":"IT"},"geometry":{"type":"Point","coordinates":[14.7499999999929,40.6666666665993]}},{"type":"Feature","properties":{"node_id":"PORT-36620","node_type":"port","name":"CONCARNEAU","wpi_number":"36620","harbour_size":"V","maximum_vessel":"M","cargo_wharf":true,"rail_connection":true,"provisions":true,"water":true,"fuel_oil":true,"gameplay_status":"candidate","source":"NGA-World-Port-Index","territory_id":"FR-01","country_code":"FR"},"geometry":{"type":"Point","coordinates":[-3.91666666630445,47.866666666958]}},{"type":"Feature","properties":{"node_id":"PORT-33550","node_type":"port","name":"TROON","wpi_number":"33550","harbour_size":"V","maximum_vessel":"M","cargo_wharf":true,"rail_connection":true,"provisions":false,"water":true,"fuel_oil":true,"gameplay_status":"candidate","source":"NGA-World-Port-Index","territory_id":"GB-01","country_code":"GB"},"geometry":{"type":"Point","coordinates":[-4.68333333349655,55.5500000000632]}},{"type":"Feature","properties":{"node_id":"PORT-31580","node_type":"port","name":"GREAT YARMOUTH","wpi_number":"31580","harbour_size":"S","maximum_vessel":"M","cargo_wharf":true,"rail_connection":true,"provisions":true,"water":true,"fuel_oil":true,"gameplay_status":"candidate","source":"NGA-World-Port-Index","territory_id":"GB-04","country_code":"GB"},"geometry":{"type":"Point","coordinates":[1.73333333295898,52.6166666666444]}},{"type":"Feature","properties":{"node_id":"PORT-24810","node_type":"port","name":"RONEHAMN","wpi_number":"24810","harbour_size":"S","maximum_vessel":"M","cargo_wharf":true,"rail_connection":false,"provisions":false,"water":true,"fuel_oil":false,"gameplay_status":"candidate","source":"NGA-World-Port-Index","territory_id":"SE-02","country_code":"SE"},"geometry":{"type":"Point","coordinates":[18.5000000002195,57.1166666667095]}},{"type":"Feature","properties":{"node_id":"PORT-23750","node_type":"port","name":"HORTEN","wpi_number":"23750","harbour_size":"M","maximum_vessel":"M","cargo_wharf":true,"rail_connection":true,"provisions":false,"water":true,"fuel_oil":true,"gameplay_status":"candidate","source":"NGA-World-Port-Index","territory_id":"NO-01","country_code":"NO"},"geometry":{"type":"Point","coordinates":[10.4999999997361,59.4166666667479]}},{"type":"Feature","properties":{"node_id":"PORT-40120","node_type":"port","name":"TERMINI IMERESE","wpi_number":"40120","harbour_size":"V","maximum_vessel":"M","cargo_wharf":true,"rail_connection":true,"provisions":true,"water":true,"fuel_oil":false,"gameplay_status":"candidate","source":"NGA-World-Port-Index","territory_id":"IT-04","country_code":"IT"},"geometry":{"type":"Point","coordinates":[13.7000000002888,37.9833333332319]}},{"type":"Feature","properties":{"node_id":"PORT-40470","node_type":"port","name":"TARANTO","wpi_number":"40470","harbour_size":"L","maximum_vessel":"L","cargo_wharf":true,"rail_connection":true,"provisions":true,"water":true,"fuel_oil":true,"gameplay_status":"candidate","source":"NGA-World-Port-Index","territory_id":"IT-03","country_code":"IT"},"geometry":{"type":"Point","coordinates":[17.199999999602,40.4666666667267]}},{"type":"Feature","properties":{"node_id":"PORT-22990","node_type":"port","name":"BRONNOYSUND","wpi_number":"22990","harbour_size":"V","maximum_vessel":"M","cargo_wharf":true,"rail_connection":false,"provisions":true,"water":true,"fuel_oil":true,"gameplay_status":"candidate","source":"NGA-World-Port-Index","territory_id":"NO-03","country_code":"NO"},"geometry":{"type":"Point","coordinates":[12.2000000001982,65.4666666667798]}},{"type":"Feature","properties":{"node_id":"PORT-34880","node_type":"port","name":"MILFORD HAVEN","wpi_number":"34880","harbour_size":"M","maximum_vessel":"L","cargo_wharf":true,"rail_connection":true,"provisions":true,"water":true,"fuel_oil":true,"gameplay_status":"candidate","source":"NGA-World-Port-Index","territory_id":"GB-05","country_code":"GB"},"geometry":{"type":"Point","coordinates":[-5.03333333369736,51.7166666668746]}},{"type":"Feature","properties":{"node_id":"PORT-43655","node_type":"port","name":"YUZHNYY","wpi_number":"43655","harbour_size":"S","maximum_vessel":"M","cargo_wharf":true,"rail_connection":true,"provisions":false,"water":true,"fuel_oil":true,"gameplay_status":"candidate","source":"NGA-World-Port-Index","territory_id":"UA-04","country_code":"UA"},"geometry":{"type":"Point","coordinates":[31.016666666325,46.5999999997674]}},{"type":"Feature","properties":{"node_id":"PORT-38540","node_type":"port","name":"TARRAGONA","wpi_number":"38540","harbour_size":"L","maximum_vessel":"M","cargo_wharf":true,"rail_connection":true,"provisions":true,"water":true,"fuel_oil":true,"gameplay_status":"candidate","source":"NGA-World-Port-Index","territory_id":"ES-03","country_code":"ES"},"geometry":{"type":"Point","coordinates":[1.23333333292877,41.0999999998471]}},{"type":"Feature","properties":{"node_id":"PORT-38585","node_type":"port","name":"LAS HORMIGAS","wpi_number":"38585","harbour_size":null,"maximum_vessel":null,"cargo_wharf":false,"rail_connection":false,"provisions":false,"water":false,"fuel_oil":false,"gameplay_status":"candidate","source":"NGA-World-Port-Index","territory_id":"ES-03","country_code":"ES"},"geometry":{"type":"Point","coordinates":[3.1833333334059,41.8666666665055]}},{"type":"Feature","properties":{"node_id":"PORT-39100","node_type":"port","name":"PORT D' AJACCIO","wpi_number":"39100","harbour_size":"S","maximum_vessel":"L","cargo_wharf":true,"rail_connection":true,"provisions":true,"water":true,"fuel_oil":true,"gameplay_status":"candidate","source":"NGA-World-Port-Index","territory_id":"FR-06","country_code":"FR"},"geometry":{"type":"Point","coordinates":[8.74999999963039,41.9166666669019]}},{"type":"Feature","properties":{"node_id":"PORT-44542","node_type":"port","name":"BOTAS NATURAL GAS TERMINAL","wpi_number":"44542","harbour_size":"V","maximum_vessel":"M","cargo_wharf":true,"rail_connection":false,"provisions":true,"water":true,"fuel_oil":true,"gameplay_status":"candidate","source":"NGA-World-Port-Index","territory_id":"TR-01","country_code":"TR"},"geometry":{"type":"Point","coordinates":[27.9833333336468,40.9999999996779]}},{"type":"Feature","properties":{"node_id":"PORT-43745","node_type":"port","name":"CHORNOMORS KE","wpi_number":"43745","harbour_size":"V","maximum_vessel":"M","cargo_wharf":true,"rail_connection":false,"provisions":false,"water":true,"fuel_oil":false,"gameplay_status":"candidate","source":"NGA-World-Port-Index","territory_id":"UA-05","country_code":"UA"},"geometry":{"type":"Point","coordinates":[32.6999999996403,45.516666666623]}},{"type":"Feature","properties":{"node_id":"PORT-32200","node_type":"port","name":"MONTROSE","wpi_number":"32200","harbour_size":"V","maximum_vessel":"L","cargo_wharf":true,"rail_connection":true,"provisions":false,"water":true,"fuel_oil":true,"gameplay_status":"candidate","source":"NGA-World-Port-Index","territory_id":"GB-01","country_code":"GB"},"geometry":{"type":"Point","coordinates":[-2.46666666675583,56.6999999999892]}},{"type":"Feature","properties":{"node_id":"PORT-28740","node_type":"port","name":"GDYNIA","wpi_number":"28740","harbour_size":"L","maximum_vessel":"M","cargo_wharf":true,"rail_connection":true,"provisions":true,"water":true,"fuel_oil":true,"gameplay_status":"candidate","source":"NGA-World-Port-Index","territory_id":"PL-01","country_code":"PL"},"geometry":{"type":"Point","coordinates":[18.5499999998632,54.5333333331201]}},{"type":"Feature","properties":{"node_id":"PORT-24030","node_type":"port","name":"VARBERG","wpi_number":"24030","harbour_size":"M","maximum_vessel":"M","cargo_wharf":true,"rail_connection":true,"provisions":true,"water":true,"fuel_oil":true,"gameplay_status":"candidate","source":"NGA-World-Port-Index","territory_id":"SE-01","country_code":"SE"},"geometry":{"type":"Point","coordinates":[12.2499999998419,57.1166666667095]}},{"type":"Feature","properties":{"node_id":"PORT-28360","node_type":"port","name":"PRIMORSK","wpi_number":"28360","harbour_size":"V","maximum_vessel":"M","cargo_wharf":false,"rail_connection":true,"provisions":false,"water":true,"fuel_oil":true,"gameplay_status":"candidate","source":"NGA-World-Port-Index","territory_id":"RU-02","country_code":"RU"},"geometry":{"type":"Point","coordinates":[28.6333333335064,60.3666666666528]}},{"type":"Feature","properties":{"node_id":"PORT-41410","node_type":"port","name":"PLOCE","wpi_number":"41410","harbour_size":"V","maximum_vessel":"M","cargo_wharf":true,"rail_connection":true,"provisions":true,"water":true,"fuel_oil":true,"gameplay_status":"candidate","source":"NGA-World-Port-Index","territory_id":"HR-02","country_code":"HR"},"geometry":{"type":"Point","coordinates":[17.4333333333687,43.0499999997197]}},{"type":"Feature","properties":{"node_id":"PORT-185","node_type":"port","name":"BOLUNGAVIK","wpi_number":"185","harbour_size":"V","maximum_vessel":"L","cargo_wharf":true,"rail_connection":false,"provisions":false,"water":false,"fuel_oil":false,"gameplay_status":"candidate","source":"NGA-World-Port-Index","territory_id":"IS-01","country_code":"IS"},"geometry":{"type":"Point","coordinates":[-23.2333333333598,66.1666666667673]}},{"type":"Feature","properties":{"node_id":"PORT-35250","node_type":"port","name":"PENZANCE","wpi_number":"35250","harbour_size":"S","maximum_vessel":"M","cargo_wharf":true,"rail_connection":true,"provisions":true,"water":true,"fuel_oil":true,"gameplay_status":"candidate","source":"NGA-World-Port-Index","territory_id":"GB-04","country_code":"GB"},"geometry":{"type":"Point","coordinates":[-5.53333333372758,50.1166666666483]}},{"type":"Feature","properties":{"node_id":"PORT-43572","node_type":"port","name":"TULCEA","wpi_number":"43572","harbour_size":"V","maximum_vessel":"L","cargo_wharf":false,"rail_connection":true,"provisions":false,"water":true,"fuel_oil":true,"gameplay_status":"candidate","source":"NGA-World-Port-Index","territory_id":"RO-03","country_code":"RO"},"geometry":{"type":"Point","coordinates":[28.816666666731,45.1666666666691]}},{"type":"Feature","properties":{"node_id":"PORT-34660","node_type":"port","name":"FLEETWOOD","wpi_number":"34660","harbour_size":"S","maximum_vessel":"M","cargo_wharf":true,"rail_connection":true,"provisions":false,"water":true,"fuel_oil":true,"gameplay_status":"candidate","source":"NGA-World-Port-Index","territory_id":"GB-02","country_code":"GB"},"geometry":{"type":"Point","coordinates":[-3.01666666642975,53.9166666668916]}},{"type":"Feature","properties":{"node_id":"PORT-39420","node_type":"port","name":"RADA DI VADO","wpi_number":"39420","harbour_size":"M","maximum_vessel":"M","cargo_wharf":true,"rail_connection":true,"provisions":true,"water":true,"fuel_oil":true,"gameplay_status":"candidate","source":"NGA-World-Port-Index","territory_id":"IT-01","country_code":"IT"},"geometry":{"type":"Point","coordinates":[8.43333333372314,44.2666666667398]}},{"type":"Feature","properties":{"node_id":"PORT-33140","node_type":"port","name":"TOBERMORY","wpi_number":"33140","harbour_size":"V","maximum_vessel":"M","cargo_wharf":false,"rail_connection":false,"provisions":true,"water":true,"fuel_oil":false,"gameplay_status":"candidate","source":"NGA-World-Port-Index","territory_id":"GB-01","country_code":"GB"},"geometry":{"type":"Point","coordinates":[-6.06666666625471,56.6166666667118]}},{"type":"Feature","properties":{"node_id":"PORT-30260","node_type":"port","name":"ARHUS","wpi_number":"30260","harbour_size":"M","maximum_vessel":"L","cargo_wharf":true,"rail_connection":true,"provisions":true,"water":true,"fuel_oil":true,"gameplay_status":"candidate","source":"NGA-World-Port-Index","territory_id":"DK-01","country_code":"DK"},"geometry":{"type":"Point","coordinates":[10.2166666663258,56.1499999998305]}},{"type":"Feature","properties":{"node_id":"PORT-30105","node_type":"port","name":"ENSTED","wpi_number":"30105","harbour_size":"V","maximum_vessel":"M","cargo_wharf":true,"rail_connection":false,"provisions":true,"water":true,"fuel_oil":true,"gameplay_status":"candidate","source":"NGA-World-Port-Index","territory_id":"DK-01","country_code":"DK"},"geometry":{"type":"Point","coordinates":[9.43333333288525,55.0166666665057]}},{"type":"Feature","properties":{"node_id":"PORT-43900","node_type":"port","name":"KERCH","wpi_number":"43900","harbour_size":"S","maximum_vessel":"M","cargo_wharf":true,"rail_connection":false,"provisions":true,"water":true,"fuel_oil":true,"gameplay_status":"candidate","source":"NGA-World-Port-Index","territory_id":"UA-05","country_code":"UA"},"geometry":{"type":"Point","coordinates":[36.4833333332621,45.349999999925]}},{"type":"Feature","properties":{"node_id":"PORT-27820","node_type":"port","name":"TURKU","wpi_number":"27820","harbour_size":"M","maximum_vessel":"M","cargo_wharf":true,"rail_connection":true,"provisions":false,"water":true,"fuel_oil":true,"gameplay_status":"candidate","source":"NGA-World-Port-Index","territory_id":"FI-02","country_code":"FI"},"geometry":{"type":"Point","coordinates":[22.2333333332994,60.4499999998349]}},{"type":"Feature","properties":{"node_id":"PORT-22295","node_type":"port","name":"LAKSELV","wpi_number":"22295","harbour_size":"S","maximum_vessel":"M","cargo_wharf":true,"rail_connection":false,"provisions":false,"water":true,"fuel_oil":false,"gameplay_status":"candidate","source":"NGA-World-Port-Index","territory_id":"NO-03","country_code":"NO"},"geometry":{"type":"Point","coordinates":[15.600000000224,67.3666666667103]}},{"type":"Feature","properties":{"node_id":"PORT-44900","node_type":"port","name":"KYRENIA","wpi_number":"44900","harbour_size":"V","maximum_vessel":"M","cargo_wharf":true,"rail_connection":false,"provisions":true,"water":true,"fuel_oil":true,"gameplay_status":"candidate","source":"NGA-World-Port-Index","territory_id":"CY-01","country_code":"CY"},"geometry":{"type":"Point","coordinates":[33.3333333332514,35.3499999999677]}},{"type":"Feature","properties":{"node_id":"PORT-41045","node_type":"port","name":"OMISALJ","wpi_number":"41045","harbour_size":"S","maximum_vessel":"L","cargo_wharf":true,"rail_connection":false,"provisions":true,"water":true,"fuel_oil":true,"gameplay_status":"candidate","source":"NGA-World-Port-Index","territory_id":"HR-02","country_code":"HR"},"geometry":{"type":"Point","coordinates":[14.5499999996215,45.2166666667433]}},{"type":"Feature","properties":{"node_id":"PORT-24210","node_type":"port","name":"MALMO","wpi_number":"24210","harbour_size":"L","maximum_vessel":"M","cargo_wharf":true,"rail_connection":true,"provisions":false,"water":true,"fuel_oil":true,"gameplay_status":"candidate","source":"NGA-World-Port-Index","territory_id":"SE-01","country_code":"SE"},"geometry":{"type":"Point","coordinates":[12.9999999998872,55.6166666666206]}},{"type":"Feature","properties":{"node_id":"PORT-31506","node_type":"port","name":"COLCHESTER","wpi_number":"31506","harbour_size":"V","maximum_vessel":"M","cargo_wharf":false,"rail_connection":true,"provisions":false,"water":true,"fuel_oil":true,"gameplay_status":"candidate","source":"NGA-World-Port-Index","territory_id":"GB-04","country_code":"GB"},"geometry":{"type":"Point","coordinates":[0.916666667021488,51.8833333335154]}},{"type":"Feature","properties":{"node_id":"PORT-41840","node_type":"port","name":"AIGIO","wpi_number":"41840","harbour_size":"V","maximum_vessel":"M","cargo_wharf":false,"rail_connection":true,"provisions":false,"water":false,"fuel_oil":false,"gameplay_status":"candidate","source":"NGA-World-Port-Index","territory_id":"GR-02","country_code":"GR"},"geometry":{"type":"Point","coordinates":[22.08333333347,38.2499999996519]}},{"type":"Feature","properties":{"node_id":"PORT-320","node_type":"port","name":"HUSAVIK","wpi_number":"320","harbour_size":"V","maximum_vessel":null,"cargo_wharf":true,"rail_connection":false,"provisions":true,"water":true,"fuel_oil":true,"gameplay_status":"candidate","source":"NGA-World-Port-Index","territory_id":"IS-01","country_code":"IS"},"geometry":{"type":"Point","coordinates":[-17.3333333331829,66.033333333436]}},{"type":"Feature","properties":{"node_id":"PORT-44090","node_type":"port","name":"YEYSK","wpi_number":"44090","harbour_size":"V","maximum_vessel":"M","cargo_wharf":true,"rail_connection":true,"provisions":true,"water":false,"fuel_oil":false,"gameplay_status":"candidate","source":"NGA-World-Port-Index","territory_id":"RU-05","country_code":"RU"},"geometry":{"type":"Point","coordinates":[38.2666666667631,46.7333333335306]}},{"type":"Feature","properties":{"node_id":"PORT-26340","node_type":"port","name":"LUNDE","wpi_number":"26340","harbour_size":"V","maximum_vessel":"L","cargo_wharf":true,"rail_connection":true,"provisions":true,"water":true,"fuel_oil":false,"gameplay_status":"candidate","source":"NGA-World-Port-Index","territory_id":"SE-03","country_code":"SE"},"geometry":{"type":"Point","coordinates":[17.8833333337552,62.8833333334813]}},{"type":"Feature","properties":{"node_id":"PORT-39310","node_type":"port","name":"PORTO TORRES","wpi_number":"39310","harbour_size":"S","maximum_vessel":"M","cargo_wharf":true,"rail_connection":true,"provisions":true,"water":true,"fuel_oil":true,"gameplay_status":"candidate","source":"NGA-World-Port-Index","territory_id":"IT-05","country_code":"IT"},"geometry":{"type":"Point","coordinates":[8.4000000003279,40.8333333332493]}},{"type":"Feature","properties":{"node_id":"PORT-34400","node_type":"port","name":"WATERFORD","wpi_number":"34400","harbour_size":"V","maximum_vessel":"L","cargo_wharf":true,"rail_connection":true,"provisions":true,"water":true,"fuel_oil":true,"gameplay_status":"candidate","source":"NGA-World-Port-Index","territory_id":"IE-02","country_code":"IE"},"geometry":{"type":"Point","coordinates":[-7.11666666685714,52.2666666667565]}},{"type":"Feature","properties":{"node_id":"PORT-43565","node_type":"port","name":"DANUBE-BLACK SEA CANAL","wpi_number":"43565","harbour_size":"M","maximum_vessel":null,"cargo_wharf":true,"rail_connection":false,"provisions":false,"water":true,"fuel_oil":false,"gameplay_status":"candidate","source":"NGA-World-Port-Index","territory_id":"RO-03","country_code":"RO"},"geometry":{"type":"Point","coordinates":[28.1833333331199,44.2666666667398]}},{"type":"Feature","properties":{"node_id":"PORT-24570","node_type":"port","name":"KALMAR","wpi_number":"24570","harbour_size":"V","maximum_vessel":"M","cargo_wharf":true,"rail_connection":true,"provisions":true,"water":true,"fuel_oil":true,"gameplay_status":"candidate","source":"NGA-World-Port-Index","territory_id":"SE-02","country_code":"SE"},"geometry":{"type":"Point","coordinates":[16.3666666665177,56.6666666668252]}},{"type":"Feature","properties":{"node_id":"PORT-38440","node_type":"port","name":"ALICANTE","wpi_number":"38440","harbour_size":"M","maximum_vessel":"M","cargo_wharf":true,"rail_connection":true,"provisions":true,"water":true,"fuel_oil":true,"gameplay_status":"candidate","source":"NGA-World-Port-Index","territory_id":"ES-05","country_code":"ES"},"geometry":{"type":"Point","coordinates":[-0.483333333781759,38.3333333335904]}},{"type":"Feature","properties":{"node_id":"PORT-37670","node_type":"port","name":"RIBADEO","wpi_number":"37670","harbour_size":"V","maximum_vessel":"L","cargo_wharf":true,"rail_connection":true,"provisions":true,"water":true,"fuel_oil":true,"gameplay_status":"candidate","source":"NGA-World-Port-Index","territory_id":"ES-01","country_code":"ES"},"geometry":{"type":"Point","coordinates":[-7.0333333329199,43.5333333331871]}},{"type":"Feature","properties":{"node_id":"PORT-39210","node_type":"port","name":"CAGLIARI","wpi_number":"39210","harbour_size":"S","maximum_vessel":"L","cargo_wharf":true,"rail_connection":true,"provisions":true,"water":true,"fuel_oil":true,"gameplay_status":"candidate","source":"NGA-World-Port-Index","territory_id":"IT-05","country_code":"IT"},"geometry":{"type":"Point","coordinates":[9.116666666978,39.2166666665184]}},{"type":"Feature","properties":{"node_id":"PORT-44610","node_type":"port","name":"DERINCE BURNU","wpi_number":"44610","harbour_size":"S","maximum_vessel":"L","cargo_wharf":true,"rail_connection":true,"provisions":true,"water":true,"fuel_oil":true,"gameplay_status":"candidate","source":"NGA-World-Port-Index","territory_id":"TR-01","country_code":"TR"},"geometry":{"type":"Point","coordinates":[29.8166666667915,40.7500000002093]}},{"type":"Feature","properties":{"node_id":"PORT-62910","node_type":"port","name":"OSTROVNOY GREMIKHA","wpi_number":"62910","harbour_size":"S","maximum_vessel":null,"cargo_wharf":true,"rail_connection":false,"provisions":true,"water":true,"fuel_oil":true,"gameplay_status":"candidate","source":"NGA-World-Port-Index","territory_id":"RU-02","country_code":"RU"},"geometry":{"type":"Point","coordinates":[39.5166666668386,68.0499999999236]}},{"type":"Feature","properties":{"node_id":"PORT-31375","node_type":"port","name":"ISLE OF GRAIN","wpi_number":"31375","harbour_size":"S","maximum_vessel":"L","cargo_wharf":true,"rail_connection":true,"provisions":false,"water":true,"fuel_oil":true,"gameplay_status":"candidate","source":"NGA-World-Port-Index","territory_id":"GB-04","country_code":"GB"},"geometry":{"type":"Point","coordinates":[0.700000000401607,51.4333333335614]}},{"type":"Feature","properties":{"node_id":"PORT-29600","node_type":"port","name":"STEGE","wpi_number":"29600","harbour_size":"V","maximum_vessel":"M","cargo_wharf":false,"rail_connection":true,"provisions":false,"water":true,"fuel_oil":true,"gameplay_status":"candidate","source":"NGA-World-Port-Index","territory_id":"DK-02","country_code":"DK"},"geometry":{"type":"Point","coordinates":[12.2833333332371,54.9833333335873]}},{"type":"Feature","properties":{"node_id":"PORT-23080","node_type":"port","name":"HOMMELVIK","wpi_number":"23080","harbour_size":"V","maximum_vessel":"M","cargo_wharf":true,"rail_connection":true,"provisions":true,"water":true,"fuel_oil":true,"gameplay_status":"candidate","source":"NGA-World-Port-Index","territory_id":"NO-02","country_code":"NO"},"geometry":{"type":"Point","coordinates":[10.8000000002932,63.4166666666783]}},{"type":"Feature","properties":{"node_id":"PORT-38720","node_type":"port","name":"PORT-VENDRES","wpi_number":"38720","harbour_size":"S","maximum_vessel":"M","cargo_wharf":true,"rail_connection":true,"provisions":true,"water":true,"fuel_oil":true,"gameplay_status":"candidate","source":"NGA-World-Port-Index","territory_id":"FR-06","country_code":"FR"},"geometry":{"type":"Point","coordinates":[3.11666666661545,42.5166666669185]}},{"type":"Feature","properties":{"node_id":"PORT-30810","node_type":"port","name":"BREMERHAVEN","wpi_number":"30810","harbour_size":"L","maximum_vessel":"M","cargo_wharf":true,"rail_connection":true,"provisions":true,"water":true,"fuel_oil":true,"gameplay_status":"candidate","source":"NGA-World-Port-Index","territory_id":"DE-01","country_code":"DE"},"geometry":{"type":"Point","coordinates":[8.58333333355254,53.5333333334719]}},{"type":"Feature","properties":{"node_id":"PORT-43625","node_type":"port","name":"IZMAYIL","wpi_number":"43625","harbour_size":"V","maximum_vessel":"M","cargo_wharf":true,"rail_connection":false,"provisions":true,"water":true,"fuel_oil":true,"gameplay_status":"candidate","source":"NGA-World-Port-Index","territory_id":"UA-04","country_code":"UA"},"geometry":{"type":"Point","coordinates":[28.8500000001263,45.3333333331922]}},{"type":"Feature","properties":{"node_id":"PORT-23640","node_type":"port","name":"KRAGERO","wpi_number":"23640","harbour_size":"V","maximum_vessel":"L","cargo_wharf":true,"rail_connection":false,"provisions":true,"water":true,"fuel_oil":true,"gameplay_status":"candidate","source":"NGA-World-Port-Index","territory_id":"NO-01","country_code":"NO"},"geometry":{"type":"Point","coordinates":[9.41666666663679,58.8666666666388]}},{"type":"Feature","properties":{"node_id":"PORT-29660","node_type":"port","name":"SAKSKOBING","wpi_number":"29660","harbour_size":"S","maximum_vessel":"M","cargo_wharf":true,"rail_connection":true,"provisions":false,"water":true,"fuel_oil":true,"gameplay_status":"candidate","source":"NGA-World-Port-Index","territory_id":"DK-02","country_code":"DK"},"geometry":{"type":"Point","coordinates":[11.6333333333775,54.8000000001204]}},{"type":"Feature","properties":{"node_id":"PORT-38030","node_type":"port","name":"FARO","wpi_number":"38030","harbour_size":"V","maximum_vessel":"M","cargo_wharf":true,"rail_connection":false,"provisions":false,"water":true,"fuel_oil":false,"gameplay_status":"candidate","source":"NGA-World-Port-Index","territory_id":"PT-02","country_code":"PT"},"geometry":{"type":"Point","coordinates":[-7.93333333369293,37.0333333336108]}},{"type":"Feature","properties":{"node_id":"PORT-39070","node_type":"port","name":"PORTO VECCHIO","wpi_number":"39070","harbour_size":"V","maximum_vessel":null,"cargo_wharf":true,"rail_connection":false,"provisions":false,"water":true,"fuel_oil":false,"gameplay_status":"candidate","source":"NGA-World-Port-Index","territory_id":"FR-06","country_code":"FR"},"geometry":{"type":"Point","coordinates":[9.28333333305585,41.58333333313]}},{"type":"Feature","properties":{"node_id":"PORT-34480","node_type":"port","name":"DUBLIN","wpi_number":"34480","harbour_size":"M","maximum_vessel":"L","cargo_wharf":true,"rail_connection":true,"provisions":true,"water":true,"fuel_oil":true,"gameplay_status":"candidate","source":"NGA-World-Port-Index","territory_id":"IE-02","country_code":"IE"},"geometry":{"type":"Point","coordinates":[-6.25000000037764,53.3500000000034]}},{"type":"Feature","properties":{"node_id":"PORT-32360","node_type":"port","name":"PORTMAHOMACK HARBOR","wpi_number":"32360","harbour_size":"S","maximum_vessel":null,"cargo_wharf":false,"rail_connection":false,"provisions":true,"water":false,"fuel_oil":false,"gameplay_status":"candidate","source":"NGA-World-Port-Index","territory_id":"GB-01","country_code":"GB"},"geometry":{"type":"Point","coordinates":[-3.83333333326551,57.8333333334672]}},{"type":"Feature","properties":{"node_id":"PORT-32290","node_type":"port","name":"BUCKIE HARBOR","wpi_number":"32290","harbour_size":"V","maximum_vessel":"M","cargo_wharf":true,"rail_connection":false,"provisions":true,"water":true,"fuel_oil":true,"gameplay_status":"candidate","source":"NGA-World-Port-Index","territory_id":"GB-01","country_code":"GB"},"geometry":{"type":"Point","coordinates":[-2.96666666678605,57.6833333335118]}},{"type":"Feature","properties":{"node_id":"PORT-105","node_type":"port","name":"GRUNDARTANGI","wpi_number":"105","harbour_size":"M","maximum_vessel":"L","cargo_wharf":true,"rail_connection":false,"provisions":true,"water":true,"fuel_oil":true,"gameplay_status":"candidate","source":"NGA-World-Port-Index","territory_id":"IS-01","country_code":"IS"},"geometry":{"type":"Point","coordinates":[-22.000000000431,64.2666666666363]}},{"type":"Feature","properties":{"node_id":"PORT-26730","node_type":"port","name":"ORNSKOLDSVIK","wpi_number":"26730","harbour_size":"S","maximum_vessel":"M","cargo_wharf":true,"rail_connection":false,"provisions":false,"water":true,"fuel_oil":true,"gameplay_status":"candidate","source":"NGA-World-Port-Index","territory_id":"SE-03","country_code":"SE"},"geometry":{"type":"Point","coordinates":[18.7166666668394,63.2833333333735]}},{"type":"Feature","properties":{"node_id":"PORT-25550","node_type":"port","name":"SKUTSKAR","wpi_number":"25550","harbour_size":"S","maximum_vessel":"L","cargo_wharf":true,"rail_connection":true,"provisions":true,"water":true,"fuel_oil":true,"gameplay_status":"candidate","source":"NGA-World-Port-Index","territory_id":"SE-02","country_code":"SE"},"geometry":{"type":"Point","coordinates":[17.3999999999734,60.6499999997839]}},{"type":"Feature","properties":{"node_id":"PORT-25370","node_type":"port","name":"SANDHAMN","wpi_number":"25370","harbour_size":"V","maximum_vessel":"M","cargo_wharf":true,"rail_connection":false,"provisions":true,"water":true,"fuel_oil":true,"gameplay_status":"candidate","source":"NGA-World-Port-Index","territory_id":"SE-02","country_code":"SE"},"geometry":{"type":"Point","coordinates":[18.9166666663125,59.2833333333139]}},{"type":"Feature","properties":{"node_id":"PORT-21610","node_type":"port","name":"HARSTAD","wpi_number":"21610","harbour_size":"M","maximum_vessel":"M","cargo_wharf":true,"rail_connection":false,"provisions":false,"water":true,"fuel_oil":true,"gameplay_status":"candidate","source":"NGA-World-Port-Index","territory_id":"NO-03","country_code":"NO"},"geometry":{"type":"Point","coordinates":[16.5499999997424,68.8000000001485]}},{"type":"Feature","properties":{"node_id":"PORT-23905","node_type":"port","name":"BOVALLSTRAND","wpi_number":"23905","harbour_size":"V","maximum_vessel":"M","cargo_wharf":true,"rail_connection":false,"provisions":true,"water":true,"fuel_oil":false,"gameplay_status":"candidate","source":"NGA-World-Port-Index","territory_id":"SE-01","country_code":"SE"},"geometry":{"type":"Point","coordinates":[11.3333333337187,58.4833333333408]}},{"type":"Feature","properties":{"node_id":"PORT-23108","node_type":"port","name":"HAROYSUND","wpi_number":"23108","harbour_size":"S","maximum_vessel":null,"cargo_wharf":true,"rail_connection":false,"provisions":false,"water":true,"fuel_oil":true,"gameplay_status":"candidate","source":"NGA-World-Port-Index","territory_id":"NO-02","country_code":"NO"},"geometry":{"type":"Point","coordinates":[6.96666666702774,62.9000000000634]}},{"type":"Feature","properties":{"node_id":"PORT-28240","node_type":"port","name":"HAMINA","wpi_number":"28240","harbour_size":"S","maximum_vessel":"L","cargo_wharf":true,"rail_connection":true,"provisions":true,"water":true,"fuel_oil":true,"gameplay_status":"candidate","source":"NGA-World-Port-Index","territory_id":"FI-01","country_code":"FI"},"geometry":{"type":"Point","coordinates":[27.2000000002062,60.5666666666969]}},{"type":"Feature","properties":{"node_id":"PORT-39960","node_type":"port","name":"NAPOLI","wpi_number":"39960","harbour_size":"L","maximum_vessel":"L","cargo_wharf":true,"rail_connection":true,"provisions":true,"water":true,"fuel_oil":true,"gameplay_status":"candidate","source":"NGA-World-Port-Index","territory_id":"IT-03","country_code":"IT"},"geometry":{"type":"Point","coordinates":[14.2666666671095,40.8499999998943]}},{"type":"Feature","properties":{"node_id":"PORT-28900","node_type":"port","name":"NEUSTADT","wpi_number":"28900","harbour_size":"V","maximum_vessel":"M","cargo_wharf":true,"rail_connection":true,"provisions":true,"water":true,"fuel_oil":true,"gameplay_status":"candidate","source":"NGA-World-Port-Index","territory_id":"DE-01","country_code":"DE"},"geometry":{"type":"Point","coordinates":[10.8166666665417,54.1000000001188]}},{"type":"Feature","properties":{"node_id":"PORT-40790","node_type":"port","name":"MONFALCONE","wpi_number":"40790","harbour_size":"M","maximum_vessel":"L","cargo_wharf":true,"rail_connection":true,"provisions":true,"water":true,"fuel_oil":true,"gameplay_status":"candidate","source":"NGA-World-Port-Index","territory_id":"IT-01","country_code":"IT"},"geometry":{"type":"Point","coordinates":[13.5499999995611,45.7833333332946]}},{"type":"Feature","properties":{"node_id":"PORT-29085","node_type":"port","name":"NEKSO","wpi_number":"29085","harbour_size":"V","maximum_vessel":"M","cargo_wharf":false,"rail_connection":false,"provisions":true,"water":true,"fuel_oil":true,"gameplay_status":"candidate","source":"NGA-World-Port-Index","territory_id":"DK-02","country_code":"DK"},"geometry":{"type":"Point","coordinates":[15.133333333589,55.0666666668171]}},{"type":"Feature","properties":{"node_id":"PORT-29790","node_type":"port","name":"MARSTAL","wpi_number":"29790","harbour_size":"S","maximum_vessel":"M","cargo_wharf":false,"rail_connection":true,"provisions":true,"water":true,"fuel_oil":true,"gameplay_status":"candidate","source":"NGA-World-Port-Index","territory_id":"DK-01","country_code":"DK"},"geometry":{"type":"Point","coordinates":[10.3333333336583,54.9166666667187]}},{"type":"Feature","properties":{"node_id":"PORT-33030","node_type":"port","name":"TARBERT","wpi_number":"33030","harbour_size":"V","maximum_vessel":"M","cargo_wharf":true,"rail_connection":false,"provisions":true,"water":true,"fuel_oil":true,"gameplay_status":"candidate","source":"NGA-World-Port-Index","territory_id":"GB-01","country_code":"GB"},"geometry":{"type":"Point","coordinates":[-6.81666666630001,57.8999999999016]}},{"type":"Feature","properties":{"node_id":"PORT-28390","node_type":"port","name":"LOMONOSOV","wpi_number":"28390","harbour_size":"V","maximum_vessel":"M","cargo_wharf":true,"rail_connection":true,"provisions":false,"water":false,"fuel_oil":false,"gameplay_status":"candidate","source":"NGA-World-Port-Index","territory_id":"RU-02","country_code":"RU"},"geometry":{"type":"Point","coordinates":[29.7666666662495,59.9166666666084]}},{"type":"Feature","properties":{"node_id":"PORT-44270","node_type":"port","name":"ADLER","wpi_number":"44270","harbour_size":"V","maximum_vessel":"M","cargo_wharf":false,"rail_connection":true,"provisions":true,"water":true,"fuel_oil":true,"gameplay_status":"candidate","source":"NGA-World-Port-Index","territory_id":"RU-05","country_code":"RU"},"geometry":{"type":"Point","coordinates":[39.9333333329316,43.4333333330742]}},{"type":"Feature","properties":{"node_id":"PORT-31310","node_type":"port","name":"OOSTENDE","wpi_number":"31310","harbour_size":"S","maximum_vessel":"M","cargo_wharf":true,"rail_connection":true,"provisions":true,"water":true,"fuel_oil":true,"gameplay_status":"candidate","source":"NGA-World-Port-Index","territory_id":"BE-01","country_code":"BE"},"geometry":{"type":"Point","coordinates":[2.91666666624402,51.2333333333908]}},{"type":"Feature","properties":{"node_id":"PORT-23195","node_type":"port","name":"TRANNESET","wpi_number":"23195","harbour_size":"S","maximum_vessel":"L","cargo_wharf":true,"rail_connection":true,"provisions":false,"water":true,"fuel_oil":true,"gameplay_status":"candidate","source":"NGA-World-Port-Index","territory_id":"NO-01","country_code":"NO"},"geometry":{"type":"Point","coordinates":[5.01666666655058,60.416666666719]}},{"type":"Feature","properties":{"node_id":"PORT-37900","node_type":"port","name":"VIGO","wpi_number":"37900","harbour_size":"M","maximum_vessel":"M","cargo_wharf":true,"rail_connection":true,"provisions":true,"water":true,"fuel_oil":true,"gameplay_status":"candidate","source":"NGA-World-Port-Index","territory_id":"ES-01","country_code":"ES"},"geometry":{"type":"Point","coordinates":[-8.71666666623515,42.2333333331449]}},{"type":"Feature","properties":{"node_id":"PORT-40200","node_type":"port","name":"PORTO EMPEDOCLE","wpi_number":"40200","harbour_size":"V","maximum_vessel":"L","cargo_wharf":true,"rail_connection":true,"provisions":false,"water":true,"fuel_oil":true,"gameplay_status":"candidate","source":"NGA-World-Port-Index","territory_id":"IT-04","country_code":"IT"},"geometry":{"type":"Point","coordinates":[13.5333333333127,37.2833333332012]}},{"type":"Feature","properties":{"node_id":"PORT-35100","node_type":"port","name":"BRIDGWATER","wpi_number":"35100","harbour_size":"V","maximum_vessel":"M","cargo_wharf":true,"rail_connection":true,"provisions":false,"water":true,"fuel_oil":true,"gameplay_status":"candidate","source":"NGA-World-Port-Index","territory_id":"GB-04","country_code":"GB"},"geometry":{"type":"Point","coordinates":[-3.00000000018126,51.1333333333939]}},{"type":"Feature","properties":{"node_id":"PORT-29546","node_type":"port","name":"GULFHAVEN","wpi_number":"29546","harbour_size":"V","maximum_vessel":"M","cargo_wharf":true,"rail_connection":true,"provisions":false,"water":true,"fuel_oil":false,"gameplay_status":"candidate","source":"NGA-World-Port-Index","territory_id":"DK-02","country_code":"DK"},"geometry":{"type":"Point","coordinates":[11.2666666669282,55.2000000002404]}},{"type":"Feature","properties":{"node_id":"PORT-42550","node_type":"port","name":"YERAKINI","wpi_number":"42550","harbour_size":"V","maximum_vessel":"M","cargo_wharf":false,"rail_connection":true,"provisions":true,"water":true,"fuel_oil":false,"gameplay_status":"candidate","source":"NGA-World-Port-Index","territory_id":"GR-01","country_code":"GR"},"geometry":{"type":"Point","coordinates":[23.4666666662281,40.2666666664964]}},{"type":"Feature","properties":{"node_id":"PORT-27330","node_type":"port","name":"SANDVIK","wpi_number":"27330","harbour_size":"V","maximum_vessel":"M","cargo_wharf":true,"rail_connection":false,"provisions":true,"water":true,"fuel_oil":true,"gameplay_status":"candidate","source":"NGA-World-Port-Index","territory_id":"SE-03","country_code":"SE"},"geometry":{"type":"Point","coordinates":[23.7666666667852,65.7333333334301]}},{"type":"Feature","properties":{"node_id":"PORT-62775","node_type":"port","name":"MEZEN","wpi_number":"62775","harbour_size":"S","maximum_vessel":"M","cargo_wharf":true,"rail_connection":true,"provisions":false,"water":true,"fuel_oil":true,"gameplay_status":"candidate","source":"NGA-World-Port-Index","territory_id":"RU-02","country_code":"RU"},"geometry":{"type":"Point","coordinates":[44.1833333331884,65.8333333332163]}},{"type":"Feature","properties":{"node_id":"PORT-27750","node_type":"port","name":"MANTYLUOTO","wpi_number":"27750","harbour_size":"M","maximum_vessel":"M","cargo_wharf":true,"rail_connection":true,"provisions":true,"water":true,"fuel_oil":true,"gameplay_status":"candidate","source":"NGA-World-Port-Index","territory_id":"FI-02","country_code":"FI"},"geometry":{"type":"Point","coordinates":[21.4833333332541,61.6000000002037]}},{"type":"Feature","properties":{"node_id":"PORT-30455","node_type":"port","name":"HANSTHOLM","wpi_number":"30455","harbour_size":"V","maximum_vessel":"M","cargo_wharf":false,"rail_connection":true,"provisions":true,"water":true,"fuel_oil":true,"gameplay_status":"candidate","source":"NGA-World-Port-Index","territory_id":"DK-01","country_code":"DK"},"geometry":{"type":"Point","coordinates":[8.599999999801,57.1333333335158]}},{"type":"Feature","properties":{"node_id":"PORT-29230","node_type":"port","name":"KOBENHAVN","wpi_number":"29230","harbour_size":"L","maximum_vessel":"L","cargo_wharf":true,"rail_connection":true,"provisions":false,"water":true,"fuel_oil":true,"gameplay_status":"candidate","source":"NGA-World-Port-Index","territory_id":"DK-02","country_code":"DK"},"geometry":{"type":"Point","coordinates":[12.6166666662911,55.7000000002354]}},{"type":"Feature","properties":{"node_id":"PORT-40620","node_type":"port","name":"ORTONA","wpi_number":"40620","harbour_size":"S","maximum_vessel":"M","cargo_wharf":true,"rail_connection":true,"provisions":false,"water":true,"fuel_oil":true,"gameplay_status":"candidate","source":"NGA-World-Port-Index","territory_id":"IT-03","country_code":"IT"},"geometry":{"type":"Point","coordinates":[14.4166666669389,42.3500000001317]}},{"type":"Feature","properties":{"node_id":"PORT-43390","node_type":"port","name":"TEKIRDAG","wpi_number":"43390","harbour_size":"V","maximum_vessel":"M","cargo_wharf":true,"rail_connection":false,"provisions":true,"water":true,"fuel_oil":true,"gameplay_status":"candidate","source":"NGA-World-Port-Index","territory_id":"TR-01","country_code":"TR"},"geometry":{"type":"Point","coordinates":[27.5166666670118,40.9833333330284]}},{"type":"Feature","properties":{"node_id":"PORT-32440","node_type":"port","name":"KIRKWALL","wpi_number":"32440","harbour_size":"V","maximum_vessel":"M","cargo_wharf":true,"rail_connection":false,"provisions":true,"water":true,"fuel_oil":true,"gameplay_status":"candidate","source":"NGA-World-Port-Index","territory_id":"GB-01","country_code":"GB"},"geometry":{"type":"Point","coordinates":[-2.96666666678605,58.9833333334087]}},{"type":"Feature","properties":{"node_id":"PORT-25640","node_type":"port","name":"VALLVIK","wpi_number":"25640","harbour_size":"S","maximum_vessel":null,"cargo_wharf":true,"rail_connection":true,"provisions":false,"water":true,"fuel_oil":false,"gameplay_status":"candidate","source":"NGA-World-Port-Index","territory_id":"SE-02","country_code":"SE"},"geometry":{"type":"Point","coordinates":[17.1666666671051,61.183333333224]}},{"type":"Feature","properties":{"node_id":"PORT-23450","node_type":"port","name":"KOPERVIK","wpi_number":"23450","harbour_size":"V","maximum_vessel":null,"cargo_wharf":true,"rail_connection":false,"provisions":false,"water":true,"fuel_oil":true,"gameplay_status":"candidate","source":"NGA-World-Port-Index","territory_id":"NO-01","country_code":"NO"},"geometry":{"type":"Point","coordinates":[5.3166666671077,59.2833333333139]}},{"type":"Feature","properties":{"node_id":"PORT-25800","node_type":"port","name":"STOCKA","wpi_number":"25800","harbour_size":"V","maximum_vessel":null,"cargo_wharf":true,"rail_connection":true,"provisions":true,"water":true,"fuel_oil":true,"gameplay_status":"candidate","source":"NGA-World-Port-Index","territory_id":"SE-02","country_code":"SE"},"geometry":{"type":"Point","coordinates":[17.3500000003297,61.9000000002081]}},{"type":"Feature","properties":{"node_id":"PORT-42840","node_type":"port","name":"NEON KARLOVAS","wpi_number":"42840","harbour_size":"S","maximum_vessel":"M","cargo_wharf":true,"rail_connection":false,"provisions":false,"water":true,"fuel_oil":false,"gameplay_status":"candidate","source":"NGA-World-Port-Index","territory_id":"GR-03","country_code":"GR"},"geometry":{"type":"Point","coordinates":[26.6833333330293,37.8000000000575]}},{"type":"Feature","properties":{"node_id":"PORT-22790","node_type":"port","name":"HEMNESBERGET","wpi_number":"22790","harbour_size":"V","maximum_vessel":"M","cargo_wharf":true,"rail_connection":false,"provisions":false,"water":true,"fuel_oil":false,"gameplay_status":"candidate","source":"NGA-World-Port-Index","territory_id":"NO-03","country_code":"NO"},"geometry":{"type":"Point","coordinates":[13.6166666663516,66.2333333332806]}},{"type":"Feature","properties":{"node_id":"PORT-21140","node_type":"port","name":"TALVIK","wpi_number":"21140","harbour_size":"V","maximum_vessel":"M","cargo_wharf":true,"rail_connection":false,"provisions":true,"water":true,"fuel_oil":false,"gameplay_status":"candidate","source":"NGA-World-Port-Index","territory_id":"NO-03","country_code":"NO"},"geometry":{"type":"Point","coordinates":[22.9666666670962,70.0499999999616]}},{"type":"Feature","properties":{"node_id":"PORT-20695","node_type":"port","name":"BATSFJORDEN","wpi_number":"20695","harbour_size":"S","maximum_vessel":"M","cargo_wharf":true,"rail_connection":false,"provisions":false,"water":true,"fuel_oil":true,"gameplay_status":"candidate","source":"NGA-World-Port-Index","territory_id":"NO-03","country_code":"NO"},"geometry":{"type":"Point","coordinates":[29.7333333337525,70.6333333331965]}},{"type":"Feature","properties":{"node_id":"PORT-34990","node_type":"port","name":"BARRY","wpi_number":"34990","harbour_size":"M","maximum_vessel":"M","cargo_wharf":true,"rail_connection":true,"provisions":false,"water":true,"fuel_oil":true,"gameplay_status":"candidate","source":"NGA-World-Port-Index","territory_id":"GB-05","country_code":"GB"},"geometry":{"type":"Point","coordinates":[-3.26666666644484,51.4000000002099]}},{"type":"Feature","properties":{"node_id":"PORT-35732","node_type":"port","name":"DUNKERQUE PORT OUEST","wpi_number":"35732","harbour_size":"M","maximum_vessel":"L","cargo_wharf":true,"rail_connection":true,"provisions":false,"water":true,"fuel_oil":true,"gameplay_status":"candidate","source":"NGA-World-Port-Index","territory_id":"FR-02","country_code":"FR"},"geometry":{"type":"Point","coordinates":[2.35000000032165,51.0666666668776]}},{"type":"Feature","properties":{"node_id":"PORT-33390","node_type":"port","name":"GREENOCK","wpi_number":"33390","harbour_size":"M","maximum_vessel":"L","cargo_wharf":true,"rail_connection":true,"provisions":true,"water":true,"fuel_oil":true,"gameplay_status":"candidate","source":"NGA-World-Port-Index","territory_id":"GB-01","country_code":"GB"},"geometry":{"type":"Point","coordinates":[-4.75000000028703,55.9499999997652]}},{"type":"Feature","properties":{"node_id":"PORT-37940","node_type":"port","name":"VIANA DO CASTELO","wpi_number":"37940","harbour_size":"S","maximum_vessel":"L","cargo_wharf":false,"rail_connection":true,"provisions":true,"water":true,"fuel_oil":true,"gameplay_status":"candidate","source":"NGA-World-Port-Index","territory_id":"PT-01","country_code":"PT"},"geometry":{"type":"Point","coordinates":[-8.83333333356763,41.7000000002866]}},{"type":"Feature","properties":{"node_id":"PORT-30710","node_type":"port","name":"BRUNSBUTTEL ELBAHAFEN","wpi_number":"30710","harbour_size":"V","maximum_vessel":"L","cargo_wharf":true,"rail_connection":true,"provisions":true,"water":true,"fuel_oil":true,"gameplay_status":"candidate","source":"NGA-World-Port-Index","territory_id":"DE-01","country_code":"DE"},"geometry":{"type":"Point","coordinates":[9.1666666666217,53.883333333472]}},{"type":"Feature","properties":{"node_id":"PORT-27580","node_type":"port","name":"NYKARLEBY","wpi_number":"27580","harbour_size":"V","maximum_vessel":"M","cargo_wharf":false,"rail_connection":true,"provisions":true,"water":true,"fuel_oil":true,"gameplay_status":"candidate","source":"NGA-World-Port-Index","territory_id":"FI-02","country_code":"FI"},"geometry":{"type":"Point","coordinates":[22.5333333329581,63.5166666666518]}},{"type":"Feature","properties":{"node_id":"PORT-42230","node_type":"port","name":"PIRAIEVS","wpi_number":"42230","harbour_size":"L","maximum_vessel":"L","cargo_wharf":true,"rail_connection":true,"provisions":true,"water":true,"fuel_oil":true,"gameplay_status":"candidate","source":"NGA-World-Port-Index","territory_id":"GR-02","country_code":"GR"},"geometry":{"type":"Point","coordinates":[23.6500000003511,37.9333333330209]}},{"type":"Feature","properties":{"node_id":"PORT-31668","node_type":"port","name":"NEW HOLLAND","wpi_number":"31668","harbour_size":"V","maximum_vessel":"M","cargo_wharf":true,"rail_connection":false,"provisions":true,"water":true,"fuel_oil":true,"gameplay_status":"candidate","source":"NGA-World-Port-Index","territory_id":"GB-02","country_code":"GB"},"geometry":{"type":"Point","coordinates":[-0.366666666449277,53.6999999998903]}},{"type":"Feature","properties":{"node_id":"PORT-36855","node_type":"port","name":"MONTOIR","wpi_number":"36855","harbour_size":"M","maximum_vessel":null,"cargo_wharf":false,"rail_connection":false,"provisions":false,"water":false,"fuel_oil":false,"gameplay_status":"candidate","source":"NGA-World-Port-Index","territory_id":"FR-01","country_code":"FR"},"geometry":{"type":"Point","coordinates":[-2.1333333337018,47.3000000002939]}},{"type":"Feature","properties":{"node_id":"PORT-32470","node_type":"port","name":"ST MARGARETS HOPE","wpi_number":"32470","harbour_size":"V","maximum_vessel":null,"cargo_wharf":false,"rail_connection":false,"provisions":true,"water":false,"fuel_oil":false,"gameplay_status":"candidate","source":"NGA-World-Port-Index","territory_id":"GB-01","country_code":"GB"},"geometry":{"type":"Point","coordinates":[-2.94999999963926,58.8333333333305]}},{"type":"Feature","properties":{"node_id":"PORT-42300","node_type":"port","name":"ORMOS MIKRO VATHI","wpi_number":"42300","harbour_size":"V","maximum_vessel":"M","cargo_wharf":true,"rail_connection":true,"provisions":false,"water":true,"fuel_oil":false,"gameplay_status":"candidate","source":"NGA-World-Port-Index","territory_id":"GR-02","country_code":"GR"},"geometry":{"type":"Point","coordinates":[23.5999999998091,38.4333333330851]}},{"type":"Feature","properties":{"node_id":"PORT-40270","node_type":"port","name":"CATANIA","wpi_number":"40270","harbour_size":"S","maximum_vessel":"M","cargo_wharf":true,"rail_connection":true,"provisions":false,"water":true,"fuel_oil":true,"gameplay_status":"candidate","source":"NGA-World-Port-Index","territory_id":"IT-04","country_code":"IT"},"geometry":{"type":"Point","coordinates":[15.1000000001938,37.5000000001664]}},{"type":"Feature","properties":{"node_id":"PORT-42420","node_type":"port","name":"KYMASSI","wpi_number":"42420","harbour_size":"V","maximum_vessel":null,"cargo_wharf":true,"rail_connection":false,"provisions":false,"water":true,"fuel_oil":false,"gameplay_status":"candidate","source":"NGA-World-Port-Index","territory_id":"GR-02","country_code":"GR"},"geometry":{"type":"Point","coordinates":[23.4666666662281,38.8333333334762]}},{"type":"Feature","properties":{"node_id":"PORT-31370","node_type":"port","name":"SHEERNESS","wpi_number":"31370","harbour_size":"V","maximum_vessel":"M","cargo_wharf":false,"rail_connection":true,"provisions":false,"water":true,"fuel_oil":true,"gameplay_status":"candidate","source":"NGA-World-Port-Index","territory_id":"GB-04","country_code":"GB"},"geometry":{"type":"Point","coordinates":[0.750000000045307,51.4500000001477]}},{"type":"Feature","properties":{"node_id":"PORT-35830","node_type":"port","name":"FECAMP","wpi_number":"35830","harbour_size":"S","maximum_vessel":"M","cargo_wharf":true,"rail_connection":true,"provisions":false,"water":true,"fuel_oil":true,"gameplay_status":"candidate","source":"NGA-World-Port-Index","territory_id":"FR-02","country_code":"FR"},"geometry":{"type":"Point","coordinates":[0.366666666449277,49.7666666666104]}},{"type":"Feature","properties":{"node_id":"PORT-39000","node_type":"port","name":"VILLEFRANCHE","wpi_number":"39000","harbour_size":"V","maximum_vessel":"M","cargo_wharf":true,"rail_connection":true,"provisions":true,"water":true,"fuel_oil":true,"gameplay_status":"candidate","source":"NGA-World-Port-Index","territory_id":"FR-06","country_code":"FR"},"geometry":{"type":"Point","coordinates":[7.31666666633023,43.700000000245]}},{"type":"Feature","properties":{"node_id":"PORT-31250","node_type":"port","name":"ANTWERPEN","wpi_number":"31250","harbour_size":"L","maximum_vessel":"M","cargo_wharf":true,"rail_connection":true,"provisions":true,"water":true,"fuel_oil":true,"gameplay_status":"candidate","source":"NGA-World-Port-Index","territory_id":"BE-01","country_code":"BE"},"geometry":{"type":"Point","coordinates":[4.40000000008621,51.2166666666824]}},{"type":"Feature","properties":{"node_id":"PORT-42160","node_type":"port","name":"MEGARA OIL TERMINAL","wpi_number":"42160","harbour_size":"V","maximum_vessel":"L","cargo_wharf":true,"rail_connection":true,"provisions":false,"water":false,"fuel_oil":false,"gameplay_status":"candidate","source":"NGA-World-Port-Index","territory_id":"GR-02","country_code":"GR"},"geometry":{"type":"Point","coordinates":[23.400000000336,37.9666666666484]}},{"type":"Feature","properties":{"node_id":"PORT-39220","node_type":"port","name":"PORTO PONTE ROMANO","wpi_number":"39220","harbour_size":"V","maximum_vessel":null,"cargo_wharf":true,"rail_connection":true,"provisions":true,"water":true,"fuel_oil":false,"gameplay_status":"candidate","source":"NGA-World-Port-Index","territory_id":"IT-05","country_code":"IT"},"geometry":{"type":"Point","coordinates":[8.46666666622006,39.0500000001734]}},{"type":"Feature","properties":{"node_id":"PORT-31020","node_type":"port","name":"DEN HELDER","wpi_number":"31020","harbour_size":"S","maximum_vessel":"M","cargo_wharf":true,"rail_connection":true,"provisions":true,"water":true,"fuel_oil":true,"gameplay_status":"candidate","source":"NGA-World-Port-Index","territory_id":"NL-01","country_code":"NL"},"geometry":{"type":"Point","coordinates":[4.78333333368224,52.9666666668988]}},{"type":"Feature","properties":{"node_id":"PORT-31830","node_type":"port","name":"WARKWORTH HARBOUR","wpi_number":"31830","harbour_size":"V","maximum_vessel":null,"cargo_wharf":false,"rail_connection":true,"provisions":true,"water":false,"fuel_oil":false,"gameplay_status":"candidate","source":"NGA-World-Port-Index","territory_id":"GB-02","country_code":"GB"},"geometry":{"type":"Point","coordinates":[-1.58333333312956,55.3333333334361]}},{"type":"Feature","properties":{"node_id":"PORT-33160","node_type":"port","name":"LOCHALINE","wpi_number":"33160","harbour_size":"V","maximum_vessel":"M","cargo_wharf":true,"rail_connection":false,"provisions":true,"water":true,"fuel_oil":false,"gameplay_status":"candidate","source":"NGA-World-Port-Index","territory_id":"GB-01","country_code":"GB"},"geometry":{"type":"Point","coordinates":[-5.76666666659588,56.5500000001741]}},{"type":"Feature","properties":{"node_id":"PORT-29930","node_type":"port","name":"ASSENS","wpi_number":"29930","harbour_size":"S","maximum_vessel":"M","cargo_wharf":false,"rail_connection":true,"provisions":true,"water":true,"fuel_oil":true,"gameplay_status":"candidate","source":"NGA-World-Port-Index","territory_id":"DK-01","country_code":"DK"},"geometry":{"type":"Point","coordinates":[9.88333333327176,55.2666666667383]}},{"type":"Feature","properties":{"node_id":"PORT-37560","node_type":"port","name":"GIJON","wpi_number":"37560","harbour_size":"S","maximum_vessel":"M","cargo_wharf":false,"rail_connection":true,"provisions":true,"water":true,"fuel_oil":true,"gameplay_status":"candidate","source":"NGA-World-Port-Index","territory_id":"ES-01","country_code":"ES"},"geometry":{"type":"Point","coordinates":[-5.66666666641019,43.5500000002463]}},{"type":"Feature","properties":{"node_id":"PORT-35480","node_type":"port","name":"POOLE HARBOUR","wpi_number":"35480","harbour_size":"S","maximum_vessel":"M","cargo_wharf":false,"rail_connection":true,"provisions":false,"water":true,"fuel_oil":true,"gameplay_status":"candidate","source":"NGA-World-Port-Index","territory_id":"GB-04","country_code":"GB"},"geometry":{"type":"Point","coordinates":[-1.94999999957883,50.6833333331097]}},{"type":"Feature","properties":{"node_id":"PORT-25280","node_type":"port","name":"OXELOSUND","wpi_number":"25280","harbour_size":"S","maximum_vessel":"M","cargo_wharf":true,"rail_connection":true,"provisions":true,"water":true,"fuel_oil":true,"gameplay_status":"candidate","source":"NGA-World-Port-Index","territory_id":"SE-02","country_code":"SE"},"geometry":{"type":"Point","coordinates":[17.1166666665631,58.6666666665544]}},{"type":"Feature","properties":{"node_id":"PORT-23510","node_type":"port","name":"FLEKKEFJORDEN","wpi_number":"23510","harbour_size":"S","maximum_vessel":"M","cargo_wharf":true,"rail_connection":true,"provisions":true,"water":true,"fuel_oil":true,"gameplay_status":"candidate","source":"NGA-World-Port-Index","territory_id":"NO-01","country_code":"NO"},"geometry":{"type":"Point","coordinates":[6.66666666647062,58.3000000001202]}},{"type":"Feature","properties":{"node_id":"PORT-38375","node_type":"port","name":"MOTRIL","wpi_number":"38375","harbour_size":"V","maximum_vessel":"M","cargo_wharf":true,"rail_connection":false,"provisions":true,"water":true,"fuel_oil":true,"gameplay_status":"candidate","source":"NGA-World-Port-Index","territory_id":"ES-06","country_code":"ES"},"geometry":{"type":"Point","coordinates":[-3.51666666645993,36.7500000000508]}},{"type":"Feature","properties":{"node_id":"PORT-35330","node_type":"port","name":"PAR","wpi_number":"35330","harbour_size":"V","maximum_vessel":"M","cargo_wharf":true,"rail_connection":true,"provisions":true,"water":true,"fuel_oil":true,"gameplay_status":"candidate","source":"NGA-World-Port-Index","territory_id":"GB-04","country_code":"GB"},"geometry":{"type":"Point","coordinates":[-4.699999999745,50.3499999997769]}},{"type":"Feature","properties":{"node_id":"PORT-32590","node_type":"port","name":"SCALLOWAY","wpi_number":"32590","harbour_size":"V","maximum_vessel":"M","cargo_wharf":true,"rail_connection":false,"provisions":true,"water":true,"fuel_oil":true,"gameplay_status":"candidate","source":"NGA-World-Port-Index","territory_id":"GB-01","country_code":"GB"},"geometry":{"type":"Point","coordinates":[-1.28333333347077,60.1333333334032]}},{"type":"Feature","properties":{"node_id":"PORT-40060","node_type":"port","name":"VIBO VALENTIA MARINA","wpi_number":"40060","harbour_size":"V","maximum_vessel":"M","cargo_wharf":true,"rail_connection":true,"provisions":false,"water":true,"fuel_oil":true,"gameplay_status":"candidate","source":"NGA-World-Port-Index","territory_id":"IT-03","country_code":"IT"},"geometry":{"type":"Point","coordinates":[16.1333333336494,38.7166666666626]}},{"type":"Feature","properties":{"node_id":"PORT-36680","node_type":"port","name":"LORIENT","wpi_number":"36680","harbour_size":"M","maximum_vessel":"M","cargo_wharf":true,"rail_connection":true,"provisions":true,"water":true,"fuel_oil":true,"gameplay_status":"candidate","source":"NGA-World-Port-Index","territory_id":"FR-01","country_code":"FR"},"geometry":{"type":"Point","coordinates":[-3.35000000038208,47.7500000000165]}},{"type":"Feature","properties":{"node_id":"PORT-30695","node_type":"port","name":"BUSUM","wpi_number":"30695","harbour_size":"V","maximum_vessel":"M","cargo_wharf":true,"rail_connection":false,"provisions":false,"water":true,"fuel_oil":false,"gameplay_status":"candidate","source":"NGA-World-Port-Index","territory_id":"DE-01","country_code":"DE"},"geometry":{"type":"Point","coordinates":[8.86666666696287,54.1333333332553]}},{"type":"Feature","properties":{"node_id":"PORT-33560","node_type":"port","name":"AYR","wpi_number":"33560","harbour_size":"V","maximum_vessel":"M","cargo_wharf":true,"rail_connection":true,"provisions":false,"water":true,"fuel_oil":true,"gameplay_status":"candidate","source":"NGA-World-Port-Index","territory_id":"GB-01","country_code":"GB"},"geometry":{"type":"Point","coordinates":[-4.63333333295455,55.4666666668964]}},{"type":"Feature","properties":{"node_id":"PORT-38220","node_type":"port","name":"HUELVA","wpi_number":"38220","harbour_size":"M","maximum_vessel":"M","cargo_wharf":true,"rail_connection":true,"provisions":true,"water":true,"fuel_oil":true,"gameplay_status":"candidate","source":"NGA-World-Port-Index","territory_id":"ES-06","country_code":"ES"},"geometry":{"type":"Point","coordinates":[-6.94999999988095,37.2499999997892]}},{"type":"Feature","properties":{"node_id":"PORT-42980","node_type":"port","name":"NISOS NAXOS","wpi_number":"42980","harbour_size":"V","maximum_vessel":"M","cargo_wharf":false,"rail_connection":false,"provisions":true,"water":false,"fuel_oil":true,"gameplay_status":"candidate","source":"NGA-World-Port-Index","territory_id":"GR-03","country_code":"GR"},"geometry":{"type":"Point","coordinates":[25.3666666670616,37.1000000002431]}},{"type":"Feature","properties":{"node_id":"PORT-38810","node_type":"port","name":"MARSEILLE","wpi_number":"38810","harbour_size":"S","maximum_vessel":"L","cargo_wharf":true,"rail_connection":true,"provisions":true,"water":true,"fuel_oil":true,"gameplay_status":"candidate","source":"NGA-World-Port-Index","territory_id":"FR-06","country_code":"FR"},"geometry":{"type":"Point","coordinates":[5.3666666667514,43.316666666749]}},{"type":"Feature","properties":{"node_id":"PORT-21920","node_type":"port","name":"BRETTESNES","wpi_number":"21920","harbour_size":"V","maximum_vessel":"M","cargo_wharf":true,"rail_connection":false,"provisions":true,"water":true,"fuel_oil":true,"gameplay_status":"candidate","source":"NGA-World-Port-Index","territory_id":"NO-03","country_code":"NO"},"geometry":{"type":"Point","coordinates":[14.8500000001786,68.2333333334217]}},{"type":"Feature","properties":{"node_id":"PORT-31610","node_type":"port","name":"KING'S LYNN","wpi_number":"31610","harbour_size":"S","maximum_vessel":"M","cargo_wharf":true,"rail_connection":true,"provisions":true,"water":true,"fuel_oil":true,"gameplay_status":"candidate","source":"NGA-World-Port-Index","territory_id":"GB-04","country_code":"GB"},"geometry":{"type":"Point","coordinates":[0.39999999984452,52.7499999999019]}},{"type":"Feature","properties":{"node_id":"PORT-28140","node_type":"port","name":"HANKO","wpi_number":"28140","harbour_size":"S","maximum_vessel":"M","cargo_wharf":true,"rail_connection":true,"provisions":false,"water":true,"fuel_oil":true,"gameplay_status":"candidate","source":"NGA-World-Port-Index","territory_id":"FI-01","country_code":"FI"},"geometry":{"type":"Point","coordinates":[22.9499999999495,59.81666666658]}},{"type":"Feature","properties":{"node_id":"PORT-28840","node_type":"port","name":"SASSNITZ","wpi_number":"28840","harbour_size":"V","maximum_vessel":"L","cargo_wharf":true,"rail_connection":true,"provisions":true,"water":true,"fuel_oil":true,"gameplay_status":"candidate","source":"NGA-World-Port-Index","territory_id":"DE-04","country_code":"DE"},"geometry":{"type":"Point","coordinates":[13.6499999997468,54.5166666666341]}},{"type":"Feature","properties":{"node_id":"PORT-42340","node_type":"port","name":"ORMOS ALIVERIOU","wpi_number":"42340","harbour_size":"M","maximum_vessel":"M","cargo_wharf":true,"rail_connection":false,"provisions":false,"water":true,"fuel_oil":true,"gameplay_status":"candidate","source":"NGA-World-Port-Index","territory_id":"GR-02","country_code":"GR"},"geometry":{"type":"Point","coordinates":[24.0500000001956,38.3833333330089]}},{"type":"Feature","properties":{"node_id":"PORT-39520","node_type":"port","name":"LA SPEZIA","wpi_number":"39520","harbour_size":"M","maximum_vessel":"L","cargo_wharf":true,"rail_connection":true,"provisions":true,"water":true,"fuel_oil":true,"gameplay_status":"candidate","source":"NGA-World-Port-Index","territory_id":"IT-01","country_code":"IT"},"geometry":{"type":"Point","coordinates":[9.83333333362806,44.1000000000058]}},{"type":"Feature","properties":{"node_id":"PORT-43670","node_type":"port","name":"MYKOLAYIV","wpi_number":"43670","harbour_size":"S","maximum_vessel":"L","cargo_wharf":true,"rail_connection":true,"provisions":false,"water":true,"fuel_oil":true,"gameplay_status":"candidate","source":"NGA-World-Port-Index","territory_id":"UA-04","country_code":"UA"},"geometry":{"type":"Point","coordinates":[31.9833333329902,46.9499999997898]}},{"type":"Feature","properties":{"node_id":"PORT-33250","node_type":"port","name":"OBAN","wpi_number":"33250","harbour_size":"S","maximum_vessel":null,"cargo_wharf":true,"rail_connection":true,"provisions":true,"water":true,"fuel_oil":true,"gameplay_status":"candidate","source":"NGA-World-Port-Index","territory_id":"GB-01","country_code":"GB"},"geometry":{"type":"Point","coordinates":[-5.46666666693709,56.4166666668299]}},{"type":"Feature","properties":{"node_id":"PORT-80","node_type":"port","name":"HAFNARFJORDUR","wpi_number":"80","harbour_size":"V","maximum_vessel":"L","cargo_wharf":true,"rail_connection":false,"provisions":true,"water":true,"fuel_oil":true,"gameplay_status":"candidate","source":"NGA-World-Port-Index","territory_id":"IS-01","country_code":"IS"},"geometry":{"type":"Point","coordinates":[-21.949999999889,64.066666666697]}},{"type":"Feature","properties":{"node_id":"PORT-32220","node_type":"port","name":"ABERDEEN","wpi_number":"32220","harbour_size":"M","maximum_vessel":"L","cargo_wharf":true,"rail_connection":true,"provisions":true,"water":true,"fuel_oil":true,"gameplay_status":"candidate","source":"NGA-World-Port-Index","territory_id":"GB-01","country_code":"GB"},"geometry":{"type":"Point","coordinates":[-2.08333333315977,57.1499999998332]}},{"type":"Feature","properties":{"node_id":"PORT-23055","node_type":"port","name":"STEINKJER","wpi_number":"23055","harbour_size":"V","maximum_vessel":"M","cargo_wharf":true,"rail_connection":true,"provisions":true,"water":true,"fuel_oil":true,"gameplay_status":"candidate","source":"NGA-World-Port-Index","territory_id":"NO-02","country_code":"NO"},"geometry":{"type":"Point","coordinates":[11.4999999997966,64.0166666668394]}},{"type":"Feature","properties":{"node_id":"PORT-27850","node_type":"port","name":"TOLKKINEN","wpi_number":"27850","harbour_size":"V","maximum_vessel":"M","cargo_wharf":false,"rail_connection":true,"provisions":false,"water":true,"fuel_oil":true,"gameplay_status":"candidate","source":"NGA-World-Port-Index","territory_id":"FI-01","country_code":"FI"},"geometry":{"type":"Point","coordinates":[25.5833333336814,60.0333333331799]}},{"type":"Feature","properties":{"node_id":"PORT-40480","node_type":"port","name":"GALLIPOLI","wpi_number":"40480","harbour_size":"M","maximum_vessel":"M","cargo_wharf":false,"rail_connection":true,"provisions":false,"water":true,"fuel_oil":true,"gameplay_status":"candidate","source":"NGA-World-Port-Index","territory_id":"IT-03","country_code":"IT"},"geometry":{"type":"Point","coordinates":[17.9833333330425,40.0500000000991]}},{"type":"Feature","properties":{"node_id":"PORT-39720","node_type":"port","name":"PORTOFERRAIO","wpi_number":"39720","harbour_size":"S","maximum_vessel":null,"cargo_wharf":true,"rail_connection":false,"provisions":false,"water":true,"fuel_oil":false,"gameplay_status":"candidate","source":"NGA-World-Port-Index","territory_id":"IT-02","country_code":"IT"},"geometry":{"type":"Point","coordinates":[10.3333333336583,42.8166666667373]}},{"type":"Feature","properties":{"node_id":"PORT-280","node_type":"port","name":"DALVIK","wpi_number":"280","harbour_size":"V","maximum_vessel":null,"cargo_wharf":true,"rail_connection":false,"provisions":false,"water":false,"fuel_oil":false,"gameplay_status":"candidate","source":"NGA-World-Port-Index","territory_id":"IS-01","country_code":"IS"},"geometry":{"type":"Point","coordinates":[-18.516666666468,65.983333333358]}},{"type":"Feature","properties":{"node_id":"PORT-43700","node_type":"port","name":"BELGOROD-DNESTROVSKY","wpi_number":"43700","harbour_size":"V","maximum_vessel":"M","cargo_wharf":true,"rail_connection":true,"provisions":false,"water":true,"fuel_oil":true,"gameplay_status":"candidate","source":"NGA-World-Port-Index","territory_id":"UA-04","country_code":"UA"},"geometry":{"type":"Point","coordinates":[30.3666666664654,46.1833333332854]}},{"type":"Feature","properties":{"node_id":"PORT-22120","node_type":"port","name":"DRAG","wpi_number":"22120","harbour_size":"V","maximum_vessel":"M","cargo_wharf":true,"rail_connection":false,"provisions":false,"water":false,"fuel_oil":false,"gameplay_status":"candidate","source":"NGA-World-Port-Index","territory_id":"NO-03","country_code":"NO"},"geometry":{"type":"Point","coordinates":[16.0833333331074,68.0499999999236]}},{"type":"Feature","properties":{"node_id":"PORT-35210","node_type":"port","name":"ST. MARY'S (SCILLY ISL.)","wpi_number":"35210","harbour_size":"S","maximum_vessel":"M","cargo_wharf":false,"rail_connection":true,"provisions":false,"water":true,"fuel_oil":false,"gameplay_status":"candidate","source":"NGA-World-Port-Index","territory_id":"GB-04","country_code":"GB"},"geometry":{"type":"Point","coordinates":[-6.3166666662698,49.9166666667546]}},{"type":"Feature","properties":{"node_id":"PORT-36110","node_type":"port","name":"GRANVILLE","wpi_number":"36110","harbour_size":"V","maximum_vessel":"M","cargo_wharf":false,"rail_connection":true,"provisions":false,"water":true,"fuel_oil":true,"gameplay_status":"candidate","source":"NGA-World-Port-Index","territory_id":"FR-01","country_code":"FR"},"geometry":{"type":"Point","coordinates":[-1.60000000027634,48.8333333334247]}},{"type":"Feature","properties":{"node_id":"PORT-40940","node_type":"port","name":"ROVINJ","wpi_number":"40940","harbour_size":"S","maximum_vessel":null,"cargo_wharf":true,"rail_connection":true,"provisions":true,"water":true,"fuel_oil":true,"gameplay_status":"candidate","source":"NGA-World-Port-Index","territory_id":"HR-02","country_code":"HR"},"geometry":{"type":"Point","coordinates":[13.6333333334984,45.0833333334051]}},{"type":"Feature","properties":{"node_id":"PORT-44000","node_type":"port","name":"BERDYANSK","wpi_number":"44000","harbour_size":"S","maximum_vessel":"M","cargo_wharf":true,"rail_connection":true,"provisions":true,"water":true,"fuel_oil":true,"gameplay_status":"candidate","source":"NGA-World-Port-Index","territory_id":"UA-03","country_code":"UA"},"geometry":{"type":"Point","coordinates":[36.7833333329209,46.7499999999407]}},{"type":"Feature","properties":{"node_id":"PORT-33830","node_type":"port","name":"LONDONDERRY","wpi_number":"33830","harbour_size":"M","maximum_vessel":"L","cargo_wharf":true,"rail_connection":true,"provisions":true,"water":true,"fuel_oil":true,"gameplay_status":"candidate","source":"NGA-World-Port-Index","territory_id":"GB-06","country_code":"GB"},"geometry":{"type":"Point","coordinates":[-7.31666666633023,55.0000000002515]}},{"type":"Feature","properties":{"node_id":"PORT-28770","node_type":"port","name":"USTKA","wpi_number":"28770","harbour_size":"S","maximum_vessel":"M","cargo_wharf":false,"rail_connection":true,"provisions":false,"water":true,"fuel_oil":true,"gameplay_status":"candidate","source":"NGA-World-Port-Index","territory_id":"PL-01","country_code":"PL"},"geometry":{"type":"Point","coordinates":[16.8500000002995,54.5833333335912]}},{"type":"Feature","properties":{"node_id":"PORT-24040","node_type":"port","name":"FALKENBERG","wpi_number":"24040","harbour_size":"M","maximum_vessel":"M","cargo_wharf":true,"rail_connection":true,"provisions":true,"water":true,"fuel_oil":true,"gameplay_status":"candidate","source":"NGA-World-Port-Index","territory_id":"SE-01","country_code":"SE"},"geometry":{"type":"Point","coordinates":[12.499999999857,56.900000000233]}},{"type":"Feature","properties":{"node_id":"PORT-41800","node_type":"port","name":"MESOLONGION","wpi_number":"41800","harbour_size":"V","maximum_vessel":"M","cargo_wharf":true,"rail_connection":true,"provisions":false,"water":true,"fuel_oil":true,"gameplay_status":"candidate","source":"NGA-World-Port-Index","territory_id":"GR-02","country_code":"GR"},"geometry":{"type":"Point","coordinates":[21.4166666664636,38.3666666665272]}},{"type":"Feature","properties":{"node_id":"PORT-35850","node_type":"port","name":"PORT OF ROUEN","wpi_number":"35850","harbour_size":"L","maximum_vessel":"M","cargo_wharf":true,"rail_connection":true,"provisions":true,"water":true,"fuel_oil":true,"gameplay_status":"candidate","source":"NGA-World-Port-Index","territory_id":"FR-02","country_code":"FR"},"geometry":{"type":"Point","coordinates":[1.06666666685088,49.4500000002236]}},{"type":"Feature","properties":{"node_id":"PORT-43550","node_type":"port","name":"MANGALIA","wpi_number":"43550","harbour_size":"V","maximum_vessel":"M","cargo_wharf":true,"rail_connection":true,"provisions":false,"water":true,"fuel_oil":true,"gameplay_status":"candidate","source":"NGA-World-Port-Index","territory_id":"RO-03","country_code":"RO"},"geometry":{"type":"Point","coordinates":[28.5833333329644,43.8166666667749]}},{"type":"Feature","properties":{"node_id":"PORT-28620","node_type":"port","name":"VENTSPILS","wpi_number":"28620","harbour_size":"M","maximum_vessel":"M","cargo_wharf":true,"rail_connection":true,"provisions":true,"water":true,"fuel_oil":true,"gameplay_status":"candidate","source":"NGA-World-Port-Index","territory_id":"LV-01","country_code":"LV"},"geometry":{"type":"Point","coordinates":[21.5333333328977,57.3999999999337]}},{"type":"Feature","properties":{"node_id":"PORT-34690","node_type":"port","name":"LIVERPOOL","wpi_number":"34690","harbour_size":"L","maximum_vessel":"L","cargo_wharf":true,"rail_connection":true,"provisions":true,"water":true,"fuel_oil":true,"gameplay_status":"candidate","source":"NGA-World-Port-Index","territory_id":"GB-02","country_code":"GB"},"geometry":{"type":"Point","coordinates":[-3.00000000018126,53.4166666668015]}},{"type":"Feature","properties":{"node_id":"PORT-22760","node_type":"port","name":"MO INLET","wpi_number":"22760","harbour_size":"S","maximum_vessel":"L","cargo_wharf":true,"rail_connection":true,"provisions":true,"water":true,"fuel_oil":true,"gameplay_status":"candidate","source":"NGA-World-Port-Index","territory_id":"NO-03","country_code":"NO"},"geometry":{"type":"Point","coordinates":[14.1333333335286,66.3166666666681]}},{"type":"Feature","properties":{"node_id":"PORT-31530","node_type":"port","name":"HARWICH","wpi_number":"31530","harbour_size":"S","maximum_vessel":"L","cargo_wharf":true,"rail_connection":true,"provisions":false,"water":true,"fuel_oil":true,"gameplay_status":"candidate","source":"NGA-World-Port-Index","territory_id":"GB-04","country_code":"GB"},"geometry":{"type":"Point","coordinates":[1.28333333347077,51.949999999749]}},{"type":"Feature","properties":{"node_id":"PORT-24260","node_type":"port","name":"YSTAD","wpi_number":"24260","harbour_size":"S","maximum_vessel":"M","cargo_wharf":false,"rail_connection":true,"provisions":false,"water":true,"fuel_oil":true,"gameplay_status":"candidate","source":"NGA-World-Port-Index","territory_id":"SE-01","country_code":"SE"},"geometry":{"type":"Point","coordinates":[13.8333333329715,55.433333333424]}},{"type":"Feature","properties":{"node_id":"PORT-41850","node_type":"port","name":"PATRAI","wpi_number":"41850","harbour_size":"S","maximum_vessel":"L","cargo_wharf":true,"rail_connection":true,"provisions":true,"water":true,"fuel_oil":true,"gameplay_status":"candidate","source":"NGA-World-Port-Index","territory_id":"GR-02","country_code":"GR"},"geometry":{"type":"Point","coordinates":[21.7333333332691,38.2499999996519]}},{"type":"Feature","properties":{"node_id":"PORT-39110","node_type":"port","name":"CALVI","wpi_number":"39110","harbour_size":"V","maximum_vessel":"M","cargo_wharf":true,"rail_connection":true,"provisions":false,"water":true,"fuel_oil":false,"gameplay_status":"candidate","source":"NGA-World-Port-Index","territory_id":"FR-06","country_code":"FR"},"geometry":{"type":"Point","coordinates":[8.74999999963039,42.5666666669258]}},{"type":"Feature","properties":{"node_id":"PORT-41090","node_type":"port","name":"SENJ","wpi_number":"41090","harbour_size":"V","maximum_vessel":"M","cargo_wharf":true,"rail_connection":false,"provisions":false,"water":true,"fuel_oil":false,"gameplay_status":"candidate","source":"NGA-World-Port-Index","territory_id":"HR-02","country_code":"HR"},"geometry":{"type":"Point","coordinates":[14.8999999998223,44.9833333330764]}},{"type":"Feature","properties":{"node_id":"PORT-31945","node_type":"port","name":"BRAEFOOT BAY TERMINAL","wpi_number":"31945","harbour_size":"S","maximum_vessel":"M","cargo_wharf":false,"rail_connection":true,"provisions":false,"water":true,"fuel_oil":false,"gameplay_status":"candidate","source":"NGA-World-Port-Index","territory_id":"GB-01","country_code":"GB"},"geometry":{"type":"Point","coordinates":[-3.31666666698684,56.0333333334124]}},{"type":"Feature","properties":{"node_id":"PORT-24840","node_type":"port","name":"SLITE","wpi_number":"24840","harbour_size":"S","maximum_vessel":"M","cargo_wharf":true,"rail_connection":true,"provisions":true,"water":true,"fuel_oil":true,"gameplay_status":"candidate","source":"NGA-World-Port-Index","territory_id":"SE-02","country_code":"SE"},"geometry":{"type":"Point","coordinates":[18.8166666670251,57.6999999998426]}},{"type":"Feature","properties":{"node_id":"PORT-23760","node_type":"port","name":"HOLMESTRAND","wpi_number":"23760","harbour_size":"V","maximum_vessel":"M","cargo_wharf":true,"rail_connection":true,"provisions":true,"water":true,"fuel_oil":true,"gameplay_status":"candidate","source":"NGA-World-Port-Index","territory_id":"NO-01","country_code":"NO"},"geometry":{"type":"Point","coordinates":[10.300000000263,59.483333333475]}},{"type":"Feature","properties":{"node_id":"PORT-30120","node_type":"port","name":"HADERSLEV","wpi_number":"30120","harbour_size":"S","maximum_vessel":"M","cargo_wharf":true,"rail_connection":true,"provisions":false,"water":true,"fuel_oil":true,"gameplay_status":"candidate","source":"NGA-World-Port-Index","territory_id":"DK-01","country_code":"DK"},"geometry":{"type":"Point","coordinates":[9.49999999967573,55.2500000001873]}},{"type":"Feature","properties":{"node_id":"PORT-34420","node_type":"port","name":"ROSSLARE","wpi_number":"34420","harbour_size":"S","maximum_vessel":"M","cargo_wharf":true,"rail_connection":false,"provisions":true,"water":true,"fuel_oil":true,"gameplay_status":"candidate","source":"NGA-World-Port-Index","territory_id":"IE-02","country_code":"IE"},"geometry":{"type":"Point","coordinates":[-6.33333333341659,52.2499999998998]}},{"type":"Feature","properties":{"node_id":"PORT-37690","node_type":"port","name":"SAN CIPRIAN","wpi_number":"37690","harbour_size":"V","maximum_vessel":"M","cargo_wharf":false,"rail_connection":true,"provisions":false,"water":true,"fuel_oil":false,"gameplay_status":"candidate","source":"NGA-World-Port-Index","territory_id":"ES-01","country_code":"ES"},"geometry":{"type":"Point","coordinates":[-7.43333333366271,43.700000000245]}},{"type":"Feature","properties":{"node_id":"PORT-38460","node_type":"port","name":"PUERTO DE GANDIA","wpi_number":"38460","harbour_size":"V","maximum_vessel":"M","cargo_wharf":true,"rail_connection":true,"provisions":true,"water":true,"fuel_oil":true,"gameplay_status":"candidate","source":"NGA-World-Port-Index","territory_id":"ES-05","country_code":"ES"},"geometry":{"type":"Point","coordinates":[-0.149999999829395,39.0000000001389]}},{"type":"Feature","properties":{"node_id":"PORT-35010","node_type":"port","name":"CARDIFF","wpi_number":"35010","harbour_size":"M","maximum_vessel":"M","cargo_wharf":true,"rail_connection":true,"provisions":false,"water":true,"fuel_oil":true,"gameplay_status":"candidate","source":"NGA-World-Port-Index","territory_id":"GB-05","country_code":"GB"},"geometry":{"type":"Point","coordinates":[-3.16666666625914,51.4500000001477]}},{"type":"Feature","properties":{"node_id":"PORT-36290","node_type":"port","name":"PONTRIEUX","wpi_number":"36290","harbour_size":"V","maximum_vessel":"M","cargo_wharf":false,"rail_connection":false,"provisions":true,"water":true,"fuel_oil":true,"gameplay_status":"candidate","source":"NGA-World-Port-Index","territory_id":"FR-01","country_code":"FR"},"geometry":{"type":"Point","coordinates":[-3.15000000001069,48.7000000002366]}},{"type":"Feature","properties":{"node_id":"PORT-28848","node_type":"port","name":"STRALSUND","wpi_number":"28848","harbour_size":"V","maximum_vessel":"M","cargo_wharf":true,"rail_connection":true,"provisions":false,"water":true,"fuel_oil":true,"gameplay_status":"candidate","source":"NGA-World-Port-Index","territory_id":"DE-04","country_code":"DE"},"geometry":{"type":"Point","coordinates":[13.1000000000729,54.31666666674]}},{"type":"Feature","properties":{"node_id":"PORT-32010","node_type":"port","name":"GRANGEMOUTH","wpi_number":"32010","harbour_size":"S","maximum_vessel":"M","cargo_wharf":true,"rail_connection":true,"provisions":false,"water":true,"fuel_oil":true,"gameplay_status":"candidate","source":"NGA-World-Port-Index","territory_id":"GB-01","country_code":"GB"},"geometry":{"type":"Point","coordinates":[-3.71666666683136,56.0166666666909]}},{"type":"Feature","properties":{"node_id":"PORT-26880","node_type":"port","name":"OBBOLA","wpi_number":"26880","harbour_size":"V","maximum_vessel":"M","cargo_wharf":true,"rail_connection":true,"provisions":true,"water":true,"fuel_oil":false,"gameplay_status":"candidate","source":"NGA-World-Port-Index","territory_id":"SE-03","country_code":"SE"},"geometry":{"type":"Point","coordinates":[20.3333333333642,63.7000000001325]}},{"type":"Feature","properties":{"node_id":"PORT-23090","node_type":"port","name":"TRONDHEIM","wpi_number":"23090","harbour_size":"M","maximum_vessel":"M","cargo_wharf":true,"rail_connection":true,"provisions":true,"water":true,"fuel_oil":true,"gameplay_status":"candidate","source":"NGA-World-Port-Index","territory_id":"NO-02","country_code":"NO"},"geometry":{"type":"Point","coordinates":[10.4000000004488,63.4333333331977]}},{"type":"Feature","properties":{"node_id":"PORT-43562","node_type":"port","name":"MEDGIDIA","wpi_number":"43562","harbour_size":"V","maximum_vessel":"L","cargo_wharf":true,"rail_connection":true,"provisions":false,"water":true,"fuel_oil":false,"gameplay_status":"candidate","source":"NGA-World-Port-Index","territory_id":"RO-03","country_code":"RO"},"geometry":{"type":"Point","coordinates":[28.2666666670572,44.2500000002308]}},{"type":"Feature","properties":{"node_id":"PORT-32890","node_type":"port","name":"PLOCKTON","wpi_number":"32890","harbour_size":"V","maximum_vessel":"M","cargo_wharf":false,"rail_connection":true,"provisions":true,"water":true,"fuel_oil":false,"gameplay_status":"candidate","source":"NGA-World-Port-Index","territory_id":"GB-01","country_code":"GB"},"geometry":{"type":"Point","coordinates":[-5.65000000016173,57.3333333331627]}},{"type":"Feature","properties":{"node_id":"PORT-29670","node_type":"port","name":"BANDHOLM","wpi_number":"29670","harbour_size":"S","maximum_vessel":"M","cargo_wharf":true,"rail_connection":true,"provisions":true,"water":true,"fuel_oil":true,"gameplay_status":"candidate","source":"NGA-World-Port-Index","territory_id":"DK-02","country_code":"DK"},"geometry":{"type":"Point","coordinates":[11.4999999997966,54.8333333335843]}},{"type":"Feature","properties":{"node_id":"PORT-38050","node_type":"port","name":"VILA REAL DE S ANTONIO","wpi_number":"38050","harbour_size":"V","maximum_vessel":null,"cargo_wharf":true,"rail_connection":false,"provisions":false,"water":true,"fuel_oil":false,"gameplay_status":"candidate","source":"NGA-World-Port-Index","territory_id":"ES-06","country_code":"ES"},"geometry":{"type":"Point","coordinates":[-7.40000000026747,37.1833333330235]}},{"type":"Feature","properties":{"node_id":"PORT-35340","node_type":"port","name":"FOWEY HARBOUR","wpi_number":"35340","harbour_size":"S","maximum_vessel":"M","cargo_wharf":true,"rail_connection":true,"provisions":false,"water":true,"fuel_oil":true,"gameplay_status":"candidate","source":"NGA-World-Port-Index","territory_id":"GB-04","country_code":"GB"},"geometry":{"type":"Point","coordinates":[-4.63333333295455,50.3333333335623]}},{"type":"Feature","properties":{"node_id":"PORT-31560","node_type":"port","name":"FELIXSTOWE","wpi_number":"31560","harbour_size":"V","maximum_vessel":"L","cargo_wharf":true,"rail_connection":true,"provisions":false,"water":true,"fuel_oil":true,"gameplay_status":"candidate","source":"NGA-World-Port-Index","territory_id":"GB-04","country_code":"GB"},"geometry":{"type":"Point","coordinates":[1.31666666686601,51.949999999749]}},{"type":"Feature","properties":{"node_id":"PORT-26380","node_type":"port","name":"KRAMFORS","wpi_number":"26380","harbour_size":"V","maximum_vessel":"L","cargo_wharf":true,"rail_connection":true,"provisions":true,"water":false,"fuel_oil":false,"gameplay_status":"candidate","source":"NGA-World-Port-Index","territory_id":"SE-03","country_code":"SE"},"geometry":{"type":"Point","coordinates":[17.7999999998179,62.9333333332072]}},{"type":"Feature","properties":{"node_id":"PORT-26790","node_type":"port","name":"HUSUM","wpi_number":"26790","harbour_size":"V","maximum_vessel":"M","cargo_wharf":true,"rail_connection":true,"provisions":false,"water":true,"fuel_oil":true,"gameplay_status":"candidate","source":"NGA-World-Port-Index","territory_id":"SE-03","country_code":"SE"},"geometry":{"type":"Point","coordinates":[19.1500000000792,63.3333333332189]}},{"type":"Feature","properties":{"node_id":"PORT-39820","node_type":"port","name":"FIUMICINO","wpi_number":"39820","harbour_size":"V","maximum_vessel":"M","cargo_wharf":true,"rail_connection":true,"provisions":false,"water":true,"fuel_oil":false,"gameplay_status":"candidate","source":"NGA-World-Port-Index","territory_id":"IT-02","country_code":"IT"},"geometry":{"type":"Point","coordinates":[12.2333333335934,41.7666666663944]}},{"type":"Feature","properties":{"node_id":"PORT-44960","node_type":"port","name":"LARNACA","wpi_number":"44960","harbour_size":"S","maximum_vessel":"M","cargo_wharf":false,"rail_connection":false,"provisions":true,"water":true,"fuel_oil":true,"gameplay_status":"candidate","source":"NGA-World-Port-Index","territory_id":"CY-01","country_code":"CY"},"geometry":{"type":"Point","coordinates":[33.650000000057,34.9166666665778]}},{"type":"Feature","properties":{"node_id":"PORT-30840","node_type":"port","name":"NORDENHAM","wpi_number":"30840","harbour_size":"S","maximum_vessel":"M","cargo_wharf":true,"rail_connection":true,"provisions":false,"water":true,"fuel_oil":true,"gameplay_status":"candidate","source":"NGA-World-Port-Index","territory_id":"DE-01","country_code":"DE"},"geometry":{"type":"Point","coordinates":[8.48333333336684,53.4833333330721]}},{"type":"Feature","properties":{"node_id":"PORT-43645","node_type":"port","name":"ILLICHIVSK","wpi_number":"43645","harbour_size":"L","maximum_vessel":"M","cargo_wharf":true,"rail_connection":true,"provisions":true,"water":true,"fuel_oil":true,"gameplay_status":"candidate","source":"NGA-World-Port-Index","territory_id":"UA-04","country_code":"UA"},"geometry":{"type":"Point","coordinates":[30.6499999998757,46.2999999998792]}},{"type":"Feature","properties":{"node_id":"PORT-33300","node_type":"port","name":"CAMPBELTOWN","wpi_number":"33300","harbour_size":"S","maximum_vessel":"M","cargo_wharf":true,"rail_connection":false,"provisions":false,"water":true,"fuel_oil":true,"gameplay_status":"candidate","source":"NGA-World-Port-Index","territory_id":"GB-01","country_code":"GB"},"geometry":{"type":"Point","coordinates":[-5.59999999961974,55.433333333424]}},{"type":"Feature","properties":{"node_id":"PORT-29110","node_type":"port","name":"RONNE","wpi_number":"29110","harbour_size":"S","maximum_vessel":"L","cargo_wharf":true,"rail_connection":false,"provisions":true,"water":true,"fuel_oil":true,"gameplay_status":"candidate","source":"NGA-World-Port-Index","territory_id":"DK-02","country_code":"DK"},"geometry":{"type":"Point","coordinates":[14.7000000003492,55.1000000000724]}},{"type":"Feature","properties":{"node_id":"PORT-25380","node_type":"port","name":"STOCKHOLM","wpi_number":"25380","harbour_size":"L","maximum_vessel":"M","cargo_wharf":true,"rail_connection":true,"provisions":true,"water":true,"fuel_oil":true,"gameplay_status":"candidate","source":"NGA-World-Port-Index","territory_id":"SE-02","country_code":"SE"},"geometry":{"type":"Point","coordinates":[18.049999999833,59.3333333331767]}},{"type":"Feature","properties":{"node_id":"PORT-23046","node_type":"port","name":"SALSBRUKET","wpi_number":"23046","harbour_size":"S","maximum_vessel":"M","cargo_wharf":true,"rail_connection":false,"provisions":false,"water":false,"fuel_oil":false,"gameplay_status":"candidate","source":"NGA-World-Port-Index","territory_id":"NO-02","country_code":"NO"},"geometry":{"type":"Point","coordinates":[11.8666666662458,64.7999999998595]}},{"type":"Feature","properties":{"node_id":"PORT-43420","node_type":"port","name":"ISTANBUL","wpi_number":"43420","harbour_size":"L","maximum_vessel":"L","cargo_wharf":true,"rail_connection":true,"provisions":true,"water":true,"fuel_oil":true,"gameplay_status":"candidate","source":"NGA-World-Port-Index","territory_id":"TR-01","country_code":"TR"},"geometry":{"type":"Point","coordinates":[28.9666666665604,41.0166666668277]}},{"type":"Feature","properties":{"node_id":"PORT-34560","node_type":"port","name":"GREENORE","wpi_number":"34560","harbour_size":"V","maximum_vessel":"L","cargo_wharf":true,"rail_connection":true,"provisions":false,"water":true,"fuel_oil":true,"gameplay_status":"candidate","source":"NGA-World-Port-Index","territory_id":"IE-02","country_code":"IE"},"geometry":{"type":"Point","coordinates":[-6.13333333304516,54.0333333335519]}},{"type":"Feature","properties":{"node_id":"PORT-35460","node_type":"port","name":"WEYMOUTH HARBOUR","wpi_number":"35460","harbour_size":"S","maximum_vessel":"M","cargo_wharf":false,"rail_connection":true,"provisions":false,"water":true,"fuel_oil":true,"gameplay_status":"candidate","source":"NGA-World-Port-Index","territory_id":"GB-04","country_code":"GB"},"geometry":{"type":"Point","coordinates":[-2.44999999960905,50.6166666666609]}},{"type":"Feature","properties":{"node_id":"PORT-40860","node_type":"port","name":"KOPER","wpi_number":"40860","harbour_size":"S","maximum_vessel":"M","cargo_wharf":true,"rail_connection":true,"provisions":true,"water":true,"fuel_oil":true,"gameplay_status":"candidate","source":"NGA-World-Port-Index","territory_id":"SI-01","country_code":"SI"},"geometry":{"type":"Point","coordinates":[13.7333333336841,45.5499999999713]}},{"type":"Feature","properties":{"node_id":"PORT-32370","node_type":"port","name":"HELMSDALE HARBOR","wpi_number":"32370","harbour_size":"S","maximum_vessel":"M","cargo_wharf":false,"rail_connection":true,"provisions":true,"water":true,"fuel_oil":false,"gameplay_status":"candidate","source":"NGA-World-Port-Index","territory_id":"GB-01","country_code":"GB"},"geometry":{"type":"Point","coordinates":[-3.65000000004087,58.1166666665035]}},{"type":"Feature","properties":{"node_id":"PORT-32300","node_type":"port","name":"LOSSIEMOUTH","wpi_number":"32300","harbour_size":"V","maximum_vessel":"M","cargo_wharf":true,"rail_connection":false,"provisions":false,"water":true,"fuel_oil":true,"gameplay_status":"candidate","source":"NGA-World-Port-Index","territory_id":"GB-01","country_code":"GB"},"geometry":{"type":"Point","coordinates":[-3.28333333359163,57.716666666888]}},{"type":"Feature","properties":{"node_id":"PORT-34950","node_type":"port","name":"SWANSEA","wpi_number":"34950","harbour_size":"S","maximum_vessel":"L","cargo_wharf":true,"rail_connection":true,"provisions":true,"water":true,"fuel_oil":true,"gameplay_status":"candidate","source":"NGA-World-Port-Index","territory_id":"GB-05","country_code":"GB"},"geometry":{"type":"Point","coordinates":[-3.94999999969969,51.6166666667383]}},{"type":"Feature","properties":{"node_id":"PORT-35870","node_type":"port","name":"DEAUVILLE","wpi_number":"35870","harbour_size":"V","maximum_vessel":"M","cargo_wharf":true,"rail_connection":true,"provisions":false,"water":true,"fuel_oil":true,"gameplay_status":"candidate","source":"NGA-World-Port-Index","territory_id":"FR-01","country_code":"FR"},"geometry":{"type":"Point","coordinates":[0.0833333330389425,49.3666666667258]}},{"type":"Feature","properties":{"node_id":"PORT-28920","node_type":"port","name":"HEILIGENHAFEN","wpi_number":"28920","harbour_size":"V","maximum_vessel":"M","cargo_wharf":true,"rail_connection":true,"provisions":true,"water":true,"fuel_oil":true,"gameplay_status":"candidate","source":"NGA-World-Port-Index","territory_id":"DE-01","country_code":"DE"},"geometry":{"type":"Point","coordinates":[10.9833333335179,54.3666666667202]}},{"type":"Feature","properties":{"node_id":"PORT-33520","node_type":"port","name":"MILLPORT","wpi_number":"33520","harbour_size":"S","maximum_vessel":null,"cargo_wharf":false,"rail_connection":false,"provisions":true,"water":true,"fuel_oil":false,"gameplay_status":"candidate","source":"NGA-World-Port-Index","territory_id":"GB-01","country_code":"GB"},"geometry":{"type":"Point","coordinates":[-4.91666666636488,55.7499999999902]}},{"type":"Feature","properties":{"node_id":"PORT-24635","node_type":"port","name":"STORA JATTERSON","wpi_number":"24635","harbour_size":"V","maximum_vessel":"M","cargo_wharf":true,"rail_connection":false,"provisions":false,"water":false,"fuel_oil":false,"gameplay_status":"candidate","source":"NGA-World-Port-Index","territory_id":"SE-02","country_code":"SE"},"geometry":{"type":"Point","coordinates":[16.5666666668892,57.0999999997748]}},{"type":"Feature","properties":{"node_id":"PORT-44140","node_type":"port","name":"TEMRYUK","wpi_number":"44140","harbour_size":"V","maximum_vessel":"M","cargo_wharf":false,"rail_connection":true,"provisions":true,"water":true,"fuel_oil":true,"gameplay_status":"candidate","source":"NGA-World-Port-Index","territory_id":"RU-05","country_code":"RU"},"geometry":{"type":"Point","coordinates":[37.3499999997416,45.349999999925]}},{"type":"Feature","properties":{"node_id":"PORT-26180","node_type":"port","name":"SORAKER","wpi_number":"26180","harbour_size":"V","maximum_vessel":"M","cargo_wharf":true,"rail_connection":true,"provisions":true,"water":true,"fuel_oil":false,"gameplay_status":"candidate","source":"NGA-World-Port-Index","territory_id":"SE-03","country_code":"SE"},"geometry":{"type":"Point","coordinates":[17.5000000001591,62.4999999998021]}},{"type":"Feature","properties":{"node_id":"PORT-23910","node_type":"port","name":"HUNNEBOSTRAND","wpi_number":"23910","harbour_size":"V","maximum_vessel":"M","cargo_wharf":true,"rail_connection":false,"provisions":true,"water":true,"fuel_oil":false,"gameplay_status":"candidate","source":"NGA-World-Port-Index","territory_id":"SE-01","country_code":"SE"},"geometry":{"type":"Point","coordinates":[11.3000000003235,58.433333333402]}},{"type":"Feature","properties":{"node_id":"PORT-39250","node_type":"port","name":"CARLOFORTE","wpi_number":"39250","harbour_size":"V","maximum_vessel":null,"cargo_wharf":true,"rail_connection":false,"provisions":true,"water":true,"fuel_oil":false,"gameplay_status":"candidate","source":"NGA-World-Port-Index","territory_id":"IT-05","country_code":"IT"},"geometry":{"type":"Point","coordinates":[8.31666666639066,39.1500000002317]}},{"type":"Feature","properties":{"node_id":"PORT-34150","node_type":"port","name":"TARBERT","wpi_number":"34150","harbour_size":"V","maximum_vessel":"L","cargo_wharf":false,"rail_connection":false,"provisions":true,"water":false,"fuel_oil":false,"gameplay_status":"candidate","source":"NGA-World-Port-Index","territory_id":"IE-01","country_code":"IE"},"geometry":{"type":"Point","coordinates":[-9.36666666699309,52.5833333335033]}},{"type":"Feature","properties":{"node_id":"PORT-30430","node_type":"port","name":"FREDERIKSHAVN","wpi_number":"30430","harbour_size":"S","maximum_vessel":"M","cargo_wharf":true,"rail_connection":true,"provisions":true,"water":true,"fuel_oil":true,"gameplay_status":"candidate","source":"NGA-World-Port-Index","territory_id":"DK-01","country_code":"DK"},"geometry":{"type":"Point","coordinates":[10.5500000002782,57.4333333334022]}},{"type":"Feature","properties":{"node_id":"PORT-23460","node_type":"port","name":"SAUDA","wpi_number":"23460","harbour_size":"V","maximum_vessel":"M","cargo_wharf":true,"rail_connection":false,"provisions":false,"water":true,"fuel_oil":false,"gameplay_status":"candidate","source":"NGA-World-Port-Index","territory_id":"NO-01","country_code":"NO"},"geometry":{"type":"Point","coordinates":[6.34999999966504,59.6500000000636]}},{"type":"Feature","properties":{"node_id":"PORT-38395","node_type":"port","name":"PUERTO DE CARBONERAS","wpi_number":"38395","harbour_size":"S","maximum_vessel":"M","cargo_wharf":true,"rail_connection":false,"provisions":true,"water":true,"fuel_oil":true,"gameplay_status":"candidate","source":"NGA-World-Port-Index","territory_id":"ES-06","country_code":"ES"},"geometry":{"type":"Point","coordinates":[-1.88333333368668,37.0000000003545]}},{"type":"Feature","properties":{"node_id":"PORT-40630","node_type":"port","name":"PESCARA","wpi_number":"40630","harbour_size":"S","maximum_vessel":"M","cargo_wharf":true,"rail_connection":true,"provisions":true,"water":true,"fuel_oil":true,"gameplay_status":"candidate","source":"NGA-World-Port-Index","territory_id":"IT-02","country_code":"IT"},"geometry":{"type":"Point","coordinates":[14.2166666665675,42.4666666669907]}},{"type":"Feature","properties":{"node_id":"PORT-32250","node_type":"port","name":"MACDUFF","wpi_number":"32250","harbour_size":"V","maximum_vessel":"M","cargo_wharf":true,"rail_connection":false,"provisions":true,"water":true,"fuel_oil":true,"gameplay_status":"candidate","source":"NGA-World-Port-Index","territory_id":"GB-01","country_code":"GB"},"geometry":{"type":"Point","coordinates":[-2.50000000015108,57.6666666667565]}},{"type":"Feature","properties":{"node_id":"PORT-29530","node_type":"port","name":"SKAELSKOR","wpi_number":"29530","harbour_size":"V","maximum_vessel":"M","cargo_wharf":false,"rail_connection":true,"provisions":false,"water":true,"fuel_oil":true,"gameplay_status":"candidate","source":"NGA-World-Port-Index","territory_id":"DK-02","country_code":"DK"},"geometry":{"type":"Point","coordinates":[11.3000000003235,55.2500000001873]}},{"type":"Feature","properties":{"node_id":"PORT-23110","node_type":"port","name":"MOLDE","wpi_number":"23110","harbour_size":"S","maximum_vessel":"M","cargo_wharf":true,"rail_connection":true,"provisions":false,"water":true,"fuel_oil":true,"gameplay_status":"candidate","source":"NGA-World-Port-Index","territory_id":"NO-02","country_code":"NO"},"geometry":{"type":"Point","coordinates":[7.16666666650084,62.7333333335249]}},{"type":"Feature","properties":{"node_id":"PORT-27520","node_type":"port","name":"OULU","wpi_number":"27520","harbour_size":"L","maximum_vessel":"M","cargo_wharf":true,"rail_connection":true,"provisions":true,"water":true,"fuel_oil":true,"gameplay_status":"candidate","source":"NGA-World-Port-Index","territory_id":"FI-03","country_code":"FI"},"geometry":{"type":"Point","coordinates":[25.3999999995585,65.0166666664997]}},{"type":"Feature","properties":{"node_id":"PORT-27755","node_type":"port","name":"TAHKOLUOTO","wpi_number":"27755","harbour_size":"V","maximum_vessel":"L","cargo_wharf":true,"rail_connection":true,"provisions":true,"water":true,"fuel_oil":true,"gameplay_status":"candidate","source":"NGA-World-Port-Index","territory_id":"FI-02","country_code":"FI"},"geometry":{"type":"Point","coordinates":[21.4000000002151,61.6333333331316]}},{"type":"Feature","properties":{"node_id":"PORT-29630","node_type":"port","name":"NYKOBING (FALSTER)","wpi_number":"29630","harbour_size":"S","maximum_vessel":"M","cargo_wharf":true,"rail_connection":true,"provisions":false,"water":true,"fuel_oil":true,"gameplay_status":"candidate","source":"NGA-World-Port-Index","territory_id":"DK-02","country_code":"DK"},"geometry":{"type":"Point","coordinates":[11.8666666662458,54.7666666669106]}},{"type":"Feature","properties":{"node_id":"PORT-23220","node_type":"port","name":"STRANDVIK","wpi_number":"23220","harbour_size":"V","maximum_vessel":"M","cargo_wharf":false,"rail_connection":false,"provisions":false,"water":false,"fuel_oil":false,"gameplay_status":"candidate","source":"NGA-World-Port-Index","territory_id":"NO-01","country_code":"NO"},"geometry":{"type":"Point","coordinates":[5.66666666641019,60.1666666666673]}},{"type":"Feature","properties":{"node_id":"PORT-42850","node_type":"port","name":"SAMOS","wpi_number":"42850","harbour_size":"V","maximum_vessel":"M","cargo_wharf":true,"rail_connection":false,"provisions":true,"water":true,"fuel_oil":false,"gameplay_status":"candidate","source":"NGA-World-Port-Index","territory_id":"GR-03","country_code":"GR"},"geometry":{"type":"Point","coordinates":[26.9666666664396,37.7499999996773]}},{"type":"Feature","properties":{"node_id":"PORT-21880","node_type":"port","name":"HENNINGSVAER","wpi_number":"21880","harbour_size":"V","maximum_vessel":"M","cargo_wharf":true,"rail_connection":false,"provisions":true,"water":true,"fuel_oil":true,"gameplay_status":"candidate","source":"NGA-World-Port-Index","territory_id":"NO-03","country_code":"NO"},"geometry":{"type":"Point","coordinates":[14.2166666665675,68.1500000001116]}},{"type":"Feature","properties":{"node_id":"PORT-20700","node_type":"port","name":"VARDO","wpi_number":"20700","harbour_size":"S","maximum_vessel":"M","cargo_wharf":true,"rail_connection":false,"provisions":false,"water":true,"fuel_oil":true,"gameplay_status":"candidate","source":"NGA-World-Port-Index","territory_id":"NO-03","country_code":"NO"},"geometry":{"type":"Point","coordinates":[31.1166666665107,70.3666666666902]}},{"type":"Feature","properties":{"node_id":"PORT-31070","node_type":"port","name":"SCHEVENINGEN","wpi_number":"31070","harbour_size":"V","maximum_vessel":"M","cargo_wharf":true,"rail_connection":true,"provisions":true,"water":true,"fuel_oil":true,"gameplay_status":"candidate","source":"NGA-World-Port-Index","territory_id":"NL-01","country_code":"NL"},"geometry":{"type":"Point","coordinates":[4.26666666650527,52.0999999998445]}},{"type":"Feature","properties":{"node_id":"PORT-43710","node_type":"port","name":"SKADOVS'K","wpi_number":"43710","harbour_size":"V","maximum_vessel":"M","cargo_wharf":true,"rail_connection":false,"provisions":false,"water":true,"fuel_oil":false,"gameplay_status":"candidate","source":"NGA-World-Port-Index","territory_id":"UA-04","country_code":"UA"},"geometry":{"type":"Point","coordinates":[32.9166666662601,46.10000000022]}},{"type":"Feature","properties":{"node_id":"PORT-30720","node_type":"port","name":"BRUNSBUTTEL CANAL TERMINALS","wpi_number":"30720","harbour_size":"S","maximum_vessel":"M","cargo_wharf":true,"rail_connection":true,"provisions":true,"water":true,"fuel_oil":true,"gameplay_status":"candidate","source":"NGA-World-Port-Index","territory_id":"DE-01","country_code":"DE"},"geometry":{"type":"Point","coordinates":[9.15000000037321,53.900000000241]}},{"type":"Feature","properties":{"node_id":"PORT-31700","node_type":"port","name":"WHITBY","wpi_number":"31700","harbour_size":"S","maximum_vessel":"M","cargo_wharf":false,"rail_connection":true,"provisions":false,"water":true,"fuel_oil":true,"gameplay_status":"candidate","source":"NGA-World-Port-Index","territory_id":"GB-02","country_code":"GB"},"geometry":{"type":"Point","coordinates":[-0.616666666464368,54.483333333219]}},{"type":"Feature","properties":{"node_id":"PORT-43250","node_type":"port","name":"LIMIN KOS","wpi_number":"43250","harbour_size":"V","maximum_vessel":"M","cargo_wharf":true,"rail_connection":false,"provisions":true,"water":true,"fuel_oil":false,"gameplay_status":"candidate","source":"NGA-World-Port-Index","territory_id":"GR-03","country_code":"GR"},"geometry":{"type":"Point","coordinates":[27.2833333332452,36.9000000002507]}},{"type":"Feature","properties":{"node_id":"PORT-21310","node_type":"port","name":"TROMSO","wpi_number":"21310","harbour_size":"M","maximum_vessel":"M","cargo_wharf":true,"rail_connection":false,"provisions":true,"water":true,"fuel_oil":true,"gameplay_status":"candidate","source":"NGA-World-Port-Index","territory_id":"NO-03","country_code":"NO"},"geometry":{"type":"Point","coordinates":[18.9666666668545,69.6500000001248]}},{"type":"Feature","properties":{"node_id":"PORT-20920","node_type":"port","name":"HAMMERFEST","wpi_number":"20920","harbour_size":"M","maximum_vessel":"M","cargo_wharf":true,"rail_connection":false,"provisions":true,"water":true,"fuel_oil":true,"gameplay_status":"candidate","source":"NGA-World-Port-Index","territory_id":"NO-03","country_code":"NO"},"geometry":{"type":"Point","coordinates":[23.6666666665995,70.6666666665303]}},{"type":"Feature","properties":{"node_id":"PORT-40150","node_type":"port","name":"TRAPANI","wpi_number":"40150","harbour_size":"V","maximum_vessel":"M","cargo_wharf":true,"rail_connection":true,"provisions":false,"water":true,"fuel_oil":true,"gameplay_status":"candidate","source":"NGA-World-Port-Index","territory_id":"IT-04","country_code":"IT"},"geometry":{"type":"Point","coordinates":[12.499999999857,38.0166666665809]}},{"type":"Feature","properties":{"node_id":"PORT-31320","node_type":"port","name":"NIEUWPOORT","wpi_number":"31320","harbour_size":"V","maximum_vessel":"M","cargo_wharf":true,"rail_connection":true,"provisions":false,"water":true,"fuel_oil":true,"gameplay_status":"candidate","source":"NGA-World-Port-Index","territory_id":"BE-01","country_code":"BE"},"geometry":{"type":"Point","coordinates":[2.75000000016617,51.1333333333939]}},{"type":"Feature","properties":{"node_id":"PORT-27590","node_type":"port","name":"KANTLAX","wpi_number":"27590","harbour_size":"V","maximum_vessel":"M","cargo_wharf":false,"rail_connection":false,"provisions":false,"water":false,"fuel_oil":false,"gameplay_status":"candidate","source":"NGA-World-Port-Index","territory_id":"FI-02","country_code":"FI"},"geometry":{"type":"Point","coordinates":[22.2833333329431,63.4166666666783]}},{"type":"Feature","properties":{"node_id":"PORT-23136","node_type":"port","name":"ARDALSTANGEN","wpi_number":"23136","harbour_size":"V","maximum_vessel":"L","cargo_wharf":true,"rail_connection":false,"provisions":false,"water":true,"fuel_oil":false,"gameplay_status":"candidate","source":"NGA-World-Port-Index","territory_id":"NO-01","country_code":"NO"},"geometry":{"type":"Point","coordinates":[7.71666666707305,61.233333333541]}},{"type":"Feature","properties":{"node_id":"PORT-37970","node_type":"port","name":"AVEIRO","wpi_number":"37970","harbour_size":"M","maximum_vessel":"M","cargo_wharf":true,"rail_connection":true,"provisions":false,"water":true,"fuel_oil":true,"gameplay_status":"candidate","source":"NGA-World-Port-Index","territory_id":"PT-01","country_code":"PT"},"geometry":{"type":"Point","coordinates":[-8.65000000034303,40.6499999997018]}},{"type":"Feature","properties":{"node_id":"PORT-42630","node_type":"port","name":"ALEXANDROUPOLI","wpi_number":"42630","harbour_size":"M","maximum_vessel":"M","cargo_wharf":true,"rail_connection":true,"provisions":true,"water":true,"fuel_oil":false,"gameplay_status":"candidate","source":"NGA-World-Port-Index","territory_id":"GR-01","country_code":"GR"},"geometry":{"type":"Point","coordinates":[25.8833333333402,40.8333333332493]}},{"type":"Feature","properties":{"node_id":"PORT-40245","node_type":"port","name":"MELILLI OIL TERMINAL","wpi_number":"40245","harbour_size":"V","maximum_vessel":"L","cargo_wharf":true,"rail_connection":false,"provisions":false,"water":true,"fuel_oil":true,"gameplay_status":"candidate","source":"NGA-World-Port-Index","territory_id":"IT-04","country_code":"IT"},"geometry":{"type":"Point","coordinates":[15.2500000000232,37.1166666663394]}},{"type":"Feature","properties":{"node_id":"PORT-37170","node_type":"port","name":"AMBES","wpi_number":"37170","harbour_size":"S","maximum_vessel":"L","cargo_wharf":false,"rail_connection":false,"provisions":false,"water":true,"fuel_oil":true,"gameplay_status":"candidate","source":"NGA-World-Port-Index","territory_id":"FR-04","country_code":"FR"},"geometry":{"type":"Point","coordinates":[-0.533333333425459,45.0166666667704]}},{"type":"Feature","properties":{"node_id":"PORT-28510","node_type":"port","name":"OSMUSSAAR","wpi_number":"28510","harbour_size":"V","maximum_vessel":"M","cargo_wharf":true,"rail_connection":false,"provisions":false,"water":false,"fuel_oil":false,"gameplay_status":"candidate","source":"NGA-World-Port-Index","territory_id":"EE-01","country_code":"EE"},"geometry":{"type":"Point","coordinates":[23.3666666669407,59.299999999789]}},{"type":"Feature","properties":{"node_id":"PORT-23490","node_type":"port","name":"EGERSUND","wpi_number":"23490","harbour_size":"V","maximum_vessel":"M","cargo_wharf":true,"rail_connection":true,"provisions":false,"water":true,"fuel_oil":true,"gameplay_status":"candidate","source":"NGA-World-Port-Index","territory_id":"NO-01","country_code":"NO"},"geometry":{"type":"Point","coordinates":[6.00000000036255,58.4500000001711]}},{"type":"Feature","properties":{"node_id":"PORT-30970","node_type":"port","name":"PAPENBURG","wpi_number":"30970","harbour_size":"S","maximum_vessel":"M","cargo_wharf":true,"rail_connection":true,"provisions":true,"water":true,"fuel_oil":true,"gameplay_status":"candidate","source":"NGA-World-Port-Index","territory_id":"DE-01","country_code":"DE"},"geometry":{"type":"Point","coordinates":[7.38333333312072,53.1000000002685]}},{"type":"Feature","properties":{"node_id":"PORT-32950","node_type":"port","name":"UIG","wpi_number":"32950","harbour_size":"V","maximum_vessel":null,"cargo_wharf":true,"rail_connection":false,"provisions":true,"water":true,"fuel_oil":true,"gameplay_status":"candidate","source":"NGA-World-Port-Index","territory_id":"GB-01","country_code":"GB"},"geometry":{"type":"Point","coordinates":[-6.34999999966504,57.5833333333678]}},{"type":"Feature","properties":{"node_id":"PORT-30095","node_type":"port","name":"AUGUSTENBORG","wpi_number":"30095","harbour_size":"S","maximum_vessel":"M","cargo_wharf":false,"rail_connection":true,"provisions":true,"water":true,"fuel_oil":false,"gameplay_status":"candidate","source":"NGA-World-Port-Index","territory_id":"DK-01","country_code":"DK"},"geometry":{"type":"Point","coordinates":[9.8666666670233,54.949999999826]}},{"type":"Feature","properties":{"node_id":"PORT-37350","node_type":"port","name":"BERMEO","wpi_number":"37350","harbour_size":"V","maximum_vessel":"M","cargo_wharf":false,"rail_connection":true,"provisions":true,"water":true,"fuel_oil":true,"gameplay_status":"candidate","source":"NGA-World-Port-Index","territory_id":"ES-02","country_code":"ES"},"geometry":{"type":"Point","coordinates":[-2.71666666677093,43.4166666666695]}},{"type":"Feature","properties":{"node_id":"PORT-36900","node_type":"port","name":"NANTES","wpi_number":"36900","harbour_size":"M","maximum_vessel":"L","cargo_wharf":true,"rail_connection":true,"provisions":true,"water":true,"fuel_oil":true,"gameplay_status":"candidate","source":"NGA-World-Port-Index","territory_id":"FR-01","country_code":"FR"},"geometry":{"type":"Point","coordinates":[-1.5666666668811,47.1999999997193]}},{"type":"Feature","properties":{"node_id":"PORT-41940","node_type":"port","name":"KALAMATA","wpi_number":"41940","harbour_size":"S","maximum_vessel":"M","cargo_wharf":true,"rail_connection":true,"provisions":true,"water":true,"fuel_oil":true,"gameplay_status":"candidate","source":"NGA-World-Port-Index","territory_id":"GR-02","country_code":"GR"},"geometry":{"type":"Point","coordinates":[22.1166666668652,37.016666666436]}},{"type":"Feature","properties":{"node_id":"PORT-40110","node_type":"port","name":"MILAZZO","wpi_number":"40110","harbour_size":"M","maximum_vessel":"M","cargo_wharf":true,"rail_connection":false,"provisions":true,"water":true,"fuel_oil":true,"gameplay_status":"candidate","source":"NGA-World-Port-Index","territory_id":"IT-04","country_code":"IT"},"geometry":{"type":"Point","coordinates":[15.2500000000232,38.2166666669685]}},{"type":"Feature","properties":{"node_id":"PORT-35690","node_type":"port","name":"RYE HARBOUR","wpi_number":"35690","harbour_size":"V","maximum_vessel":"M","cargo_wharf":false,"rail_connection":true,"provisions":false,"water":true,"fuel_oil":true,"gameplay_status":"candidate","source":"NGA-World-Port-Index","territory_id":"GB-04","country_code":"GB"},"geometry":{"type":"Point","coordinates":[0.766666666293763,50.9333333333335]}},{"type":"Feature","properties":{"node_id":"PORT-39610","node_type":"port","name":"VADA","wpi_number":"39610","harbour_size":"V","maximum_vessel":"M","cargo_wharf":true,"rail_connection":false,"provisions":true,"water":true,"fuel_oil":false,"gameplay_status":"candidate","source":"NGA-World-Port-Index","territory_id":"IT-02","country_code":"IT"},"geometry":{"type":"Point","coordinates":[10.4500000000925,43.3500000002957]}},{"type":"Feature","properties":{"node_id":"PORT-28820","node_type":"port","name":"SWINOUJSCIE","wpi_number":"28820","harbour_size":"S","maximum_vessel":"M","cargo_wharf":true,"rail_connection":true,"provisions":true,"water":true,"fuel_oil":true,"gameplay_status":"candidate","source":"NGA-World-Port-Index","territory_id":"PL-02","country_code":"PL"},"geometry":{"type":"Point","coordinates":[14.2666666671095,53.9166666668916]}},{"type":"Feature","properties":{"node_id":"PORT-62800","node_type":"port","name":"ARKHANGELS'K","wpi_number":"62800","harbour_size":"M","maximum_vessel":"L","cargo_wharf":true,"rail_connection":true,"provisions":true,"water":true,"fuel_oil":true,"gameplay_status":"candidate","source":"NGA-World-Port-Index","territory_id":"RU-02","country_code":"RU"},"geometry":{"type":"Point","coordinates":[40.5333333331475,64.5333333334364]}},{"type":"Feature","properties":{"node_id":"PORT-42440","node_type":"port","name":"STILIS","wpi_number":"42440","harbour_size":"V","maximum_vessel":"M","cargo_wharf":false,"rail_connection":true,"provisions":false,"water":true,"fuel_oil":false,"gameplay_status":"candidate","source":"NGA-World-Port-Index","territory_id":"GR-02","country_code":"GR"},"geometry":{"type":"Point","coordinates":[22.6166666668954,38.9166666669149]}},{"type":"Feature","properties":{"node_id":"PORT-35290","node_type":"port","name":"FALMOUTH HARBOUR","wpi_number":"35290","harbour_size":"M","maximum_vessel":"L","cargo_wharf":true,"rail_connection":true,"provisions":true,"water":true,"fuel_oil":true,"gameplay_status":"candidate","source":"NGA-World-Port-Index","territory_id":"GB-04","country_code":"GB"},"geometry":{"type":"Point","coordinates":[-5.06666666709261,50.1500000002597]}},{"type":"Feature","properties":{"node_id":"PORT-30740","node_type":"port","name":"NEUHAUS","wpi_number":"30740","harbour_size":"V","maximum_vessel":"M","cargo_wharf":true,"rail_connection":true,"provisions":false,"water":true,"fuel_oil":true,"gameplay_status":"candidate","source":"NGA-World-Port-Index","territory_id":"DE-01","country_code":"DE"},"geometry":{"type":"Point","coordinates":[9.03333333304073,53.8000000000239]}},{"type":"Feature","properties":{"node_id":"PORT-38960","node_type":"port","name":"CANNES","wpi_number":"38960","harbour_size":"S","maximum_vessel":"M","cargo_wharf":true,"rail_connection":true,"provisions":false,"water":true,"fuel_oil":true,"gameplay_status":"candidate","source":"NGA-World-Port-Index","territory_id":"FR-06","country_code":"FR"},"geometry":{"type":"Point","coordinates":[7.01666666667144,43.5500000002463]}},{"type":"Feature","properties":{"node_id":"PORT-22010","node_type":"port","name":"LILANDSGRUNNEN","wpi_number":"22010","harbour_size":"V","maximum_vessel":null,"cargo_wharf":true,"rail_connection":false,"provisions":false,"water":false,"fuel_oil":false,"gameplay_status":"candidate","source":"NGA-World-Port-Index","territory_id":"NO-03","country_code":"NO"},"geometry":{"type":"Point","coordinates":[16.8833333336947,68.4833333331773]}},{"type":"Feature","properties":{"node_id":"PORT-40230","node_type":"port","name":"POZZALLO","wpi_number":"40230","harbour_size":"V","maximum_vessel":"L","cargo_wharf":true,"rail_connection":true,"provisions":false,"water":true,"fuel_oil":true,"gameplay_status":"candidate","source":"NGA-World-Port-Index","territory_id":"IT-04","country_code":"IT"},"geometry":{"type":"Point","coordinates":[14.8500000001786,36.716666666965]}},{"type":"Feature","properties":{"node_id":"PORT-35840","node_type":"port","name":"PORT OF LE HAVRE","wpi_number":"35840","harbour_size":"L","maximum_vessel":"L","cargo_wharf":true,"rail_connection":true,"provisions":true,"water":true,"fuel_oil":true,"gameplay_status":"candidate","source":"NGA-World-Port-Index","territory_id":"FR-02","country_code":"FR"},"geometry":{"type":"Point","coordinates":[0.116666666434152,49.4833333333591]}},{"type":"Feature","properties":{"node_id":"PORT-26990","node_type":"port","name":"GUMBODAHAMN","wpi_number":"26990","harbour_size":"V","maximum_vessel":null,"cargo_wharf":true,"rail_connection":false,"provisions":true,"water":false,"fuel_oil":false,"gameplay_status":"candidate","source":"NGA-World-Port-Index","territory_id":"SE-03","country_code":"SE"},"geometry":{"type":"Point","coordinates":[21.099999999658,64.2333333332023]}},{"type":"Feature","properties":{"node_id":"PORT-25330","node_type":"port","name":"NYNASHAMN","wpi_number":"25330","harbour_size":"S","maximum_vessel":"M","cargo_wharf":true,"rail_connection":true,"provisions":false,"water":true,"fuel_oil":true,"gameplay_status":"candidate","source":"NGA-World-Port-Index","territory_id":"SE-02","country_code":"SE"},"geometry":{"type":"Point","coordinates":[17.9666666667941,58.8999999999198]}},{"type":"Feature","properties":{"node_id":"PORT-23530","node_type":"port","name":"MANDAL","wpi_number":"23530","harbour_size":"V","maximum_vessel":"M","cargo_wharf":true,"rail_connection":true,"provisions":true,"water":true,"fuel_oil":true,"gameplay_status":"candidate","source":"NGA-World-Port-Index","territory_id":"NO-01","country_code":"NO"},"geometry":{"type":"Point","coordinates":[7.46666666705796,58.0166666666869]}},{"type":"Feature","properties":{"node_id":"PORT-43558","node_type":"port","name":"BASARABI","wpi_number":"43558","harbour_size":"V","maximum_vessel":null,"cargo_wharf":true,"rail_connection":true,"provisions":false,"water":true,"fuel_oil":false,"gameplay_status":"candidate","source":"NGA-World-Port-Index","territory_id":"RO-03","country_code":"RO"},"geometry":{"type":"Point","coordinates":[28.433333333135,44.1666666665387]}},{"type":"Feature","properties":{"node_id":"PORT-31890","node_type":"port","name":"DUNBAR","wpi_number":"31890","harbour_size":"V","maximum_vessel":"M","cargo_wharf":false,"rail_connection":true,"provisions":false,"water":true,"fuel_oil":true,"gameplay_status":"candidate","source":"NGA-World-Port-Index","territory_id":"GB-01","country_code":"GB"},"geometry":{"type":"Point","coordinates":[-2.51666666639953,56.0000000000915]}},{"type":"Feature","properties":{"node_id":"PORT-26710","node_type":"port","name":"KOPMANHOLMEN","wpi_number":"26710","harbour_size":"V","maximum_vessel":"M","cargo_wharf":false,"rail_connection":false,"provisions":false,"water":true,"fuel_oil":true,"gameplay_status":"candidate","source":"NGA-World-Port-Index","territory_id":"SE-03","country_code":"SE"},"geometry":{"type":"Point","coordinates":[18.5833333332585,63.1666666664828]}},{"type":"Feature","properties":{"node_id":"PORT-24010","node_type":"port","name":"MARSTRAND","wpi_number":"24010","harbour_size":"V","maximum_vessel":"M","cargo_wharf":true,"rail_connection":false,"provisions":true,"water":true,"fuel_oil":true,"gameplay_status":"candidate","source":"NGA-World-Port-Index","territory_id":"SE-01","country_code":"SE"},"geometry":{"type":"Point","coordinates":[11.5833333337338,57.883333333242]}},{"type":"Feature","properties":{"node_id":"PORT-29860","node_type":"port","name":"NYBORG","wpi_number":"29860","harbour_size":"S","maximum_vessel":"M","cargo_wharf":true,"rail_connection":true,"provisions":true,"water":true,"fuel_oil":true,"gameplay_status":"candidate","source":"NGA-World-Port-Index","territory_id":"DK-01","country_code":"DK"},"geometry":{"type":"Point","coordinates":[10.8000000002932,55.3166666666375]}},{"type":"Feature","properties":{"node_id":"PORT-30190","node_type":"port","name":"VEJLE","wpi_number":"30190","harbour_size":"S","maximum_vessel":"M","cargo_wharf":true,"rail_connection":true,"provisions":true,"water":true,"fuel_oil":true,"gameplay_status":"candidate","source":"NGA-World-Port-Index","territory_id":"DK-01","country_code":"DK"},"geometry":{"type":"Point","coordinates":[9.55000000021773,55.7166666665554]}},{"type":"Feature","properties":{"node_id":"PORT-28300","node_type":"port","name":"VYBORG","wpi_number":"28300","harbour_size":"M","maximum_vessel":"M","cargo_wharf":true,"rail_connection":true,"provisions":false,"water":true,"fuel_oil":true,"gameplay_status":"candidate","source":"NGA-World-Port-Index","territory_id":"RU-02","country_code":"RU"},"geometry":{"type":"Point","coordinates":[28.7499999999406,60.7166666665809]}},{"type":"Feature","properties":{"node_id":"PORT-44670","node_type":"port","name":"KARABIGA","wpi_number":"44670","harbour_size":"V","maximum_vessel":"M","cargo_wharf":true,"rail_connection":false,"provisions":true,"water":true,"fuel_oil":false,"gameplay_status":"candidate","source":"NGA-World-Port-Index","territory_id":"TR-01","country_code":"TR"},"geometry":{"type":"Point","coordinates":[27.3166666666404,40.3999999999645]}},{"type":"Feature","properties":{"node_id":"PORT-31600","node_type":"port","name":"WISBECH","wpi_number":"31600","harbour_size":"S","maximum_vessel":"M","cargo_wharf":true,"rail_connection":false,"provisions":true,"water":true,"fuel_oil":true,"gameplay_status":"candidate","source":"NGA-World-Port-Index","territory_id":"GB-04","country_code":"GB"},"geometry":{"type":"Point","coordinates":[0.149999999829395,52.6666666666715]}},{"type":"Feature","properties":{"node_id":"PORT-35390","node_type":"port","name":"DARTMOUTH HARBOUR","wpi_number":"35390","harbour_size":"S","maximum_vessel":"M","cargo_wharf":false,"rail_connection":true,"provisions":true,"water":true,"fuel_oil":true,"gameplay_status":"candidate","source":"NGA-World-Port-Index","territory_id":"GB-04","country_code":"GB"},"geometry":{"type":"Point","coordinates":[-3.61666666664566,50.3499999997769]}},{"type":"Feature","properties":{"node_id":"PORT-27790","node_type":"port","name":"UUSIKAUPUNKI","wpi_number":"27790","harbour_size":"S","maximum_vessel":"M","cargo_wharf":true,"rail_connection":false,"provisions":true,"water":true,"fuel_oil":true,"gameplay_status":"candidate","source":"NGA-World-Port-Index","territory_id":"FI-02","country_code":"FI"},"geometry":{"type":"Point","coordinates":[21.4000000002151,60.7999999998931]}},{"type":"Feature","properties":{"node_id":"PORT-24310","node_type":"port","name":"SOLVESBORG","wpi_number":"24310","harbour_size":"S","maximum_vessel":"M","cargo_wharf":true,"rail_connection":false,"provisions":true,"water":true,"fuel_oil":true,"gameplay_status":"candidate","source":"NGA-World-Port-Index","territory_id":"SE-01","country_code":"SE"},"geometry":{"type":"Point","coordinates":[14.5833333330168,56.0500000001647]}},{"type":"Feature","properties":{"node_id":"PORT-37230","node_type":"port","name":"BAYONNE","wpi_number":"37230","harbour_size":"M","maximum_vessel":"L","cargo_wharf":true,"rail_connection":true,"provisions":true,"water":true,"fuel_oil":true,"gameplay_status":"candidate","source":"NGA-World-Port-Index","territory_id":"FR-04","country_code":"FR"},"geometry":{"type":"Point","coordinates":[-1.4666666666954,43.4999999998741]}},{"type":"Feature","properties":{"node_id":"PORT-39080","node_type":"port","name":"BONIFACIO","wpi_number":"39080","harbour_size":"V","maximum_vessel":null,"cargo_wharf":true,"rail_connection":false,"provisions":true,"water":true,"fuel_oil":false,"gameplay_status":"candidate","source":"NGA-World-Port-Index","territory_id":"FR-06","country_code":"FR"},"geometry":{"type":"Point","coordinates":[9.1666666666217,41.3833333331845]}},{"type":"Feature","properties":{"node_id":"PORT-34630","node_type":"port","name":"BARROW IN FURNESS","wpi_number":"34630","harbour_size":"M","maximum_vessel":"M","cargo_wharf":true,"rail_connection":true,"provisions":true,"water":true,"fuel_oil":true,"gameplay_status":"candidate","source":"NGA-World-Port-Index","territory_id":"GB-02","country_code":"GB"},"geometry":{"type":"Point","coordinates":[-3.2333333330496,54.1166666668492]}},{"type":"Feature","properties":{"node_id":"PORT-29870","node_type":"port","name":"KERTEMINDE","wpi_number":"29870","harbour_size":"V","maximum_vessel":"M","cargo_wharf":true,"rail_connection":true,"provisions":false,"water":true,"fuel_oil":true,"gameplay_status":"candidate","source":"NGA-World-Port-Index","territory_id":"DK-01","country_code":"DK"},"geometry":{"type":"Point","coordinates":[10.6666666667123,55.4499999997576]}},{"type":"Feature","properties":{"node_id":"PORT-23070","node_type":"port","name":"LANGSTEIN","wpi_number":"23070","harbour_size":"V","maximum_vessel":null,"cargo_wharf":true,"rail_connection":true,"provisions":false,"water":false,"fuel_oil":false,"gameplay_status":"candidate","source":"NGA-World-Port-Index","territory_id":"NO-02","country_code":"NO"},"geometry":{"type":"Point","coordinates":[10.8999999995806,63.5333333332909]}},{"type":"Feature","properties":{"node_id":"PORT-40340","node_type":"port","name":"MARSAXLOKK","wpi_number":"40340","harbour_size":"S","maximum_vessel":"M","cargo_wharf":true,"rail_connection":false,"provisions":false,"water":true,"fuel_oil":true,"gameplay_status":"candidate","source":"NGA-World-Port-Index","territory_id":"MT-01","country_code":"MT"},"geometry":{"type":"Point","coordinates":[14.5499999996215,35.8166666668265]}},{"type":"Feature","properties":{"node_id":"PORT-42345","node_type":"port","name":"ASTAKOS","wpi_number":"42345","harbour_size":"S","maximum_vessel":null,"cargo_wharf":true,"rail_connection":false,"provisions":true,"water":true,"fuel_oil":true,"gameplay_status":"candidate","source":"NGA-World-Port-Index","territory_id":"GR-02","country_code":"GR"},"geometry":{"type":"Point","coordinates":[21.099999999658,38.483333333047]}},{"type":"Feature","properties":{"node_id":"PORT-41350","node_type":"port","name":"DUGI RAT","wpi_number":"41350","harbour_size":"V","maximum_vessel":"M","cargo_wharf":false,"rail_connection":false,"provisions":true,"water":true,"fuel_oil":false,"gameplay_status":"candidate","source":"NGA-World-Port-Index","territory_id":"HR-02","country_code":"HR"},"geometry":{"type":"Point","coordinates":[16.6499999999281,43.4499999999516]}},{"type":"Feature","properties":{"node_id":"PORT-38495","node_type":"port","name":"BURRIANA","wpi_number":"38495","harbour_size":"V","maximum_vessel":"M","cargo_wharf":true,"rail_connection":true,"provisions":false,"water":true,"fuel_oil":true,"gameplay_status":"candidate","source":"NGA-World-Port-Index","territory_id":"ES-05","country_code":"ES"},"geometry":{"type":"Point","coordinates":[-0.0499999996436994,39.8833333331618]}},{"type":"Feature","properties":{"node_id":"PORT-42327","node_type":"port","name":"CHALKIS","wpi_number":"42327","harbour_size":"S","maximum_vessel":"M","cargo_wharf":true,"rail_connection":true,"provisions":true,"water":true,"fuel_oil":false,"gameplay_status":"candidate","source":"NGA-World-Port-Index","territory_id":"GR-02","country_code":"GR"},"geometry":{"type":"Point","coordinates":[23.5999999998091,38.4666666664802]}},{"type":"Feature","properties":{"node_id":"PORT-260","node_type":"port","name":"SIGLUFJORHURD","wpi_number":"260","harbour_size":"V","maximum_vessel":null,"cargo_wharf":true,"rail_connection":false,"provisions":true,"water":true,"fuel_oil":true,"gameplay_status":"candidate","source":"NGA-World-Port-Index","territory_id":"IS-01","country_code":"IS"},"geometry":{"type":"Point","coordinates":[-18.9166666663125,66.1500000000452]}},{"type":"Feature","properties":{"node_id":"PORT-400","node_type":"port","name":"SEYDHISFJORDHUR","wpi_number":"400","harbour_size":"S","maximum_vessel":null,"cargo_wharf":true,"rail_connection":false,"provisions":true,"water":true,"fuel_oil":true,"gameplay_status":"candidate","source":"NGA-World-Port-Index","territory_id":"IS-01","country_code":"IS"},"geometry":{"type":"Point","coordinates":[-13.9999999999476,65.2666666665155]}},{"type":"Feature","properties":{"node_id":"PORT-28715","node_type":"port","name":"PORT POLNOCHNY","wpi_number":"28715","harbour_size":"M","maximum_vessel":"M","cargo_wharf":true,"rail_connection":true,"provisions":true,"water":true,"fuel_oil":true,"gameplay_status":"candidate","source":"NGA-World-Port-Index","territory_id":"PL-01","country_code":"PL"},"geometry":{"type":"Point","coordinates":[18.7166666668394,54.3999999998215]}},{"type":"Feature","properties":{"node_id":"PORT-41010","node_type":"port","name":"RIJEKA LUKA","wpi_number":"41010","harbour_size":"L","maximum_vessel":"M","cargo_wharf":true,"rail_connection":true,"provisions":true,"water":true,"fuel_oil":true,"gameplay_status":"candidate","source":"NGA-World-Port-Index","territory_id":"HR-02","country_code":"HR"},"geometry":{"type":"Point","coordinates":[14.4333333331874,45.3333333331922]}},{"type":"Feature","properties":{"node_id":"PORT-33770","node_type":"port","name":"BELFAST","wpi_number":"33770","harbour_size":"L","maximum_vessel":"L","cargo_wharf":true,"rail_connection":true,"provisions":true,"water":true,"fuel_oil":true,"gameplay_status":"candidate","source":"NGA-World-Port-Index","territory_id":"GB-06","country_code":"GB"},"geometry":{"type":"Point","coordinates":[-5.90000000017686,54.6166666665194]}},{"type":"Feature","properties":{"node_id":"PORT-26430","node_type":"port","name":"BOLLSTABRUK","wpi_number":"26430","harbour_size":"V","maximum_vessel":"L","cargo_wharf":true,"rail_connection":true,"provisions":false,"water":false,"fuel_oil":false,"gameplay_status":"candidate","source":"NGA-World-Port-Index","territory_id":"SE-03","country_code":"SE"},"geometry":{"type":"Point","coordinates":[17.6999999996322,63.000000000165]}},{"type":"Feature","properties":{"node_id":"PORT-23850","node_type":"port","name":"HALDEN","wpi_number":"23850","harbour_size":"S","maximum_vessel":"L","cargo_wharf":true,"rail_connection":true,"provisions":true,"water":true,"fuel_oil":true,"gameplay_status":"candidate","source":"NGA-World-Port-Index","territory_id":"NO-01","country_code":"NO"},"geometry":{"type":"Point","coordinates":[11.3833333333624,59.1166666665283]}},{"type":"Feature","properties":{"node_id":"PORT-23790","node_type":"port","name":"STORSTEILENE","wpi_number":"23790","harbour_size":"V","maximum_vessel":null,"cargo_wharf":true,"rail_connection":false,"provisions":true,"water":true,"fuel_oil":false,"gameplay_status":"candidate","source":"NGA-World-Port-Index","territory_id":"NO-01","country_code":"NO"},"geometry":{"type":"Point","coordinates":[10.5999999999219,59.81666666658]}},{"type":"Feature","properties":{"node_id":"PORT-40550","node_type":"port","name":"MOLFETTA","wpi_number":"40550","harbour_size":"S","maximum_vessel":"M","cargo_wharf":true,"rail_connection":true,"provisions":false,"water":true,"fuel_oil":true,"gameplay_status":"candidate","source":"NGA-World-Port-Index","territory_id":"IT-03","country_code":"IT"},"geometry":{"type":"Point","coordinates":[16.6000000002844,41.2166666666111]}},{"type":"Feature","properties":{"node_id":"PORT-31420","node_type":"port","name":"GRAVESEND","wpi_number":"31420","harbour_size":"S","maximum_vessel":"M","cargo_wharf":false,"rail_connection":true,"provisions":true,"water":true,"fuel_oil":true,"gameplay_status":"candidate","source":"NGA-World-Port-Index","territory_id":"GB-04","country_code":"GB"},"geometry":{"type":"Point","coordinates":[0.366666666449277,51.4500000001477]}},{"type":"Feature","properties":{"node_id":"PORT-43835","node_type":"port","name":"SUDAK","wpi_number":"43835","harbour_size":"V","maximum_vessel":"M","cargo_wharf":true,"rail_connection":false,"provisions":true,"water":true,"fuel_oil":true,"gameplay_status":"candidate","source":"NGA-World-Port-Index","territory_id":"UA-05","country_code":"UA"},"geometry":{"type":"Point","coordinates":[34.9833333331714,44.8499999997989]}},{"type":"Feature","properties":{"node_id":"PORT-32820","node_type":"port","name":"ULLAPOOL","wpi_number":"32820","harbour_size":"V","maximum_vessel":"M","cargo_wharf":true,"rail_connection":true,"provisions":false,"water":true,"fuel_oil":false,"gameplay_status":"candidate","source":"NGA-World-Port-Index","territory_id":"GB-01","country_code":"GB"},"geometry":{"type":"Point","coordinates":[-5.15000000013152,57.8999999999016]}},{"type":"Feature","properties":{"node_id":"PORT-37160","node_type":"port","name":"BLAYE","wpi_number":"37160","harbour_size":"S","maximum_vessel":"L","cargo_wharf":true,"rail_connection":true,"provisions":false,"water":true,"fuel_oil":true,"gameplay_status":"candidate","source":"NGA-World-Port-Index","territory_id":"FR-04","country_code":"FR"},"geometry":{"type":"Point","coordinates":[-0.666666667006398,45.1333333332556]}},{"type":"Feature","properties":{"node_id":"PORT-28680","node_type":"port","name":"BALTIYSK","wpi_number":"28680","harbour_size":"S","maximum_vessel":"L","cargo_wharf":true,"rail_connection":true,"provisions":true,"water":true,"fuel_oil":true,"gameplay_status":"candidate","source":"NGA-World-Port-Index","territory_id":"RU-01","country_code":"RU"},"geometry":{"type":"Point","coordinates":[19.9000000001245,54.633333333237]}},{"type":"Feature","properties":{"node_id":"PORT-23720","node_type":"port","name":"TONSBERG","wpi_number":"23720","harbour_size":"V","maximum_vessel":"L","cargo_wharf":true,"rail_connection":true,"provisions":true,"water":true,"fuel_oil":true,"gameplay_status":"candidate","source":"NGA-World-Port-Index","territory_id":"NO-01","country_code":"NO"},"geometry":{"type":"Point","coordinates":[10.4166666666972,59.2833333333139]}},{"type":"Feature","properties":{"node_id":"PORT-38398","node_type":"port","name":"PUERTO DE GARRUCHA","wpi_number":"38398","harbour_size":"V","maximum_vessel":"M","cargo_wharf":false,"rail_connection":false,"provisions":false,"water":true,"fuel_oil":true,"gameplay_status":"candidate","source":"NGA-World-Port-Index","territory_id":"ES-06","country_code":"ES"},"geometry":{"type":"Point","coordinates":[-1.81666666689622,37.1833333330235]}},{"type":"Feature","properties":{"node_id":"PORT-40530","node_type":"port","name":"BARI","wpi_number":"40530","harbour_size":"M","maximum_vessel":"M","cargo_wharf":true,"rail_connection":true,"provisions":true,"water":true,"fuel_oil":true,"gameplay_status":"candidate","source":"NGA-World-Port-Index","territory_id":"IT-03","country_code":"IT"},"geometry":{"type":"Point","coordinates":[16.866666666548,41.1333333334988]}},{"type":"Feature","properties":{"node_id":"PORT-22520","node_type":"port","name":"ORNES","wpi_number":"22520","harbour_size":"V","maximum_vessel":null,"cargo_wharf":true,"rail_connection":false,"provisions":false,"water":false,"fuel_oil":false,"gameplay_status":"candidate","source":"NGA-World-Port-Index","territory_id":"NO-03","country_code":"NO"},"geometry":{"type":"Point","coordinates":[13.7166666665373,66.8666666665498]}},{"type":"Feature","properties":{"node_id":"PORT-30780","node_type":"port","name":"HAMBURG","wpi_number":"30780","harbour_size":"L","maximum_vessel":"M","cargo_wharf":true,"rail_connection":true,"provisions":true,"water":true,"fuel_oil":true,"gameplay_status":"candidate","source":"NGA-World-Port-Index","territory_id":"DE-01","country_code":"DE"},"geometry":{"type":"Point","coordinates":[9.93333333291546,53.5500000000263]}},{"type":"Feature","properties":{"node_id":"PORT-43590","node_type":"port","name":"BRAILA","wpi_number":"43590","harbour_size":"V","maximum_vessel":"M","cargo_wharf":true,"rail_connection":true,"provisions":true,"water":true,"fuel_oil":true,"gameplay_status":"candidate","source":"NGA-World-Port-Index","territory_id":"RO-03","country_code":"RO"},"geometry":{"type":"Point","coordinates":[27.9833333336468,45.2500000003057]}},{"type":"Feature","properties":{"node_id":"PORT-28955","node_type":"port","name":"KAPPELN","wpi_number":"28955","harbour_size":"V","maximum_vessel":"M","cargo_wharf":true,"rail_connection":true,"provisions":false,"water":true,"fuel_oil":true,"gameplay_status":"candidate","source":"NGA-World-Port-Index","territory_id":"DE-01","country_code":"DE"},"geometry":{"type":"Point","coordinates":[9.93333333291546,54.6666666664758]}},{"type":"Feature","properties":{"node_id":"PORT-43500","node_type":"port","name":"BURGAS","wpi_number":"43500","harbour_size":"S","maximum_vessel":"M","cargo_wharf":true,"rail_connection":true,"provisions":true,"water":true,"fuel_oil":true,"gameplay_status":"candidate","source":"NGA-World-Port-Index","territory_id":"BG-02","country_code":"BG"},"geometry":{"type":"Point","coordinates":[27.4833333336166,42.4833333330635]}},{"type":"Feature","properties":{"node_id":"PORT-34196","node_type":"port","name":"VALENTIA","wpi_number":"34196","harbour_size":"V","maximum_vessel":"M","cargo_wharf":false,"rail_connection":false,"provisions":false,"water":true,"fuel_oil":true,"gameplay_status":"candidate","source":"NGA-World-Port-Index","territory_id":"IE-01","country_code":"IE"},"geometry":{"type":"Point","coordinates":[-10.300000000263,51.9333333335824]}},{"type":"Feature","properties":{"node_id":"PORT-23890","node_type":"port","name":"GREBBESTAD","wpi_number":"23890","harbour_size":"V","maximum_vessel":"M","cargo_wharf":true,"rail_connection":false,"provisions":true,"water":true,"fuel_oil":false,"gameplay_status":"candidate","source":"NGA-World-Port-Index","territory_id":"SE-01","country_code":"SE"},"geometry":{"type":"Point","coordinates":[11.2666666669282,58.6833333331462]}},{"type":"Feature","properties":{"node_id":"PORT-38690","node_type":"port","name":"MAHON","wpi_number":"38690","harbour_size":"V","maximum_vessel":"M","cargo_wharf":true,"rail_connection":false,"provisions":true,"water":true,"fuel_oil":true,"gameplay_status":"candidate","source":"NGA-World-Port-Index","territory_id":"ES-03","country_code":"ES"},"geometry":{"type":"Point","coordinates":[4.26666666650527,39.8833333331618]}},{"type":"Feature","properties":{"node_id":"PORT-33490","node_type":"port","name":"GLASGOW","wpi_number":"33490","harbour_size":"M","maximum_vessel":"L","cargo_wharf":true,"rail_connection":true,"provisions":false,"water":true,"fuel_oil":true,"gameplay_status":"candidate","source":"NGA-World-Port-Index","territory_id":"GB-01","country_code":"GB"},"geometry":{"type":"Point","coordinates":[-4.28333333365202,55.8666666664593]}},{"type":"Feature","properties":{"node_id":"PORT-32920","node_type":"port","name":"BROADFORD BAY","wpi_number":"32920","harbour_size":"V","maximum_vessel":null,"cargo_wharf":false,"rail_connection":false,"provisions":true,"water":false,"fuel_oil":false,"gameplay_status":"candidate","source":"NGA-World-Port-Index","territory_id":"GB-01","country_code":"GB"},"geometry":{"type":"Point","coordinates":[-5.88333333303007,57.2499999998465]}},{"type":"Feature","properties":{"node_id":"PORT-24460","node_type":"port","name":"KARLSKRONA","wpi_number":"24460","harbour_size":"V","maximum_vessel":"M","cargo_wharf":true,"rail_connection":true,"provisions":false,"water":true,"fuel_oil":true,"gameplay_status":"candidate","source":"NGA-World-Port-Index","territory_id":"SE-01","country_code":"SE"},"geometry":{"type":"Point","coordinates":[15.600000000224,56.1666666668188]}},{"type":"Feature","properties":{"node_id":"PORT-38000","node_type":"port","name":"SETUBAL","wpi_number":"38000","harbour_size":"S","maximum_vessel":"L","cargo_wharf":true,"rail_connection":true,"provisions":false,"water":true,"fuel_oil":true,"gameplay_status":"candidate","source":"NGA-World-Port-Index","territory_id":"PT-02","country_code":"PT"},"geometry":{"type":"Point","coordinates":[-8.90000000035812,38.5166666668391]}},{"type":"Feature","properties":{"node_id":"PORT-44540","node_type":"port","name":"HAYDARPASA","wpi_number":"44540","harbour_size":"M","maximum_vessel":"M","cargo_wharf":true,"rail_connection":true,"provisions":true,"water":true,"fuel_oil":true,"gameplay_status":"candidate","source":"NGA-World-Port-Index","territory_id":"TR-01","country_code":"TR"},"geometry":{"type":"Point","coordinates":[29.0166666671025,40.9999999996779]}},{"type":"Feature","properties":{"node_id":"PORT-34390","node_type":"port","name":"NEW ROSS","wpi_number":"34390","harbour_size":"S","maximum_vessel":"M","cargo_wharf":true,"rail_connection":true,"provisions":false,"water":true,"fuel_oil":true,"gameplay_status":"candidate","source":"NGA-World-Port-Index","territory_id":"IE-02","country_code":"IE"},"geometry":{"type":"Point","coordinates":[-6.94999999988095,52.3833333335196]}},{"type":"Feature","properties":{"node_id":"PORT-35060","node_type":"port","name":"AVONMOUTH","wpi_number":"35060","harbour_size":"S","maximum_vessel":"M","cargo_wharf":true,"rail_connection":true,"provisions":true,"water":true,"fuel_oil":true,"gameplay_status":"candidate","source":"NGA-World-Port-Index","territory_id":"GB-04","country_code":"GB"},"geometry":{"type":"Point","coordinates":[-2.71666666677093,51.499999999884]}},{"type":"Feature","properties":{"node_id":"PORT-31765","node_type":"port","name":"TYNEMOUTH","wpi_number":"31765","harbour_size":"M","maximum_vessel":"L","cargo_wharf":true,"rail_connection":true,"provisions":true,"water":true,"fuel_oil":true,"gameplay_status":"candidate","source":"NGA-World-Port-Index","territory_id":"GB-02","country_code":"GB"},"geometry":{"type":"Point","coordinates":[-1.39999999990492,55.0000000002515]}},{"type":"Feature","properties":{"node_id":"PORT-32170","node_type":"port","name":"DUNDEE","wpi_number":"32170","harbour_size":"L","maximum_vessel":"L","cargo_wharf":true,"rail_connection":true,"provisions":true,"water":true,"fuel_oil":true,"gameplay_status":"candidate","source":"NGA-World-Port-Index","territory_id":"GB-01","country_code":"GB"},"geometry":{"type":"Point","coordinates":[-2.94999999963926,56.4666666668306]}},{"type":"Feature","properties":{"node_id":"PORT-27990","node_type":"port","name":"PARGAS","wpi_number":"27990","harbour_size":"V","maximum_vessel":"M","cargo_wharf":true,"rail_connection":true,"provisions":false,"water":true,"fuel_oil":true,"gameplay_status":"candidate","source":"NGA-World-Port-Index","territory_id":"FI-02","country_code":"FI"},"geometry":{"type":"Point","coordinates":[22.0666666663232,60.2833333334311]}},{"type":"Feature","properties":{"node_id":"PORT-35800","node_type":"port","name":"LE TREPORT","wpi_number":"35800","harbour_size":"V","maximum_vessel":"M","cargo_wharf":false,"rail_connection":true,"provisions":false,"water":true,"fuel_oil":true,"gameplay_status":"candidate","source":"NGA-World-Port-Index","territory_id":"FR-02","country_code":"FR"},"geometry":{"type":"Point","coordinates":[1.36666666650971,50.066666666667]}},{"type":"Feature","properties":{"node_id":"PORT-23620","node_type":"port","name":"TVEDESTRAND","wpi_number":"23620","harbour_size":"S","maximum_vessel":"M","cargo_wharf":true,"rail_connection":false,"provisions":false,"water":true,"fuel_oil":false,"gameplay_status":"candidate","source":"NGA-World-Port-Index","territory_id":"NO-01","country_code":"NO"},"geometry":{"type":"Point","coordinates":[8.93333333375336,58.6166666666295]}},{"type":"Feature","properties":{"node_id":"PORT-30360","node_type":"port","name":"HOBRO","wpi_number":"30360","harbour_size":"V","maximum_vessel":"M","cargo_wharf":true,"rail_connection":true,"provisions":false,"water":true,"fuel_oil":false,"gameplay_status":"candidate","source":"NGA-World-Port-Index","territory_id":"DK-01","country_code":"DK"},"geometry":{"type":"Point","coordinates":[9.80000000023282,56.6333333333681]}},{"type":"Feature","properties":{"node_id":"PORT-38430","node_type":"port","name":"CARTAGENA","wpi_number":"38430","harbour_size":"S","maximum_vessel":"L","cargo_wharf":true,"rail_connection":true,"provisions":true,"water":true,"fuel_oil":true,"gameplay_status":"candidate","source":"NGA-World-Port-Index","territory_id":"ES-05","country_code":"ES"},"geometry":{"type":"Point","coordinates":[-0.983333332913644,37.5833333330142]}},{"type":"Feature","properties":{"node_id":"PORT-37830","node_type":"port","name":"VILLAGARCIA DE AROSA","wpi_number":"37830","harbour_size":"V","maximum_vessel":"M","cargo_wharf":true,"rail_connection":true,"provisions":false,"water":true,"fuel_oil":true,"gameplay_status":"candidate","source":"NGA-World-Port-Index","territory_id":"ES-01","country_code":"ES"},"geometry":{"type":"Point","coordinates":[-8.76666666677718,42.6000000001495]}},{"type":"Feature","properties":{"node_id":"PORT-31550","node_type":"port","name":"IPSWICH","wpi_number":"31550","harbour_size":"S","maximum_vessel":"M","cargo_wharf":true,"rail_connection":true,"provisions":false,"water":true,"fuel_oil":true,"gameplay_status":"candidate","source":"NGA-World-Port-Index","territory_id":"GB-04","country_code":"GB"},"geometry":{"type":"Point","coordinates":[1.16666666703661,52.0500000000469]}},{"type":"Feature","properties":{"node_id":"PORT-31040","node_type":"port","name":"IJMUIDEN","wpi_number":"31040","harbour_size":"S","maximum_vessel":"M","cargo_wharf":true,"rail_connection":false,"provisions":false,"water":true,"fuel_oil":true,"gameplay_status":"candidate","source":"NGA-World-Port-Index","territory_id":"NL-01","country_code":"NL"},"geometry":{"type":"Point","coordinates":[4.58333333331085,52.4666666664718]}},{"type":"Feature","properties":{"node_id":"PORT-44230","node_type":"port","name":"TUAPSE","wpi_number":"44230","harbour_size":"S","maximum_vessel":"M","cargo_wharf":true,"rail_connection":true,"provisions":true,"water":true,"fuel_oil":true,"gameplay_status":"candidate","source":"NGA-World-Port-Index","territory_id":"RU-05","country_code":"RU"},"geometry":{"type":"Point","coordinates":[39.0666666664521,44.1000000000058]}},{"type":"Feature","properties":{"node_id":"PORT-44070","node_type":"port","name":"ROSTOV-NA-DONU","wpi_number":"44070","harbour_size":"S","maximum_vessel":"M","cargo_wharf":true,"rail_connection":true,"provisions":true,"water":true,"fuel_oil":true,"gameplay_status":"candidate","source":"NGA-World-Port-Index","territory_id":"RU-05","country_code":"RU"},"geometry":{"type":"Point","coordinates":[39.7166666663117,47.1666666665503]}},{"type":"Feature","properties":{"node_id":"PORT-26290","node_type":"port","name":"UTANSJO","wpi_number":"26290","harbour_size":"V","maximum_vessel":"L","cargo_wharf":true,"rail_connection":false,"provisions":false,"water":false,"fuel_oil":false,"gameplay_status":"candidate","source":"NGA-World-Port-Index","territory_id":"SE-03","country_code":"SE"},"geometry":{"type":"Point","coordinates":[17.9333333333988,62.7666666668106]}},{"type":"Feature","properties":{"node_id":"PORT-39940","node_type":"port","name":"POZZUOLI","wpi_number":"39940","harbour_size":"V","maximum_vessel":null,"cargo_wharf":true,"rail_connection":true,"provisions":false,"water":true,"fuel_oil":true,"gameplay_status":"candidate","source":"NGA-World-Port-Index","territory_id":"IT-03","country_code":"IT"},"geometry":{"type":"Point","coordinates":[14.1166666663818,40.8166666664192]}},{"type":"Feature","properties":{"node_id":"PORT-36260","node_type":"port","name":"PAIMPOL","wpi_number":"36260","harbour_size":"V","maximum_vessel":"M","cargo_wharf":false,"rail_connection":true,"provisions":true,"water":true,"fuel_oil":false,"gameplay_status":"candidate","source":"NGA-World-Port-Index","territory_id":"FR-01","country_code":"FR"},"geometry":{"type":"Point","coordinates":[-3.04999999982496,48.7833333332308]}},{"type":"Feature","properties":{"node_id":"PORT-28880","node_type":"port","name":"LUBECK-TRAVEMUNDE","wpi_number":"28880","harbour_size":"S","maximum_vessel":"L","cargo_wharf":true,"rail_connection":true,"provisions":true,"water":true,"fuel_oil":true,"gameplay_status":"candidate","source":"NGA-World-Port-Index","territory_id":"DE-01","country_code":"DE"},"geometry":{"type":"Point","coordinates":[10.8833333333322,53.9666666666456]}},{"type":"Feature","properties":{"node_id":"PORT-23355","node_type":"port","name":"HUSNES","wpi_number":"23355","harbour_size":"V","maximum_vessel":"L","cargo_wharf":true,"rail_connection":false,"provisions":false,"water":true,"fuel_oil":false,"gameplay_status":"candidate","source":"NGA-World-Port-Index","territory_id":"NO-01","country_code":"NO"},"geometry":{"type":"Point","coordinates":[5.76666666659588,59.8666666667181]}},{"type":"Feature","properties":{"node_id":"PORT-62890","node_type":"port","name":"KANDALAKSHA","wpi_number":"62890","harbour_size":"V","maximum_vessel":"M","cargo_wharf":true,"rail_connection":true,"provisions":true,"water":true,"fuel_oil":false,"gameplay_status":"candidate","source":"NGA-World-Port-Index","territory_id":"RU-02","country_code":"RU"},"geometry":{"type":"Point","coordinates":[32.4166666662299,67.1333333332131]}},{"type":"Feature","properties":{"node_id":"PORT-32340","node_type":"port","name":"CROMARTY","wpi_number":"32340","harbour_size":"S","maximum_vessel":"M","cargo_wharf":false,"rail_connection":false,"provisions":true,"water":true,"fuel_oil":true,"gameplay_status":"candidate","source":"NGA-World-Port-Index","territory_id":"GB-01","country_code":"GB"},"geometry":{"type":"Point","coordinates":[-4.03333333363693,57.6833333335118]}},{"type":"Feature","properties":{"node_id":"PORT-90","node_type":"port","name":"SKERJAFJORDUR","wpi_number":"90","harbour_size":"V","maximum_vessel":"L","cargo_wharf":true,"rail_connection":false,"provisions":true,"water":true,"fuel_oil":true,"gameplay_status":"candidate","source":"NGA-World-Port-Index","territory_id":"IS-01","country_code":"IS"},"geometry":{"type":"Point","coordinates":[-22.0166666666795,64.1500000000562]}},{"type":"Feature","properties":{"node_id":"PORT-23139","node_type":"port","name":"STURA","wpi_number":"23139","harbour_size":"V","maximum_vessel":"L","cargo_wharf":false,"rail_connection":false,"provisions":true,"water":true,"fuel_oil":false,"gameplay_status":"candidate","source":"NGA-World-Port-Index","territory_id":"NO-01","country_code":"NO"},"geometry":{"type":"Point","coordinates":[4.8499999995744,60.6166666666305]}},{"type":"Feature","properties":{"node_id":"PORT-23105","node_type":"port","name":"SUNNDALSORA","wpi_number":"23105","harbour_size":"V","maximum_vessel":"M","cargo_wharf":true,"rail_connection":false,"provisions":false,"water":true,"fuel_oil":false,"gameplay_status":"candidate","source":"NGA-World-Port-Index","territory_id":"NO-02","country_code":"NO"},"geometry":{"type":"Point","coordinates":[8.5500000001573,62.6833333333501]}},{"type":"Feature","properties":{"node_id":"PORT-28220","node_type":"port","name":"LOVIISA","wpi_number":"28220","harbour_size":"V","maximum_vessel":"M","cargo_wharf":true,"rail_connection":true,"provisions":false,"water":true,"fuel_oil":true,"gameplay_status":"candidate","source":"NGA-World-Port-Index","territory_id":"FI-01","country_code":"FI"},"geometry":{"type":"Point","coordinates":[26.233333333541,60.4499999998349]}},{"type":"Feature","properties":{"node_id":"PORT-29180","node_type":"port","name":"FAKSE LADEPLADS HAVN","wpi_number":"29180","harbour_size":"V","maximum_vessel":"M","cargo_wharf":true,"rail_connection":true,"provisions":true,"water":true,"fuel_oil":true,"gameplay_status":"candidate","source":"NGA-World-Port-Index","territory_id":"DK-02","country_code":"DK"},"geometry":{"type":"Point","coordinates":[12.166666666803,55.2166666668461]}},{"type":"Feature","properties":{"node_id":"PORT-30640","node_type":"port","name":"ESBJERG","wpi_number":"30640","harbour_size":"S","maximum_vessel":"M","cargo_wharf":true,"rail_connection":true,"provisions":false,"water":true,"fuel_oil":true,"gameplay_status":"candidate","source":"NGA-World-Port-Index","territory_id":"DK-01","country_code":"DK"},"geometry":{"type":"Point","coordinates":[8.4499999999716,55.4666666668964]}},{"type":"Feature","properties":{"node_id":"PORT-43370","node_type":"port","name":"ECEABAT","wpi_number":"43370","harbour_size":"V","maximum_vessel":"M","cargo_wharf":false,"rail_connection":false,"provisions":false,"water":false,"fuel_oil":false,"gameplay_status":"candidate","source":"NGA-World-Port-Index","territory_id":"TR-01","country_code":"TR"},"geometry":{"type":"Point","coordinates":[26.3666666662237,40.1833333336]}},{"type":"Feature","properties":{"node_id":"PORT-27190","node_type":"port","name":"PITEA","wpi_number":"27190","harbour_size":"S","maximum_vessel":"M","cargo_wharf":true,"rail_connection":true,"provisions":true,"water":true,"fuel_oil":true,"gameplay_status":"candidate","source":"NGA-World-Port-Index","territory_id":"SE-03","country_code":"SE"},"geometry":{"type":"Point","coordinates":[21.4833333332541,65.3166666666879]}},{"type":"Feature","properties":{"node_id":"PORT-21120","node_type":"port","name":"OKSFJORD","wpi_number":"21120","harbour_size":"V","maximum_vessel":"M","cargo_wharf":true,"rail_connection":true,"provisions":true,"water":true,"fuel_oil":true,"gameplay_status":"candidate","source":"NGA-World-Port-Index","territory_id":"NO-03","country_code":"NO"},"geometry":{"type":"Point","coordinates":[22.3499999997335,70.2333333333629]}},{"type":"Feature","properties":{"node_id":"PORT-28425","node_type":"port","name":"SILLAMAE","wpi_number":"28425","harbour_size":"M","maximum_vessel":"L","cargo_wharf":true,"rail_connection":true,"provisions":false,"water":false,"fuel_oil":false,"gameplay_status":"candidate","source":"NGA-World-Port-Index","territory_id":"EE-01","country_code":"EE"},"geometry":{"type":"Point","coordinates":[27.0500000003768,59.3999999997894]}},{"type":"Feature","properties":{"node_id":"PORT-31280","node_type":"port","name":"ZEEBRUGGE","wpi_number":"31280","harbour_size":"M","maximum_vessel":"L","cargo_wharf":true,"rail_connection":true,"provisions":false,"water":true,"fuel_oil":true,"gameplay_status":"candidate","source":"NGA-World-Port-Index","territory_id":"BE-01","country_code":"BE"},"geometry":{"type":"Point","coordinates":[3.19999999965435,51.3333333331689]}},{"type":"Feature","properties":{"node_id":"PORT-31130","node_type":"port","name":"SCHIEDAM","wpi_number":"31130","harbour_size":"V","maximum_vessel":"M","cargo_wharf":true,"rail_connection":true,"provisions":false,"water":true,"fuel_oil":true,"gameplay_status":"candidate","source":"NGA-World-Port-Index","territory_id":"NL-01","country_code":"NL"},"geometry":{"type":"Point","coordinates":[4.40000000008621,51.899999999726]}},{"type":"Feature","properties":{"node_id":"PORT-27670","node_type":"port","name":"KASKINEN","wpi_number":"27670","harbour_size":"M","maximum_vessel":"M","cargo_wharf":true,"rail_connection":true,"provisions":true,"water":true,"fuel_oil":true,"gameplay_status":"candidate","source":"NGA-World-Port-Index","territory_id":"FI-02","country_code":"FI"},"geometry":{"type":"Point","coordinates":[21.2333333332389,62.3833333333752]}},{"type":"Feature","properties":{"node_id":"PORT-38290","node_type":"port","name":"CADIZ","wpi_number":"38290","harbour_size":"M","maximum_vessel":"M","cargo_wharf":true,"rail_connection":true,"provisions":true,"water":true,"fuel_oil":true,"gameplay_status":"candidate","source":"NGA-World-Port-Index","territory_id":"ES-06","country_code":"ES"},"geometry":{"type":"Point","coordinates":[-6.30000000002134,36.5333333330767]}},{"type":"Feature","properties":{"node_id":"PORT-42890","node_type":"port","name":"ANDROS","wpi_number":"42890","harbour_size":"V","maximum_vessel":"M","cargo_wharf":false,"rail_connection":false,"provisions":true,"water":true,"fuel_oil":false,"gameplay_status":"candidate","source":"NGA-World-Port-Index","territory_id":"GR-03","country_code":"GR"},"geometry":{"type":"Point","coordinates":[24.9500000000703,37.8333333336669]}},{"type":"Feature","properties":{"node_id":"PORT-21820","node_type":"port","name":"REINE","wpi_number":"21820","harbour_size":"V","maximum_vessel":"M","cargo_wharf":true,"rail_connection":false,"provisions":true,"water":true,"fuel_oil":true,"gameplay_status":"candidate","source":"NGA-World-Port-Index","territory_id":"NO-03","country_code":"NO"},"geometry":{"type":"Point","coordinates":[13.1000000000729,67.9333333332473]}},{"type":"Feature","properties":{"node_id":"PORT-35590","node_type":"port","name":"FAWLEY MARINE TERMINAL","wpi_number":"35590","harbour_size":"S","maximum_vessel":"L","cargo_wharf":true,"rail_connection":true,"provisions":false,"water":true,"fuel_oil":true,"gameplay_status":"candidate","source":"NGA-World-Port-Index","territory_id":"GB-04","country_code":"GB"},"geometry":{"type":"Point","coordinates":[-1.33333333311446,50.8166666664646]}},{"type":"Feature","properties":{"node_id":"PORT-29560","node_type":"port","name":"VORDINGBORG","wpi_number":"29560","harbour_size":"V","maximum_vessel":"M","cargo_wharf":true,"rail_connection":true,"provisions":false,"water":true,"fuel_oil":true,"gameplay_status":"candidate","source":"NGA-World-Port-Index","territory_id":"DK-02","country_code":"DK"},"geometry":{"type":"Point","coordinates":[11.8999999996411,55.0000000002515]}},{"type":"Feature","properties":{"node_id":"PORT-34350","node_type":"port","name":"COBH","wpi_number":"34350","harbour_size":"M","maximum_vessel":"M","cargo_wharf":true,"rail_connection":true,"provisions":true,"water":true,"fuel_oil":true,"gameplay_status":"candidate","source":"NGA-World-Port-Index","territory_id":"IE-01","country_code":"IE"},"geometry":{"type":"Point","coordinates":[-8.30000000014221,51.8499999997954]}},{"type":"Feature","properties":{"node_id":"PORT-23480","node_type":"port","name":"STAVANGER","wpi_number":"23480","harbour_size":"M","maximum_vessel":"L","cargo_wharf":true,"rail_connection":true,"provisions":true,"water":true,"fuel_oil":true,"gameplay_status":"candidate","source":"NGA-World-Port-Index","territory_id":"NO-01","country_code":"NO"},"geometry":{"type":"Point","coordinates":[5.75000000034743,58.9666666667289]}},{"type":"Feature","properties":{"node_id":"PORT-40590","node_type":"port","name":"MANFREDONIA","wpi_number":"40590","harbour_size":"S","maximum_vessel":"M","cargo_wharf":true,"rail_connection":true,"provisions":false,"water":true,"fuel_oil":true,"gameplay_status":"candidate","source":"NGA-World-Port-Index","territory_id":"IT-03","country_code":"IT"},"geometry":{"type":"Point","coordinates":[15.9166666670296,41.6166666669041]}},{"type":"Feature","properties":{"node_id":"PORT-31100","node_type":"port","name":"MAASSLUIS","wpi_number":"31100","harbour_size":"V","maximum_vessel":"M","cargo_wharf":true,"rail_connection":true,"provisions":false,"water":true,"fuel_oil":true,"gameplay_status":"candidate","source":"NGA-World-Port-Index","territory_id":"NL-01","country_code":"NL"},"geometry":{"type":"Point","coordinates":[4.25000000025682,51.9166666665681]}},{"type":"Feature","properties":{"node_id":"PORT-28605","node_type":"port","name":"SALACGRIVA","wpi_number":"28605","harbour_size":"V","maximum_vessel":"M","cargo_wharf":false,"rail_connection":true,"provisions":true,"water":true,"fuel_oil":true,"gameplay_status":"candidate","source":"NGA-World-Port-Index","territory_id":"LV-01","country_code":"LV"},"geometry":{"type":"Point","coordinates":[24.3666666670012,57.6999999998426]}},{"type":"Feature","properties":{"node_id":"PORT-39740","node_type":"port","name":"PORTOVECCHIO DI PIOMBINO","wpi_number":"39740","harbour_size":"V","maximum_vessel":"M","cargo_wharf":true,"rail_connection":true,"provisions":false,"water":true,"fuel_oil":true,"gameplay_status":"candidate","source":"NGA-World-Port-Index","territory_id":"IT-02","country_code":"IT"},"geometry":{"type":"Point","coordinates":[10.5500000002782,42.9333333331837]}},{"type":"Feature","properties":{"node_id":"PORT-41640","node_type":"port","name":"BAR","wpi_number":"41640","harbour_size":"S","maximum_vessel":"L","cargo_wharf":true,"rail_connection":false,"provisions":false,"water":true,"fuel_oil":true,"gameplay_status":"candidate","source":"NGA-World-Port-Index","territory_id":"ME-01","country_code":"ME"},"geometry":{"type":"Point","coordinates":[19.0833333332887,42.0833333332335]}},{"type":"Feature","properties":{"node_id":"PORT-27560","node_type":"port","name":"KOKKOLA","wpi_number":"27560","harbour_size":"L","maximum_vessel":"L","cargo_wharf":true,"rail_connection":true,"provisions":true,"water":true,"fuel_oil":true,"gameplay_status":"candidate","source":"NGA-World-Port-Index","territory_id":"FI-02","country_code":"FI"},"geometry":{"type":"Point","coordinates":[23.0166666667399,63.8500000001235]}},{"type":"Feature","properties":{"node_id":"PORT-25780","node_type":"port","name":"HUDIKSVALL","wpi_number":"25780","harbour_size":"S","maximum_vessel":"M","cargo_wharf":true,"rail_connection":true,"provisions":false,"water":true,"fuel_oil":true,"gameplay_status":"candidate","source":"NGA-World-Port-Index","territory_id":"SE-02","country_code":"SE"},"geometry":{"type":"Point","coordinates":[17.1166666665631,61.7333333334254]}},{"type":"Feature","properties":{"node_id":"PORT-23160","node_type":"port","name":"BERGEN","wpi_number":"23160","harbour_size":"M","maximum_vessel":"L","cargo_wharf":true,"rail_connection":true,"provisions":true,"water":true,"fuel_oil":true,"gameplay_status":"candidate","source":"NGA-World-Port-Index","territory_id":"NO-01","country_code":"NO"},"geometry":{"type":"Point","coordinates":[5.3166666671077,60.4000000000405]}},{"type":"Feature","properties":{"node_id":"PORT-42790","node_type":"port","name":"VRAKHONISIS KALLONIS","wpi_number":"42790","harbour_size":"V","maximum_vessel":"M","cargo_wharf":false,"rail_connection":false,"provisions":true,"water":false,"fuel_oil":false,"gameplay_status":"candidate","source":"NGA-World-Port-Index","territory_id":"GR-03","country_code":"GR"},"geometry":{"type":"Point","coordinates":[26.0833333337116,39.083333333599]}},{"type":"Feature","properties":{"node_id":"PORT-20650","node_type":"port","name":"KIRKENES","wpi_number":"20650","harbour_size":"S","maximum_vessel":"M","cargo_wharf":true,"rail_connection":false,"provisions":false,"water":true,"fuel_oil":true,"gameplay_status":"candidate","source":"NGA-World-Port-Index","territory_id":"NO-03","country_code":"NO"},"geometry":{"type":"Point","coordinates":[30.0499999996598,69.7333333332564]}},{"type":"Feature","properties":{"node_id":"PORT-34970","node_type":"port","name":"NEATH","wpi_number":"34970","harbour_size":"V","maximum_vessel":null,"cargo_wharf":true,"rail_connection":true,"provisions":true,"water":true,"fuel_oil":true,"gameplay_status":"candidate","source":"NGA-World-Port-Index","territory_id":"GB-05","country_code":"GB"},"geometry":{"type":"Point","coordinates":[-3.83333333326551,51.6333333332216]}},{"type":"Feature","properties":{"node_id":"PORT-33340","node_type":"port","name":"ARDRISHAIG","wpi_number":"33340","harbour_size":"V","maximum_vessel":"M","cargo_wharf":true,"rail_connection":false,"provisions":true,"water":true,"fuel_oil":true,"gameplay_status":"candidate","source":"NGA-World-Port-Index","territory_id":"GB-01","country_code":"GB"},"geometry":{"type":"Point","coordinates":[-5.44999999979034,56.0166666666909]}},{"type":"Feature","properties":{"node_id":"PORT-32990","node_type":"port","name":"LOCHBOISDALE","wpi_number":"32990","harbour_size":"V","maximum_vessel":"M","cargo_wharf":true,"rail_connection":false,"provisions":true,"water":true,"fuel_oil":false,"gameplay_status":"candidate","source":"NGA-World-Port-Index","territory_id":"GB-01","country_code":"GB"},"geometry":{"type":"Point","coordinates":[-7.30000000008177,57.1499999998332]}},{"type":"Feature","properties":{"node_id":"PORT-29440","node_type":"port","name":"HOLBAEK","wpi_number":"29440","harbour_size":"V","maximum_vessel":"M","cargo_wharf":true,"rail_connection":true,"provisions":false,"water":true,"fuel_oil":true,"gameplay_status":"candidate","source":"NGA-World-Port-Index","territory_id":"DK-02","country_code":"DK"},"geometry":{"type":"Point","coordinates":[11.7166666664164,55.7166666665554]}},{"type":"Feature","properties":{"node_id":"PORT-43340","node_type":"port","name":"GEMLIK","wpi_number":"43340","harbour_size":"V","maximum_vessel":"M","cargo_wharf":true,"rail_connection":false,"provisions":false,"water":true,"fuel_oil":true,"gameplay_status":"candidate","source":"NGA-World-Port-Index","territory_id":"TR-01","country_code":"TR"},"geometry":{"type":"Point","coordinates":[29.1166666663899,40.4166666666399]}}]}
