{"type":"FeatureCollection","features":[{"type":"Feature","properties":{"node_id":"AIRPORT-AL-0003","node_type":"large-airport","name":"Vlora International Airport (Under Construction)","ident":"AL-0003","icao_code":null,"iata_code":null,"scheduled_service":false,"source_airport_type":"closed","longest_open_runway_ft":10499,"gameplay_status":"candidate","source":"OurAirports","territory_id":"AL-01","country_code":"AL"},"geometry":{"type":"Point","coordinates":[19.426095,40.605367]}},{"type":"Feature","properties":{"node_id":"AIRPORT-AL-0013","node_type":"large-airport","name":"Gjadër Air Base","ident":"AL-0013","icao_code":null,"iata_code":null,"scheduled_service":false,"source_airport_type":"closed","longest_open_runway_ft":9186,"gameplay_status":"candidate","source":"OurAirports","territory_id":"AL-01","country_code":"AL"},"geometry":{"type":"Point","coordinates":[19.5987,41.895199]}},{"type":"Feature","properties":{"node_id":"AIRPORT-BG-0166","node_type":"large-airport","name":"Gabrovnitsa Air Base","ident":"BG-0166","icao_code":null,"iata_code":null,"scheduled_service":false,"source_airport_type":"closed","longest_open_runway_ft":8275,"gameplay_status":"candidate","source":"OurAirports","territory_id":"BG-01","country_code":"BG"},"geometry":{"type":"Point","coordinates":[23.272499,43.5443]}},{"type":"Feature","properties":{"node_id":"AIRPORT-BG-0168","node_type":"large-airport","name":"Zimnitsa Airstrip","ident":"BG-0168","icao_code":null,"iata_code":null,"scheduled_service":false,"source_airport_type":"closed","longest_open_runway_ft":8200,"gameplay_status":"candidate","source":"OurAirports","territory_id":"BG-02","country_code":"BG"},"geometry":{"type":"Point","coordinates":[26.633699,42.600498]}},{"type":"Feature","properties":{"node_id":"AIRPORT-BG-0170","node_type":"large-airport","name":"Sapareva Banya Airport","ident":"BG-0170","icao_code":"LBSP","iata_code":null,"scheduled_service":false,"source_airport_type":"small_airport","longest_open_runway_ft":8380,"gameplay_status":"candidate","source":"OurAirports","territory_id":"BG-01","country_code":"BG"},"geometry":{"type":"Point","coordinates":[23.246098,42.311254]}},{"type":"Feature","properties":{"node_id":"AIRPORT-BG-0171","node_type":"large-airport","name":"Cheshnegirovo Air Base","ident":"BG-0171","icao_code":null,"iata_code":null,"scheduled_service":false,"source_airport_type":"closed","longest_open_runway_ft":8345,"gameplay_status":"candidate","source":"OurAirports","territory_id":"BG-01","country_code":"BG"},"geometry":{"type":"Point","coordinates":[24.992901,42.114101]}},{"type":"Feature","properties":{"node_id":"AIRPORT-BG-0178","node_type":"large-airport","name":"Dobrich Air Base","ident":"BG-0178","icao_code":null,"iata_code":null,"scheduled_service":false,"source_airport_type":"closed","longest_open_runway_ft":8200,"gameplay_status":"candidate","source":"OurAirports","territory_id":"BG-02","country_code":"BG"},"geometry":{"type":"Point","coordinates":[27.8365,43.6096]}},{"type":"Feature","properties":{"node_id":"AIRPORT-BG-JAM","node_type":"large-airport","name":"Bezmer Air Base","ident":"BG-JAM","icao_code":null,"iata_code":"JAM","scheduled_service":false,"source_airport_type":"medium_airport","longest_open_runway_ft":8193,"gameplay_status":"candidate","source":"OurAirports","territory_id":"BG-02","country_code":"BG"},"geometry":{"type":"Point","coordinates":[26.3522,42.454899]}},{"type":"Feature","properties":{"node_id":"AIRPORT-BIAR","node_type":"large-airport","name":"Akureyri International Airport","ident":"BIAR","icao_code":"BIAR","iata_code":"AEY","scheduled_service":true,"source_airport_type":"large_airport","longest_open_runway_ft":8858,"gameplay_status":"candidate","source":"OurAirports","territory_id":"IS-01","country_code":"IS"},"geometry":{"type":"Point","coordinates":[-18.072018,65.656573]}},{"type":"Feature","properties":{"node_id":"AIRPORT-BIKF","node_type":"large-airport","name":"Keflavik International Airport","ident":"BIKF","icao_code":"BIKF","iata_code":"KEF","scheduled_service":true,"source_airport_type":"large_airport","longest_open_runway_ft":10056,"gameplay_status":"candidate","source":"OurAirports","territory_id":"IS-01","country_code":"IS"},"geometry":{"type":"Point","coordinates":[-22.6056,63.985001]}},{"type":"Feature","properties":{"node_id":"AIRPORT-BKPR","node_type":"large-airport","name":"Priština Adem Jashari International Airport","ident":"BKPR","icao_code":"BKPR","iata_code":"PRN","scheduled_service":true,"source_airport_type":"large_airport","longest_open_runway_ft":9974,"gameplay_status":"candidate","source":"OurAirports","territory_id":"XK-01","country_code":"XK"},"geometry":{"type":"Point","coordinates":[21.035801,42.5728]}},{"type":"Feature","properties":{"node_id":"AIRPORT-BY-0001","node_type":"large-airport","name":"Orsha Airport - Balbasovo Air Base","ident":"BY-0001","icao_code":null,"iata_code":"TXC","scheduled_service":false,"source_airport_type":"medium_airport","longest_open_runway_ft":9845,"gameplay_status":"candidate","source":"OurAirports","territory_id":"BY-02","country_code":"BY"},"geometry":{"type":"Point","coordinates":[30.2967,54.439999]}},{"type":"Feature","properties":{"node_id":"AIRPORT-BY-0009","node_type":"large-airport","name":"Lida Air Base","ident":"BY-0009","icao_code":null,"iata_code":null,"scheduled_service":false,"source_airport_type":"small_airport","longest_open_runway_ft":8202,"gameplay_status":"candidate","source":"OurAirports","territory_id":"BY-01","country_code":"BY"},"geometry":{"type":"Point","coordinates":[25.377,53.877]}},{"type":"Feature","properties":{"node_id":"AIRPORT-BY-9934","node_type":"large-airport","name":"Luninets Air Base","ident":"BY-9934","icao_code":null,"iata_code":null,"scheduled_service":false,"source_airport_type":"small_airport","longest_open_runway_ft":8114,"gameplay_status":"candidate","source":"OurAirports","territory_id":"BY-01","country_code":"BY"},"geometry":{"type":"Point","coordinates":[26.774629,52.275673]}},{"type":"Feature","properties":{"node_id":"AIRPORT-DE-0877","node_type":"large-airport","name":"Schwerin Parchim International Airport","ident":"DE-0877","icao_code":null,"iata_code":null,"scheduled_service":false,"source_airport_type":"closed","longest_open_runway_ft":9843,"gameplay_status":"candidate","source":"OurAirports","territory_id":"DE-01","country_code":"DE"},"geometry":{"type":"Point","coordinates":[11.7834,53.426998]}},{"type":"Feature","properties":{"node_id":"AIRPORT-DE-0882","node_type":"large-airport","name":"Jever Air Base","ident":"DE-0882","icao_code":null,"iata_code":null,"scheduled_service":false,"source_airport_type":"closed","longest_open_runway_ft":8136,"gameplay_status":"candidate","source":"OurAirports","territory_id":"DE-01","country_code":"DE"},"geometry":{"type":"Point","coordinates":[7.88867,53.533501]}},{"type":"Feature","properties":{"node_id":"AIRPORT-DE-0885","node_type":"large-airport","name":"Fürstenfeldbruck Air Base","ident":"DE-0885","icao_code":null,"iata_code":null,"scheduled_service":false,"source_airport_type":"closed","longest_open_runway_ft":9003,"gameplay_status":"candidate","source":"OurAirports","territory_id":"DE-06","country_code":"DE"},"geometry":{"type":"Point","coordinates":[11.266944,48.205555]}},{"type":"Feature","properties":{"node_id":"AIRPORT-EBBE","node_type":"large-airport","name":"Beauvechain Air Base","ident":"EBBE","icao_code":"EBBE","iata_code":null,"scheduled_service":false,"source_airport_type":"medium_airport","longest_open_runway_ft":10085,"gameplay_status":"candidate","source":"OurAirports","territory_id":"BE-02","country_code":"BE"},"geometry":{"type":"Point","coordinates":[4.76833,50.758598]}},{"type":"Feature","properties":{"node_id":"AIRPORT-EBBL","node_type":"large-airport","name":"Kleine Brogel Air Base","ident":"EBBL","icao_code":null,"iata_code":null,"scheduled_service":false,"source_airport_type":"medium_airport","longest_open_runway_ft":10158,"gameplay_status":"candidate","source":"OurAirports","territory_id":"BE-01","country_code":"BE"},"geometry":{"type":"Point","coordinates":[5.47,51.168301]}},{"type":"Feature","properties":{"node_id":"AIRPORT-EBBR","node_type":"large-airport","name":"Brussels Airport","ident":"EBBR","icao_code":"EBBR","iata_code":"BRU","scheduled_service":true,"source_airport_type":"large_airport","longest_open_runway_ft":11936,"gameplay_status":"candidate","source":"OurAirports","territory_id":"BE-01","country_code":"BE"},"geometry":{"type":"Point","coordinates":[4.48444,50.901402]}},{"type":"Feature","properties":{"node_id":"AIRPORT-EBCI","node_type":"large-airport","name":"Brussels South Charleroi Airport","ident":"EBCI","icao_code":"EBCI","iata_code":"CRL","scheduled_service":true,"source_airport_type":"large_airport","longest_open_runway_ft":10023,"gameplay_status":"candidate","source":"OurAirports","territory_id":"BE-02","country_code":"BE"},"geometry":{"type":"Point","coordinates":[4.459562,50.461963]}},{"type":"Feature","properties":{"node_id":"AIRPORT-EBCV","node_type":"large-airport","name":"Chièvres Air Base","ident":"EBCV","icao_code":"EBCV","iata_code":null,"scheduled_service":false,"source_airport_type":"medium_airport","longest_open_runway_ft":8197,"gameplay_status":"candidate","source":"OurAirports","territory_id":"BE-02","country_code":"BE"},"geometry":{"type":"Point","coordinates":[3.831,50.575802]}},{"type":"Feature","properties":{"node_id":"AIRPORT-EBFN","node_type":"large-airport","name":"Koksijde Air Base","ident":"EBFN","icao_code":"EBFN","iata_code":null,"scheduled_service":false,"source_airport_type":"medium_airport","longest_open_runway_ft":8786,"gameplay_status":"candidate","source":"OurAirports","territory_id":"BE-01","country_code":"BE"},"geometry":{"type":"Point","coordinates":[2.65278,51.090302]}},{"type":"Feature","properties":{"node_id":"AIRPORT-EBFS","node_type":"large-airport","name":"Florennes Air Base","ident":"EBFS","icao_code":null,"iata_code":null,"scheduled_service":false,"source_airport_type":"medium_airport","longest_open_runway_ft":11105,"gameplay_status":"candidate","source":"OurAirports","territory_id":"BE-02","country_code":"BE"},"geometry":{"type":"Point","coordinates":[4.64583015442,50.2433013916]}},{"type":"Feature","properties":{"node_id":"AIRPORT-EBLG","node_type":"large-airport","name":"Liège Airport","ident":"EBLG","icao_code":"EBLG","iata_code":"LGG","scheduled_service":true,"source_airport_type":"medium_airport","longest_open_runway_ft":12106,"gameplay_status":"candidate","source":"OurAirports","territory_id":"BE-02","country_code":"BE"},"geometry":{"type":"Point","coordinates":[5.443897,50.638574]}},{"type":"Feature","properties":{"node_id":"AIRPORT-EBOS","node_type":"large-airport","name":"Ostend-Bruges International Airport","ident":"EBOS","icao_code":"EBOS","iata_code":"OST","scheduled_service":true,"source_airport_type":"large_airport","longest_open_runway_ft":10499,"gameplay_status":"candidate","source":"OurAirports","territory_id":"BE-01","country_code":"BE"},"geometry":{"type":"Point","coordinates":[2.874673,51.1998]}},{"type":"Feature","properties":{"node_id":"AIRPORT-EBSL","node_type":"large-airport","name":"Zutendaal Air Base","ident":"EBSL","icao_code":null,"iata_code":null,"scheduled_service":false,"source_airport_type":"small_airport","longest_open_runway_ft":9777,"gameplay_status":"candidate","source":"OurAirports","territory_id":"BE-01","country_code":"BE"},"geometry":{"type":"Point","coordinates":[5.593549,50.949352]}},{"type":"Feature","properties":{"node_id":"AIRPORT-EBSU","node_type":"large-airport","name":"Saint Hubert Air Base","ident":"EBSU","icao_code":null,"iata_code":null,"scheduled_service":false,"source_airport_type":"small_airport","longest_open_runway_ft":8528,"gameplay_status":"candidate","source":"OurAirports","territory_id":"BE-02","country_code":"BE"},"geometry":{"type":"Point","coordinates":[5.44081,50.034401]}},{"type":"Feature","properties":{"node_id":"AIRPORT-EBUL","node_type":"large-airport","name":"Ursel Air Base","ident":"EBUL","icao_code":null,"iata_code":null,"scheduled_service":false,"source_airport_type":"small_airport","longest_open_runway_ft":9777,"gameplay_status":"candidate","source":"OurAirports","territory_id":"BE-01","country_code":"BE"},"geometry":{"type":"Point","coordinates":[3.47556,51.144199]}},{"type":"Feature","properties":{"node_id":"AIRPORT-EBWE","node_type":"large-airport","name":"Weelde Air Base","ident":"EBWE","icao_code":null,"iata_code":null,"scheduled_service":false,"source_airport_type":"small_airport","longest_open_runway_ft":9777,"gameplay_status":"candidate","source":"OurAirports","territory_id":"BE-01","country_code":"BE"},"geometry":{"type":"Point","coordinates":[4.96019,51.394798]}},{"type":"Feature","properties":{"node_id":"AIRPORT-EDBC","node_type":"large-airport","name":"Cochstedt Airport","ident":"EDBC","icao_code":"EDBC","iata_code":"CSO","scheduled_service":false,"source_airport_type":"small_airport","longest_open_runway_ft":8202,"gameplay_status":"candidate","source":"OurAirports","territory_id":"DE-04","country_code":"DE"},"geometry":{"type":"Point","coordinates":[11.4203,51.8564]}},{"type":"Feature","properties":{"node_id":"AIRPORT-EDDB","node_type":"large-airport","name":"Berlin Brandenburg Airport","ident":"EDDB","icao_code":"EDDB","iata_code":"BER","scheduled_service":true,"source_airport_type":"large_airport","longest_open_runway_ft":13123,"gameplay_status":"candidate","source":"OurAirports","territory_id":"DE-04","country_code":"DE"},"geometry":{"type":"Point","coordinates":[13.502341,52.361738]}},{"type":"Feature","properties":{"node_id":"AIRPORT-EDDC","node_type":"large-airport","name":"Dresden Airport","ident":"EDDC","icao_code":"EDDC","iata_code":"DRS","scheduled_service":true,"source_airport_type":"large_airport","longest_open_runway_ft":9350,"gameplay_status":"candidate","source":"OurAirports","territory_id":"DE-04","country_code":"DE"},"geometry":{"type":"Point","coordinates":[13.767831,51.134123]}},{"type":"Feature","properties":{"node_id":"AIRPORT-EDDE","node_type":"large-airport","name":"Erfurt-Weimar Airport","ident":"EDDE","icao_code":"EDDE","iata_code":"ERF","scheduled_service":true,"source_airport_type":"large_airport","longest_open_runway_ft":8530,"gameplay_status":"candidate","source":"OurAirports","territory_id":"DE-03","country_code":"DE"},"geometry":{"type":"Point","coordinates":[10.960713,50.978281]}},{"type":"Feature","properties":{"node_id":"AIRPORT-EDDF","node_type":"large-airport","name":"Frankfurt Main Airport","ident":"EDDF","icao_code":"EDDF","iata_code":"FRA","scheduled_service":true,"source_airport_type":"large_airport","longest_open_runway_ft":13123,"gameplay_status":"candidate","source":"OurAirports","territory_id":"DE-03","country_code":"DE"},"geometry":{"type":"Point","coordinates":[8.55835,50.026706]}},{"type":"Feature","properties":{"node_id":"AIRPORT-EDDG","node_type":"large-airport","name":"Münster Osnabrück Airport","ident":"EDDG","icao_code":"EDDG","iata_code":"FMO","scheduled_service":true,"source_airport_type":"large_airport","longest_open_runway_ft":7119,"gameplay_status":"candidate","source":"OurAirports","territory_id":"DE-02","country_code":"DE"},"geometry":{"type":"Point","coordinates":[7.688482,52.133816]}},{"type":"Feature","properties":{"node_id":"AIRPORT-EDDH","node_type":"large-airport","name":"Hamburg Helmut Schmidt Airport","ident":"EDDH","icao_code":"EDDH","iata_code":"HAM","scheduled_service":true,"source_airport_type":"large_airport","longest_open_runway_ft":12028,"gameplay_status":"candidate","source":"OurAirports","territory_id":"DE-01","country_code":"DE"},"geometry":{"type":"Point","coordinates":[9.98823,53.630402]}},{"type":"Feature","properties":{"node_id":"AIRPORT-EDDK","node_type":"large-airport","name":"Cologne Bonn Airport","ident":"EDDK","icao_code":"EDDK","iata_code":"CGN","scheduled_service":true,"source_airport_type":"large_airport","longest_open_runway_ft":12516,"gameplay_status":"candidate","source":"OurAirports","territory_id":"DE-02","country_code":"DE"},"geometry":{"type":"Point","coordinates":[7.14274,50.865898]}},{"type":"Feature","properties":{"node_id":"AIRPORT-EDDL","node_type":"large-airport","name":"Düsseldorf Airport","ident":"EDDL","icao_code":"EDDL","iata_code":"DUS","scheduled_service":true,"source_airport_type":"large_airport","longest_open_runway_ft":9842,"gameplay_status":"candidate","source":"OurAirports","territory_id":"DE-02","country_code":"DE"},"geometry":{"type":"Point","coordinates":[6.76678,51.289501]}},{"type":"Feature","properties":{"node_id":"AIRPORT-EDDM","node_type":"large-airport","name":"Munich Airport","ident":"EDDM","icao_code":"EDDM","iata_code":"MUC","scheduled_service":true,"source_airport_type":"large_airport","longest_open_runway_ft":13123,"gameplay_status":"candidate","source":"OurAirports","territory_id":"DE-06","country_code":"DE"},"geometry":{"type":"Point","coordinates":[11.7861,48.353802]}},{"type":"Feature","properties":{"node_id":"AIRPORT-EDDN","node_type":"large-airport","name":"Nuremberg Airport","ident":"EDDN","icao_code":"EDDN","iata_code":"NUE","scheduled_service":true,"source_airport_type":"large_airport","longest_open_runway_ft":8858,"gameplay_status":"candidate","source":"OurAirports","territory_id":"DE-06","country_code":"DE"},"geometry":{"type":"Point","coordinates":[11.078056,49.498699]}},{"type":"Feature","properties":{"node_id":"AIRPORT-EDDP","node_type":"large-airport","name":"Leipzig/Halle Airport","ident":"EDDP","icao_code":"EDDP","iata_code":"LEJ","scheduled_service":true,"source_airport_type":"large_airport","longest_open_runway_ft":11811,"gameplay_status":"candidate","source":"OurAirports","territory_id":"DE-04","country_code":"DE"},"geometry":{"type":"Point","coordinates":[12.232705,51.420657]}},{"type":"Feature","properties":{"node_id":"AIRPORT-EDDS","node_type":"large-airport","name":"Stuttgart Airport","ident":"EDDS","icao_code":"EDDS","iata_code":"STR","scheduled_service":true,"source_airport_type":"large_airport","longest_open_runway_ft":10974,"gameplay_status":"candidate","source":"OurAirports","territory_id":"DE-05","country_code":"DE"},"geometry":{"type":"Point","coordinates":[9.22196,48.689899]}},{"type":"Feature","properties":{"node_id":"AIRPORT-EDDV","node_type":"large-airport","name":"Hannover Airport","ident":"EDDV","icao_code":"EDDV","iata_code":"HAJ","scheduled_service":true,"source_airport_type":"large_airport","longest_open_runway_ft":12434,"gameplay_status":"candidate","source":"OurAirports","territory_id":"DE-01","country_code":"DE"},"geometry":{"type":"Point","coordinates":[9.68508,52.461102]}},{"type":"Feature","properties":{"node_id":"AIRPORT-EDDW","node_type":"large-airport","name":"Bremen Airport","ident":"EDDW","icao_code":"EDDW","iata_code":"BRE","scheduled_service":true,"source_airport_type":"large_airport","longest_open_runway_ft":8642,"gameplay_status":"candidate","source":"OurAirports","territory_id":"DE-01","country_code":"DE"},"geometry":{"type":"Point","coordinates":[8.78932,53.046786]}},{"type":"Feature","properties":{"node_id":"AIRPORT-EDFH","node_type":"large-airport","name":"Frankfurt-Hahn Airport","ident":"EDFH","icao_code":"EDFH","iata_code":"HHN","scheduled_service":true,"source_airport_type":"large_airport","longest_open_runway_ft":12467,"gameplay_status":"candidate","source":"OurAirports","territory_id":"DE-03","country_code":"DE"},"geometry":{"type":"Point","coordinates":[7.261734,49.946353]}},{"type":"Feature","properties":{"node_id":"AIRPORT-EDHI","node_type":"large-airport","name":"Hamburg-Finkenwerder Airport","ident":"EDHI","icao_code":"EDHI","iata_code":"XFW","scheduled_service":false,"source_airport_type":"medium_airport","longest_open_runway_ft":8629,"gameplay_status":"candidate","source":"OurAirports","territory_id":"DE-01","country_code":"DE"},"geometry":{"type":"Point","coordinates":[9.835556,53.535278]}},{"type":"Feature","properties":{"node_id":"AIRPORT-EDJA","node_type":"large-airport","name":"Memmingen Allgau Airport","ident":"EDJA","icao_code":"EDJA","iata_code":"FMM","scheduled_service":true,"source_airport_type":"large_airport","longest_open_runway_ft":8629,"gameplay_status":"candidate","source":"OurAirports","territory_id":"DE-06","country_code":"DE"},"geometry":{"type":"Point","coordinates":[10.238248,47.988092]}},{"type":"Feature","properties":{"node_id":"AIRPORT-EDLP","node_type":"large-airport","name":"Paderborn Lippstadt Airport","ident":"EDLP","icao_code":"EDLP","iata_code":"PAD","scheduled_service":true,"source_airport_type":"large_airport","longest_open_runway_ft":7152,"gameplay_status":"candidate","source":"OurAirports","territory_id":"DE-02","country_code":"DE"},"geometry":{"type":"Point","coordinates":[8.617459,51.612527]}},{"type":"Feature","properties":{"node_id":"AIRPORT-EDLV","node_type":"large-airport","name":"Weeze (Niederrhein) Airport","ident":"EDLV","icao_code":"EDLV","iata_code":"NRN","scheduled_service":true,"source_airport_type":"large_airport","longest_open_runway_ft":8005,"gameplay_status":"candidate","source":"OurAirports","territory_id":"DE-02","country_code":"DE"},"geometry":{"type":"Point","coordinates":[6.141228,51.601362]}},{"type":"Feature","properties":{"node_id":"AIRPORT-EDLW","node_type":"large-airport","name":"Dortmund Airport","ident":"EDLW","icao_code":"EDLW","iata_code":"DTM","scheduled_service":true,"source_airport_type":"large_airport","longest_open_runway_ft":6562,"gameplay_status":"candidate","source":"OurAirports","territory_id":"DE-02","country_code":"DE"},"geometry":{"type":"Point","coordinates":[7.61224,51.518299]}},{"type":"Feature","properties":{"node_id":"AIRPORT-EDNY","node_type":"large-airport","name":"Bodensee Airport Friedrichshafen","ident":"EDNY","icao_code":"EDNY","iata_code":"FDH","scheduled_service":true,"source_airport_type":"large_airport","longest_open_runway_ft":7729,"gameplay_status":"candidate","source":"OurAirports","territory_id":"DE-05","country_code":"DE"},"geometry":{"type":"Point","coordinates":[9.51149,47.671299]}},{"type":"Feature","properties":{"node_id":"AIRPORT-EDRB","node_type":"large-airport","name":"Bitburg Airport","ident":"EDRB","icao_code":"EDRB","iata_code":"BBJ","scheduled_service":false,"source_airport_type":"small_airport","longest_open_runway_ft":10026,"gameplay_status":"candidate","source":"OurAirports","territory_id":"DE-02","country_code":"DE"},"geometry":{"type":"Point","coordinates":[6.565,49.945278]}},{"type":"Feature","properties":{"node_id":"AIRPORT-EDRZ","node_type":"large-airport","name":"Zweibrücken Airport","ident":"EDRZ","icao_code":"EDRZ","iata_code":"ZQW","scheduled_service":false,"source_airport_type":"small_airport","longest_open_runway_ft":8776,"gameplay_status":"candidate","source":"OurAirports","territory_id":"DE-03","country_code":"DE"},"geometry":{"type":"Point","coordinates":[7.40056,49.2094]}},{"type":"Feature","properties":{"node_id":"AIRPORT-EDSB","node_type":"large-airport","name":"Karlsruhe Baden-Baden Airport","ident":"EDSB","icao_code":"EDSB","iata_code":"FKB","scheduled_service":true,"source_airport_type":"large_airport","longest_open_runway_ft":9787,"gameplay_status":"candidate","source":"OurAirports","territory_id":"DE-05","country_code":"DE"},"geometry":{"type":"Point","coordinates":[8.0805,48.7794]}},{"type":"Feature","properties":{"node_id":"AIRPORT-EDTL","node_type":"large-airport","name":"Lahr Airport","ident":"EDTL","icao_code":"EDTL","iata_code":"LHA","scheduled_service":false,"source_airport_type":"medium_airport","longest_open_runway_ft":9842,"gameplay_status":"candidate","source":"OurAirports","territory_id":"DE-05","country_code":"DE"},"geometry":{"type":"Point","coordinates":[7.82772,48.369301]}},{"type":"Feature","properties":{"node_id":"AIRPORT-EDVK","node_type":"large-airport","name":"Kassel Airport","ident":"EDVK","icao_code":"EDVK","iata_code":"KSF","scheduled_service":true,"source_airport_type":"large_airport","longest_open_runway_ft":8202,"gameplay_status":"candidate","source":"OurAirports","territory_id":"DE-03","country_code":"DE"},"geometry":{"type":"Point","coordinates":[9.391638,51.418395]}},{"type":"Feature","properties":{"node_id":"AIRPORT-EETN","node_type":"large-airport","name":"Lennart Meri Tallinn Airport","ident":"EETN","icao_code":"EETN","iata_code":"TLL","scheduled_service":true,"source_airport_type":"large_airport","longest_open_runway_ft":11417,"gameplay_status":"candidate","source":"OurAirports","territory_id":"EE-01","country_code":"EE"},"geometry":{"type":"Point","coordinates":[24.83264,59.413246]}},{"type":"Feature","properties":{"node_id":"AIRPORT-EFHA","node_type":"large-airport","name":"Halli Airport","ident":"EFHA","icao_code":"EFHA","iata_code":"KEV","scheduled_service":false,"source_airport_type":"medium_airport","longest_open_runway_ft":8533,"gameplay_status":"candidate","source":"OurAirports","territory_id":"FI-02","country_code":"FI"},"geometry":{"type":"Point","coordinates":[24.786686,61.856039]}},{"type":"Feature","properties":{"node_id":"AIRPORT-EFHK","node_type":"large-airport","name":"Helsinki Vantaa Airport","ident":"EFHK","icao_code":"EFHK","iata_code":"HEL","scheduled_service":true,"source_airport_type":"large_airport","longest_open_runway_ft":11483,"gameplay_status":"candidate","source":"OurAirports","territory_id":"FI-01","country_code":"FI"},"geometry":{"type":"Point","coordinates":[24.963341,60.318363]}},{"type":"Feature","properties":{"node_id":"AIRPORT-EFIV","node_type":"large-airport","name":"Ivalo Airport","ident":"EFIV","icao_code":"EFIV","iata_code":"IVL","scheduled_service":true,"source_airport_type":"large_airport","longest_open_runway_ft":8199,"gameplay_status":"candidate","source":"OurAirports","territory_id":"FI-03","country_code":"FI"},"geometry":{"type":"Point","coordinates":[27.4053,68.6073]}},{"type":"Feature","properties":{"node_id":"AIRPORT-EFJO","node_type":"large-airport","name":"Joensuu Airport","ident":"EFJO","icao_code":"EFJO","iata_code":"JOE","scheduled_service":true,"source_airport_type":"medium_airport","longest_open_runway_ft":8202,"gameplay_status":"candidate","source":"OurAirports","territory_id":"FI-02","country_code":"FI"},"geometry":{"type":"Point","coordinates":[29.619398,62.658815]}},{"type":"Feature","properties":{"node_id":"AIRPORT-EFJY","node_type":"large-airport","name":"Jyväskylä Airport","ident":"EFJY","icao_code":"EFJY","iata_code":"JYV","scheduled_service":true,"source_airport_type":"medium_airport","longest_open_runway_ft":8533,"gameplay_status":"candidate","source":"OurAirports","territory_id":"FI-02","country_code":"FI"},"geometry":{"type":"Point","coordinates":[25.678301,62.399502]}},{"type":"Feature","properties":{"node_id":"AIRPORT-EFKA","node_type":"large-airport","name":"Kauhava Airfield","ident":"EFKA","icao_code":"EFKA","iata_code":"KAU","scheduled_service":false,"source_airport_type":"medium_airport","longest_open_runway_ft":8858,"gameplay_status":"candidate","source":"OurAirports","territory_id":"FI-02","country_code":"FI"},"geometry":{"type":"Point","coordinates":[23.051399,63.127102]}},{"type":"Feature","properties":{"node_id":"AIRPORT-EFKE","node_type":"large-airport","name":"Kemi-Tornio Airport","ident":"EFKE","icao_code":"EFKE","iata_code":"KEM","scheduled_service":true,"source_airport_type":"medium_airport","longest_open_runway_ft":8212,"gameplay_status":"candidate","source":"OurAirports","territory_id":"FI-03","country_code":"FI"},"geometry":{"type":"Point","coordinates":[24.582099914551,65.778701782227]}},{"type":"Feature","properties":{"node_id":"AIRPORT-EFKI","node_type":"large-airport","name":"Kajaani Airport","ident":"EFKI","icao_code":"EFKI","iata_code":"KAJ","scheduled_service":true,"source_airport_type":"medium_airport","longest_open_runway_ft":8199,"gameplay_status":"candidate","source":"OurAirports","territory_id":"FI-03","country_code":"FI"},"geometry":{"type":"Point","coordinates":[27.6924,64.2855]}},{"type":"Feature","properties":{"node_id":"AIRPORT-EFKK","node_type":"large-airport","name":"Kokkola-Pietarsaari Airport","ident":"EFKK","icao_code":"EFKK","iata_code":"KOK","scheduled_service":true,"source_airport_type":"medium_airport","longest_open_runway_ft":8202,"gameplay_status":"candidate","source":"OurAirports","territory_id":"FI-02","country_code":"FI"},"geometry":{"type":"Point","coordinates":[23.143101,63.721199]}},{"type":"Feature","properties":{"node_id":"AIRPORT-EFKS","node_type":"large-airport","name":"Kuusamo Airport","ident":"EFKS","icao_code":"EFKS","iata_code":"KAO","scheduled_service":true,"source_airport_type":"medium_airport","longest_open_runway_ft":8202,"gameplay_status":"candidate","source":"OurAirports","territory_id":"FI-03","country_code":"FI"},"geometry":{"type":"Point","coordinates":[29.239401,65.987602]}},{"type":"Feature","properties":{"node_id":"AIRPORT-EFKT","node_type":"large-airport","name":"Kittilä International Airport","ident":"EFKT","icao_code":"EFKT","iata_code":"KTT","scheduled_service":true,"source_airport_type":"large_airport","longest_open_runway_ft":8202,"gameplay_status":"candidate","source":"OurAirports","territory_id":"FI-03","country_code":"FI"},"geometry":{"type":"Point","coordinates":[24.8468,67.700996]}},{"type":"Feature","properties":{"node_id":"AIRPORT-EFKU","node_type":"large-airport","name":"Kuopio Airport","ident":"EFKU","icao_code":"EFKU","iata_code":"KUO","scheduled_service":true,"source_airport_type":"large_airport","longest_open_runway_ft":9186,"gameplay_status":"candidate","source":"OurAirports","territory_id":"FI-02","country_code":"FI"},"geometry":{"type":"Point","coordinates":[27.7978,63.007099]}},{"type":"Feature","properties":{"node_id":"AIRPORT-EFLP","node_type":"large-airport","name":"Lappeenranta Airport","ident":"EFLP","icao_code":"EFLP","iata_code":"LPP","scheduled_service":true,"source_airport_type":"large_airport","longest_open_runway_ft":8202,"gameplay_status":"candidate","source":"OurAirports","territory_id":"FI-01","country_code":"FI"},"geometry":{"type":"Point","coordinates":[28.144743,61.044601]}},{"type":"Feature","properties":{"node_id":"AIRPORT-EFOU","node_type":"large-airport","name":"Oulu Airport","ident":"EFOU","icao_code":"EFOU","iata_code":"OUL","scheduled_service":true,"source_airport_type":"large_airport","longest_open_runway_ft":8205,"gameplay_status":"candidate","source":"OurAirports","territory_id":"FI-03","country_code":"FI"},"geometry":{"type":"Point","coordinates":[25.354601,64.930099]}},{"type":"Feature","properties":{"node_id":"AIRPORT-EFRO","node_type":"large-airport","name":"Rovaniemi Airport","ident":"EFRO","icao_code":"EFRO","iata_code":"RVN","scheduled_service":true,"source_airport_type":"large_airport","longest_open_runway_ft":9849,"gameplay_status":"candidate","source":"OurAirports","territory_id":"FI-03","country_code":"FI"},"geometry":{"type":"Point","coordinates":[25.829751,66.563327]}},{"type":"Feature","properties":{"node_id":"AIRPORT-EFTP","node_type":"large-airport","name":"Tampere-Pirkkala Airport","ident":"EFTP","icao_code":"EFTP","iata_code":"TMP","scheduled_service":true,"source_airport_type":"large_airport","longest_open_runway_ft":8858,"gameplay_status":"candidate","source":"OurAirports","territory_id":"FI-02","country_code":"FI"},"geometry":{"type":"Point","coordinates":[23.604401,61.414101]}},{"type":"Feature","properties":{"node_id":"AIRPORT-EFTU","node_type":"large-airport","name":"Turku Airport","ident":"EFTU","icao_code":"EFTU","iata_code":"TKU","scheduled_service":true,"source_airport_type":"large_airport","longest_open_runway_ft":8202,"gameplay_status":"candidate","source":"OurAirports","territory_id":"FI-02","country_code":"FI"},"geometry":{"type":"Point","coordinates":[22.2628,60.514099]}},{"type":"Feature","properties":{"node_id":"AIRPORT-EFVA","node_type":"large-airport","name":"Vaasa Airport","ident":"EFVA","icao_code":"EFVA","iata_code":"VAA","scheduled_service":true,"source_airport_type":"large_airport","longest_open_runway_ft":8727,"gameplay_status":"candidate","source":"OurAirports","territory_id":"FI-02","country_code":"FI"},"geometry":{"type":"Point","coordinates":[21.762543,63.05023]}},{"type":"Feature","properties":{"node_id":"AIRPORT-EG74","node_type":"large-airport","name":"Bruntingthorpe Aerodrome","ident":"EG74","icao_code":null,"iata_code":null,"scheduled_service":false,"source_airport_type":"small_airport","longest_open_runway_ft":9842,"gameplay_status":"candidate","source":"OurAirports","territory_id":"GB-03","country_code":"GB"},"geometry":{"type":"Point","coordinates":[-1.12509,52.492972]}},{"type":"Feature","properties":{"node_id":"AIRPORT-EGAA","node_type":"large-airport","name":"Belfast International Airport","ident":"EGAA","icao_code":"EGAA","iata_code":"BFS","scheduled_service":true,"source_airport_type":"large_airport","longest_open_runway_ft":9121,"gameplay_status":"candidate","source":"OurAirports","territory_id":"GB-06","country_code":"GB"},"geometry":{"type":"Point","coordinates":[-6.2158298492399995,54.6575012207]}},{"type":"Feature","properties":{"node_id":"AIRPORT-EGBB","node_type":"large-airport","name":"Birmingham Airport","ident":"EGBB","icao_code":"EGBB","iata_code":"BHX","scheduled_service":true,"source_airport_type":"large_airport","longest_open_runway_ft":10013,"gameplay_status":"candidate","source":"OurAirports","territory_id":"GB-03","country_code":"GB"},"geometry":{"type":"Point","coordinates":[-1.74803,52.453899]}},{"type":"Feature","properties":{"node_id":"AIRPORT-EGCC","node_type":"large-airport","name":"Manchester Airport","ident":"EGCC","icao_code":"EGCC","iata_code":"MAN","scheduled_service":true,"source_airport_type":"large_airport","longest_open_runway_ft":10007,"gameplay_status":"candidate","source":"OurAirports","territory_id":"GB-02","country_code":"GB"},"geometry":{"type":"Point","coordinates":[-2.279521,53.349375]}},{"type":"Feature","properties":{"node_id":"AIRPORT-EGDM","node_type":"large-airport","name":"MoD Boscombe Down","ident":"EGDM","icao_code":null,"iata_code":null,"scheduled_service":false,"source_airport_type":"medium_airport","longest_open_runway_ft":10538,"gameplay_status":"candidate","source":"OurAirports","territory_id":"GB-04","country_code":"GB"},"geometry":{"type":"Point","coordinates":[-1.74741,51.152199]}},{"type":"Feature","properties":{"node_id":"AIRPORT-EGGD","node_type":"large-airport","name":"Bristol Airport","ident":"EGGD","icao_code":"EGGD","iata_code":"BRS","scheduled_service":true,"source_airport_type":"large_airport","longest_open_runway_ft":6598,"gameplay_status":"candidate","source":"OurAirports","territory_id":"GB-04","country_code":"GB"},"geometry":{"type":"Point","coordinates":[-2.716453,51.382326]}},{"type":"Feature","properties":{"node_id":"AIRPORT-EGGW","node_type":"large-airport","name":"London Luton Airport","ident":"EGGW","icao_code":"EGGW","iata_code":"LTN","scheduled_service":true,"source_airport_type":"large_airport","longest_open_runway_ft":7093,"gameplay_status":"candidate","source":"OurAirports","territory_id":"GB-04","country_code":"GB"},"geometry":{"type":"Point","coordinates":[-0.368333,51.874699]}},{"type":"Feature","properties":{"node_id":"AIRPORT-EGHQ","node_type":"large-airport","name":"Cornwall Airport Newquay","ident":"EGHQ","icao_code":"EGHQ","iata_code":"NQY","scheduled_service":true,"source_airport_type":"medium_airport","longest_open_runway_ft":9003,"gameplay_status":"candidate","source":"OurAirports","territory_id":"GB-04","country_code":"GB"},"geometry":{"type":"Point","coordinates":[-4.99541,50.440601]}},{"type":"Feature","properties":{"node_id":"AIRPORT-EGKK","node_type":"large-airport","name":"London Gatwick Airport","ident":"EGKK","icao_code":"EGKK","iata_code":"LGW","scheduled_service":true,"source_airport_type":"large_airport","longest_open_runway_ft":10883,"gameplay_status":"candidate","source":"OurAirports","territory_id":"GB-04","country_code":"GB"},"geometry":{"type":"Point","coordinates":[-0.185739,51.148744]}},{"type":"Feature","properties":{"node_id":"AIRPORT-EGLF","node_type":"large-airport","name":"Farnborough Airport","ident":"EGLF","icao_code":"EGLF","iata_code":"FAB","scheduled_service":false,"source_airport_type":"medium_airport","longest_open_runway_ft":8005,"gameplay_status":"candidate","source":"OurAirports","territory_id":"GB-04","country_code":"GB"},"geometry":{"type":"Point","coordinates":[-0.776333,51.275799]}},{"type":"Feature","properties":{"node_id":"AIRPORT-EGLL","node_type":"large-airport","name":"London Heathrow Airport","ident":"EGLL","icao_code":"EGLL","iata_code":"LHR","scheduled_service":true,"source_airport_type":"large_airport","longest_open_runway_ft":12799,"gameplay_status":"candidate","source":"OurAirports","territory_id":"GB-04","country_code":"GB"},"geometry":{"type":"Point","coordinates":[-0.459909,51.470748]}},{"type":"Feature","properties":{"node_id":"AIRPORT-EGNM","node_type":"large-airport","name":"Leeds Bradford Airport","ident":"EGNM","icao_code":"EGNM","iata_code":"LBA","scheduled_service":true,"source_airport_type":"large_airport","longest_open_runway_ft":7381,"gameplay_status":"candidate","source":"OurAirports","territory_id":"GB-02","country_code":"GB"},"geometry":{"type":"Point","coordinates":[-1.66057,53.865898]}},{"type":"Feature","properties":{"node_id":"AIRPORT-EGNT","node_type":"large-airport","name":"Newcastle International Airport","ident":"EGNT","icao_code":"EGNT","iata_code":"NCL","scheduled_service":true,"source_airport_type":"large_airport","longest_open_runway_ft":7644,"gameplay_status":"candidate","source":"OurAirports","territory_id":"GB-02","country_code":"GB"},"geometry":{"type":"Point","coordinates":[-1.689577,55.037958]}},{"type":"Feature","properties":{"node_id":"AIRPORT-EGNX","node_type":"large-airport","name":"East Midlands Airport","ident":"EGNX","icao_code":"EGNX","iata_code":"EMA","scheduled_service":true,"source_airport_type":"large_airport","longest_open_runway_ft":9495,"gameplay_status":"candidate","source":"OurAirports","territory_id":"GB-03","country_code":"GB"},"geometry":{"type":"Point","coordinates":[-1.32806,52.8311]}},{"type":"Feature","properties":{"node_id":"AIRPORT-EGPD","node_type":"large-airport","name":"Aberdeen International Airport","ident":"EGPD","icao_code":"EGPD","iata_code":"ABZ","scheduled_service":true,"source_airport_type":"large_airport","longest_open_runway_ft":6407,"gameplay_status":"candidate","source":"OurAirports","territory_id":"GB-01","country_code":"GB"},"geometry":{"type":"Point","coordinates":[-2.19778,57.2019]}},{"type":"Feature","properties":{"node_id":"AIRPORT-EGPF","node_type":"large-airport","name":"Glasgow Airport","ident":"EGPF","icao_code":"EGPF","iata_code":"GLA","scheduled_service":true,"source_airport_type":"large_airport","longest_open_runway_ft":8730,"gameplay_status":"candidate","source":"OurAirports","territory_id":"GB-01","country_code":"GB"},"geometry":{"type":"Point","coordinates":[-4.43306,55.871899]}},{"type":"Feature","properties":{"node_id":"AIRPORT-EGPH","node_type":"large-airport","name":"Edinburgh Airport","ident":"EGPH","icao_code":"EGPH","iata_code":"EDI","scheduled_service":true,"source_airport_type":"large_airport","longest_open_runway_ft":8392,"gameplay_status":"candidate","source":"OurAirports","territory_id":"GB-01","country_code":"GB"},"geometry":{"type":"Point","coordinates":[-3.372288,55.950145]}},{"type":"Feature","properties":{"node_id":"AIRPORT-EGPK","node_type":"large-airport","name":"Glasgow Prestwick Airport","ident":"EGPK","icao_code":"EGPK","iata_code":"PIK","scheduled_service":true,"source_airport_type":"large_airport","longest_open_runway_ft":9800,"gameplay_status":"candidate","source":"OurAirports","territory_id":"GB-01","country_code":"GB"},"geometry":{"type":"Point","coordinates":[-4.577182,55.501499]}},{"type":"Feature","properties":{"node_id":"AIRPORT-EGQL","node_type":"large-airport","name":"Leuchars Station Airfield","ident":"EGQL","icao_code":"EGQL","iata_code":"ADX","scheduled_service":false,"source_airport_type":"medium_airport","longest_open_runway_ft":8491,"gameplay_status":"candidate","source":"OurAirports","territory_id":"GB-01","country_code":"GB"},"geometry":{"type":"Point","coordinates":[-2.868862,56.37398]}},{"type":"Feature","properties":{"node_id":"AIRPORT-EGQS","node_type":"large-airport","name":"RAF Lossiemouth","ident":"EGQS","icao_code":"EGQS","iata_code":"LMO","scheduled_service":false,"source_airport_type":"medium_airport","longest_open_runway_ft":9091,"gameplay_status":"candidate","source":"OurAirports","territory_id":"GB-01","country_code":"GB"},"geometry":{"type":"Point","coordinates":[-3.33917,57.7052]}},{"type":"Feature","properties":{"node_id":"AIRPORT-EGSS","node_type":"large-airport","name":"London Stansted Airport","ident":"EGSS","icao_code":"EGSS","iata_code":"STN","scheduled_service":true,"source_airport_type":"large_airport","longest_open_runway_ft":10003,"gameplay_status":"candidate","source":"OurAirports","territory_id":"GB-04","country_code":"GB"},"geometry":{"type":"Point","coordinates":[0.235,51.884998]}},{"type":"Feature","properties":{"node_id":"AIRPORT-EGUL","node_type":"large-airport","name":"RAF Lakenheath","ident":"EGUL","icao_code":"EGUL","iata_code":"LKZ","scheduled_service":false,"source_airport_type":"medium_airport","longest_open_runway_ft":8998,"gameplay_status":"candidate","source":"OurAirports","territory_id":"GB-04","country_code":"GB"},"geometry":{"type":"Point","coordinates":[0.561161,52.40954]}},{"type":"Feature","properties":{"node_id":"AIRPORT-EGUN","node_type":"large-airport","name":"RAF Mildenhall","ident":"EGUN","icao_code":"EGUN","iata_code":"MHZ","scheduled_service":false,"source_airport_type":"medium_airport","longest_open_runway_ft":9213,"gameplay_status":"candidate","source":"OurAirports","territory_id":"GB-04","country_code":"GB"},"geometry":{"type":"Point","coordinates":[0.486406,52.3619]}},{"type":"Feature","properties":{"node_id":"AIRPORT-EGVA","node_type":"large-airport","name":"RAF Fairford","ident":"EGVA","icao_code":"EGVA","iata_code":"FFD","scheduled_service":false,"source_airport_type":"medium_airport","longest_open_runway_ft":9994,"gameplay_status":"candidate","source":"OurAirports","territory_id":"GB-04","country_code":"GB"},"geometry":{"type":"Point","coordinates":[-1.789172,51.683568]}},{"type":"Feature","properties":{"node_id":"AIRPORT-EGVN","node_type":"large-airport","name":"RAF Brize Norton","ident":"EGVN","icao_code":"EGVN","iata_code":"BZZ","scheduled_service":false,"source_airport_type":"medium_airport","longest_open_runway_ft":10007,"gameplay_status":"candidate","source":"OurAirports","territory_id":"GB-04","country_code":"GB"},"geometry":{"type":"Point","coordinates":[-1.58362,51.75]}},{"type":"Feature","properties":{"node_id":"AIRPORT-EGXC","node_type":"large-airport","name":"RAF Coningsby","ident":"EGXC","icao_code":"EGXC","iata_code":"QCY","scheduled_service":false,"source_airport_type":"medium_airport","longest_open_runway_ft":9003,"gameplay_status":"candidate","source":"OurAirports","territory_id":"GB-03","country_code":"GB"},"geometry":{"type":"Point","coordinates":[-0.166014,53.092999]}},{"type":"Feature","properties":{"node_id":"AIRPORT-EGXH","node_type":"large-airport","name":"RAF Honington","ident":"EGXH","icao_code":"EGXH","iata_code":"BEQ","scheduled_service":false,"source_airport_type":"medium_airport","longest_open_runway_ft":9012,"gameplay_status":"candidate","source":"OurAirports","territory_id":"GB-04","country_code":"GB"},"geometry":{"type":"Point","coordinates":[0.772939,52.342602]}},{"type":"Feature","properties":{"node_id":"AIRPORT-EGXT","node_type":"large-airport","name":"RAF Wittering","ident":"EGXT","icao_code":"EGXT","iata_code":null,"scheduled_service":false,"source_airport_type":"medium_airport","longest_open_runway_ft":9052,"gameplay_status":"candidate","source":"OurAirports","territory_id":"GB-04","country_code":"GB"},"geometry":{"type":"Point","coordinates":[-0.476453,52.612598]}},{"type":"Feature","properties":{"node_id":"AIRPORT-EGXW","node_type":"large-airport","name":"RAF Waddington","ident":"EGXW","icao_code":"EGXW","iata_code":"WTN","scheduled_service":false,"source_airport_type":"medium_airport","longest_open_runway_ft":9642,"gameplay_status":"candidate","source":"OurAirports","territory_id":"GB-03","country_code":"GB"},"geometry":{"type":"Point","coordinates":[-0.523811,53.166199]}},{"type":"Feature","properties":{"node_id":"AIRPORT-EGYM","node_type":"large-airport","name":"RAF Marham","ident":"EGYM","icao_code":"EGYM","iata_code":"KNF","scheduled_service":false,"source_airport_type":"medium_airport","longest_open_runway_ft":9131,"gameplay_status":"candidate","source":"OurAirports","territory_id":"GB-04","country_code":"GB"},"geometry":{"type":"Point","coordinates":[0.550692,52.648395]}},{"type":"Feature","properties":{"node_id":"AIRPORT-EHAM","node_type":"large-airport","name":"Amsterdam Airport Schiphol","ident":"EHAM","icao_code":"EHAM","iata_code":"AMS","scheduled_service":true,"source_airport_type":"large_airport","longest_open_runway_ft":12467,"gameplay_status":"candidate","source":"OurAirports","territory_id":"NL-01","country_code":"NL"},"geometry":{"type":"Point","coordinates":[4.76389,52.308601]}},{"type":"Feature","properties":{"node_id":"AIRPORT-EHBK","node_type":"large-airport","name":"Maastricht Aachen Airport","ident":"EHBK","icao_code":"EHBK","iata_code":"MST","scheduled_service":true,"source_airport_type":"large_airport","longest_open_runway_ft":9022,"gameplay_status":"candidate","source":"OurAirports","territory_id":"NL-01","country_code":"NL"},"geometry":{"type":"Point","coordinates":[5.769401,50.911087]}},{"type":"Feature","properties":{"node_id":"AIRPORT-EHDL","node_type":"large-airport","name":"Deelen Air Base","ident":"EHDL","icao_code":"EHDL","iata_code":null,"scheduled_service":false,"source_airport_type":"medium_airport","longest_open_runway_ft":9678,"gameplay_status":"candidate","source":"OurAirports","territory_id":"NL-01","country_code":"NL"},"geometry":{"type":"Point","coordinates":[5.87306,52.0606]}},{"type":"Feature","properties":{"node_id":"AIRPORT-EHEH","node_type":"large-airport","name":"Eindhoven Airport","ident":"EHEH","icao_code":"EHEH","iata_code":"EIN","scheduled_service":true,"source_airport_type":"large_airport","longest_open_runway_ft":9843,"gameplay_status":"candidate","source":"OurAirports","territory_id":"NL-01","country_code":"NL"},"geometry":{"type":"Point","coordinates":[5.37452983856,51.4500999451]}},{"type":"Feature","properties":{"node_id":"AIRPORT-EHGG","node_type":"large-airport","name":"Groningen Airport Eelde","ident":"EHGG","icao_code":"EHGG","iata_code":"GRQ","scheduled_service":true,"source_airport_type":"large_airport","longest_open_runway_ft":8202,"gameplay_status":"candidate","source":"OurAirports","territory_id":"NL-02","country_code":"NL"},"geometry":{"type":"Point","coordinates":[6.577652,53.119107]}},{"type":"Feature","properties":{"node_id":"AIRPORT-EHGR","node_type":"large-airport","name":"Gilze Rijen Air Base","ident":"EHGR","icao_code":"EHGR","iata_code":"GLZ","scheduled_service":false,"source_airport_type":"medium_airport","longest_open_runway_ft":9081,"gameplay_status":"candidate","source":"OurAirports","territory_id":"NL-01","country_code":"NL"},"geometry":{"type":"Point","coordinates":[4.93183,51.567402]}},{"type":"Feature","properties":{"node_id":"AIRPORT-EHLE","node_type":"large-airport","name":"Lelystad Airport","ident":"EHLE","icao_code":"EHLE","iata_code":"LEY","scheduled_service":false,"source_airport_type":"medium_airport","longest_open_runway_ft":8858,"gameplay_status":"candidate","source":"OurAirports","territory_id":"NL-01","country_code":"NL"},"geometry":{"type":"Point","coordinates":[5.514622,52.453188]}},{"type":"Feature","properties":{"node_id":"AIRPORT-EHLW","node_type":"large-airport","name":"Leeuwarden Air Base","ident":"EHLW","icao_code":"EHLW","iata_code":"LWR","scheduled_service":false,"source_airport_type":"medium_airport","longest_open_runway_ft":8045,"gameplay_status":"candidate","source":"OurAirports","territory_id":"NL-02","country_code":"NL"},"geometry":{"type":"Point","coordinates":[5.760560035705566,53.228599548339844]}},{"type":"Feature","properties":{"node_id":"AIRPORT-EHRD","node_type":"large-airport","name":"Rotterdam The Hague Airport","ident":"EHRD","icao_code":"EHRD","iata_code":"RTM","scheduled_service":true,"source_airport_type":"large_airport","longest_open_runway_ft":7218,"gameplay_status":"candidate","source":"OurAirports","territory_id":"NL-01","country_code":"NL"},"geometry":{"type":"Point","coordinates":[4.43722,51.956902]}},{"type":"Feature","properties":{"node_id":"AIRPORT-EHTW","node_type":"large-airport","name":"Twente Airport","ident":"EHTW","icao_code":"EHTW","iata_code":"ENS","scheduled_service":false,"source_airport_type":"medium_airport","longest_open_runway_ft":9801,"gameplay_status":"candidate","source":"OurAirports","territory_id":"NL-02","country_code":"NL"},"geometry":{"type":"Point","coordinates":[6.889167,52.275833]}},{"type":"Feature","properties":{"node_id":"AIRPORT-EHVK","node_type":"large-airport","name":"Volkel Air Base","ident":"EHVK","icao_code":"EHVK","iata_code":"UDE","scheduled_service":false,"source_airport_type":"medium_airport","longest_open_runway_ft":9931,"gameplay_status":"candidate","source":"OurAirports","territory_id":"NL-01","country_code":"NL"},"geometry":{"type":"Point","coordinates":[5.707778,51.657222]}},{"type":"Feature","properties":{"node_id":"AIRPORT-EHWO","node_type":"large-airport","name":"Woensdrecht Air Base","ident":"EHWO","icao_code":"EHWO","iata_code":"WOE","scheduled_service":false,"source_airport_type":"medium_airport","longest_open_runway_ft":8015,"gameplay_status":"candidate","source":"OurAirports","territory_id":"NL-01","country_code":"NL"},"geometry":{"type":"Point","coordinates":[4.34203,51.4491]}},{"type":"Feature","properties":{"node_id":"AIRPORT-EICK","node_type":"large-airport","name":"Cork International Airport","ident":"EICK","icao_code":"EICK","iata_code":"ORK","scheduled_service":true,"source_airport_type":"large_airport","longest_open_runway_ft":6998,"gameplay_status":"candidate","source":"OurAirports","territory_id":"IE-01","country_code":"IE"},"geometry":{"type":"Point","coordinates":[-8.49111,51.841301]}},{"type":"Feature","properties":{"node_id":"AIRPORT-EIDW","node_type":"large-airport","name":"Dublin Airport","ident":"EIDW","icao_code":"EIDW","iata_code":"DUB","scheduled_service":true,"source_airport_type":"large_airport","longest_open_runway_ft":10203,"gameplay_status":"candidate","source":"OurAirports","territory_id":"IE-02","country_code":"IE"},"geometry":{"type":"Point","coordinates":[-6.262121,53.428713]}},{"type":"Feature","properties":{"node_id":"AIRPORT-EIKN","node_type":"large-airport","name":"Ireland West Airport Knock","ident":"EIKN","icao_code":"EIKN","iata_code":"NOC","scheduled_service":true,"source_airport_type":"large_airport","longest_open_runway_ft":7546,"gameplay_status":"candidate","source":"OurAirports","territory_id":"IE-01","country_code":"IE"},"geometry":{"type":"Point","coordinates":[-8.817002,53.910439]}},{"type":"Feature","properties":{"node_id":"AIRPORT-EINN","node_type":"large-airport","name":"Shannon Airport","ident":"EINN","icao_code":"EINN","iata_code":"SNN","scheduled_service":true,"source_airport_type":"large_airport","longest_open_runway_ft":10495,"gameplay_status":"candidate","source":"OurAirports","territory_id":"IE-01","country_code":"IE"},"geometry":{"type":"Point","coordinates":[-8.92482,52.702]}},{"type":"Feature","properties":{"node_id":"AIRPORT-EKAH","node_type":"large-airport","name":"Aarhus Airport","ident":"EKAH","icao_code":"EKAH","iata_code":"AAR","scheduled_service":true,"source_airport_type":"large_airport","longest_open_runway_ft":9111,"gameplay_status":"candidate","source":"OurAirports","territory_id":"DK-01","country_code":"DK"},"geometry":{"type":"Point","coordinates":[10.618286,56.303331]}},{"type":"Feature","properties":{"node_id":"AIRPORT-EKBI","node_type":"large-airport","name":"Billund Airport","ident":"EKBI","icao_code":"EKBI","iata_code":"BLL","scheduled_service":true,"source_airport_type":"large_airport","longest_open_runway_ft":10172,"gameplay_status":"candidate","source":"OurAirports","territory_id":"DK-01","country_code":"DK"},"geometry":{"type":"Point","coordinates":[9.157019,55.740335]}},{"type":"Feature","properties":{"node_id":"AIRPORT-EKCH","node_type":"large-airport","name":"Copenhagen Kastrup Airport","ident":"EKCH","icao_code":"EKCH","iata_code":"CPH","scheduled_service":true,"source_airport_type":"large_airport","longest_open_runway_ft":11811,"gameplay_status":"candidate","source":"OurAirports","territory_id":"DK-02","country_code":"DK"},"geometry":{"type":"Point","coordinates":[12.656000137329,55.617900848389]}},{"type":"Feature","properties":{"node_id":"AIRPORT-EKEB","node_type":"large-airport","name":"Esbjerg Airport","ident":"EKEB","icao_code":"EKEB","iata_code":"EBJ","scheduled_service":true,"source_airport_type":"medium_airport","longest_open_runway_ft":8527,"gameplay_status":"candidate","source":"OurAirports","territory_id":"DK-01","country_code":"DK"},"geometry":{"type":"Point","coordinates":[8.5534,55.525902]}},{"type":"Feature","properties":{"node_id":"AIRPORT-EKKA","node_type":"large-airport","name":"Midtjyllands Airport / Air Base Karup","ident":"EKKA","icao_code":"EKKA","iata_code":"KRP","scheduled_service":true,"source_airport_type":"medium_airport","longest_open_runway_ft":9816,"gameplay_status":"candidate","source":"OurAirports","territory_id":"DK-01","country_code":"DK"},"geometry":{"type":"Point","coordinates":[9.104311,56.297139]}},{"type":"Feature","properties":{"node_id":"AIRPORT-EKOD","node_type":"large-airport","name":"Odense Hans Christian Andersen Airport","ident":"EKOD","icao_code":"EKOD","iata_code":"ODE","scheduled_service":true,"source_airport_type":"large_airport","longest_open_runway_ft":6053,"gameplay_status":"candidate","source":"OurAirports","territory_id":"DK-01","country_code":"DK"},"geometry":{"type":"Point","coordinates":[10.327206,55.475307]}},{"type":"Feature","properties":{"node_id":"AIRPORT-EKSP","node_type":"large-airport","name":"Skrydstrup Air Base","ident":"EKSP","icao_code":"EKSP","iata_code":"SKS","scheduled_service":false,"source_airport_type":"medium_airport","longest_open_runway_ft":9863,"gameplay_status":"candidate","source":"OurAirports","territory_id":"DK-01","country_code":"DK"},"geometry":{"type":"Point","coordinates":[9.26702,55.221048]}},{"type":"Feature","properties":{"node_id":"AIRPORT-EKYT","node_type":"large-airport","name":"Aalborg Airport","ident":"EKYT","icao_code":"EKYT","iata_code":"AAL","scheduled_service":true,"source_airport_type":"large_airport","longest_open_runway_ft":8707,"gameplay_status":"candidate","source":"OurAirports","territory_id":"DK-01","country_code":"DK"},"geometry":{"type":"Point","coordinates":[9.84993,57.094763]}},{"type":"Feature","properties":{"node_id":"AIRPORT-ELLX","node_type":"large-airport","name":"Luxembourg-Findel International Airport","ident":"ELLX","icao_code":"ELLX","iata_code":"LUX","scheduled_service":true,"source_airport_type":"large_airport","longest_open_runway_ft":13123,"gameplay_status":"candidate","source":"OurAirports","territory_id":"LU-01","country_code":"LU"},"geometry":{"type":"Point","coordinates":[6.212134,49.626845]}},{"type":"Feature","properties":{"node_id":"AIRPORT-ENAL","node_type":"large-airport","name":"Ålesund Airport","ident":"ENAL","icao_code":"ENAL","iata_code":"AES","scheduled_service":true,"source_airport_type":"large_airport","longest_open_runway_ft":7592,"gameplay_status":"candidate","source":"OurAirports","territory_id":"NO-02","country_code":"NO"},"geometry":{"type":"Point","coordinates":[6.110845,62.560443]}},{"type":"Feature","properties":{"node_id":"AIRPORT-ENAN","node_type":"large-airport","name":"Andøya Airport, Andenes","ident":"ENAN","icao_code":"ENAN","iata_code":"ANX","scheduled_service":true,"source_airport_type":"medium_airport","longest_open_runway_ft":8097,"gameplay_status":"candidate","source":"OurAirports","territory_id":"NO-03","country_code":"NO"},"geometry":{"type":"Point","coordinates":[16.139379,69.295193]}},{"type":"Feature","properties":{"node_id":"AIRPORT-ENBR","node_type":"large-airport","name":"Bergen Airport, Flesland","ident":"ENBR","icao_code":"ENBR","iata_code":"BGO","scheduled_service":true,"source_airport_type":"large_airport","longest_open_runway_ft":9810,"gameplay_status":"candidate","source":"OurAirports","territory_id":"NO-01","country_code":"NO"},"geometry":{"type":"Point","coordinates":[5.21814,60.2934]}},{"type":"Feature","properties":{"node_id":"AIRPORT-ENCN","node_type":"large-airport","name":"Kristiansand Airport","ident":"ENCN","icao_code":"ENCN","iata_code":"KRS","scheduled_service":true,"source_airport_type":"large_airport","longest_open_runway_ft":6677,"gameplay_status":"candidate","source":"OurAirports","territory_id":"NO-01","country_code":"NO"},"geometry":{"type":"Point","coordinates":[8.08537,58.204201]}},{"type":"Feature","properties":{"node_id":"AIRPORT-ENDU","node_type":"large-airport","name":"Bardufoss Airport","ident":"ENDU","icao_code":"ENDU","iata_code":"BDU","scheduled_service":true,"source_airport_type":"medium_airport","longest_open_runway_ft":8015,"gameplay_status":"candidate","source":"OurAirports","territory_id":"NO-03","country_code":"NO"},"geometry":{"type":"Point","coordinates":[18.5404,69.055801]}},{"type":"Feature","properties":{"node_id":"AIRPORT-ENEV","node_type":"large-airport","name":"Harstad/Narvik Airport","ident":"ENEV","icao_code":"ENEV","iata_code":"EVE","scheduled_service":true,"source_airport_type":"large_airport","longest_open_runway_ft":9236,"gameplay_status":"candidate","source":"OurAirports","territory_id":"NO-03","country_code":"NO"},"geometry":{"type":"Point","coordinates":[16.678101,68.491302]}},{"type":"Feature","properties":{"node_id":"AIRPORT-ENGM","node_type":"large-airport","name":"Oslo-Gardermoen International Airport","ident":"ENGM","icao_code":"ENGM","iata_code":"OSL","scheduled_service":true,"source_airport_type":"large_airport","longest_open_runway_ft":11811,"gameplay_status":"candidate","source":"OurAirports","territory_id":"NO-01","country_code":"NO"},"geometry":{"type":"Point","coordinates":[11.1004,60.193901]}},{"type":"Feature","properties":{"node_id":"AIRPORT-ENNA","node_type":"large-airport","name":"Lakselv Airport, Banak","ident":"ENNA","icao_code":"ENNA","iata_code":"LKL","scheduled_service":true,"source_airport_type":"medium_airport","longest_open_runway_ft":9147,"gameplay_status":"candidate","source":"OurAirports","territory_id":"NO-03","country_code":"NO"},"geometry":{"type":"Point","coordinates":[24.973499,70.068802]}},{"type":"Feature","properties":{"node_id":"AIRPORT-ENRY","node_type":"large-airport","name":"Moss Airport, Rygge","ident":"ENRY","icao_code":"ENRY","iata_code":null,"scheduled_service":false,"source_airport_type":"medium_airport","longest_open_runway_ft":8012,"gameplay_status":"candidate","source":"OurAirports","territory_id":"NO-01","country_code":"NO"},"geometry":{"type":"Point","coordinates":[10.785439,59.378817]}},{"type":"Feature","properties":{"node_id":"AIRPORT-ENTC","node_type":"large-airport","name":"Tromsø Airport","ident":"ENTC","icao_code":"ENTC","iata_code":"TOS","scheduled_service":true,"source_airport_type":"large_airport","longest_open_runway_ft":8041,"gameplay_status":"candidate","source":"OurAirports","territory_id":"NO-03","country_code":"NO"},"geometry":{"type":"Point","coordinates":[18.9189,69.683296]}},{"type":"Feature","properties":{"node_id":"AIRPORT-ENTO","node_type":"large-airport","name":"Sandefjord Airport, Torp","ident":"ENTO","icao_code":"ENTO","iata_code":"TRF","scheduled_service":true,"source_airport_type":"large_airport","longest_open_runway_ft":9216,"gameplay_status":"candidate","source":"OurAirports","territory_id":"NO-01","country_code":"NO"},"geometry":{"type":"Point","coordinates":[10.2586,59.186699]}},{"type":"Feature","properties":{"node_id":"AIRPORT-ENVA","node_type":"large-airport","name":"Trondheim Airport, Værnes","ident":"ENVA","icao_code":"ENVA","iata_code":"TRD","scheduled_service":true,"source_airport_type":"large_airport","longest_open_runway_ft":9052,"gameplay_status":"candidate","source":"OurAirports","territory_id":"NO-02","country_code":"NO"},"geometry":{"type":"Point","coordinates":[10.924,63.457802]}},{"type":"Feature","properties":{"node_id":"AIRPORT-ENZV","node_type":"large-airport","name":"Stavanger Airport, Sola","ident":"ENZV","icao_code":"ENZV","iata_code":"SVG","scheduled_service":true,"source_airport_type":"large_airport","longest_open_runway_ft":9369,"gameplay_status":"candidate","source":"OurAirports","territory_id":"NO-01","country_code":"NO"},"geometry":{"type":"Point","coordinates":[5.63778,58.876701]}},{"type":"Feature","properties":{"node_id":"AIRPORT-EPBY","node_type":"large-airport","name":"Ignacy Jan Paderewski Bydgoszcz Airport","ident":"EPBY","icao_code":"EPBY","iata_code":"BZG","scheduled_service":true,"source_airport_type":"medium_airport","longest_open_runway_ft":8202,"gameplay_status":"candidate","source":"OurAirports","territory_id":"PL-02","country_code":"PL"},"geometry":{"type":"Point","coordinates":[17.977699,53.096802]}},{"type":"Feature","properties":{"node_id":"AIRPORT-EPCE","node_type":"large-airport","name":"Cewice Naval Air Base","ident":"EPCE","icao_code":"EPCE","iata_code":null,"scheduled_service":false,"source_airport_type":"medium_airport","longest_open_runway_ft":8214,"gameplay_status":"candidate","source":"OurAirports","territory_id":"PL-01","country_code":"PL"},"geometry":{"type":"Point","coordinates":[17.765734,54.416525]}},{"type":"Feature","properties":{"node_id":"AIRPORT-EPDE","node_type":"large-airport","name":"Deblin Military Air Base","ident":"EPDE","icao_code":"EPDE","iata_code":null,"scheduled_service":false,"source_airport_type":"medium_airport","longest_open_runway_ft":8202,"gameplay_status":"candidate","source":"OurAirports","territory_id":"PL-05","country_code":"PL"},"geometry":{"type":"Point","coordinates":[21.892322,51.551021]}},{"type":"Feature","properties":{"node_id":"AIRPORT-EPGD","node_type":"large-airport","name":"Gdańsk Lech Wałęsa Airport","ident":"EPGD","icao_code":"EPGD","iata_code":"GDN","scheduled_service":true,"source_airport_type":"large_airport","longest_open_runway_ft":9186,"gameplay_status":"candidate","source":"OurAirports","territory_id":"PL-01","country_code":"PL"},"geometry":{"type":"Point","coordinates":[18.4662,54.377602]}},{"type":"Feature","properties":{"node_id":"AIRPORT-EPKK","node_type":"large-airport","name":"Kraków John Paul II International Airport","ident":"EPKK","icao_code":"EPKK","iata_code":"KRK","scheduled_service":true,"source_airport_type":"large_airport","longest_open_runway_ft":8366,"gameplay_status":"candidate","source":"OurAirports","territory_id":"PL-04","country_code":"PL"},"geometry":{"type":"Point","coordinates":[19.7848,50.077702]}},{"type":"Feature","properties":{"node_id":"AIRPORT-EPKS","node_type":"large-airport","name":"Krzesiny Military Air Base","ident":"EPKS","icao_code":null,"iata_code":null,"scheduled_service":false,"source_airport_type":"medium_airport","longest_open_runway_ft":8202,"gameplay_status":"candidate","source":"OurAirports","territory_id":"PL-02","country_code":"PL"},"geometry":{"type":"Point","coordinates":[16.9664,52.331699]}},{"type":"Feature","properties":{"node_id":"AIRPORT-EPKT","node_type":"large-airport","name":"Katowice Wojciech Korfanty International Airport","ident":"EPKT","icao_code":"EPKT","iata_code":"KTW","scheduled_service":true,"source_airport_type":"large_airport","longest_open_runway_ft":10499,"gameplay_status":"candidate","source":"OurAirports","territory_id":"PL-04","country_code":"PL"},"geometry":{"type":"Point","coordinates":[19.080705,50.476015]}},{"type":"Feature","properties":{"node_id":"AIRPORT-EPLB","node_type":"large-airport","name":"Lublin Airport","ident":"EPLB","icao_code":"EPLB","iata_code":"LUZ","scheduled_service":true,"source_airport_type":"large_airport","longest_open_runway_ft":8268,"gameplay_status":"candidate","source":"OurAirports","territory_id":"PL-05","country_code":"PL"},"geometry":{"type":"Point","coordinates":[22.713461,51.240157]}},{"type":"Feature","properties":{"node_id":"AIRPORT-EPLK","node_type":"large-airport","name":"Łask Air Base","ident":"EPLK","icao_code":null,"iata_code":null,"scheduled_service":false,"source_airport_type":"medium_airport","longest_open_runway_ft":9843,"gameplay_status":"candidate","source":"OurAirports","territory_id":"PL-02","country_code":"PL"},"geometry":{"type":"Point","coordinates":[19.1791,51.551701]}},{"type":"Feature","properties":{"node_id":"AIRPORT-EPLL","node_type":"large-airport","name":"Łódź Władysław Reymont Airport","ident":"EPLL","icao_code":"EPLL","iata_code":"LCJ","scheduled_service":true,"source_airport_type":"large_airport","longest_open_runway_ft":8202,"gameplay_status":"candidate","source":"OurAirports","territory_id":"PL-03","country_code":"PL"},"geometry":{"type":"Point","coordinates":[19.3981,51.721901]}},{"type":"Feature","properties":{"node_id":"AIRPORT-EPLY","node_type":"large-airport","name":"Leźnica Wielka Air Base","ident":"EPLY","icao_code":"EPLY","iata_code":null,"scheduled_service":false,"source_airport_type":"medium_airport","longest_open_runway_ft":8202,"gameplay_status":"candidate","source":"OurAirports","territory_id":"PL-03","country_code":"PL"},"geometry":{"type":"Point","coordinates":[19.143792,52.004945]}},{"type":"Feature","properties":{"node_id":"AIRPORT-EPMB","node_type":"large-airport","name":"Malbork Królewo Air Base","ident":"EPMB","icao_code":null,"iata_code":null,"scheduled_service":false,"source_airport_type":"medium_airport","longest_open_runway_ft":8202,"gameplay_status":"candidate","source":"OurAirports","territory_id":"PL-01","country_code":"PL"},"geometry":{"type":"Point","coordinates":[19.135718,54.026598]}},{"type":"Feature","properties":{"node_id":"AIRPORT-EPMI","node_type":"large-airport","name":"Miroslawiec Military Air Base","ident":"EPMI","icao_code":null,"iata_code":null,"scheduled_service":false,"source_airport_type":"medium_airport","longest_open_runway_ft":8202,"gameplay_status":"candidate","source":"OurAirports","territory_id":"PL-02","country_code":"PL"},"geometry":{"type":"Point","coordinates":[16.0828,53.3951]}},{"type":"Feature","properties":{"node_id":"AIRPORT-EPML","node_type":"large-airport","name":"Mielec Airfield","ident":"EPML","icao_code":null,"iata_code":null,"scheduled_service":false,"source_airport_type":"small_airport","longest_open_runway_ft":8176,"gameplay_status":"candidate","source":"OurAirports","territory_id":"PL-05","country_code":"PL"},"geometry":{"type":"Point","coordinates":[21.462099,50.3223]}},{"type":"Feature","properties":{"node_id":"AIRPORT-EPMM","node_type":"large-airport","name":"Minsk Mazowiecki Military Air Base","ident":"EPMM","icao_code":null,"iata_code":null,"scheduled_service":false,"source_airport_type":"medium_airport","longest_open_runway_ft":8245,"gameplay_status":"candidate","source":"OurAirports","territory_id":"PL-03","country_code":"PL"},"geometry":{"type":"Point","coordinates":[21.6558990479,52.1954994202]}},{"type":"Feature","properties":{"node_id":"AIRPORT-EPMO","node_type":"large-airport","name":"Warsaw Modlin Airport","ident":"EPMO","icao_code":"EPMO","iata_code":"WMI","scheduled_service":true,"source_airport_type":"large_airport","longest_open_runway_ft":8202,"gameplay_status":"candidate","source":"OurAirports","territory_id":"PL-03","country_code":"PL"},"geometry":{"type":"Point","coordinates":[20.6518,52.451099]}},{"type":"Feature","properties":{"node_id":"AIRPORT-EPOK","node_type":"large-airport","name":"Oksywie Air Base / Gdynia-Kosakowo Airfield","ident":"EPOK","icao_code":null,"iata_code":null,"scheduled_service":false,"source_airport_type":"small_airport","longest_open_runway_ft":8190,"gameplay_status":"candidate","source":"OurAirports","territory_id":"PL-01","country_code":"PL"},"geometry":{"type":"Point","coordinates":[18.5172,54.5797]}},{"type":"Feature","properties":{"node_id":"AIRPORT-EPPO","node_type":"large-airport","name":"Poznań-Ławica Airport","ident":"EPPO","icao_code":"EPPO","iata_code":"POZ","scheduled_service":true,"source_airport_type":"large_airport","longest_open_runway_ft":8215,"gameplay_status":"candidate","source":"OurAirports","territory_id":"PL-02","country_code":"PL"},"geometry":{"type":"Point","coordinates":[16.823359,52.421598]}},{"type":"Feature","properties":{"node_id":"AIRPORT-EPPW","node_type":"large-airport","name":"Powidz Military Air Base","ident":"EPPW","icao_code":null,"iata_code":null,"scheduled_service":false,"source_airport_type":"medium_airport","longest_open_runway_ft":11565,"gameplay_status":"candidate","source":"OurAirports","territory_id":"PL-02","country_code":"PL"},"geometry":{"type":"Point","coordinates":[17.853155,52.380087]}},{"type":"Feature","properties":{"node_id":"AIRPORT-EPRA","node_type":"large-airport","name":"Warsaw Radom Airport","ident":"EPRA","icao_code":"EPRA","iata_code":"RDO","scheduled_service":true,"source_airport_type":"medium_airport","longest_open_runway_ft":8202,"gameplay_status":"candidate","source":"OurAirports","territory_id":"PL-03","country_code":"PL"},"geometry":{"type":"Point","coordinates":[21.214742,51.38937]}},{"type":"Feature","properties":{"node_id":"AIRPORT-EPRZ","node_type":"large-airport","name":"Rzeszów-Jasionka Airport","ident":"EPRZ","icao_code":"EPRZ","iata_code":"RZE","scheduled_service":true,"source_airport_type":"large_airport","longest_open_runway_ft":10498,"gameplay_status":"candidate","source":"OurAirports","territory_id":"PL-05","country_code":"PL"},"geometry":{"type":"Point","coordinates":[22.024155,50.109791]}},{"type":"Feature","properties":{"node_id":"AIRPORT-EPSC","node_type":"large-airport","name":"Solidarity Szczecin–Goleniów Airport","ident":"EPSC","icao_code":"EPSC","iata_code":"SZZ","scheduled_service":true,"source_airport_type":"large_airport","longest_open_runway_ft":8202,"gameplay_status":"candidate","source":"OurAirports","territory_id":"PL-02","country_code":"PL"},"geometry":{"type":"Point","coordinates":[14.9022,53.584702]}},{"type":"Feature","properties":{"node_id":"AIRPORT-EPSN","node_type":"large-airport","name":"Swidwin Military Air Base","ident":"EPSN","icao_code":"EPSN","iata_code":null,"scheduled_service":false,"source_airport_type":"medium_airport","longest_open_runway_ft":8200,"gameplay_status":"candidate","source":"OurAirports","territory_id":"PL-02","country_code":"PL"},"geometry":{"type":"Point","coordinates":[15.8263,53.7906]}},{"type":"Feature","properties":{"node_id":"AIRPORT-EPSW","node_type":"large-airport","name":"Świdnik Airfield","ident":"EPSW","icao_code":null,"iata_code":null,"scheduled_service":false,"source_airport_type":"small_airport","longest_open_runway_ft":8268,"gameplay_status":"candidate","source":"OurAirports","territory_id":"PL-05","country_code":"PL"},"geometry":{"type":"Point","coordinates":[22.6903,51.231899]}},{"type":"Feature","properties":{"node_id":"AIRPORT-EPSY","node_type":"large-airport","name":"Olsztyn-Mazury Airport","ident":"EPSY","icao_code":"EPSY","iata_code":"SZY","scheduled_service":true,"source_airport_type":"medium_airport","longest_open_runway_ft":8202,"gameplay_status":"candidate","source":"OurAirports","territory_id":"PL-01","country_code":"PL"},"geometry":{"type":"Point","coordinates":[20.9377,53.481899]}},{"type":"Feature","properties":{"node_id":"AIRPORT-EPWA","node_type":"large-airport","name":"Warsaw Chopin Airport","ident":"EPWA","icao_code":"EPWA","iata_code":"WAW","scheduled_service":true,"source_airport_type":"large_airport","longest_open_runway_ft":12106,"gameplay_status":"candidate","source":"OurAirports","territory_id":"PL-03","country_code":"PL"},"geometry":{"type":"Point","coordinates":[20.9671,52.165699]}},{"type":"Feature","properties":{"node_id":"AIRPORT-EPWR","node_type":"large-airport","name":"Copernicus Wrocław Airport","ident":"EPWR","icao_code":"EPWR","iata_code":"WRO","scheduled_service":true,"source_airport_type":"large_airport","longest_open_runway_ft":8212,"gameplay_status":"candidate","source":"OurAirports","territory_id":"PL-02","country_code":"PL"},"geometry":{"type":"Point","coordinates":[16.882096,51.103719]}},{"type":"Feature","properties":{"node_id":"AIRPORT-EPZG","node_type":"large-airport","name":"Zielona Góra-Babimost Airport","ident":"EPZG","icao_code":"EPZG","iata_code":"IEG","scheduled_service":true,"source_airport_type":"medium_airport","longest_open_runway_ft":8202,"gameplay_status":"candidate","source":"OurAirports","territory_id":"PL-02","country_code":"PL"},"geometry":{"type":"Point","coordinates":[15.7986,52.1385]}},{"type":"Feature","properties":{"node_id":"AIRPORT-ESGG","node_type":"large-airport","name":"Göteborg Landvetter Airport","ident":"ESGG","icao_code":"ESGG","iata_code":"GOT","scheduled_service":true,"source_airport_type":"large_airport","longest_open_runway_ft":10823,"gameplay_status":"candidate","source":"OurAirports","territory_id":"SE-01","country_code":"SE"},"geometry":{"type":"Point","coordinates":[12.2798,57.6628]}},{"type":"Feature","properties":{"node_id":"AIRPORT-ESKN","node_type":"large-airport","name":"Stockholm Skavsta Airport","ident":"ESKN","icao_code":"ESKN","iata_code":"NYO","scheduled_service":true,"source_airport_type":"large_airport","longest_open_runway_ft":9442,"gameplay_status":"candidate","source":"OurAirports","territory_id":"SE-02","country_code":"SE"},"geometry":{"type":"Point","coordinates":[16.911479,58.789656]}},{"type":"Feature","properties":{"node_id":"AIRPORT-ESKS","node_type":"large-airport","name":"Scandinavian Mountains Airport","ident":"ESKS","icao_code":"ESKS","iata_code":"SCR","scheduled_service":true,"source_airport_type":"large_airport","longest_open_runway_ft":8202,"gameplay_status":"candidate","source":"OurAirports","territory_id":"SE-02","country_code":"SE"},"geometry":{"type":"Point","coordinates":[12.83352,61.16508]}},{"type":"Feature","properties":{"node_id":"AIRPORT-ESMS","node_type":"large-airport","name":"Malmö Sturup Airport","ident":"ESMS","icao_code":"ESMS","iata_code":"MMX","scheduled_service":true,"source_airport_type":"large_airport","longest_open_runway_ft":9186,"gameplay_status":"candidate","source":"OurAirports","territory_id":"SE-01","country_code":"SE"},"geometry":{"type":"Point","coordinates":[13.376327,55.535564]}},{"type":"Feature","properties":{"node_id":"AIRPORT-ESNQ","node_type":"large-airport","name":"Kiruna Airport","ident":"ESNQ","icao_code":"ESNQ","iata_code":"KRN","scheduled_service":true,"source_airport_type":"large_airport","longest_open_runway_ft":8209,"gameplay_status":"candidate","source":"OurAirports","territory_id":"SE-03","country_code":"SE"},"geometry":{"type":"Point","coordinates":[20.3368,67.821999]}},{"type":"Feature","properties":{"node_id":"AIRPORT-ESNS","node_type":"large-airport","name":"Skellefteå Airport","ident":"ESNS","icao_code":"ESNS","iata_code":"SFT","scheduled_service":true,"source_airport_type":"medium_airport","longest_open_runway_ft":8268,"gameplay_status":"candidate","source":"OurAirports","territory_id":"SE-03","country_code":"SE"},"geometry":{"type":"Point","coordinates":[21.076900482177734,64.62480163574219]}},{"type":"Feature","properties":{"node_id":"AIRPORT-ESNU","node_type":"large-airport","name":"Umeå Airport","ident":"ESNU","icao_code":"ESNU","iata_code":"UME","scheduled_service":true,"source_airport_type":"large_airport","longest_open_runway_ft":7551,"gameplay_status":"candidate","source":"OurAirports","territory_id":"SE-03","country_code":"SE"},"geometry":{"type":"Point","coordinates":[20.282801,63.791801]}},{"type":"Feature","properties":{"node_id":"AIRPORT-ESNX","node_type":"large-airport","name":"Arvidsjaur Airport","ident":"ESNX","icao_code":"ESNX","iata_code":"AJR","scheduled_service":true,"source_airport_type":"medium_airport","longest_open_runway_ft":8201,"gameplay_status":"candidate","source":"OurAirports","territory_id":"SE-03","country_code":"SE"},"geometry":{"type":"Point","coordinates":[19.28190040588379,65.59030151367188]}},{"type":"Feature","properties":{"node_id":"AIRPORT-ESNY","node_type":"large-airport","name":"Söderhamn Airport","ident":"ESNY","icao_code":"ESNY","iata_code":"SOO","scheduled_service":false,"source_airport_type":"medium_airport","longest_open_runway_ft":8281,"gameplay_status":"candidate","source":"OurAirports","territory_id":"SE-02","country_code":"SE"},"geometry":{"type":"Point","coordinates":[17.0991,61.261501]}},{"type":"Feature","properties":{"node_id":"AIRPORT-ESNZ","node_type":"large-airport","name":"Åre Östersund Airport","ident":"ESNZ","icao_code":"ESNZ","iata_code":"OSD","scheduled_service":true,"source_airport_type":"medium_airport","longest_open_runway_ft":8202,"gameplay_status":"candidate","source":"OurAirports","territory_id":"SE-03","country_code":"SE"},"geometry":{"type":"Point","coordinates":[14.504168,63.193546]}},{"type":"Feature","properties":{"node_id":"AIRPORT-ESOE","node_type":"large-airport","name":"Örebro Airport","ident":"ESOE","icao_code":"ESOE","iata_code":"ORB","scheduled_service":true,"source_airport_type":"medium_airport","longest_open_runway_ft":10728,"gameplay_status":"candidate","source":"OurAirports","territory_id":"SE-02","country_code":"SE"},"geometry":{"type":"Point","coordinates":[15.038000106811523,59.22370147705078]}},{"type":"Feature","properties":{"node_id":"AIRPORT-ESOK","node_type":"large-airport","name":"Karlstad Airport","ident":"ESOK","icao_code":"ESOK","iata_code":"KSD","scheduled_service":true,"source_airport_type":"medium_airport","longest_open_runway_ft":8255,"gameplay_status":"candidate","source":"OurAirports","territory_id":"SE-02","country_code":"SE"},"geometry":{"type":"Point","coordinates":[13.3374,59.444698]}},{"type":"Feature","properties":{"node_id":"AIRPORT-ESOW","node_type":"large-airport","name":"Stockholm Västerås Airport","ident":"ESOW","icao_code":"ESOW","iata_code":"VST","scheduled_service":true,"source_airport_type":"large_airport","longest_open_runway_ft":8468,"gameplay_status":"candidate","source":"OurAirports","territory_id":"SE-02","country_code":"SE"},"geometry":{"type":"Point","coordinates":[16.6336,59.589401]}},{"type":"Feature","properties":{"node_id":"AIRPORT-ESPA","node_type":"large-airport","name":"Luleå Airport","ident":"ESPA","icao_code":"ESPA","iata_code":"LLA","scheduled_service":true,"source_airport_type":"large_airport","longest_open_runway_ft":10990,"gameplay_status":"candidate","source":"OurAirports","territory_id":"SE-03","country_code":"SE"},"geometry":{"type":"Point","coordinates":[22.122,65.5438]}},{"type":"Feature","properties":{"node_id":"AIRPORT-ESSA","node_type":"large-airport","name":"Stockholm-Arlanda Airport","ident":"ESSA","icao_code":"ESSA","iata_code":"ARN","scheduled_service":true,"source_airport_type":"large_airport","longest_open_runway_ft":10830,"gameplay_status":"candidate","source":"OurAirports","territory_id":"SE-02","country_code":"SE"},"geometry":{"type":"Point","coordinates":[17.928829,59.64849]}},{"type":"Feature","properties":{"node_id":"AIRPORT-ESSL","node_type":"large-airport","name":"Linköping City Airport","ident":"ESSL","icao_code":"ESSL","iata_code":"LPI","scheduled_service":true,"source_airport_type":"large_airport","longest_open_runway_ft":7004,"gameplay_status":"candidate","source":"OurAirports","territory_id":"SE-02","country_code":"SE"},"geometry":{"type":"Point","coordinates":[15.684499,58.404909]}},{"type":"Feature","properties":{"node_id":"AIRPORT-ESSV","node_type":"large-airport","name":"Visby Airport","ident":"ESSV","icao_code":"ESSV","iata_code":"VBY","scheduled_service":true,"source_airport_type":"large_airport","longest_open_runway_ft":6562,"gameplay_status":"candidate","source":"OurAirports","territory_id":"SE-02","country_code":"SE"},"geometry":{"type":"Point","coordinates":[18.346201,57.6628]}},{"type":"Feature","properties":{"node_id":"AIRPORT-ETAD","node_type":"large-airport","name":"Spangdahlem Air Base","ident":"ETAD","icao_code":"ETAD","iata_code":"SPM","scheduled_service":false,"source_airport_type":"medium_airport","longest_open_runway_ft":10007,"gameplay_status":"candidate","source":"OurAirports","territory_id":"DE-02","country_code":"DE"},"geometry":{"type":"Point","coordinates":[6.698413,49.976507]}},{"type":"Feature","properties":{"node_id":"AIRPORT-ETAR","node_type":"large-airport","name":"Ramstein Air Base","ident":"ETAR","icao_code":"ETAR","iata_code":"RMS","scheduled_service":false,"source_airport_type":"medium_airport","longest_open_runway_ft":10498,"gameplay_status":"candidate","source":"OurAirports","territory_id":"DE-03","country_code":"DE"},"geometry":{"type":"Point","coordinates":[7.60028,49.436901]}},{"type":"Feature","properties":{"node_id":"AIRPORT-ETHS","node_type":"large-airport","name":"Faßberg Air Base","ident":"ETHS","icao_code":"ETHS","iata_code":null,"scheduled_service":false,"source_airport_type":"medium_airport","longest_open_runway_ft":8005,"gameplay_status":"candidate","source":"OurAirports","territory_id":"DE-01","country_code":"DE"},"geometry":{"type":"Point","coordinates":[10.185827,52.919399]}},{"type":"Feature","properties":{"node_id":"AIRPORT-ETMN","node_type":"large-airport","name":"Sea-Airport Cuxhaven/Nordholz / Nordholz Naval Airbase","ident":"ETMN","icao_code":"ETMN","iata_code":"FCN","scheduled_service":true,"source_airport_type":"medium_airport","longest_open_runway_ft":8002,"gameplay_status":"candidate","source":"OurAirports","territory_id":"DE-01","country_code":"DE"},"geometry":{"type":"Point","coordinates":[8.659201,53.767689]}},{"type":"Feature","properties":{"node_id":"AIRPORT-ETNG","node_type":"large-airport","name":"Geilenkirchen Air Base","ident":"ETNG","icao_code":"ETNG","iata_code":"GKE","scheduled_service":false,"source_airport_type":"medium_airport","longest_open_runway_ft":10009,"gameplay_status":"candidate","source":"OurAirports","territory_id":"DE-02","country_code":"DE"},"geometry":{"type":"Point","coordinates":[6.04242,50.9608]}},{"type":"Feature","properties":{"node_id":"AIRPORT-ETNH","node_type":"large-airport","name":"Hohn Air Base","ident":"ETNH","icao_code":"ETNH","iata_code":null,"scheduled_service":false,"source_airport_type":"medium_airport","longest_open_runway_ft":8005,"gameplay_status":"candidate","source":"OurAirports","territory_id":"DE-01","country_code":"DE"},"geometry":{"type":"Point","coordinates":[9.53817,54.312199]}},{"type":"Feature","properties":{"node_id":"AIRPORT-ETNL","node_type":"large-airport","name":"Rostock-Laage Airport","ident":"ETNL","icao_code":"ETNL","iata_code":"RLG","scheduled_service":true,"source_airport_type":"medium_airport","longest_open_runway_ft":8202,"gameplay_status":"candidate","source":"OurAirports","territory_id":"DE-01","country_code":"DE"},"geometry":{"type":"Point","coordinates":[12.2783,53.918201]}},{"type":"Feature","properties":{"node_id":"AIRPORT-ETNN","node_type":"large-airport","name":"Nörvenich Air Base","ident":"ETNN","icao_code":"ETNN","iata_code":null,"scheduled_service":false,"source_airport_type":"medium_airport","longest_open_runway_ft":8003,"gameplay_status":"candidate","source":"OurAirports","territory_id":"DE-02","country_code":"DE"},"geometry":{"type":"Point","coordinates":[6.65817,50.8312]}},{"type":"Feature","properties":{"node_id":"AIRPORT-ETNS","node_type":"large-airport","name":"Schleswig Air Base","ident":"ETNS","icao_code":"ETNS","iata_code":"WBG","scheduled_service":false,"source_airport_type":"medium_airport","longest_open_runway_ft":8003,"gameplay_status":"candidate","source":"OurAirports","territory_id":"DE-01","country_code":"DE"},"geometry":{"type":"Point","coordinates":[9.51633,54.459301]}},{"type":"Feature","properties":{"node_id":"AIRPORT-ETNT","node_type":"large-airport","name":"Wittmundhafen Air Base","ident":"ETNT","icao_code":"ETNT","iata_code":null,"scheduled_service":false,"source_airport_type":"medium_airport","longest_open_runway_ft":8005,"gameplay_status":"candidate","source":"OurAirports","territory_id":"DE-01","country_code":"DE"},"geometry":{"type":"Point","coordinates":[7.66733,53.547798]}},{"type":"Feature","properties":{"node_id":"AIRPORT-ETNW","node_type":"large-airport","name":"Wunstorf Air Base","ident":"ETNW","icao_code":"ETNW","iata_code":null,"scheduled_service":false,"source_airport_type":"medium_airport","longest_open_runway_ft":8199,"gameplay_status":"candidate","source":"OurAirports","territory_id":"DE-01","country_code":"DE"},"geometry":{"type":"Point","coordinates":[9.42717,52.457298]}},{"type":"Feature","properties":{"node_id":"AIRPORT-ETSB","node_type":"large-airport","name":"Büchel Air Base","ident":"ETSB","icao_code":"ETSB","iata_code":null,"scheduled_service":false,"source_airport_type":"medium_airport","longest_open_runway_ft":8225,"gameplay_status":"candidate","source":"OurAirports","territory_id":"DE-03","country_code":"DE"},"geometry":{"type":"Point","coordinates":[7.06333,50.173801]}},{"type":"Feature","properties":{"node_id":"AIRPORT-ETSI","node_type":"large-airport","name":"Ingolstadt Manching Airport","ident":"ETSI","icao_code":"ETSI","iata_code":"IGS","scheduled_service":false,"source_airport_type":"medium_airport","longest_open_runway_ft":9646,"gameplay_status":"candidate","source":"OurAirports","territory_id":"DE-06","country_code":"DE"},"geometry":{"type":"Point","coordinates":[11.534000396728516,48.7156982421875]}},{"type":"Feature","properties":{"node_id":"AIRPORT-ETSL","node_type":"large-airport","name":"Lechfeld Air Base","ident":"ETSL","icao_code":"ETSL","iata_code":null,"scheduled_service":false,"source_airport_type":"medium_airport","longest_open_runway_ft":8012,"gameplay_status":"candidate","source":"OurAirports","territory_id":"DE-06","country_code":"DE"},"geometry":{"type":"Point","coordinates":[10.8612,48.185504]}},{"type":"Feature","properties":{"node_id":"AIRPORT-ETSN","node_type":"large-airport","name":"Neuburg Air Base","ident":"ETSN","icao_code":"ETSN","iata_code":null,"scheduled_service":false,"source_airport_type":"medium_airport","longest_open_runway_ft":8005,"gameplay_status":"candidate","source":"OurAirports","territory_id":"DE-06","country_code":"DE"},"geometry":{"type":"Point","coordinates":[11.2115,48.710999]}},{"type":"Feature","properties":{"node_id":"AIRPORT-EVGA","node_type":"large-airport","name":"Lielvarde Air Base","ident":"EVGA","icao_code":"EVGA","iata_code":null,"scheduled_service":false,"source_airport_type":"small_airport","longest_open_runway_ft":8202,"gameplay_status":"candidate","source":"OurAirports","territory_id":"LV-01","country_code":"LV"},"geometry":{"type":"Point","coordinates":[24.853901,56.778301]}},{"type":"Feature","properties":{"node_id":"AIRPORT-EVLA","node_type":"large-airport","name":"Liepāja International Airport","ident":"EVLA","icao_code":"EVLA","iata_code":"LPX","scheduled_service":false,"source_airport_type":"large_airport","longest_open_runway_ft":6568,"gameplay_status":"candidate","source":"OurAirports","territory_id":"LV-01","country_code":"LV"},"geometry":{"type":"Point","coordinates":[21.096901,56.517502]}},{"type":"Feature","properties":{"node_id":"AIRPORT-EVRA","node_type":"large-airport","name":"Riga International Airport","ident":"EVRA","icao_code":"EVRA","iata_code":"RIX","scheduled_service":true,"source_airport_type":"large_airport","longest_open_runway_ft":10499,"gameplay_status":"candidate","source":"OurAirports","territory_id":"LV-01","country_code":"LV"},"geometry":{"type":"Point","coordinates":[23.970711,56.920752]}},{"type":"Feature","properties":{"node_id":"AIRPORT-EVTA","node_type":"large-airport","name":"Jūrmala Airport","ident":"EVTA","icao_code":null,"iata_code":null,"scheduled_service":false,"source_airport_type":"medium_airport","longest_open_runway_ft":8197,"gameplay_status":"candidate","source":"OurAirports","territory_id":"LV-01","country_code":"LV"},"geometry":{"type":"Point","coordinates":[23.2239,56.9422]}},{"type":"Feature","properties":{"node_id":"AIRPORT-EYKA","node_type":"large-airport","name":"Kaunas International Airport","ident":"EYKA","icao_code":"EYKA","iata_code":"KUN","scheduled_service":true,"source_airport_type":"large_airport","longest_open_runway_ft":10663,"gameplay_status":"candidate","source":"OurAirports","territory_id":"LT-01","country_code":"LT"},"geometry":{"type":"Point","coordinates":[24.08582,54.963965]}},{"type":"Feature","properties":{"node_id":"AIRPORT-EYPA","node_type":"large-airport","name":"Palanga International Airport","ident":"EYPA","icao_code":"EYPA","iata_code":"PLQ","scheduled_service":true,"source_airport_type":"large_airport","longest_open_runway_ft":7480,"gameplay_status":"candidate","source":"OurAirports","territory_id":"LT-01","country_code":"LT"},"geometry":{"type":"Point","coordinates":[21.093901,55.973202]}},{"type":"Feature","properties":{"node_id":"AIRPORT-EYSA","node_type":"large-airport","name":"Šiauliai International Airport","ident":"EYSA","icao_code":"EYSA","iata_code":"SQQ","scheduled_service":false,"source_airport_type":"medium_airport","longest_open_runway_ft":11483,"gameplay_status":"candidate","source":"OurAirports","territory_id":"LT-01","country_code":"LT"},"geometry":{"type":"Point","coordinates":[23.395000457763672,55.89390182495117]}},{"type":"Feature","properties":{"node_id":"AIRPORT-EYVI","node_type":"large-airport","name":"Vilnius International Airport","ident":"EYVI","icao_code":"EYVI","iata_code":"VNO","scheduled_service":true,"source_airport_type":"large_airport","longest_open_runway_ft":8251,"gameplay_status":"candidate","source":"OurAirports","territory_id":"LT-01","country_code":"LT"},"geometry":{"type":"Point","coordinates":[25.285801,54.634102]}},{"type":"Feature","properties":{"node_id":"AIRPORT-FR-1238","node_type":"large-airport","name":"Cambrai-Épinoy (BA 103) Air Base","ident":"FR-1238","icao_code":null,"iata_code":null,"scheduled_service":false,"source_airport_type":"closed","longest_open_runway_ft":8264,"gameplay_status":"candidate","source":"OurAirports","territory_id":"FR-02","country_code":"FR"},"geometry":{"type":"Point","coordinates":[3.15424,50.221802]}},{"type":"Feature","properties":{"node_id":"AIRPORT-FR-1241","node_type":"large-airport","name":"Reims-Champagne (BA 112) Air Base","ident":"FR-1241","icao_code":null,"iata_code":null,"scheduled_service":false,"source_airport_type":"closed","longest_open_runway_ft":8143,"gameplay_status":"candidate","source":"OurAirports","territory_id":"FR-02","country_code":"FR"},"geometry":{"type":"Point","coordinates":[4.05,49.310001]}},{"type":"Feature","properties":{"node_id":"AIRPORT-FR-1252","node_type":"large-airport","name":"Brétigny-sur-Orge Air Base","ident":"FR-1252","icao_code":null,"iata_code":null,"scheduled_service":false,"source_airport_type":"closed","longest_open_runway_ft":9843,"gameplay_status":"candidate","source":"OurAirports","territory_id":"FR-02","country_code":"FR"},"geometry":{"type":"Point","coordinates":[2.33222,48.5961]}},{"type":"Feature","properties":{"node_id":"AIRPORT-GB-1212","node_type":"large-airport","name":"Doncaster Sheffield Airport","ident":"GB-1212","icao_code":null,"iata_code":null,"scheduled_service":false,"source_airport_type":"closed","longest_open_runway_ft":9495,"gameplay_status":"candidate","source":"OurAirports","territory_id":"GB-02","country_code":"GB"},"geometry":{"type":"Point","coordinates":[-1.004267,53.475287]}},{"type":"Feature","properties":{"node_id":"AIRPORT-GB-1215","node_type":"large-airport","name":"Manston Airport","ident":"GB-1215","icao_code":null,"iata_code":null,"scheduled_service":false,"source_airport_type":"closed","longest_open_runway_ft":9029,"gameplay_status":"candidate","source":"OurAirports","territory_id":"GB-04","country_code":"GB"},"geometry":{"type":"Point","coordinates":[1.34611,51.342201]}},{"type":"Feature","properties":{"node_id":"AIRPORT-GB-1220","node_type":"large-airport","name":"Bristol Filton Airport","ident":"GB-1220","icao_code":null,"iata_code":null,"scheduled_service":false,"source_airport_type":"closed","longest_open_runway_ft":8094,"gameplay_status":"candidate","source":"OurAirports","territory_id":"GB-04","country_code":"GB"},"geometry":{"type":"Point","coordinates":[-2.59083,51.519402]}},{"type":"Feature","properties":{"node_id":"AIRPORT-GB-1224","node_type":"large-airport","name":"RAF Cottesmore","ident":"GB-1224","icao_code":null,"iata_code":null,"scheduled_service":false,"source_airport_type":"closed","longest_open_runway_ft":9004,"gameplay_status":"candidate","source":"OurAirports","territory_id":"GB-03","country_code":"GB"},"geometry":{"type":"Point","coordinates":[-0.654545,52.731772]}},{"type":"Feature","properties":{"node_id":"AIRPORT-GB-1225","node_type":"large-airport","name":"RAF Scampton","ident":"GB-1225","icao_code":null,"iata_code":null,"scheduled_service":false,"source_airport_type":"closed","longest_open_runway_ft":8990,"gameplay_status":"candidate","source":"OurAirports","territory_id":"GB-03","country_code":"GB"},"geometry":{"type":"Point","coordinates":[-0.550833,53.3078]}},{"type":"Feature","properties":{"node_id":"AIRPORT-GB-1249","node_type":"large-airport","name":"RAF Sculthorpe","ident":"GB-1249","icao_code":null,"iata_code":null,"scheduled_service":false,"source_airport_type":"closed","longest_open_runway_ft":8999,"gameplay_status":"candidate","source":"OurAirports","territory_id":"GB-04","country_code":"GB"},"geometry":{"type":"Point","coordinates":[0.766389,52.846699]}},{"type":"Feature","properties":{"node_id":"AIRPORT-GR-0096","node_type":"large-airport","name":"Agrinion Air Base","ident":"GR-0096","icao_code":null,"iata_code":null,"scheduled_service":false,"source_airport_type":"closed","longest_open_runway_ft":9875,"gameplay_status":"candidate","source":"OurAirports","territory_id":"GR-02","country_code":"GR"},"geometry":{"type":"Point","coordinates":[21.3512,38.602001]}},{"type":"Feature","properties":{"node_id":"AIRPORT-GR-0109","node_type":"large-airport","name":"(*)Kasteli Hellenic Air Force Base","ident":"GR-0109","icao_code":"LGTL","iata_code":null,"scheduled_service":false,"source_airport_type":"medium_airport","longest_open_runway_ft":9875,"gameplay_status":"candidate","source":"OurAirports","territory_id":"GR-03","country_code":"GR"},"geometry":{"type":"Point","coordinates":[25.326588,35.191341]}},{"type":"Feature","properties":{"node_id":"AIRPORT-HR-0034","node_type":"large-airport","name":"Udbina Airfield","ident":"HR-0034","icao_code":null,"iata_code":null,"scheduled_service":false,"source_airport_type":"medium_airport","longest_open_runway_ft":9022,"gameplay_status":"candidate","source":"OurAirports","territory_id":"HR-02","country_code":"HR"},"geometry":{"type":"Point","coordinates":[15.7744,44.557598]}},{"type":"Feature","properties":{"node_id":"AIRPORT-LAKV","node_type":"large-airport","name":"Kuçovë Air Base","ident":"LAKV","icao_code":"LAKV","iata_code":null,"scheduled_service":false,"source_airport_type":"medium_airport","longest_open_runway_ft":9318,"gameplay_status":"candidate","source":"OurAirports","territory_id":"AL-01","country_code":"AL"},"geometry":{"type":"Point","coordinates":[19.901899,40.7719]}},{"type":"Feature","properties":{"node_id":"AIRPORT-LATI","node_type":"large-airport","name":"Tirana International Airport Mother Teresa","ident":"LATI","icao_code":"LATI","iata_code":"TIA","scheduled_service":true,"source_airport_type":"large_airport","longest_open_runway_ft":9843,"gameplay_status":"candidate","source":"OurAirports","territory_id":"AL-01","country_code":"AL"},"geometry":{"type":"Point","coordinates":[19.7206,41.4147]}},{"type":"Feature","properties":{"node_id":"AIRPORT-LB13","node_type":"large-airport","name":"Sofia West Airfield","ident":"LB13","icao_code":"LBSW","iata_code":null,"scheduled_service":false,"source_airport_type":"small_airport","longest_open_runway_ft":8187,"gameplay_status":"candidate","source":"OurAirports","territory_id":"BG-01","country_code":"BG"},"geometry":{"type":"Point","coordinates":[22.9835,42.444199]}},{"type":"Feature","properties":{"node_id":"AIRPORT-LB18","node_type":"large-airport","name":"Tenevo Airstrip","ident":"LB18","icao_code":null,"iata_code":null,"scheduled_service":false,"source_airport_type":"small_airport","longest_open_runway_ft":8200,"gameplay_status":"candidate","source":"OurAirports","territory_id":"BG-02","country_code":"BG"},"geometry":{"type":"Point","coordinates":[26.5739,42.346401]}},{"type":"Feature","properties":{"node_id":"AIRPORT-LB42","node_type":"large-airport","name":"Kamenets Air Base","ident":"LB42","icao_code":null,"iata_code":null,"scheduled_service":false,"source_airport_type":"small_airport","longest_open_runway_ft":8200,"gameplay_status":"candidate","source":"OurAirports","territory_id":"BG-01","country_code":"BG"},"geometry":{"type":"Point","coordinates":[25.003401,43.327301]}},{"type":"Feature","properties":{"node_id":"AIRPORT-LBBG","node_type":"large-airport","name":"Burgas Airport","ident":"LBBG","icao_code":"LBBG","iata_code":"BOJ","scheduled_service":true,"source_airport_type":"large_airport","longest_open_runway_ft":10499,"gameplay_status":"candidate","source":"OurAirports","territory_id":"BG-02","country_code":"BG"},"geometry":{"type":"Point","coordinates":[27.515173,42.569917]}},{"type":"Feature","properties":{"node_id":"AIRPORT-LBGO","node_type":"large-airport","name":"Gorna Oryahovitsa Airport","ident":"LBGO","icao_code":"LBGO","iata_code":"GOZ","scheduled_service":false,"source_airport_type":"medium_airport","longest_open_runway_ft":8038,"gameplay_status":"candidate","source":"OurAirports","territory_id":"BG-02","country_code":"BG"},"geometry":{"type":"Point","coordinates":[25.7129,43.151402]}},{"type":"Feature","properties":{"node_id":"AIRPORT-LBPD","node_type":"large-airport","name":"Plovdiv International Airport","ident":"LBPD","icao_code":"LBPD","iata_code":"PDV","scheduled_service":true,"source_airport_type":"large_airport","longest_open_runway_ft":8202,"gameplay_status":"candidate","source":"OurAirports","territory_id":"BG-01","country_code":"BG"},"geometry":{"type":"Point","coordinates":[24.8508,42.067799]}},{"type":"Feature","properties":{"node_id":"AIRPORT-LBPG","node_type":"large-airport","name":"Graf Ignatievo Air Base","ident":"LBPG","icao_code":"LBPG","iata_code":null,"scheduled_service":false,"source_airport_type":"medium_airport","longest_open_runway_ft":9815,"gameplay_status":"candidate","source":"OurAirports","territory_id":"BG-01","country_code":"BG"},"geometry":{"type":"Point","coordinates":[24.714001,42.290401]}},{"type":"Feature","properties":{"node_id":"AIRPORT-LBRS","node_type":"large-airport","name":"Ruse Airport","ident":"LBRS","icao_code":"LBRS","iata_code":"ROU","scheduled_service":false,"source_airport_type":"small_airport","longest_open_runway_ft":8210,"gameplay_status":"candidate","source":"OurAirports","territory_id":"BG-02","country_code":"BG"},"geometry":{"type":"Point","coordinates":[26.0567,43.694801]}},{"type":"Feature","properties":{"node_id":"AIRPORT-LBSF","node_type":"large-airport","name":"Sofia Airport","ident":"LBSF","icao_code":"LBSF","iata_code":"SOF","scheduled_service":true,"source_airport_type":"large_airport","longest_open_runway_ft":11811,"gameplay_status":"candidate","source":"OurAirports","territory_id":"BG-01","country_code":"BG"},"geometry":{"type":"Point","coordinates":[23.417671,42.696357]}},{"type":"Feature","properties":{"node_id":"AIRPORT-LBSL","node_type":"large-airport","name":"Sliven Barshen Airfield","ident":"LBSL","icao_code":null,"iata_code":null,"scheduled_service":false,"source_airport_type":"small_airport","longest_open_runway_ft":8155,"gameplay_status":"candidate","source":"OurAirports","territory_id":"BG-02","country_code":"BG"},"geometry":{"type":"Point","coordinates":[26.358791,42.645272]}},{"type":"Feature","properties":{"node_id":"AIRPORT-LBSZ","node_type":"large-airport","name":"Stara Zagora Airport","ident":"LBSZ","icao_code":"LBSZ","iata_code":null,"scheduled_service":false,"source_airport_type":"small_airport","longest_open_runway_ft":8200,"gameplay_status":"candidate","source":"OurAirports","territory_id":"BG-01","country_code":"BG"},"geometry":{"type":"Point","coordinates":[25.655,42.376667]}},{"type":"Feature","properties":{"node_id":"AIRPORT-LBWB","node_type":"large-airport","name":"Balchik Airfield","ident":"LBWB","icao_code":"LBWB","iata_code":null,"scheduled_service":false,"source_airport_type":"medium_airport","longest_open_runway_ft":8095,"gameplay_status":"candidate","source":"OurAirports","territory_id":"BG-02","country_code":"BG"},"geometry":{"type":"Point","coordinates":[28.181299,43.423801]}},{"type":"Feature","properties":{"node_id":"AIRPORT-LBWN","node_type":"large-airport","name":"Varna Airport","ident":"LBWN","icao_code":"LBWN","iata_code":"VAR","scheduled_service":true,"source_airport_type":"large_airport","longest_open_runway_ft":8258,"gameplay_status":"candidate","source":"OurAirports","territory_id":"BG-02","country_code":"BG"},"geometry":{"type":"Point","coordinates":[27.8251,43.232101]}},{"type":"Feature","properties":{"node_id":"AIRPORT-LCEN","node_type":"large-airport","name":"Ercan International Airport","ident":"LCEN","icao_code":"LCEN","iata_code":"ECN","scheduled_service":true,"source_airport_type":"large_airport","longest_open_runway_ft":10498,"gameplay_status":"candidate","source":"OurAirports","territory_id":"CY-01","country_code":"CY"},"geometry":{"type":"Point","coordinates":[33.507352,35.153064]}},{"type":"Feature","properties":{"node_id":"AIRPORT-LCLK","node_type":"large-airport","name":"Larnaca International Airport","ident":"LCLK","icao_code":"LCLK","iata_code":"LCA","scheduled_service":true,"source_airport_type":"large_airport","longest_open_runway_ft":9823,"gameplay_status":"candidate","source":"OurAirports","territory_id":"CY-01","country_code":"CY"},"geometry":{"type":"Point","coordinates":[33.624901,34.875099]}},{"type":"Feature","properties":{"node_id":"AIRPORT-LDDU","node_type":"large-airport","name":"Dubrovnik Ruđer Bošković Airport","ident":"LDDU","icao_code":"LDDU","iata_code":"DBV","scheduled_service":true,"source_airport_type":"large_airport","longest_open_runway_ft":10597,"gameplay_status":"candidate","source":"OurAirports","territory_id":"HR-02","country_code":"HR"},"geometry":{"type":"Point","coordinates":[18.265543,42.562247]}},{"type":"Feature","properties":{"node_id":"AIRPORT-LDOS","node_type":"large-airport","name":"Osijek Airport","ident":"LDOS","icao_code":"LDOS","iata_code":"OSI","scheduled_service":true,"source_airport_type":"medium_airport","longest_open_runway_ft":8202,"gameplay_status":"candidate","source":"OurAirports","territory_id":"HR-01","country_code":"HR"},"geometry":{"type":"Point","coordinates":[18.811278,45.462355]}},{"type":"Feature","properties":{"node_id":"AIRPORT-LDPL","node_type":"large-airport","name":"Pula Airport","ident":"LDPL","icao_code":"LDPL","iata_code":"PUY","scheduled_service":true,"source_airport_type":"large_airport","longest_open_runway_ft":9678,"gameplay_status":"candidate","source":"OurAirports","territory_id":"HR-02","country_code":"HR"},"geometry":{"type":"Point","coordinates":[13.9222,44.893501]}},{"type":"Feature","properties":{"node_id":"AIRPORT-LDRI","node_type":"large-airport","name":"Rijeka Airport","ident":"LDRI","icao_code":"LDRI","iata_code":"RJK","scheduled_service":true,"source_airport_type":"large_airport","longest_open_runway_ft":8164,"gameplay_status":"candidate","source":"OurAirports","territory_id":"HR-02","country_code":"HR"},"geometry":{"type":"Point","coordinates":[14.57085,45.216376]}},{"type":"Feature","properties":{"node_id":"AIRPORT-LDSP","node_type":"large-airport","name":"Split Saint Jerome Airport","ident":"LDSP","icao_code":"LDSP","iata_code":"SPU","scheduled_service":true,"source_airport_type":"large_airport","longest_open_runway_ft":8366,"gameplay_status":"candidate","source":"OurAirports","territory_id":"HR-02","country_code":"HR"},"geometry":{"type":"Point","coordinates":[16.298,43.538898]}},{"type":"Feature","properties":{"node_id":"AIRPORT-LDZA","node_type":"large-airport","name":"Zagreb Franjo Tuđman International Airport","ident":"LDZA","icao_code":"LDZA","iata_code":"ZAG","scheduled_service":true,"source_airport_type":"large_airport","longest_open_runway_ft":10669,"gameplay_status":"candidate","source":"OurAirports","territory_id":"HR-01","country_code":"HR"},"geometry":{"type":"Point","coordinates":[16.0688,45.742901]}},{"type":"Feature","properties":{"node_id":"AIRPORT-LDZD","node_type":"large-airport","name":"Zadar Airport","ident":"LDZD","icao_code":"LDZD","iata_code":"ZAD","scheduled_service":true,"source_airport_type":"large_airport","longest_open_runway_ft":8202,"gameplay_status":"candidate","source":"OurAirports","territory_id":"HR-02","country_code":"HR"},"geometry":{"type":"Point","coordinates":[15.353565,44.096986]}},{"type":"Feature","properties":{"node_id":"AIRPORT-LEAB","node_type":"large-airport","name":"Albacete Airport / Los Llanos Air Base","ident":"LEAB","icao_code":"LEAB","iata_code":"ABC","scheduled_service":false,"source_airport_type":"medium_airport","longest_open_runway_ft":8858,"gameplay_status":"candidate","source":"OurAirports","territory_id":"ES-05","country_code":"ES"},"geometry":{"type":"Point","coordinates":[-1.86352,38.948502]}},{"type":"Feature","properties":{"node_id":"AIRPORT-LEAL","node_type":"large-airport","name":"Alicante-Elche Miguel Hernández Airport","ident":"LEAL","icao_code":"LEAL","iata_code":"ALC","scheduled_service":true,"source_airport_type":"large_airport","longest_open_runway_ft":9842,"gameplay_status":"candidate","source":"OurAirports","territory_id":"ES-05","country_code":"ES"},"geometry":{"type":"Point","coordinates":[-0.558156,38.2822]}},{"type":"Feature","properties":{"node_id":"AIRPORT-LEAM","node_type":"large-airport","name":"Almería Airport","ident":"LEAM","icao_code":"LEAM","iata_code":"LEI","scheduled_service":true,"source_airport_type":"medium_airport","longest_open_runway_ft":10499,"gameplay_status":"candidate","source":"OurAirports","territory_id":"ES-06","country_code":"ES"},"geometry":{"type":"Point","coordinates":[-2.3701,36.843899]}},{"type":"Feature","properties":{"node_id":"AIRPORT-LEAS","node_type":"large-airport","name":"Asturias Airport","ident":"LEAS","icao_code":"LEAS","iata_code":"OVD","scheduled_service":true,"source_airport_type":"large_airport","longest_open_runway_ft":7218,"gameplay_status":"candidate","source":"OurAirports","territory_id":"ES-01","country_code":"ES"},"geometry":{"type":"Point","coordinates":[-6.03462,43.563599]}},{"type":"Feature","properties":{"node_id":"AIRPORT-LEBB","node_type":"large-airport","name":"Bilbao Airport","ident":"LEBB","icao_code":"LEBB","iata_code":"BIO","scheduled_service":true,"source_airport_type":"large_airport","longest_open_runway_ft":8530,"gameplay_status":"candidate","source":"OurAirports","territory_id":"ES-02","country_code":"ES"},"geometry":{"type":"Point","coordinates":[-2.91061,43.301102]}},{"type":"Feature","properties":{"node_id":"AIRPORT-LEBL","node_type":"large-airport","name":"Josep Tarradellas Barcelona-El Prat Airport","ident":"LEBL","icao_code":"LEBL","iata_code":"BCN","scheduled_service":true,"source_airport_type":"large_airport","longest_open_runway_ft":11000,"gameplay_status":"candidate","source":"OurAirports","territory_id":"ES-03","country_code":"ES"},"geometry":{"type":"Point","coordinates":[2.07846,41.2971]}},{"type":"Feature","properties":{"node_id":"AIRPORT-LEBZ","node_type":"large-airport","name":"Badajoz Airport","ident":"LEBZ","icao_code":"LEBZ","iata_code":"BJZ","scheduled_service":true,"source_airport_type":"medium_airport","longest_open_runway_ft":9350,"gameplay_status":"candidate","source":"OurAirports","territory_id":"ES-06","country_code":"ES"},"geometry":{"type":"Point","coordinates":[-6.82133,38.8913]}},{"type":"Feature","properties":{"node_id":"AIRPORT-LECH","node_type":"large-airport","name":"Castellón-Costa Azahar Airport","ident":"LECH","icao_code":"LECH","iata_code":"CDT","scheduled_service":true,"source_airport_type":"medium_airport","longest_open_runway_ft":8858,"gameplay_status":"candidate","source":"OurAirports","territory_id":"ES-05","country_code":"ES"},"geometry":{"type":"Point","coordinates":[0.073333,40.213889]}},{"type":"Feature","properties":{"node_id":"AIRPORT-LEDA","node_type":"large-airport","name":"Lleida-Alguaire Airport","ident":"LEDA","icao_code":"LEDA","iata_code":"ILD","scheduled_service":true,"source_airport_type":"medium_airport","longest_open_runway_ft":8202,"gameplay_status":"candidate","source":"OurAirports","territory_id":"ES-03","country_code":"ES"},"geometry":{"type":"Point","coordinates":[0.535023,41.728185]}},{"type":"Feature","properties":{"node_id":"AIRPORT-LEGE","node_type":"large-airport","name":"Girona-Costa Brava Airport","ident":"LEGE","icao_code":"LEGE","iata_code":"GRO","scheduled_service":true,"source_airport_type":"large_airport","longest_open_runway_ft":7874,"gameplay_status":"candidate","source":"OurAirports","territory_id":"ES-03","country_code":"ES"},"geometry":{"type":"Point","coordinates":[2.761774,41.904639]}},{"type":"Feature","properties":{"node_id":"AIRPORT-LEGR","node_type":"large-airport","name":"F.G.L. Airport Granada-Jaén Airport","ident":"LEGR","icao_code":"LEGR","iata_code":"GRX","scheduled_service":true,"source_airport_type":"medium_airport","longest_open_runway_ft":9514,"gameplay_status":"candidate","source":"OurAirports","territory_id":"ES-06","country_code":"ES"},"geometry":{"type":"Point","coordinates":[-3.77736,37.188702]}},{"type":"Feature","properties":{"node_id":"AIRPORT-LEGT","node_type":"large-airport","name":"Getafe Air Base","ident":"LEGT","icao_code":"LEGT","iata_code":null,"scheduled_service":false,"source_airport_type":"medium_airport","longest_open_runway_ft":8136,"gameplay_status":"candidate","source":"OurAirports","territory_id":"ES-04","country_code":"ES"},"geometry":{"type":"Point","coordinates":[-3.72383,40.294102]}},{"type":"Feature","properties":{"node_id":"AIRPORT-LEIB","node_type":"large-airport","name":"Ibiza Airport","ident":"LEIB","icao_code":"LEIB","iata_code":"IBZ","scheduled_service":true,"source_airport_type":"large_airport","longest_open_runway_ft":9186,"gameplay_status":"candidate","source":"OurAirports","territory_id":"ES-05","country_code":"ES"},"geometry":{"type":"Point","coordinates":[1.37312,38.872898]}},{"type":"Feature","properties":{"node_id":"AIRPORT-LELN","node_type":"large-airport","name":"León Airport","ident":"LELN","icao_code":"LELN","iata_code":"LEN","scheduled_service":true,"source_airport_type":"medium_airport","longest_open_runway_ft":9843,"gameplay_status":"candidate","source":"OurAirports","territory_id":"ES-01","country_code":"ES"},"geometry":{"type":"Point","coordinates":[-5.653406,42.590709]}},{"type":"Feature","properties":{"node_id":"AIRPORT-LEMD","node_type":"large-airport","name":"Adolfo Suárez Madrid–Barajas Airport","ident":"LEMD","icao_code":"LEMD","iata_code":"MAD","scheduled_service":true,"source_airport_type":"large_airport","longest_open_runway_ft":14271,"gameplay_status":"candidate","source":"OurAirports","territory_id":"ES-04","country_code":"ES"},"geometry":{"type":"Point","coordinates":[-3.572249,40.493407]}},{"type":"Feature","properties":{"node_id":"AIRPORT-LEMG","node_type":"large-airport","name":"Málaga-Costa del Sol Airport","ident":"LEMG","icao_code":"LEMG","iata_code":"AGP","scheduled_service":true,"source_airport_type":"large_airport","longest_open_runway_ft":10500,"gameplay_status":"candidate","source":"OurAirports","territory_id":"ES-06","country_code":"ES"},"geometry":{"type":"Point","coordinates":[-4.49911,36.6749]}},{"type":"Feature","properties":{"node_id":"AIRPORT-LEMH","node_type":"large-airport","name":"Menorca Airport","ident":"LEMH","icao_code":"LEMH","iata_code":"MAH","scheduled_service":true,"source_airport_type":"large_airport","longest_open_runway_ft":8366,"gameplay_status":"candidate","source":"OurAirports","territory_id":"ES-03","country_code":"ES"},"geometry":{"type":"Point","coordinates":[4.21865,39.862598]}},{"type":"Feature","properties":{"node_id":"AIRPORT-LEMI","node_type":"large-airport","name":"Region of Murcia International Airport","ident":"LEMI","icao_code":"LEMI","iata_code":"RMU","scheduled_service":true,"source_airport_type":"large_airport","longest_open_runway_ft":9842,"gameplay_status":"candidate","source":"OurAirports","territory_id":"ES-05","country_code":"ES"},"geometry":{"type":"Point","coordinates":[-1.124884,37.802852]}},{"type":"Feature","properties":{"node_id":"AIRPORT-LEMO","node_type":"large-airport","name":"Moron Air Base","ident":"LEMO","icao_code":"LEMO","iata_code":"OZP","scheduled_service":false,"source_airport_type":"medium_airport","longest_open_runway_ft":11801,"gameplay_status":"candidate","source":"OurAirports","territory_id":"ES-06","country_code":"ES"},"geometry":{"type":"Point","coordinates":[-5.615940093994141,37.17490005493164]}},{"type":"Feature","properties":{"node_id":"AIRPORT-LEPA","node_type":"large-airport","name":"Palma de Mallorca Airport","ident":"LEPA","icao_code":"LEPA","iata_code":"PMI","scheduled_service":true,"source_airport_type":"large_airport","longest_open_runway_ft":10728,"gameplay_status":"candidate","source":"OurAirports","territory_id":"ES-03","country_code":"ES"},"geometry":{"type":"Point","coordinates":[2.73881,39.551701]}},{"type":"Feature","properties":{"node_id":"AIRPORT-LERL","node_type":"large-airport","name":"Ciudad Real International Airport","ident":"LERL","icao_code":"LERL","iata_code":"CQM","scheduled_service":false,"source_airport_type":"medium_airport","longest_open_runway_ft":13450,"gameplay_status":"candidate","source":"OurAirports","territory_id":"ES-04","country_code":"ES"},"geometry":{"type":"Point","coordinates":[-3.969944,38.856479]}},{"type":"Feature","properties":{"node_id":"AIRPORT-LERS","node_type":"large-airport","name":"Reus Airport","ident":"LERS","icao_code":"LERS","iata_code":"REU","scheduled_service":true,"source_airport_type":"large_airport","longest_open_runway_ft":8054,"gameplay_status":"candidate","source":"OurAirports","territory_id":"ES-03","country_code":"ES"},"geometry":{"type":"Point","coordinates":[1.168354,41.147509]}},{"type":"Feature","properties":{"node_id":"AIRPORT-LERT","node_type":"large-airport","name":"Rota Naval Station Airport","ident":"LERT","icao_code":"LERT","iata_code":"ROZ","scheduled_service":false,"source_airport_type":"medium_airport","longest_open_runway_ft":12106,"gameplay_status":"candidate","source":"OurAirports","territory_id":"ES-06","country_code":"ES"},"geometry":{"type":"Point","coordinates":[-6.34946012497,36.645198822]}},{"type":"Feature","properties":{"node_id":"AIRPORT-LESA","node_type":"large-airport","name":"Salamanca Airport","ident":"LESA","icao_code":"LESA","iata_code":"SLM","scheduled_service":true,"source_airport_type":"medium_airport","longest_open_runway_ft":8245,"gameplay_status":"candidate","source":"OurAirports","territory_id":"ES-04","country_code":"ES"},"geometry":{"type":"Point","coordinates":[-5.50199,40.952099]}},{"type":"Feature","properties":{"node_id":"AIRPORT-LEST","node_type":"large-airport","name":"Santiago-Rosalía de Castro Airport","ident":"LEST","icao_code":"LEST","iata_code":"SCQ","scheduled_service":true,"source_airport_type":"large_airport","longest_open_runway_ft":10499,"gameplay_status":"candidate","source":"OurAirports","territory_id":"ES-01","country_code":"ES"},"geometry":{"type":"Point","coordinates":[-8.41514,42.896301]}},{"type":"Feature","properties":{"node_id":"AIRPORT-LETL","node_type":"large-airport","name":"Teruel Airport","ident":"LETL","icao_code":"LETL","iata_code":"TEV","scheduled_service":false,"source_airport_type":"medium_airport","longest_open_runway_ft":9268,"gameplay_status":"candidate","source":"OurAirports","territory_id":"ES-05","country_code":"ES"},"geometry":{"type":"Point","coordinates":[-1.217366,40.410269]}},{"type":"Feature","properties":{"node_id":"AIRPORT-LETO","node_type":"large-airport","name":"Madrid–Torrejón Airport / Torrejón Air Base","ident":"LETO","icao_code":"LETO","iata_code":"TOJ","scheduled_service":false,"source_airport_type":"medium_airport","longest_open_runway_ft":15807,"gameplay_status":"candidate","source":"OurAirports","territory_id":"ES-04","country_code":"ES"},"geometry":{"type":"Point","coordinates":[-3.456808,40.487875]}},{"type":"Feature","properties":{"node_id":"AIRPORT-LEVC","node_type":"large-airport","name":"Valencia Airport","ident":"LEVC","icao_code":"LEVC","iata_code":"VLC","scheduled_service":true,"source_airport_type":"large_airport","longest_open_runway_ft":8858,"gameplay_status":"candidate","source":"OurAirports","territory_id":"ES-05","country_code":"ES"},"geometry":{"type":"Point","coordinates":[-0.480961,39.489162]}},{"type":"Feature","properties":{"node_id":"AIRPORT-LEVD","node_type":"large-airport","name":"Valladolid Airport","ident":"LEVD","icao_code":"LEVD","iata_code":"VLL","scheduled_service":true,"source_airport_type":"medium_airport","longest_open_runway_ft":9843,"gameplay_status":"candidate","source":"OurAirports","territory_id":"ES-04","country_code":"ES"},"geometry":{"type":"Point","coordinates":[-4.85194,41.7061]}},{"type":"Feature","properties":{"node_id":"AIRPORT-LEVT","node_type":"large-airport","name":"Vitoria Airport","ident":"LEVT","icao_code":"LEVT","iata_code":"VIT","scheduled_service":true,"source_airport_type":"medium_airport","longest_open_runway_ft":11483,"gameplay_status":"candidate","source":"OurAirports","territory_id":"ES-02","country_code":"ES"},"geometry":{"type":"Point","coordinates":[-2.72447,42.882801]}},{"type":"Feature","properties":{"node_id":"AIRPORT-LEZG","node_type":"large-airport","name":"Zaragoza Airport","ident":"LEZG","icao_code":"LEZG","iata_code":"ZAZ","scheduled_service":true,"source_airport_type":"large_airport","longest_open_runway_ft":12198,"gameplay_status":"candidate","source":"OurAirports","territory_id":"ES-02","country_code":"ES"},"geometry":{"type":"Point","coordinates":[-1.04155,41.666199]}},{"type":"Feature","properties":{"node_id":"AIRPORT-LEZL","node_type":"large-airport","name":"Seville Airport","ident":"LEZL","icao_code":"LEZL","iata_code":"SVQ","scheduled_service":true,"source_airport_type":"large_airport","longest_open_runway_ft":11030,"gameplay_status":"candidate","source":"OurAirports","territory_id":"ES-06","country_code":"ES"},"geometry":{"type":"Point","coordinates":[-5.89311,37.417999]}},{"type":"Feature","properties":{"node_id":"AIRPORT-LFBD","node_type":"large-airport","name":"Bordeaux–Mérignac Airport","ident":"LFBD","icao_code":"LFBD","iata_code":"BOD","scheduled_service":true,"source_airport_type":"large_airport","longest_open_runway_ft":10171,"gameplay_status":"candidate","source":"OurAirports","territory_id":"FR-04","country_code":"FR"},"geometry":{"type":"Point","coordinates":[-0.715356,44.82865]}},{"type":"Feature","properties":{"node_id":"AIRPORT-LFBL","node_type":"large-airport","name":"Limoges Airport","ident":"LFBL","icao_code":"LFBL","iata_code":"LIG","scheduled_service":true,"source_airport_type":"medium_airport","longest_open_runway_ft":8202,"gameplay_status":"candidate","source":"OurAirports","territory_id":"FR-04","country_code":"FR"},"geometry":{"type":"Point","coordinates":[1.17944,45.862801]}},{"type":"Feature","properties":{"node_id":"AIRPORT-LFBM","node_type":"large-airport","name":"Mont-de-Marsan (BA 118) Air Base","ident":"LFBM","icao_code":"LFBM","iata_code":null,"scheduled_service":false,"source_airport_type":"medium_airport","longest_open_runway_ft":11821,"gameplay_status":"candidate","source":"OurAirports","territory_id":"FR-04","country_code":"FR"},"geometry":{"type":"Point","coordinates":[-0.5075,43.911701]}},{"type":"Feature","properties":{"node_id":"AIRPORT-LFBO","node_type":"large-airport","name":"Toulouse-Blagnac Airport","ident":"LFBO","icao_code":"LFBO","iata_code":"TLS","scheduled_service":true,"source_airport_type":"large_airport","longest_open_runway_ft":11483,"gameplay_status":"candidate","source":"OurAirports","territory_id":"FR-04","country_code":"FR"},"geometry":{"type":"Point","coordinates":[1.36382,43.629101]}},{"type":"Feature","properties":{"node_id":"AIRPORT-LFBP","node_type":"large-airport","name":"Pau Pyrénées Airport","ident":"LFBP","icao_code":"LFBP","iata_code":"PUF","scheduled_service":true,"source_airport_type":"medium_airport","longest_open_runway_ft":8202,"gameplay_status":"candidate","source":"OurAirports","territory_id":"FR-04","country_code":"FR"},"geometry":{"type":"Point","coordinates":[-0.418611,43.380001]}},{"type":"Feature","properties":{"node_id":"AIRPORT-LFBT","node_type":"large-airport","name":"Tarbes-Lourdes-Pyrénées Airport","ident":"LFBT","icao_code":"LFBT","iata_code":"LDE","scheduled_service":true,"source_airport_type":"medium_airport","longest_open_runway_ft":9843,"gameplay_status":"candidate","source":"OurAirports","territory_id":"FR-04","country_code":"FR"},"geometry":{"type":"Point","coordinates":[-0.006439,43.178699]}},{"type":"Feature","properties":{"node_id":"AIRPORT-LFFN","node_type":"large-airport","name":"Brienne-le-Château Airfield","ident":"LFFN","icao_code":null,"iata_code":null,"scheduled_service":false,"source_airport_type":"small_airport","longest_open_runway_ft":8038,"gameplay_status":"candidate","source":"OurAirports","territory_id":"FR-02","country_code":"FR"},"geometry":{"type":"Point","coordinates":[4.472487,48.430396]}},{"type":"Feature","properties":{"node_id":"AIRPORT-LFJL","node_type":"large-airport","name":"Metz-Nancy-Lorraine Airport","ident":"LFJL","icao_code":"LFJL","iata_code":"ETZ","scheduled_service":true,"source_airport_type":"medium_airport","longest_open_runway_ft":8202,"gameplay_status":"candidate","source":"OurAirports","territory_id":"FR-03","country_code":"FR"},"geometry":{"type":"Point","coordinates":[6.25132,48.982101]}},{"type":"Feature","properties":{"node_id":"AIRPORT-LFKB","node_type":"large-airport","name":"Bastia-Poretta International airport","ident":"LFKB","icao_code":"LFKB","iata_code":"BIA","scheduled_service":true,"source_airport_type":"large_airport","longest_open_runway_ft":8266,"gameplay_status":"candidate","source":"OurAirports","territory_id":"FR-06","country_code":"FR"},"geometry":{"type":"Point","coordinates":[9.48373,42.5527]}},{"type":"Feature","properties":{"node_id":"AIRPORT-LFKF","node_type":"large-airport","name":"Figari Sud-Corse Airport","ident":"LFKF","icao_code":"LFKF","iata_code":"FSC","scheduled_service":true,"source_airport_type":"large_airport","longest_open_runway_ft":8136,"gameplay_status":"candidate","source":"OurAirports","territory_id":"FR-06","country_code":"FR"},"geometry":{"type":"Point","coordinates":[9.097092,41.50185]}},{"type":"Feature","properties":{"node_id":"AIRPORT-LFKS","node_type":"large-airport","name":"Solenzara (BA 126) Air Base","ident":"LFKS","icao_code":"LFKS","iata_code":"SOZ","scheduled_service":false,"source_airport_type":"medium_airport","longest_open_runway_ft":8619,"gameplay_status":"candidate","source":"OurAirports","territory_id":"FR-06","country_code":"FR"},"geometry":{"type":"Point","coordinates":[9.406,41.9244]}},{"type":"Feature","properties":{"node_id":"AIRPORT-LFLC","node_type":"large-airport","name":"Clermont-Ferrand Auvergne airport","ident":"LFLC","icao_code":"LFLC","iata_code":"CFE","scheduled_service":true,"source_airport_type":"large_airport","longest_open_runway_ft":9885,"gameplay_status":"candidate","source":"OurAirports","territory_id":"FR-05","country_code":"FR"},"geometry":{"type":"Point","coordinates":[3.16917,45.786701]}},{"type":"Feature","properties":{"node_id":"AIRPORT-LFLL","node_type":"large-airport","name":"Lyon Saint-Exupéry Airport","ident":"LFLL","icao_code":"LFLL","iata_code":"LYS","scheduled_service":true,"source_airport_type":"large_airport","longest_open_runway_ft":13124,"gameplay_status":"candidate","source":"OurAirports","territory_id":"FR-05","country_code":"FR"},"geometry":{"type":"Point","coordinates":[5.090139,45.725996]}},{"type":"Feature","properties":{"node_id":"AIRPORT-LFLS","node_type":"large-airport","name":"Grenoble Alpes Isère Airport","ident":"LFLS","icao_code":"LFLS","iata_code":"GNB","scheduled_service":true,"source_airport_type":"medium_airport","longest_open_runway_ft":10007,"gameplay_status":"candidate","source":"OurAirports","territory_id":"FR-05","country_code":"FR"},"geometry":{"type":"Point","coordinates":[5.32937,45.3629]}},{"type":"Feature","properties":{"node_id":"AIRPORT-LFLX","node_type":"large-airport","name":"Châteauroux Déols airport","ident":"LFLX","icao_code":"LFLX","iata_code":"CHR","scheduled_service":false,"source_airport_type":"medium_airport","longest_open_runway_ft":11483,"gameplay_status":"candidate","source":"OurAirports","territory_id":"FR-02","country_code":"FR"},"geometry":{"type":"Point","coordinates":[1.728326,46.860221]}},{"type":"Feature","properties":{"node_id":"AIRPORT-LFMI","node_type":"large-airport","name":"Istres-Le Tubé Air Base","ident":"LFMI","icao_code":"LFMI","iata_code":null,"scheduled_service":false,"source_airport_type":"medium_airport","longest_open_runway_ft":12303,"gameplay_status":"candidate","source":"OurAirports","territory_id":"FR-06","country_code":"FR"},"geometry":{"type":"Point","coordinates":[4.92384,43.522701]}},{"type":"Feature","properties":{"node_id":"AIRPORT-LFML","node_type":"large-airport","name":"Marseille Provence Airport","ident":"LFML","icao_code":"LFML","iata_code":"MRS","scheduled_service":true,"source_airport_type":"large_airport","longest_open_runway_ft":11483,"gameplay_status":"candidate","source":"OurAirports","territory_id":"FR-06","country_code":"FR"},"geometry":{"type":"Point","coordinates":[5.2125,43.438088]}},{"type":"Feature","properties":{"node_id":"AIRPORT-LFMP","node_type":"large-airport","name":"Perpignan-Rivesaltes (Llabanère) Airport","ident":"LFMP","icao_code":"LFMP","iata_code":"PGF","scheduled_service":true,"source_airport_type":"medium_airport","longest_open_runway_ft":8202,"gameplay_status":"candidate","source":"OurAirports","territory_id":"FR-06","country_code":"FR"},"geometry":{"type":"Point","coordinates":[2.87067,42.740398]}},{"type":"Feature","properties":{"node_id":"AIRPORT-LFMT","node_type":"large-airport","name":"Montpellier-Méditerranée Airport","ident":"LFMT","icao_code":"LFMT","iata_code":"MPL","scheduled_service":true,"source_airport_type":"large_airport","longest_open_runway_ft":8530,"gameplay_status":"candidate","source":"OurAirports","territory_id":"FR-06","country_code":"FR"},"geometry":{"type":"Point","coordinates":[3.96301,43.576199]}},{"type":"Feature","properties":{"node_id":"AIRPORT-LFOA","node_type":"large-airport","name":"Avord (BA 702) Air Base","ident":"LFOA","icao_code":null,"iata_code":null,"scheduled_service":false,"source_airport_type":"medium_airport","longest_open_runway_ft":11493,"gameplay_status":"candidate","source":"OurAirports","territory_id":"FR-02","country_code":"FR"},"geometry":{"type":"Point","coordinates":[2.6325,47.053299]}},{"type":"Feature","properties":{"node_id":"AIRPORT-LFOB","node_type":"large-airport","name":"Beauvais-Tillé airport","ident":"LFOB","icao_code":"LFOB","iata_code":"BVA","scheduled_service":true,"source_airport_type":"large_airport","longest_open_runway_ft":7972,"gameplay_status":"candidate","source":"OurAirports","territory_id":"FR-02","country_code":"FR"},"geometry":{"type":"Point","coordinates":[2.11278,49.454399]}},{"type":"Feature","properties":{"node_id":"AIRPORT-LFOE","node_type":"large-airport","name":"Évreux-Fauville (BA 105) Air Base","ident":"LFOE","icao_code":"LFOE","iata_code":"EVX","scheduled_service":false,"source_airport_type":"medium_airport","longest_open_runway_ft":9826,"gameplay_status":"candidate","source":"OurAirports","territory_id":"FR-02","country_code":"FR"},"geometry":{"type":"Point","coordinates":[1.21986,49.028702]}},{"type":"Feature","properties":{"node_id":"AIRPORT-LFOK","node_type":"large-airport","name":"Chalons Vatry airport","ident":"LFOK","icao_code":"LFOK","iata_code":"XCR","scheduled_service":true,"source_airport_type":"medium_airport","longest_open_runway_ft":12664,"gameplay_status":"candidate","source":"OurAirports","territory_id":"FR-02","country_code":"FR"},"geometry":{"type":"Point","coordinates":[4.20611,48.77333]}},{"type":"Feature","properties":{"node_id":"AIRPORT-LFPB","node_type":"large-airport","name":"Paris-Le Bourget International Airport","ident":"LFPB","icao_code":"LFPB","iata_code":"LBG","scheduled_service":true,"source_airport_type":"large_airport","longest_open_runway_ft":9843,"gameplay_status":"candidate","source":"OurAirports","territory_id":"FR-02","country_code":"FR"},"geometry":{"type":"Point","coordinates":[2.436539,48.962276]}},{"type":"Feature","properties":{"node_id":"AIRPORT-LFPG","node_type":"large-airport","name":"Charles de Gaulle International Airport","ident":"LFPG","icao_code":"LFPG","iata_code":"CDG","scheduled_service":true,"source_airport_type":"large_airport","longest_open_runway_ft":13829,"gameplay_status":"candidate","source":"OurAirports","territory_id":"FR-02","country_code":"FR"},"geometry":{"type":"Point","coordinates":[2.554117,49.00896]}},{"type":"Feature","properties":{"node_id":"AIRPORT-LFPO","node_type":"large-airport","name":"Paris-Orly Airport","ident":"LFPO","icao_code":"LFPO","iata_code":"ORY","scheduled_service":true,"source_airport_type":"large_airport","longest_open_runway_ft":11975,"gameplay_status":"candidate","source":"OurAirports","territory_id":"FR-02","country_code":"FR"},"geometry":{"type":"Point","coordinates":[2.358963,48.729499]}},{"type":"Feature","properties":{"node_id":"AIRPORT-LFQQ","node_type":"large-airport","name":"Lille Airport","ident":"LFQQ","icao_code":"LFQQ","iata_code":"LIL","scheduled_service":true,"source_airport_type":"large_airport","longest_open_runway_ft":9268,"gameplay_status":"candidate","source":"OurAirports","territory_id":"FR-02","country_code":"FR"},"geometry":{"type":"Point","coordinates":[3.102429,50.566564]}},{"type":"Feature","properties":{"node_id":"AIRPORT-LFRB","node_type":"large-airport","name":"Brest Bretagne airport","ident":"LFRB","icao_code":"LFRB","iata_code":"BES","scheduled_service":true,"source_airport_type":"large_airport","longest_open_runway_ft":10171,"gameplay_status":"candidate","source":"OurAirports","territory_id":"FR-01","country_code":"FR"},"geometry":{"type":"Point","coordinates":[-4.41854,48.447899]}},{"type":"Feature","properties":{"node_id":"AIRPORT-LFRC","node_type":"large-airport","name":"Cherbourg Manche airport","ident":"LFRC","icao_code":"LFRC","iata_code":"CER","scheduled_service":false,"source_airport_type":"medium_airport","longest_open_runway_ft":8005,"gameplay_status":"candidate","source":"OurAirports","territory_id":"FR-01","country_code":"FR"},"geometry":{"type":"Point","coordinates":[-1.47028,49.650101]}},{"type":"Feature","properties":{"node_id":"AIRPORT-LFRG","node_type":"large-airport","name":"Deauville Normandie airport","ident":"LFRG","icao_code":"LFRG","iata_code":"DOL","scheduled_service":true,"source_airport_type":"medium_airport","longest_open_runway_ft":8366,"gameplay_status":"candidate","source":"OurAirports","territory_id":"FR-01","country_code":"FR"},"geometry":{"type":"Point","coordinates":[0.154481,49.365237]}},{"type":"Feature","properties":{"node_id":"AIRPORT-LFRJ","node_type":"large-airport","name":"Landivisiau Air Base","ident":"LFRJ","icao_code":"LFRJ","iata_code":"LDV","scheduled_service":false,"source_airport_type":"medium_airport","longest_open_runway_ft":8858,"gameplay_status":"candidate","source":"OurAirports","territory_id":"FR-01","country_code":"FR"},"geometry":{"type":"Point","coordinates":[-4.15164,48.5303]}},{"type":"Feature","properties":{"node_id":"AIRPORT-LFRS","node_type":"large-airport","name":"Nantes Atlantique Airport","ident":"LFRS","icao_code":"LFRS","iata_code":"NTE","scheduled_service":true,"source_airport_type":"medium_airport","longest_open_runway_ft":9514,"gameplay_status":"candidate","source":"OurAirports","territory_id":"FR-01","country_code":"FR"},"geometry":{"type":"Point","coordinates":[-1.61073,47.153198]}},{"type":"Feature","properties":{"node_id":"AIRPORT-LFSB","node_type":"large-airport","name":"EuroAirport Basel–Mulhouse–Freiburg","ident":"LFSB","icao_code":"LFSB","iata_code":"BSL","scheduled_service":true,"source_airport_type":"large_airport","longest_open_runway_ft":12795,"gameplay_status":"candidate","source":"OurAirports","territory_id":"FR-03","country_code":"FR"},"geometry":{"type":"Point","coordinates":[7.521117,47.60068]}},{"type":"Feature","properties":{"node_id":"AIRPORT-LFSG","node_type":"large-airport","name":"Épinal Mirecourt Airport","ident":"LFSG","icao_code":"LFSG","iata_code":"EPL","scheduled_service":false,"source_airport_type":"medium_airport","longest_open_runway_ft":8858,"gameplay_status":"candidate","source":"OurAirports","territory_id":"FR-03","country_code":"FR"},"geometry":{"type":"Point","coordinates":[6.06998,48.325001]}},{"type":"Feature","properties":{"node_id":"AIRPORT-LFST","node_type":"large-airport","name":"Strasbourg Airport","ident":"LFST","icao_code":"LFST","iata_code":"SXB","scheduled_service":true,"source_airport_type":"large_airport","longest_open_runway_ft":7874,"gameplay_status":"candidate","source":"OurAirports","territory_id":"FR-03","country_code":"FR"},"geometry":{"type":"Point","coordinates":[7.62823,48.5383]}},{"type":"Feature","properties":{"node_id":"AIRPORT-LFTW","node_type":"large-airport","name":"Nîmes-Arles-Camargue Airport","ident":"LFTW","icao_code":"LFTW","iata_code":"FNI","scheduled_service":true,"source_airport_type":"medium_airport","longest_open_runway_ft":8005,"gameplay_status":"candidate","source":"OurAirports","territory_id":"FR-06","country_code":"FR"},"geometry":{"type":"Point","coordinates":[4.41635,43.757401]}},{"type":"Feature","properties":{"node_id":"AIRPORT-LG54","node_type":"large-airport","name":"Tympaki Air Base","ident":"LG54","icao_code":null,"iata_code":null,"scheduled_service":false,"source_airport_type":"small_airport","longest_open_runway_ft":8900,"gameplay_status":"candidate","source":"OurAirports","territory_id":"GR-03","country_code":"GR"},"geometry":{"type":"Point","coordinates":[24.767401,35.063702]}},{"type":"Feature","properties":{"node_id":"AIRPORT-LGAD","node_type":"large-airport","name":"Andravida Air Base","ident":"LGAD","icao_code":"LGAD","iata_code":"PYR","scheduled_service":false,"source_airport_type":"medium_airport","longest_open_runway_ft":10299,"gameplay_status":"candidate","source":"OurAirports","territory_id":"GR-02","country_code":"GR"},"geometry":{"type":"Point","coordinates":[21.292601,37.9207]}},{"type":"Feature","properties":{"node_id":"AIRPORT-LGAL","node_type":"large-airport","name":"Alexandroupoli Democritus Airport","ident":"LGAL","icao_code":"LGAL","iata_code":"AXD","scheduled_service":true,"source_airport_type":"medium_airport","longest_open_runway_ft":8471,"gameplay_status":"candidate","source":"OurAirports","territory_id":"GR-01","country_code":"GR"},"geometry":{"type":"Point","coordinates":[25.956301,40.8559]}},{"type":"Feature","properties":{"node_id":"AIRPORT-LGAV","node_type":"large-airport","name":"Athens Eleftherios Venizelos International Airport","ident":"LGAV","icao_code":"LGAV","iata_code":"ATH","scheduled_service":true,"source_airport_type":"large_airport","longest_open_runway_ft":13123,"gameplay_status":"candidate","source":"OurAirports","territory_id":"GR-02","country_code":"GR"},"geometry":{"type":"Point","coordinates":[23.9445,37.936401]}},{"type":"Feature","properties":{"node_id":"AIRPORT-LGBL","node_type":"large-airport","name":"Nea Anchialos National Airport","ident":"LGBL","icao_code":"LGBL","iata_code":"VOL","scheduled_service":true,"source_airport_type":"medium_airport","longest_open_runway_ft":9052,"gameplay_status":"candidate","source":"OurAirports","territory_id":"GR-02","country_code":"GR"},"geometry":{"type":"Point","coordinates":[22.7943,39.219601]}},{"type":"Feature","properties":{"node_id":"AIRPORT-LGEL","node_type":"large-airport","name":"Elefsis Air Base","ident":"LGEL","icao_code":"LGEL","iata_code":null,"scheduled_service":false,"source_airport_type":"medium_airport","longest_open_runway_ft":8985,"gameplay_status":"candidate","source":"OurAirports","territory_id":"GR-02","country_code":"GR"},"geometry":{"type":"Point","coordinates":[23.556,38.063801]}},{"type":"Feature","properties":{"node_id":"AIRPORT-LGIR","node_type":"large-airport","name":"Heraklion International Nikos Kazantzakis Airport","ident":"LGIR","icao_code":"LGIR","iata_code":"HER","scheduled_service":true,"source_airport_type":"large_airport","longest_open_runway_ft":8904,"gameplay_status":"candidate","source":"OurAirports","territory_id":"GR-03","country_code":"GR"},"geometry":{"type":"Point","coordinates":[25.1803,35.339699]}},{"type":"Feature","properties":{"node_id":"AIRPORT-LGKA","node_type":"large-airport","name":"Kastoria National Airport Aristotle","ident":"LGKA","icao_code":"LGKA","iata_code":"KSO","scheduled_service":true,"source_airport_type":"small_airport","longest_open_runway_ft":8852,"gameplay_status":"candidate","source":"OurAirports","territory_id":"GR-01","country_code":"GR"},"geometry":{"type":"Point","coordinates":[21.2822,40.446301]}},{"type":"Feature","properties":{"node_id":"AIRPORT-LGKL","node_type":"large-airport","name":"Kalamata Airport","ident":"LGKL","icao_code":"LGKL","iata_code":"KLX","scheduled_service":true,"source_airport_type":"medium_airport","longest_open_runway_ft":9843,"gameplay_status":"candidate","source":"OurAirports","territory_id":"GR-02","country_code":"GR"},"geometry":{"type":"Point","coordinates":[22.02549934387207,37.06829833984375]}},{"type":"Feature","properties":{"node_id":"AIRPORT-LGKO","node_type":"large-airport","name":"Kos International Airport \"Ippokratis\"","ident":"LGKO","icao_code":"LGKO","iata_code":"KGS","scheduled_service":true,"source_airport_type":"large_airport","longest_open_runway_ft":7841,"gameplay_status":"candidate","source":"OurAirports","territory_id":"GR-03","country_code":"GR"},"geometry":{"type":"Point","coordinates":[27.09115,36.794523]}},{"type":"Feature","properties":{"node_id":"AIRPORT-LGKV","node_type":"large-airport","name":"Kavala Alexander the Great International Airport","ident":"LGKV","icao_code":"LGKV","iata_code":"KVA","scheduled_service":true,"source_airport_type":"large_airport","longest_open_runway_ft":9844,"gameplay_status":"candidate","source":"OurAirports","territory_id":"GR-01","country_code":"GR"},"geometry":{"type":"Point","coordinates":[24.6192,40.9133]}},{"type":"Feature","properties":{"node_id":"AIRPORT-LGLM","node_type":"large-airport","name":"Limnos Airport","ident":"LGLM","icao_code":"LGLM","iata_code":"LXS","scheduled_service":true,"source_airport_type":"small_airport","longest_open_runway_ft":9895,"gameplay_status":"candidate","source":"OurAirports","territory_id":"GR-03","country_code":"GR"},"geometry":{"type":"Point","coordinates":[25.236299514799995,39.917098999]}},{"type":"Feature","properties":{"node_id":"AIRPORT-LGLR","node_type":"large-airport","name":"Larissa Air Base","ident":"LGLR","icao_code":"LGLR","iata_code":"LRA","scheduled_service":false,"source_airport_type":"small_airport","longest_open_runway_ft":11939,"gameplay_status":"candidate","source":"OurAirports","territory_id":"GR-01","country_code":"GR"},"geometry":{"type":"Point","coordinates":[22.4655,39.650253]}},{"type":"Feature","properties":{"node_id":"AIRPORT-LGRX","node_type":"large-airport","name":"Patras Araxos Agamemnon Airport","ident":"LGRX","icao_code":"LGRX","iata_code":"GPA","scheduled_service":true,"source_airport_type":"medium_airport","longest_open_runway_ft":10997,"gameplay_status":"candidate","source":"OurAirports","territory_id":"GR-02","country_code":"GR"},"geometry":{"type":"Point","coordinates":[21.4256,38.1511]}},{"type":"Feature","properties":{"node_id":"AIRPORT-LGSY","node_type":"large-airport","name":"Skiros Airport","ident":"LGSY","icao_code":"LGSY","iata_code":"SKU","scheduled_service":true,"source_airport_type":"small_airport","longest_open_runway_ft":9849,"gameplay_status":"candidate","source":"OurAirports","territory_id":"GR-02","country_code":"GR"},"geometry":{"type":"Point","coordinates":[24.4871997833,38.9676017761]}},{"type":"Feature","properties":{"node_id":"AIRPORT-LGTG","node_type":"large-airport","name":"Tanagra Air Base","ident":"LGTG","icao_code":"LGTG","iata_code":null,"scheduled_service":false,"source_airport_type":"medium_airport","longest_open_runway_ft":9810,"gameplay_status":"candidate","source":"OurAirports","territory_id":"GR-02","country_code":"GR"},"geometry":{"type":"Point","coordinates":[23.565001,38.339802]}},{"type":"Feature","properties":{"node_id":"AIRPORT-LGTL","node_type":"large-airport","name":"Kasteli International Airport(Under Construction)","ident":"LGTL","icao_code":null,"iata_code":null,"scheduled_service":false,"source_airport_type":"closed","longest_open_runway_ft":10563,"gameplay_status":"candidate","source":"OurAirports","territory_id":"GR-03","country_code":"GR"},"geometry":{"type":"Point","coordinates":[25.313068,35.172803]}},{"type":"Feature","properties":{"node_id":"AIRPORT-LGTS","node_type":"large-airport","name":"Thessaloniki Macedonia International Airport","ident":"LGTS","icao_code":"LGTS","iata_code":"SKG","scheduled_service":true,"source_airport_type":"large_airport","longest_open_runway_ft":11286,"gameplay_status":"candidate","source":"OurAirports","territory_id":"GR-01","country_code":"GR"},"geometry":{"type":"Point","coordinates":[22.970009,40.51928]}},{"type":"Feature","properties":{"node_id":"AIRPORT-LHBP","node_type":"large-airport","name":"Budapest Liszt Ferenc International Airport","ident":"LHBP","icao_code":"LHBP","iata_code":"BUD","scheduled_service":true,"source_airport_type":"large_airport","longest_open_runway_ft":12162,"gameplay_status":"candidate","source":"OurAirports","territory_id":"HU-01","country_code":"HU"},"geometry":{"type":"Point","coordinates":[19.262393,47.43018]}},{"type":"Feature","properties":{"node_id":"AIRPORT-LHDC","node_type":"large-airport","name":"Debrecen International Airport","ident":"LHDC","icao_code":"LHDC","iata_code":"DEB","scheduled_service":true,"source_airport_type":"large_airport","longest_open_runway_ft":8196,"gameplay_status":"candidate","source":"OurAirports","territory_id":"HU-02","country_code":"HU"},"geometry":{"type":"Point","coordinates":[21.616278,47.489469]}},{"type":"Feature","properties":{"node_id":"AIRPORT-LHKE","node_type":"large-airport","name":"Kecskemét Air Base","ident":"LHKE","icao_code":"LHKE","iata_code":null,"scheduled_service":false,"source_airport_type":"medium_airport","longest_open_runway_ft":8200,"gameplay_status":"candidate","source":"OurAirports","territory_id":"HU-02","country_code":"HU"},"geometry":{"type":"Point","coordinates":[19.749201,46.9175]}},{"type":"Feature","properties":{"node_id":"AIRPORT-LHPP","node_type":"large-airport","name":"Pécs-Pogány International Airport","ident":"LHPP","icao_code":"LHPP","iata_code":"PEV","scheduled_service":true,"source_airport_type":"large_airport","longest_open_runway_ft":4922,"gameplay_status":"candidate","source":"OurAirports","territory_id":"HU-01","country_code":"HU"},"geometry":{"type":"Point","coordinates":[18.242044,45.988891]}},{"type":"Feature","properties":{"node_id":"AIRPORT-LHSM","node_type":"large-airport","name":"Hévíz–Balaton Airport","ident":"LHSM","icao_code":"LHSM","iata_code":"SOB","scheduled_service":true,"source_airport_type":"medium_airport","longest_open_runway_ft":8202,"gameplay_status":"candidate","source":"OurAirports","territory_id":"HU-01","country_code":"HU"},"geometry":{"type":"Point","coordinates":[17.159084,46.686391]}},{"type":"Feature","properties":{"node_id":"AIRPORT-LHTA","node_type":"large-airport","name":"Taszár Air Base","ident":"LHTA","icao_code":null,"iata_code":null,"scheduled_service":false,"source_airport_type":"medium_airport","longest_open_runway_ft":8205,"gameplay_status":"candidate","source":"OurAirports","territory_id":"HU-01","country_code":"HU"},"geometry":{"type":"Point","coordinates":[17.9175,46.393101]}},{"type":"Feature","properties":{"node_id":"AIRPORT-LIBA","node_type":"large-airport","name":"Amendola Air Base","ident":"LIBA","icao_code":"LIBA","iata_code":null,"scheduled_service":false,"source_airport_type":"medium_airport","longest_open_runway_ft":8727,"gameplay_status":"candidate","source":"OurAirports","territory_id":"IT-03","country_code":"IT"},"geometry":{"type":"Point","coordinates":[15.717181,41.538443]}},{"type":"Feature","properties":{"node_id":"AIRPORT-LIBD","node_type":"large-airport","name":"Bari Karol Wojtyła International Airport","ident":"LIBD","icao_code":"LIBD","iata_code":"BRI","scheduled_service":true,"source_airport_type":"large_airport","longest_open_runway_ft":9843,"gameplay_status":"candidate","source":"OurAirports","territory_id":"IT-03","country_code":"IT"},"geometry":{"type":"Point","coordinates":[16.760599,41.138901]}},{"type":"Feature","properties":{"node_id":"AIRPORT-LIBG","node_type":"large-airport","name":"Taranto-Grottaglie Marcello Arlotta Airport","ident":"LIBG","icao_code":"LIBG","iata_code":"TAR","scheduled_service":false,"source_airport_type":"medium_airport","longest_open_runway_ft":10499,"gameplay_status":"candidate","source":"OurAirports","territory_id":"IT-03","country_code":"IT"},"geometry":{"type":"Point","coordinates":[17.4032,40.517502]}},{"type":"Feature","properties":{"node_id":"AIRPORT-LIBP","node_type":"large-airport","name":"Abruzzo Airport","ident":"LIBP","icao_code":"LIBP","iata_code":"PSR","scheduled_service":true,"source_airport_type":"large_airport","longest_open_runway_ft":7933,"gameplay_status":"candidate","source":"OurAirports","territory_id":"IT-02","country_code":"IT"},"geometry":{"type":"Point","coordinates":[14.182981,42.431079]}},{"type":"Feature","properties":{"node_id":"AIRPORT-LIBR","node_type":"large-airport","name":"Brindisi Airport","ident":"LIBR","icao_code":"LIBR","iata_code":"BDS","scheduled_service":true,"source_airport_type":"large_airport","longest_open_runway_ft":10000,"gameplay_status":"candidate","source":"OurAirports","territory_id":"IT-03","country_code":"IT"},"geometry":{"type":"Point","coordinates":[17.947001,40.6576]}},{"type":"Feature","properties":{"node_id":"AIRPORT-LIBV","node_type":"large-airport","name":"Gioia del Colle Antonio Ramirez Air Base","ident":"LIBV","icao_code":"LIBV","iata_code":null,"scheduled_service":false,"source_airport_type":"medium_airport","longest_open_runway_ft":9846,"gameplay_status":"candidate","source":"OurAirports","territory_id":"IT-03","country_code":"IT"},"geometry":{"type":"Point","coordinates":[16.9333,40.767799]}},{"type":"Feature","properties":{"node_id":"AIRPORT-LICA","node_type":"large-airport","name":"Lamezia Terme Sant'Eufemia International Airport","ident":"LICA","icao_code":"LICA","iata_code":"SUF","scheduled_service":true,"source_airport_type":"large_airport","longest_open_runway_ft":9898,"gameplay_status":"candidate","source":"OurAirports","territory_id":"IT-03","country_code":"IT"},"geometry":{"type":"Point","coordinates":[16.246007,38.906214]}},{"type":"Feature","properties":{"node_id":"AIRPORT-LICB","node_type":"large-airport","name":"Comiso Airport","ident":"LICB","icao_code":"LICB","iata_code":"CIY","scheduled_service":true,"source_airport_type":"medium_airport","longest_open_runway_ft":8070,"gameplay_status":"candidate","source":"OurAirports","territory_id":"IT-04","country_code":"IT"},"geometry":{"type":"Point","coordinates":[14.60889,36.99583]}},{"type":"Feature","properties":{"node_id":"AIRPORT-LICC","node_type":"large-airport","name":"Catania-Fontanarossa Airport","ident":"LICC","icao_code":"LICC","iata_code":"CTA","scheduled_service":true,"source_airport_type":"large_airport","longest_open_runway_ft":7989,"gameplay_status":"candidate","source":"OurAirports","territory_id":"IT-04","country_code":"IT"},"geometry":{"type":"Point","coordinates":[15.0664,37.466801]}},{"type":"Feature","properties":{"node_id":"AIRPORT-LICT","node_type":"large-airport","name":"Vincenzo Florio Airport Trapani-Birgi","ident":"LICT","icao_code":"LICT","iata_code":"TPS","scheduled_service":true,"source_airport_type":"medium_airport","longest_open_runway_ft":8852,"gameplay_status":"candidate","source":"OurAirports","territory_id":"IT-04","country_code":"IT"},"geometry":{"type":"Point","coordinates":[12.488,37.9114]}},{"type":"Feature","properties":{"node_id":"AIRPORT-LICZ","node_type":"large-airport","name":"Sigonella Navy Air Base","ident":"LICZ","icao_code":"LICZ","iata_code":null,"scheduled_service":false,"source_airport_type":"medium_airport","longest_open_runway_ft":8077,"gameplay_status":"candidate","source":"OurAirports","territory_id":"IT-04","country_code":"IT"},"geometry":{"type":"Point","coordinates":[14.9224,37.401699]}},{"type":"Feature","properties":{"node_id":"AIRPORT-LIEA","node_type":"large-airport","name":"Alghero-Fertilia Airport","ident":"LIEA","icao_code":"LIEA","iata_code":"AHO","scheduled_service":true,"source_airport_type":"medium_airport","longest_open_runway_ft":9843,"gameplay_status":"candidate","source":"OurAirports","territory_id":"IT-05","country_code":"IT"},"geometry":{"type":"Point","coordinates":[8.29077,40.632099]}},{"type":"Feature","properties":{"node_id":"AIRPORT-LIED","node_type":"large-airport","name":"Decimomannu Air Base","ident":"LIED","icao_code":"LIED","iata_code":"DCI","scheduled_service":false,"source_airport_type":"medium_airport","longest_open_runway_ft":9793,"gameplay_status":"candidate","source":"OurAirports","territory_id":"IT-05","country_code":"IT"},"geometry":{"type":"Point","coordinates":[8.97248,39.354198]}},{"type":"Feature","properties":{"node_id":"AIRPORT-LIEE","node_type":"large-airport","name":"Cagliari Elmas Airport","ident":"LIEE","icao_code":"LIEE","iata_code":"CAG","scheduled_service":true,"source_airport_type":"large_airport","longest_open_runway_ft":9196,"gameplay_status":"candidate","source":"OurAirports","territory_id":"IT-05","country_code":"IT"},"geometry":{"type":"Point","coordinates":[9.05428,39.251499]}},{"type":"Feature","properties":{"node_id":"AIRPORT-LIEO","node_type":"large-airport","name":"Olbia Costa Smeralda Airport","ident":"LIEO","icao_code":"LIEO","iata_code":"OLB","scheduled_service":true,"source_airport_type":"large_airport","longest_open_runway_ft":9006,"gameplay_status":"candidate","source":"OurAirports","territory_id":"IT-05","country_code":"IT"},"geometry":{"type":"Point","coordinates":[9.518457,40.898953]}},{"type":"Feature","properties":{"node_id":"AIRPORT-LIMC","node_type":"large-airport","name":"Milan Malpensa International Airport","ident":"LIMC","icao_code":"LIMC","iata_code":"MXP","scheduled_service":true,"source_airport_type":"large_airport","longest_open_runway_ft":12861,"gameplay_status":"candidate","source":"OurAirports","territory_id":"IT-01","country_code":"IT"},"geometry":{"type":"Point","coordinates":[8.72811,45.6306]}},{"type":"Feature","properties":{"node_id":"AIRPORT-LIME","node_type":"large-airport","name":"Il Caravaggio International Airport","ident":"LIME","icao_code":"LIME","iata_code":"BGY","scheduled_service":true,"source_airport_type":"large_airport","longest_open_runway_ft":9429,"gameplay_status":"candidate","source":"OurAirports","territory_id":"IT-01","country_code":"IT"},"geometry":{"type":"Point","coordinates":[9.708851,45.669362]}},{"type":"Feature","properties":{"node_id":"AIRPORT-LIMF","node_type":"large-airport","name":"Turin Airport","ident":"LIMF","icao_code":"LIMF","iata_code":"TRN","scheduled_service":true,"source_airport_type":"large_airport","longest_open_runway_ft":10827,"gameplay_status":"candidate","source":"OurAirports","territory_id":"IT-01","country_code":"IT"},"geometry":{"type":"Point","coordinates":[7.64963,45.200802]}},{"type":"Feature","properties":{"node_id":"AIRPORT-LIML","node_type":"large-airport","name":"Milano Linate Airport","ident":"LIML","icao_code":"LIML","iata_code":"LIN","scheduled_service":true,"source_airport_type":"large_airport","longest_open_runway_ft":8012,"gameplay_status":"candidate","source":"OurAirports","territory_id":"IT-01","country_code":"IT"},"geometry":{"type":"Point","coordinates":[9.27674,45.445099]}},{"type":"Feature","properties":{"node_id":"AIRPORT-LIMN","node_type":"large-airport","name":"Cameri Air Base","ident":"LIMN","icao_code":"LIMN","iata_code":null,"scheduled_service":false,"source_airport_type":"medium_airport","longest_open_runway_ft":9818,"gameplay_status":"candidate","source":"OurAirports","territory_id":"IT-01","country_code":"IT"},"geometry":{"type":"Point","coordinates":[8.66922,45.529598]}},{"type":"Feature","properties":{"node_id":"AIRPORT-LIMS","node_type":"large-airport","name":"Piacenza San Damiano Air Base","ident":"LIMS","icao_code":"LIMS","iata_code":null,"scheduled_service":false,"source_airport_type":"medium_airport","longest_open_runway_ft":9828,"gameplay_status":"candidate","source":"OurAirports","territory_id":"IT-01","country_code":"IT"},"geometry":{"type":"Point","coordinates":[9.722318,44.91442]}},{"type":"Feature","properties":{"node_id":"AIRPORT-LIPA","node_type":"large-airport","name":"Aviano Air Base","ident":"LIPA","icao_code":"LIPA","iata_code":"AVB","scheduled_service":false,"source_airport_type":"medium_airport","longest_open_runway_ft":8551,"gameplay_status":"candidate","source":"OurAirports","territory_id":"IT-01","country_code":"IT"},"geometry":{"type":"Point","coordinates":[12.596503,46.031898]}},{"type":"Feature","properties":{"node_id":"AIRPORT-LIPC","node_type":"large-airport","name":"Cervia Air Base","ident":"LIPC","icao_code":"LIPC","iata_code":null,"scheduled_service":false,"source_airport_type":"medium_airport","longest_open_runway_ft":10007,"gameplay_status":"candidate","source":"OurAirports","territory_id":"IT-01","country_code":"IT"},"geometry":{"type":"Point","coordinates":[12.3072,44.224201]}},{"type":"Feature","properties":{"node_id":"AIRPORT-LIPE","node_type":"large-airport","name":"Bologna Guglielmo Marconi Airport","ident":"LIPE","icao_code":"LIPE","iata_code":"BLQ","scheduled_service":true,"source_airport_type":"large_airport","longest_open_runway_ft":9196,"gameplay_status":"candidate","source":"OurAirports","territory_id":"IT-01","country_code":"IT"},"geometry":{"type":"Point","coordinates":[11.2887,44.5354]}},{"type":"Feature","properties":{"node_id":"AIRPORT-LIPH","node_type":"large-airport","name":"Treviso Airport","ident":"LIPH","icao_code":"LIPH","iata_code":"TSF","scheduled_service":true,"source_airport_type":"large_airport","longest_open_runway_ft":7941,"gameplay_status":"candidate","source":"OurAirports","territory_id":"IT-01","country_code":"IT"},"geometry":{"type":"Point","coordinates":[12.1944,45.648399]}},{"type":"Feature","properties":{"node_id":"AIRPORT-LIPI","node_type":"large-airport","name":"Udine-Rivolto Air Base","ident":"LIPI","icao_code":"LIPI","iata_code":null,"scheduled_service":false,"source_airport_type":"medium_airport","longest_open_runway_ft":8365,"gameplay_status":"candidate","source":"OurAirports","territory_id":"IT-01","country_code":"IT"},"geometry":{"type":"Point","coordinates":[13.0493,45.978699]}},{"type":"Feature","properties":{"node_id":"AIRPORT-LIPL","node_type":"large-airport","name":"Ghedi Air Base","ident":"LIPL","icao_code":"LIPL","iata_code":null,"scheduled_service":false,"source_airport_type":"medium_airport","longest_open_runway_ft":9813,"gameplay_status":"candidate","source":"OurAirports","territory_id":"IT-01","country_code":"IT"},"geometry":{"type":"Point","coordinates":[10.268612,45.432551]}},{"type":"Feature","properties":{"node_id":"AIRPORT-LIPO","node_type":"large-airport","name":"Brescia Gabriele d'Annunzio Airport","ident":"LIPO","icao_code":"LIPO","iata_code":"VBS","scheduled_service":true,"source_airport_type":"medium_airport","longest_open_runway_ft":9810,"gameplay_status":"candidate","source":"OurAirports","territory_id":"IT-01","country_code":"IT"},"geometry":{"type":"Point","coordinates":[10.3306,45.428902]}},{"type":"Feature","properties":{"node_id":"AIRPORT-LIPQ","node_type":"large-airport","name":"Trieste Airport","ident":"LIPQ","icao_code":"LIPQ","iata_code":"TRS","scheduled_service":true,"source_airport_type":"large_airport","longest_open_runway_ft":9843,"gameplay_status":"candidate","source":"OurAirports","territory_id":"IT-01","country_code":"IT"},"geometry":{"type":"Point","coordinates":[13.466672,45.827862]}},{"type":"Feature","properties":{"node_id":"AIRPORT-LIPR","node_type":"large-airport","name":"Federico Fellini International Airport","ident":"LIPR","icao_code":"LIPR","iata_code":"RMI","scheduled_service":true,"source_airport_type":"large_airport","longest_open_runway_ft":9828,"gameplay_status":"candidate","source":"OurAirports","territory_id":"IT-02","country_code":"IT"},"geometry":{"type":"Point","coordinates":[12.612198,44.020024]}},{"type":"Feature","properties":{"node_id":"AIRPORT-LIPS","node_type":"large-airport","name":"Istrana Air Base","ident":"LIPS","icao_code":"LIPS","iata_code":null,"scheduled_service":false,"source_airport_type":"medium_airport","longest_open_runway_ft":9816,"gameplay_status":"candidate","source":"OurAirports","territory_id":"IT-01","country_code":"IT"},"geometry":{"type":"Point","coordinates":[12.086594,45.684382]}},{"type":"Feature","properties":{"node_id":"AIRPORT-LIPX","node_type":"large-airport","name":"Verona Villafranca Valerio Catullo Airport","ident":"LIPX","icao_code":"LIPX","iata_code":"VRN","scheduled_service":true,"source_airport_type":"large_airport","longest_open_runway_ft":10064,"gameplay_status":"candidate","source":"OurAirports","territory_id":"IT-01","country_code":"IT"},"geometry":{"type":"Point","coordinates":[10.887303,45.394955]}},{"type":"Feature","properties":{"node_id":"AIRPORT-LIPY","node_type":"large-airport","name":"Marche Airport","ident":"LIPY","icao_code":"LIPY","iata_code":"AOI","scheduled_service":true,"source_airport_type":"medium_airport","longest_open_runway_ft":9718,"gameplay_status":"candidate","source":"OurAirports","territory_id":"IT-02","country_code":"IT"},"geometry":{"type":"Point","coordinates":[13.3623,43.616299]}},{"type":"Feature","properties":{"node_id":"AIRPORT-LIRA","node_type":"large-airport","name":"Ciampino–G. B. Pastine International Airport","ident":"LIRA","icao_code":"LIRA","iata_code":"CIA","scheduled_service":true,"source_airport_type":"large_airport","longest_open_runway_ft":7226,"gameplay_status":"candidate","source":"OurAirports","territory_id":"IT-02","country_code":"IT"},"geometry":{"type":"Point","coordinates":[12.595331,41.798769]}},{"type":"Feature","properties":{"node_id":"AIRPORT-LIRE","node_type":"large-airport","name":"Pratica di Mare Air Base","ident":"LIRE","icao_code":"LIRE","iata_code":null,"scheduled_service":false,"source_airport_type":"medium_airport","longest_open_runway_ft":8138,"gameplay_status":"candidate","source":"OurAirports","territory_id":"IT-02","country_code":"IT"},"geometry":{"type":"Point","coordinates":[12.4452,41.654499]}},{"type":"Feature","properties":{"node_id":"AIRPORT-LIRF","node_type":"large-airport","name":"Rome–Fiumicino Leonardo da Vinci International Airport","ident":"LIRF","icao_code":"LIRF","iata_code":"FCO","scheduled_service":true,"source_airport_type":"large_airport","longest_open_runway_ft":12801,"gameplay_status":"candidate","source":"OurAirports","territory_id":"IT-02","country_code":"IT"},"geometry":{"type":"Point","coordinates":[12.251998,41.804532]}},{"type":"Feature","properties":{"node_id":"AIRPORT-LIRM","node_type":"large-airport","name":"Grazzanise Air Base","ident":"LIRM","icao_code":"LIRM","iata_code":null,"scheduled_service":false,"source_airport_type":"medium_airport","longest_open_runway_ft":9813,"gameplay_status":"candidate","source":"OurAirports","territory_id":"IT-03","country_code":"IT"},"geometry":{"type":"Point","coordinates":[14.0819,41.060799]}},{"type":"Feature","properties":{"node_id":"AIRPORT-LIRN","node_type":"large-airport","name":"Naples International Airport","ident":"LIRN","icao_code":"LIRN","iata_code":"NAP","scheduled_service":true,"source_airport_type":"large_airport","longest_open_runway_ft":8622,"gameplay_status":"candidate","source":"OurAirports","territory_id":"IT-03","country_code":"IT"},"geometry":{"type":"Point","coordinates":[14.2908,40.886002]}},{"type":"Feature","properties":{"node_id":"AIRPORT-LIRP","node_type":"large-airport","name":"Pisa International Airport","ident":"LIRP","icao_code":"LIRP","iata_code":"PSA","scheduled_service":true,"source_airport_type":"large_airport","longest_open_runway_ft":9820,"gameplay_status":"candidate","source":"OurAirports","territory_id":"IT-02","country_code":"IT"},"geometry":{"type":"Point","coordinates":[10.3927,43.683899]}},{"type":"Feature","properties":{"node_id":"AIRPORT-LIRQ","node_type":"large-airport","name":"Florence Airport, Peretola","ident":"LIRQ","icao_code":"LIRQ","iata_code":"FLR","scheduled_service":true,"source_airport_type":"large_airport","longest_open_runway_ft":5118,"gameplay_status":"candidate","source":"OurAirports","territory_id":"IT-02","country_code":"IT"},"geometry":{"type":"Point","coordinates":[11.202822,43.808558]}},{"type":"Feature","properties":{"node_id":"AIRPORT-LIRS","node_type":"large-airport","name":"Grosseto Corrado Baccarini Air Base / Grosseto Airport","ident":"LIRS","icao_code":"LIRS","iata_code":"GRS","scheduled_service":false,"source_airport_type":"medium_airport","longest_open_runway_ft":9823,"gameplay_status":"candidate","source":"OurAirports","territory_id":"IT-02","country_code":"IT"},"geometry":{"type":"Point","coordinates":[11.0719,42.759701]}},{"type":"Feature","properties":{"node_id":"AIRPORT-LIRZ","node_type":"large-airport","name":"Perugia San Francesco d'Assisi – Umbria International Airport","ident":"LIRZ","icao_code":"LIRZ","iata_code":"PEG","scheduled_service":true,"source_airport_type":"large_airport","longest_open_runway_ft":7215,"gameplay_status":"candidate","source":"OurAirports","territory_id":"IT-02","country_code":"IT"},"geometry":{"type":"Point","coordinates":[12.5132,43.095901]}},{"type":"Feature","properties":{"node_id":"AIRPORT-LJCE","node_type":"large-airport","name":"Cerklje ob Krki Air Base","ident":"LJCE","icao_code":null,"iata_code":null,"scheduled_service":false,"source_airport_type":"medium_airport","longest_open_runway_ft":9843,"gameplay_status":"candidate","source":"OurAirports","territory_id":"SI-01","country_code":"SI"},"geometry":{"type":"Point","coordinates":[15.5302,45.900002]}},{"type":"Feature","properties":{"node_id":"AIRPORT-LJLJ","node_type":"large-airport","name":"Ljubljana Jože Pučnik Airport","ident":"LJLJ","icao_code":"LJLJ","iata_code":"LJU","scheduled_service":true,"source_airport_type":"large_airport","longest_open_runway_ft":10827,"gameplay_status":"candidate","source":"OurAirports","territory_id":"SI-01","country_code":"SI"},"geometry":{"type":"Point","coordinates":[14.4576,46.223701]}},{"type":"Feature","properties":{"node_id":"AIRPORT-LJMB","node_type":"large-airport","name":"Maribor Edvard Rusjan Airport","ident":"LJMB","icao_code":"LJMB","iata_code":"MBX","scheduled_service":true,"source_airport_type":"medium_airport","longest_open_runway_ft":8202,"gameplay_status":"candidate","source":"OurAirports","territory_id":"SI-01","country_code":"SI"},"geometry":{"type":"Point","coordinates":[15.6861,46.4799]}},{"type":"Feature","properties":{"node_id":"AIRPORT-LKCS","node_type":"large-airport","name":"České Budějovice South Bohemian Airport","ident":"LKCS","icao_code":"LKCS","iata_code":"JCL","scheduled_service":true,"source_airport_type":"large_airport","longest_open_runway_ft":8202,"gameplay_status":"candidate","source":"OurAirports","territory_id":"CZ-01","country_code":"CZ"},"geometry":{"type":"Point","coordinates":[14.42832,48.948171]}},{"type":"Feature","properties":{"node_id":"AIRPORT-LKKV","node_type":"large-airport","name":"Karlovy Vary Airport","ident":"LKKV","icao_code":"LKKV","iata_code":"KLV","scheduled_service":true,"source_airport_type":"large_airport","longest_open_runway_ft":7054,"gameplay_status":"candidate","source":"OurAirports","territory_id":"CZ-01","country_code":"CZ"},"geometry":{"type":"Point","coordinates":[12.915,50.202999]}},{"type":"Feature","properties":{"node_id":"AIRPORT-LKMT","node_type":"large-airport","name":"Leoš Janáček Airport Ostrava","ident":"LKMT","icao_code":"LKMT","iata_code":"OSR","scheduled_service":true,"source_airport_type":"large_airport","longest_open_runway_ft":11484,"gameplay_status":"candidate","source":"OurAirports","territory_id":"CZ-02","country_code":"CZ"},"geometry":{"type":"Point","coordinates":[18.111099,49.696301]}},{"type":"Feature","properties":{"node_id":"AIRPORT-LKPC","node_type":"large-airport","name":"Panensky Tynec Airfield","ident":"LKPC","icao_code":"LKPC","iata_code":null,"scheduled_service":false,"source_airport_type":"small_airport","longest_open_runway_ft":8218,"gameplay_status":"candidate","source":"OurAirports","territory_id":"CZ-01","country_code":"CZ"},"geometry":{"type":"Point","coordinates":[13.9342,50.306099]}},{"type":"Feature","properties":{"node_id":"AIRPORT-LKPD","node_type":"large-airport","name":"Pardubice Airport","ident":"LKPD","icao_code":"LKPD","iata_code":"PED","scheduled_service":true,"source_airport_type":"large_airport","longest_open_runway_ft":8203,"gameplay_status":"candidate","source":"OurAirports","territory_id":"CZ-02","country_code":"CZ"},"geometry":{"type":"Point","coordinates":[15.73981,50.015049]}},{"type":"Feature","properties":{"node_id":"AIRPORT-LKPO","node_type":"large-airport","name":"Přerov Air Base","ident":"LKPO","icao_code":"LKPO","iata_code":"PRV","scheduled_service":false,"source_airport_type":"medium_airport","longest_open_runway_ft":8123,"gameplay_status":"candidate","source":"OurAirports","territory_id":"CZ-02","country_code":"CZ"},"geometry":{"type":"Point","coordinates":[17.404699,49.4258]}},{"type":"Feature","properties":{"node_id":"AIRPORT-LKPR","node_type":"large-airport","name":"Václav Havel Airport Prague","ident":"LKPR","icao_code":"LKPR","iata_code":"PRG","scheduled_service":true,"source_airport_type":"large_airport","longest_open_runway_ft":12189,"gameplay_status":"candidate","source":"OurAirports","territory_id":"CZ-01","country_code":"CZ"},"geometry":{"type":"Point","coordinates":[14.259911,50.100874]}},{"type":"Feature","properties":{"node_id":"AIRPORT-LKTB","node_type":"large-airport","name":"Brno-Tuřany Airport","ident":"LKTB","icao_code":"LKTB","iata_code":"BRQ","scheduled_service":true,"source_airport_type":"medium_airport","longest_open_runway_ft":8694,"gameplay_status":"candidate","source":"OurAirports","territory_id":"CZ-02","country_code":"CZ"},"geometry":{"type":"Point","coordinates":[16.693972,49.151276]}},{"type":"Feature","properties":{"node_id":"AIRPORT-LKVO","node_type":"large-airport","name":"Vodochody Airport","ident":"LKVO","icao_code":"LKVO","iata_code":"VOD","scheduled_service":false,"source_airport_type":"medium_airport","longest_open_runway_ft":8203,"gameplay_status":"candidate","source":"OurAirports","territory_id":"CZ-01","country_code":"CZ"},"geometry":{"type":"Point","coordinates":[14.3958,50.216599]}},{"type":"Feature","properties":{"node_id":"AIRPORT-LMML","node_type":"large-airport","name":"Malta International Airport","ident":"LMML","icao_code":"LMML","iata_code":"MLA","scheduled_service":true,"source_airport_type":"large_airport","longest_open_runway_ft":10991,"gameplay_status":"candidate","source":"OurAirports","territory_id":"MT-01","country_code":"MT"},"geometry":{"type":"Point","coordinates":[14.491546,35.845932]}},{"type":"Feature","properties":{"node_id":"AIRPORT-LOWG","node_type":"large-airport","name":"Graz Airport","ident":"LOWG","icao_code":"LOWG","iata_code":"GRZ","scheduled_service":true,"source_airport_type":"large_airport","longest_open_runway_ft":9842,"gameplay_status":"candidate","source":"OurAirports","territory_id":"AT-02","country_code":"AT"},"geometry":{"type":"Point","coordinates":[15.4396,46.9911]}},{"type":"Feature","properties":{"node_id":"AIRPORT-LOWI","node_type":"large-airport","name":"Innsbruck Airport","ident":"LOWI","icao_code":"LOWI","iata_code":"INN","scheduled_service":true,"source_airport_type":"large_airport","longest_open_runway_ft":6562,"gameplay_status":"candidate","source":"OurAirports","territory_id":"AT-01","country_code":"AT"},"geometry":{"type":"Point","coordinates":[11.344,47.260201]}},{"type":"Feature","properties":{"node_id":"AIRPORT-LOWK","node_type":"large-airport","name":"Klagenfurt Airport","ident":"LOWK","icao_code":"LOWK","iata_code":"KLU","scheduled_service":true,"source_airport_type":"large_airport","longest_open_runway_ft":8924,"gameplay_status":"candidate","source":"OurAirports","territory_id":"AT-01","country_code":"AT"},"geometry":{"type":"Point","coordinates":[14.3377,46.642502]}},{"type":"Feature","properties":{"node_id":"AIRPORT-LOWL","node_type":"large-airport","name":"Linz-Hörsching Airport","ident":"LOWL","icao_code":"LOWL","iata_code":"LNZ","scheduled_service":true,"source_airport_type":"large_airport","longest_open_runway_ft":9843,"gameplay_status":"candidate","source":"OurAirports","territory_id":"AT-02","country_code":"AT"},"geometry":{"type":"Point","coordinates":[14.188128,48.235362]}},{"type":"Feature","properties":{"node_id":"AIRPORT-LOWS","node_type":"large-airport","name":"Salzburg Airport","ident":"LOWS","icao_code":"LOWS","iata_code":"SZG","scheduled_service":true,"source_airport_type":"large_airport","longest_open_runway_ft":9022,"gameplay_status":"candidate","source":"OurAirports","territory_id":"AT-01","country_code":"AT"},"geometry":{"type":"Point","coordinates":[13.0043,47.793301]}},{"type":"Feature","properties":{"node_id":"AIRPORT-LOWW","node_type":"large-airport","name":"Vienna International Airport","ident":"LOWW","icao_code":"LOWW","iata_code":"VIE","scheduled_service":true,"source_airport_type":"large_airport","longest_open_runway_ft":11811,"gameplay_status":"candidate","source":"OurAirports","territory_id":"AT-02","country_code":"AT"},"geometry":{"type":"Point","coordinates":[16.5697,48.110298]}},{"type":"Feature","properties":{"node_id":"AIRPORT-LOXZ","node_type":"large-airport","name":"Hinterstoisser Air Base","ident":"LOXZ","icao_code":"LOXZ","iata_code":null,"scheduled_service":false,"source_airport_type":"medium_airport","longest_open_runway_ft":9022,"gameplay_status":"candidate","source":"OurAirports","territory_id":"AT-02","country_code":"AT"},"geometry":{"type":"Point","coordinates":[14.7442,47.202801]}},{"type":"Feature","properties":{"node_id":"AIRPORT-LPAR","node_type":"large-airport","name":"Alverca Air Base","ident":"LPAR","icao_code":"LPAR","iata_code":null,"scheduled_service":false,"source_airport_type":"medium_airport","longest_open_runway_ft":9810,"gameplay_status":"candidate","source":"OurAirports","territory_id":"PT-02","country_code":"PT"},"geometry":{"type":"Point","coordinates":[-9.0301,38.883301]}},{"type":"Feature","properties":{"node_id":"AIRPORT-LPBJ","node_type":"large-airport","name":"Beja Airport / Airbase","ident":"LPBJ","icao_code":"LPBJ","iata_code":"BYJ","scheduled_service":false,"source_airport_type":"medium_airport","longest_open_runway_ft":11319,"gameplay_status":"candidate","source":"OurAirports","territory_id":"PT-02","country_code":"PT"},"geometry":{"type":"Point","coordinates":[-7.9324,38.078899]}},{"type":"Feature","properties":{"node_id":"AIRPORT-LPFR","node_type":"large-airport","name":"Faro - Gago Coutinho International Airport","ident":"LPFR","icao_code":"LPFR","iata_code":"FAO","scheduled_service":true,"source_airport_type":"large_airport","longest_open_runway_ft":8169,"gameplay_status":"candidate","source":"OurAirports","territory_id":"PT-02","country_code":"PT"},"geometry":{"type":"Point","coordinates":[-7.970939,37.015909]}},{"type":"Feature","properties":{"node_id":"AIRPORT-LPMR","node_type":"large-airport","name":"Monte Real Air Base","ident":"LPMR","icao_code":"LPMR","iata_code":null,"scheduled_service":false,"source_airport_type":"medium_airport","longest_open_runway_ft":9816,"gameplay_status":"candidate","source":"OurAirports","territory_id":"PT-02","country_code":"PT"},"geometry":{"type":"Point","coordinates":[-8.8875,39.828335]}},{"type":"Feature","properties":{"node_id":"AIRPORT-LPOV","node_type":"large-airport","name":"Ovar Air Base","ident":"LPOV","icao_code":null,"iata_code":null,"scheduled_service":false,"source_airport_type":"medium_airport","longest_open_runway_ft":8005,"gameplay_status":"candidate","source":"OurAirports","territory_id":"PT-01","country_code":"PT"},"geometry":{"type":"Point","coordinates":[-8.64592,40.915901]}},{"type":"Feature","properties":{"node_id":"AIRPORT-LPPR","node_type":"large-airport","name":"Francisco de Sá Carneiro Airport","ident":"LPPR","icao_code":"LPPR","iata_code":"OPO","scheduled_service":true,"source_airport_type":"large_airport","longest_open_runway_ft":11417,"gameplay_status":"candidate","source":"OurAirports","territory_id":"PT-01","country_code":"PT"},"geometry":{"type":"Point","coordinates":[-8.68138980865,41.2481002808]}},{"type":"Feature","properties":{"node_id":"AIRPORT-LPPT","node_type":"large-airport","name":"Lisbon Humberto Delgado Airport","ident":"LPPT","icao_code":"LPPT","iata_code":"LIS","scheduled_service":true,"source_airport_type":"large_airport","longest_open_runway_ft":12500,"gameplay_status":"candidate","source":"OurAirports","territory_id":"PT-02","country_code":"PT"},"geometry":{"type":"Point","coordinates":[-9.13592,38.7813]}},{"type":"Feature","properties":{"node_id":"AIRPORT-LQBK","node_type":"large-airport","name":"Banja Luka International Airport","ident":"LQBK","icao_code":"LQBK","iata_code":"BNX","scheduled_service":true,"source_airport_type":"large_airport","longest_open_runway_ft":8202,"gameplay_status":"candidate","source":"OurAirports","territory_id":"BA-01","country_code":"BA"},"geometry":{"type":"Point","coordinates":[17.297501,44.941399]}},{"type":"Feature","properties":{"node_id":"AIRPORT-LQMO","node_type":"large-airport","name":"Mostar International Airport","ident":"LQMO","icao_code":"LQMO","iata_code":"OMO","scheduled_service":true,"source_airport_type":"large_airport","longest_open_runway_ft":7874,"gameplay_status":"candidate","source":"OurAirports","territory_id":"BA-01","country_code":"BA"},"geometry":{"type":"Point","coordinates":[17.846101,43.282489]}},{"type":"Feature","properties":{"node_id":"AIRPORT-LQSA","node_type":"large-airport","name":"Sarajevo International Airport","ident":"LQSA","icao_code":"LQSA","iata_code":"SJJ","scheduled_service":true,"source_airport_type":"large_airport","longest_open_runway_ft":8666,"gameplay_status":"candidate","source":"OurAirports","territory_id":"BA-01","country_code":"BA"},"geometry":{"type":"Point","coordinates":[18.331499,43.8246]}},{"type":"Feature","properties":{"node_id":"AIRPORT-LQTZ","node_type":"large-airport","name":"Tuzla International Airport","ident":"LQTZ","icao_code":"LQTZ","iata_code":"TZL","scheduled_service":true,"source_airport_type":"large_airport","longest_open_runway_ft":8152,"gameplay_status":"candidate","source":"OurAirports","territory_id":"BA-01","country_code":"BA"},"geometry":{"type":"Point","coordinates":[18.723627,44.459858]}},{"type":"Feature","properties":{"node_id":"AIRPORT-LR80","node_type":"large-airport","name":"Feteşti Borcea Air Base","ident":"LR80","icao_code":"LRFT","iata_code":null,"scheduled_service":false,"source_airport_type":"medium_airport","longest_open_runway_ft":8202,"gameplay_status":"candidate","source":"OurAirports","territory_id":"RO-02","country_code":"RO"},"geometry":{"type":"Point","coordinates":[27.7267,44.3923]}},{"type":"Feature","properties":{"node_id":"AIRPORT-LR82","node_type":"large-airport","name":"Boboc Air Base","ident":"LR82","icao_code":"LRBO","iata_code":null,"scheduled_service":false,"source_airport_type":"medium_airport","longest_open_runway_ft":8202,"gameplay_status":"candidate","source":"OurAirports","territory_id":"RO-02","country_code":"RO"},"geometry":{"type":"Point","coordinates":[26.9786,45.2164]}},{"type":"Feature","properties":{"node_id":"AIRPORT-LRBC","node_type":"large-airport","name":"Bacău George Enescu International  Airport","ident":"LRBC","icao_code":"LRBC","iata_code":"BCM","scheduled_service":true,"source_airport_type":"large_airport","longest_open_runway_ft":8203,"gameplay_status":"candidate","source":"OurAirports","territory_id":"RO-03","country_code":"RO"},"geometry":{"type":"Point","coordinates":[26.910299,46.5219]}},{"type":"Feature","properties":{"node_id":"AIRPORT-LRBS","node_type":"large-airport","name":"Bucharest Băneasa Aurel Vlaicu International Airport","ident":"LRBS","icao_code":"LRBS","iata_code":"BBU","scheduled_service":true,"source_airport_type":"large_airport","longest_open_runway_ft":10499,"gameplay_status":"candidate","source":"OurAirports","territory_id":"RO-02","country_code":"RO"},"geometry":{"type":"Point","coordinates":[26.102944,44.503133]}},{"type":"Feature","properties":{"node_id":"AIRPORT-LRBV","node_type":"large-airport","name":"Brașov-Ghimbav International Airport","ident":"LRBV","icao_code":"LRBV","iata_code":"GHV","scheduled_service":true,"source_airport_type":"large_airport","longest_open_runway_ft":9252,"gameplay_status":"candidate","source":"OurAirports","territory_id":"RO-02","country_code":"RO"},"geometry":{"type":"Point","coordinates":[25.522871,45.70558]}},{"type":"Feature","properties":{"node_id":"AIRPORT-LRCK","node_type":"large-airport","name":"Mihail Kogălniceanu International Airport","ident":"LRCK","icao_code":"LRCK","iata_code":"CND","scheduled_service":true,"source_airport_type":"large_airport","longest_open_runway_ft":11483,"gameplay_status":"candidate","source":"OurAirports","territory_id":"RO-03","country_code":"RO"},"geometry":{"type":"Point","coordinates":[28.4883,44.362202]}},{"type":"Feature","properties":{"node_id":"AIRPORT-LRCL","node_type":"large-airport","name":"Avram Iancu Cluj International Airport","ident":"LRCL","icao_code":"LRCL","iata_code":"CLJ","scheduled_service":true,"source_airport_type":"large_airport","longest_open_runway_ft":6693,"gameplay_status":"candidate","source":"OurAirports","territory_id":"RO-01","country_code":"RO"},"geometry":{"type":"Point","coordinates":[23.685733,46.786042]}},{"type":"Feature","properties":{"node_id":"AIRPORT-LRCT","node_type":"large-airport","name":"Câmpia Turzii Air Base","ident":"LRCT","icao_code":"LRCT","iata_code":null,"scheduled_service":false,"source_airport_type":"medium_airport","longest_open_runway_ft":8202,"gameplay_status":"candidate","source":"OurAirports","territory_id":"RO-01","country_code":"RO"},"geometry":{"type":"Point","coordinates":[23.8859,46.5023]}},{"type":"Feature","properties":{"node_id":"AIRPORT-LRCV","node_type":"large-airport","name":"Craiova International Airport","ident":"LRCV","icao_code":"LRCV","iata_code":"CRA","scheduled_service":true,"source_airport_type":"large_airport","longest_open_runway_ft":8203,"gameplay_status":"candidate","source":"OurAirports","territory_id":"RO-02","country_code":"RO"},"geometry":{"type":"Point","coordinates":[23.888599,44.3181]}},{"type":"Feature","properties":{"node_id":"AIRPORT-LRIA","node_type":"large-airport","name":"Iaşi International Airport","ident":"LRIA","icao_code":"LRIA","iata_code":"IAS","scheduled_service":true,"source_airport_type":"large_airport","longest_open_runway_ft":7874,"gameplay_status":"candidate","source":"OurAirports","territory_id":"RO-03","country_code":"RO"},"geometry":{"type":"Point","coordinates":[27.621431,47.179633]}},{"type":"Feature","properties":{"node_id":"AIRPORT-LROD","node_type":"large-airport","name":"Oradea International Airport","ident":"LROD","icao_code":"LROD","iata_code":"OMR","scheduled_service":true,"source_airport_type":"large_airport","longest_open_runway_ft":8267,"gameplay_status":"candidate","source":"OurAirports","territory_id":"RO-01","country_code":"RO"},"geometry":{"type":"Point","coordinates":[21.9025,47.025299]}},{"type":"Feature","properties":{"node_id":"AIRPORT-LROP","node_type":"large-airport","name":"Bucharest Henri Coandă International Airport","ident":"LROP","icao_code":"LROP","iata_code":"OTP","scheduled_service":true,"source_airport_type":"large_airport","longest_open_runway_ft":11484,"gameplay_status":"candidate","source":"OurAirports","territory_id":"RO-02","country_code":"RO"},"geometry":{"type":"Point","coordinates":[26.103285,44.571792]}},{"type":"Feature","properties":{"node_id":"AIRPORT-LRSB","node_type":"large-airport","name":"Sibiu International Airport","ident":"LRSB","icao_code":"LRSB","iata_code":"SBZ","scheduled_service":true,"source_airport_type":"large_airport","longest_open_runway_ft":8629,"gameplay_status":"candidate","source":"OurAirports","territory_id":"RO-01","country_code":"RO"},"geometry":{"type":"Point","coordinates":[24.086666,45.785841]}},{"type":"Feature","properties":{"node_id":"AIRPORT-LRSM","node_type":"large-airport","name":"Satu Mare International Airport","ident":"LRSM","icao_code":"LRSM","iata_code":"SUJ","scheduled_service":true,"source_airport_type":"medium_airport","longest_open_runway_ft":8160,"gameplay_status":"candidate","source":"OurAirports","territory_id":"RO-01","country_code":"RO"},"geometry":{"type":"Point","coordinates":[22.8857,47.7033]}},{"type":"Feature","properties":{"node_id":"AIRPORT-LRSV","node_type":"large-airport","name":"Suceava Ștefan cel Mare International Airport","ident":"LRSV","icao_code":"LRSV","iata_code":"SCV","scheduled_service":true,"source_airport_type":"large_airport","longest_open_runway_ft":8070,"gameplay_status":"candidate","source":"OurAirports","territory_id":"RO-03","country_code":"RO"},"geometry":{"type":"Point","coordinates":[26.354099,47.6875]}},{"type":"Feature","properties":{"node_id":"AIRPORT-LRTR","node_type":"large-airport","name":"Timișoara Traian Vuia International Airport","ident":"LRTR","icao_code":"LRTR","iata_code":"TSR","scheduled_service":true,"source_airport_type":"large_airport","longest_open_runway_ft":11483,"gameplay_status":"candidate","source":"OurAirports","territory_id":"RO-01","country_code":"RO"},"geometry":{"type":"Point","coordinates":[21.3379,45.809898]}},{"type":"Feature","properties":{"node_id":"AIRPORT-LSGG","node_type":"large-airport","name":"Geneva International Airport","ident":"LSGG","icao_code":"LSGG","iata_code":"GVA","scheduled_service":true,"source_airport_type":"large_airport","longest_open_runway_ft":12795,"gameplay_status":"candidate","source":"OurAirports","territory_id":"CH-01","country_code":"CH"},"geometry":{"type":"Point","coordinates":[6.10895,46.238098]}},{"type":"Feature","properties":{"node_id":"AIRPORT-LSME","node_type":"large-airport","name":"Emmen Air Base","ident":"LSME","icao_code":"LSME","iata_code":"EML","scheduled_service":false,"source_airport_type":"medium_airport","longest_open_runway_ft":8208,"gameplay_status":"candidate","source":"OurAirports","territory_id":"CH-01","country_code":"CH"},"geometry":{"type":"Point","coordinates":[8.305184,47.092444]}},{"type":"Feature","properties":{"node_id":"AIRPORT-LSMP","node_type":"large-airport","name":"Payerne Air Base","ident":"LSMP","icao_code":"LSMP","iata_code":"VIP","scheduled_service":false,"source_airport_type":"medium_airport","longest_open_runway_ft":9376,"gameplay_status":"candidate","source":"OurAirports","territory_id":"CH-01","country_code":"CH"},"geometry":{"type":"Point","coordinates":[6.91506,46.8432]}},{"type":"Feature","properties":{"node_id":"AIRPORT-LSZH","node_type":"large-airport","name":"Zürich Airport","ident":"LSZH","icao_code":"LSZH","iata_code":"ZRH","scheduled_service":true,"source_airport_type":"large_airport","longest_open_runway_ft":12139,"gameplay_status":"candidate","source":"OurAirports","territory_id":"CH-01","country_code":"CH"},"geometry":{"type":"Point","coordinates":[8.548056,47.458056]}},{"type":"Feature","properties":{"node_id":"AIRPORT-LTBA","node_type":"large-airport","name":"İstanbul Atatürk Airport","ident":"LTBA","icao_code":"LTBA","iata_code":"ISL","scheduled_service":false,"source_airport_type":"large_airport","longest_open_runway_ft":8530,"gameplay_status":"candidate","source":"OurAirports","territory_id":"TR-01","country_code":"TR"},"geometry":{"type":"Point","coordinates":[28.823714,40.971913]}},{"type":"Feature","properties":{"node_id":"AIRPORT-LTBF","node_type":"large-airport","name":"Balıkesir Airport","ident":"LTBF","icao_code":"LTBF","iata_code":"BZI","scheduled_service":true,"source_airport_type":"medium_airport","longest_open_runway_ft":9810,"gameplay_status":"candidate","source":"OurAirports","territory_id":"TR-01","country_code":"TR"},"geometry":{"type":"Point","coordinates":[27.926001,39.619301]}},{"type":"Feature","properties":{"node_id":"AIRPORT-LTBG","node_type":"large-airport","name":"Bandırma Airport","ident":"LTBG","icao_code":"LTBG","iata_code":"BDM","scheduled_service":false,"source_airport_type":"medium_airport","longest_open_runway_ft":9875,"gameplay_status":"candidate","source":"OurAirports","territory_id":"TR-01","country_code":"TR"},"geometry":{"type":"Point","coordinates":[27.977699,40.318001]}},{"type":"Feature","properties":{"node_id":"AIRPORT-LTBQ","node_type":"large-airport","name":"Cengiz Topel Airport","ident":"LTBQ","icao_code":"LTBQ","iata_code":"KCO","scheduled_service":false,"source_airport_type":"medium_airport","longest_open_runway_ft":9842,"gameplay_status":"candidate","source":"OurAirports","territory_id":"TR-01","country_code":"TR"},"geometry":{"type":"Point","coordinates":[30.0833,40.735001]}},{"type":"Feature","properties":{"node_id":"AIRPORT-LTBR","node_type":"large-airport","name":"Bursa Yenişehir Airport","ident":"LTBR","icao_code":"LTBR","iata_code":"YEI","scheduled_service":true,"source_airport_type":"medium_airport","longest_open_runway_ft":9818,"gameplay_status":"candidate","source":"OurAirports","territory_id":"TR-01","country_code":"TR"},"geometry":{"type":"Point","coordinates":[29.562599,40.255199]}},{"type":"Feature","properties":{"node_id":"AIRPORT-LTBU","node_type":"large-airport","name":"Tekirdağ Çorlu Airport","ident":"LTBU","icao_code":"LTBU","iata_code":"TEQ","scheduled_service":true,"source_airport_type":"medium_airport","longest_open_runway_ft":9844,"gameplay_status":"candidate","source":"OurAirports","territory_id":"TR-01","country_code":"TR"},"geometry":{"type":"Point","coordinates":[27.9191,41.138199]}},{"type":"Feature","properties":{"node_id":"AIRPORT-LTFD","node_type":"large-airport","name":"Balıkesir Koca Seyit Airport","ident":"LTFD","icao_code":"LTFD","iata_code":"EDO","scheduled_service":true,"source_airport_type":"large_airport","longest_open_runway_ft":9842,"gameplay_status":"candidate","source":"OurAirports","territory_id":"TR-01","country_code":"TR"},"geometry":{"type":"Point","coordinates":[27.010192,39.552533]}},{"type":"Feature","properties":{"node_id":"AIRPORT-LTFJ","node_type":"large-airport","name":"Istanbul Sabiha Gökçen International Airport","ident":"LTFJ","icao_code":"LTFJ","iata_code":"SAW","scheduled_service":true,"source_airport_type":"large_airport","longest_open_runway_ft":11614,"gameplay_status":"candidate","source":"OurAirports","territory_id":"TR-01","country_code":"TR"},"geometry":{"type":"Point","coordinates":[29.3092,40.898602]}},{"type":"Feature","properties":{"node_id":"AIRPORT-LTFM","node_type":"large-airport","name":"İstanbul Airport","ident":"LTFM","icao_code":"LTFM","iata_code":"IST","scheduled_service":true,"source_airport_type":"large_airport","longest_open_runway_ft":13451,"gameplay_status":"candidate","source":"OurAirports","territory_id":"TR-01","country_code":"TR"},"geometry":{"type":"Point","coordinates":[28.732136,41.274874]}},{"type":"Feature","properties":{"node_id":"AIRPORT-LUBM","node_type":"large-airport","name":"Mărculești Air Base","ident":"LUBM","icao_code":"LUBM","iata_code":null,"scheduled_service":false,"source_airport_type":"medium_airport","longest_open_runway_ft":8235,"gameplay_status":"candidate","source":"OurAirports","territory_id":"MD-01","country_code":"MD"},"geometry":{"type":"Point","coordinates":[28.212799,47.862701]}},{"type":"Feature","properties":{"node_id":"AIRPORT-LUKK","node_type":"large-airport","name":"Chişinău International Airport","ident":"LUKK","icao_code":"LUKK","iata_code":"RMO","scheduled_service":true,"source_airport_type":"large_airport","longest_open_runway_ft":11778,"gameplay_status":"candidate","source":"OurAirports","territory_id":"MD-01","country_code":"MD"},"geometry":{"type":"Point","coordinates":[28.931704,46.92774]}},{"type":"Feature","properties":{"node_id":"AIRPORT-LV-8040","node_type":"large-airport","name":"Daugavpils International Airport","ident":"LV-8040","icao_code":null,"iata_code":null,"scheduled_service":false,"source_airport_type":"closed","longest_open_runway_ft":8202,"gameplay_status":"candidate","source":"OurAirports","territory_id":"LV-01","country_code":"LV"},"geometry":{"type":"Point","coordinates":[26.665001,55.944721]}},{"type":"Feature","properties":{"node_id":"AIRPORT-LWOH","node_type":"large-airport","name":"Ohrid St. Paul the Apostle Airport","ident":"LWOH","icao_code":"LWOH","iata_code":"OHD","scheduled_service":true,"source_airport_type":"large_airport","longest_open_runway_ft":8366,"gameplay_status":"candidate","source":"OurAirports","territory_id":"MK-01","country_code":"MK"},"geometry":{"type":"Point","coordinates":[20.7423,41.18]}},{"type":"Feature","properties":{"node_id":"AIRPORT-LWSK","node_type":"large-airport","name":"Skopje International Airport","ident":"LWSK","icao_code":"LWSK","iata_code":"SKP","scheduled_service":true,"source_airport_type":"large_airport","longest_open_runway_ft":9678,"gameplay_status":"candidate","source":"OurAirports","territory_id":"MK-01","country_code":"MK"},"geometry":{"type":"Point","coordinates":[21.622581,41.958087]}},{"type":"Feature","properties":{"node_id":"AIRPORT-LYBE","node_type":"large-airport","name":"Belgrade Nikola Tesla Airport","ident":"LYBE","icao_code":"LYBE","iata_code":"BEG","scheduled_service":true,"source_airport_type":"large_airport","longest_open_runway_ft":11483,"gameplay_status":"candidate","source":"OurAirports","territory_id":"RS-01","country_code":"RS"},"geometry":{"type":"Point","coordinates":[20.309099,44.818401]}},{"type":"Feature","properties":{"node_id":"AIRPORT-LYBT","node_type":"large-airport","name":"Batajnica Air Base","ident":"LYBT","icao_code":"LYBT","iata_code":"BJY","scheduled_service":false,"source_airport_type":"medium_airport","longest_open_runway_ft":8181,"gameplay_status":"candidate","source":"OurAirports","territory_id":"RS-01","country_code":"RS"},"geometry":{"type":"Point","coordinates":[20.2575,44.935299]}},{"type":"Feature","properties":{"node_id":"AIRPORT-LYNI","node_type":"large-airport","name":"Niš Constantine the Great Airport","ident":"LYNI","icao_code":"LYNI","iata_code":"INI","scheduled_service":true,"source_airport_type":"large_airport","longest_open_runway_ft":8202,"gameplay_status":"candidate","source":"OurAirports","territory_id":"RS-02","country_code":"RS"},"geometry":{"type":"Point","coordinates":[21.856242,43.336538]}},{"type":"Feature","properties":{"node_id":"AIRPORT-LYPG","node_type":"large-airport","name":"Podgorica Airport / Podgorica Golubovci Airbase","ident":"LYPG","icao_code":"LYPG","iata_code":"TGD","scheduled_service":true,"source_airport_type":"large_airport","longest_open_runway_ft":8202,"gameplay_status":"candidate","source":"OurAirports","territory_id":"ME-01","country_code":"ME"},"geometry":{"type":"Point","coordinates":[19.2519,42.359402]}},{"type":"Feature","properties":{"node_id":"AIRPORT-LYTV","node_type":"large-airport","name":"Tivat Airport","ident":"LYTV","icao_code":"LYTV","iata_code":"TIV","scheduled_service":true,"source_airport_type":"medium_airport","longest_open_runway_ft":8208,"gameplay_status":"candidate","source":"OurAirports","territory_id":"ME-01","country_code":"ME"},"geometry":{"type":"Point","coordinates":[18.723301,42.404701]}},{"type":"Feature","properties":{"node_id":"AIRPORT-LYUZ","node_type":"large-airport","name":"Ponikve Airport","ident":"LYUZ","icao_code":"LYUZ","iata_code":"UZC","scheduled_service":false,"source_airport_type":"medium_airport","longest_open_runway_ft":10130,"gameplay_status":"candidate","source":"OurAirports","territory_id":"RS-01","country_code":"RS"},"geometry":{"type":"Point","coordinates":[19.697701,43.898899]}},{"type":"Feature","properties":{"node_id":"AIRPORT-LZIB","node_type":"large-airport","name":"M. R. Štefánik Airport","ident":"LZIB","icao_code":"LZIB","iata_code":"BTS","scheduled_service":true,"source_airport_type":"large_airport","longest_open_runway_ft":10466,"gameplay_status":"candidate","source":"OurAirports","territory_id":"SK-01","country_code":"SK"},"geometry":{"type":"Point","coordinates":[17.2127,48.1702]}},{"type":"Feature","properties":{"node_id":"AIRPORT-LZKZ","node_type":"large-airport","name":"Košice International Airport","ident":"LZKZ","icao_code":"LZKZ","iata_code":"KSC","scheduled_service":true,"source_airport_type":"medium_airport","longest_open_runway_ft":10171,"gameplay_status":"candidate","source":"OurAirports","territory_id":"SK-01","country_code":"SK"},"geometry":{"type":"Point","coordinates":[21.2411,48.663101]}},{"type":"Feature","properties":{"node_id":"AIRPORT-LZMC","node_type":"large-airport","name":"Malacky/Kuchyňa Air Base","ident":"LZMC","icao_code":"LZMC","iata_code":null,"scheduled_service":false,"source_airport_type":"medium_airport","longest_open_runway_ft":8202,"gameplay_status":"candidate","source":"OurAirports","territory_id":"SK-01","country_code":"SK"},"geometry":{"type":"Point","coordinates":[17.118401,48.402]}},{"type":"Feature","properties":{"node_id":"AIRPORT-LZTT","node_type":"large-airport","name":"Poprad-Tatry Airport","ident":"LZTT","icao_code":"LZTT","iata_code":"TAT","scheduled_service":true,"source_airport_type":"medium_airport","longest_open_runway_ft":8530,"gameplay_status":"candidate","source":"OurAirports","territory_id":"SK-01","country_code":"SK"},"geometry":{"type":"Point","coordinates":[20.241394,49.070994]}},{"type":"Feature","properties":{"node_id":"AIRPORT-NL-0144","node_type":"large-airport","name":"Soesterberg Air Base","ident":"NL-0144","icao_code":null,"iata_code":null,"scheduled_service":false,"source_airport_type":"closed","longest_open_runway_ft":10089,"gameplay_status":"candidate","source":"OurAirports","territory_id":"NL-01","country_code":"NL"},"geometry":{"type":"Point","coordinates":[5.27619,52.1273]}},{"type":"Feature","properties":{"node_id":"AIRPORT-NL-0145","node_type":"large-airport","name":"Valkenburg Naval Air Base","ident":"NL-0145","icao_code":null,"iata_code":null,"scheduled_service":false,"source_airport_type":"closed","longest_open_runway_ft":8006,"gameplay_status":"candidate","source":"OurAirports","territory_id":"NL-01","country_code":"NL"},"geometry":{"type":"Point","coordinates":[4.41794013977,52.1660995483]}},{"type":"Feature","properties":{"node_id":"AIRPORT-NL-0146","node_type":"large-airport","name":"De Peel Air Base","ident":"NL-0146","icao_code":null,"iata_code":null,"scheduled_service":false,"source_airport_type":"closed","longest_open_runway_ft":9768,"gameplay_status":"candidate","source":"OurAirports","territory_id":"NL-01","country_code":"NL"},"geometry":{"type":"Point","coordinates":[5.85572,51.5173]}},{"type":"Feature","properties":{"node_id":"AIRPORT-PL-0273","node_type":"large-airport","name":"Sochaczew Air Base","ident":"PL-0273","icao_code":null,"iata_code":null,"scheduled_service":false,"source_airport_type":"small_airport","longest_open_runway_ft":8200,"gameplay_status":"candidate","source":"OurAirports","territory_id":"PL-03","country_code":"PL"},"geometry":{"type":"Point","coordinates":[20.292801,52.198601]}},{"type":"Feature","properties":{"node_id":"AIRPORT-RO-0107","node_type":"large-airport","name":"Deveselu Air Base","ident":"RO-0107","icao_code":null,"iata_code":null,"scheduled_service":false,"source_airport_type":"closed","longest_open_runway_ft":8202,"gameplay_status":"candidate","source":"OurAirports","territory_id":"RO-02","country_code":"RO"},"geometry":{"type":"Point","coordinates":[24.4164009094,44.0773010254]}},{"type":"Feature","properties":{"node_id":"AIRPORT-RU-0001","node_type":"large-airport","name":"Levashovo Air Base","ident":"RU-0001","icao_code":null,"iata_code":null,"scheduled_service":false,"source_airport_type":"medium_airport","longest_open_runway_ft":8530,"gameplay_status":"candidate","source":"OurAirports","territory_id":"RU-02","country_code":"RU"},"geometry":{"type":"Point","coordinates":[30.1933,60.0867]}},{"type":"Feature","properties":{"node_id":"AIRPORT-RU-0002","node_type":"large-airport","name":"Afrikanda Air Base","ident":"RU-0002","icao_code":null,"iata_code":null,"scheduled_service":false,"source_airport_type":"closed","longest_open_runway_ft":8202,"gameplay_status":"candidate","source":"OurAirports","territory_id":"RU-02","country_code":"RU"},"geometry":{"type":"Point","coordinates":[32.786701,67.456703]}},{"type":"Feature","properties":{"node_id":"AIRPORT-RU-0003","node_type":"large-airport","name":"Protasovo Regional Airport","ident":"RU-0003","icao_code":null,"iata_code":null,"scheduled_service":false,"source_airport_type":"small_airport","longest_open_runway_ft":9843,"gameplay_status":"candidate","source":"OurAirports","territory_id":"RU-03","country_code":"RU"},"geometry":{"type":"Point","coordinates":[39.931702,54.493301]}},{"type":"Feature","properties":{"node_id":"AIRPORT-RU-0015","node_type":"large-airport","name":"Khotilovo Air Base","ident":"RU-0015","icao_code":null,"iata_code":null,"scheduled_service":false,"source_airport_type":"medium_airport","longest_open_runway_ft":9842,"gameplay_status":"candidate","source":"OurAirports","territory_id":"RU-03","country_code":"RU"},"geometry":{"type":"Point","coordinates":[34.099998,57.654999]}},{"type":"Feature","properties":{"node_id":"AIRPORT-RU-0016","node_type":"large-airport","name":"Lipetsk Air Base","ident":"RU-0016","icao_code":null,"iata_code":null,"scheduled_service":false,"source_airport_type":"medium_airport","longest_open_runway_ft":9842,"gameplay_status":"candidate","source":"OurAirports","territory_id":"RU-03","country_code":"RU"},"geometry":{"type":"Point","coordinates":[39.445,52.634998]}},{"type":"Feature","properties":{"node_id":"AIRPORT-RU-0018","node_type":"large-airport","name":"Buturlinovka Air Base","ident":"RU-0018","icao_code":null,"iata_code":null,"scheduled_service":false,"source_airport_type":"medium_airport","longest_open_runway_ft":8202,"gameplay_status":"candidate","source":"OurAirports","territory_id":"RU-05","country_code":"RU"},"geometry":{"type":"Point","coordinates":[40.606155,50.79221]}},{"type":"Feature","properties":{"node_id":"AIRPORT-RU-0019","node_type":"large-airport","name":"Chebenki Air Base","ident":"RU-0019","icao_code":null,"iata_code":null,"scheduled_service":false,"source_airport_type":"small_airport","longest_open_runway_ft":8202,"gameplay_status":"candidate","source":"OurAirports","territory_id":"RU-04","country_code":"RU"},"geometry":{"type":"Point","coordinates":[55.549,51.974899]}},{"type":"Feature","properties":{"node_id":"AIRPORT-RU-0028","node_type":"large-airport","name":"Kaliningrad Chkalovsk Naval Air Base","ident":"RU-0028","icao_code":null,"iata_code":null,"scheduled_service":false,"source_airport_type":"medium_airport","longest_open_runway_ft":9841,"gameplay_status":"candidate","source":"OurAirports","territory_id":"RU-01","country_code":"RU"},"geometry":{"type":"Point","coordinates":[20.396819,54.766556]}},{"type":"Feature","properties":{"node_id":"AIRPORT-RU-0033","node_type":"large-airport","name":"Plestsy Air Base","ident":"RU-0033","icao_code":null,"iata_code":null,"scheduled_service":false,"source_airport_type":"small_airport","longest_open_runway_ft":11482,"gameplay_status":"candidate","source":"OurAirports","territory_id":"RU-02","country_code":"RU"},"geometry":{"type":"Point","coordinates":[40.498156,62.71947]}},{"type":"Feature","properties":{"node_id":"AIRPORT-RU-0043","node_type":"large-airport","name":"Mius Airport","ident":"RU-0043","icao_code":null,"iata_code":null,"scheduled_service":false,"source_airport_type":"medium_airport","longest_open_runway_ft":8202,"gameplay_status":"candidate","source":"OurAirports","territory_id":"RU-04","country_code":"RU"},"geometry":{"type":"Point","coordinates":[43.311668,54.958332]}},{"type":"Feature","properties":{"node_id":"AIRPORT-RU-0060","node_type":"large-airport","name":"Chernyakhovsk Naval Air Base","ident":"RU-0060","icao_code":null,"iata_code":null,"scheduled_service":false,"source_airport_type":"medium_airport","longest_open_runway_ft":8203,"gameplay_status":"candidate","source":"OurAirports","territory_id":"RU-01","country_code":"RU"},"geometry":{"type":"Point","coordinates":[21.782375,54.601676]}},{"type":"Feature","properties":{"node_id":"AIRPORT-RU-0089","node_type":"large-airport","name":"Krymsk Air Base","ident":"RU-0089","icao_code":null,"iata_code":"NOI","scheduled_service":false,"source_airport_type":"medium_airport","longest_open_runway_ft":9842,"gameplay_status":"candidate","source":"OurAirports","territory_id":"RU-05","country_code":"RU"},"geometry":{"type":"Point","coordinates":[37.999071,44.962905]}},{"type":"Feature","properties":{"node_id":"AIRPORT-RU-0101","node_type":"large-airport","name":"Ashuluk Airfield","ident":"RU-0101","icao_code":null,"iata_code":null,"scheduled_service":false,"source_airport_type":"small_airport","longest_open_runway_ft":8530,"gameplay_status":"candidate","source":"OurAirports","territory_id":"RU-05","country_code":"RU"},"geometry":{"type":"Point","coordinates":[47.92717,47.42257]}},{"type":"Feature","properties":{"node_id":"AIRPORT-RU-0125","node_type":"large-airport","name":"Bobrovka Air Base","ident":"RU-0125","icao_code":null,"iata_code":null,"scheduled_service":false,"source_airport_type":"medium_airport","longest_open_runway_ft":8202,"gameplay_status":"candidate","source":"OurAirports","territory_id":"RU-04","country_code":"RU"},"geometry":{"type":"Point","coordinates":[50.709999,53.145]}},{"type":"Feature","properties":{"node_id":"AIRPORT-RU-0164","node_type":"large-airport","name":"Tikhoretsk Air Base","ident":"RU-0164","icao_code":null,"iata_code":null,"scheduled_service":false,"source_airport_type":"small_airport","longest_open_runway_ft":8203,"gameplay_status":"candidate","source":"OurAirports","territory_id":"RU-05","country_code":"RU"},"geometry":{"type":"Point","coordinates":[40.105,45.879002]}},{"type":"Feature","properties":{"node_id":"AIRPORT-RU-0211","node_type":"large-airport","name":"Taganrog Tsentralny Air Base","ident":"RU-0211","icao_code":null,"iata_code":null,"scheduled_service":false,"source_airport_type":"medium_airport","longest_open_runway_ft":8219,"gameplay_status":"candidate","source":"OurAirports","territory_id":"RU-05","country_code":"RU"},"geometry":{"type":"Point","coordinates":[38.8403,47.24645]}},{"type":"Feature","properties":{"node_id":"AIRPORT-RU-0240","node_type":"large-airport","name":"Seshcha Air Base","ident":"RU-0240","icao_code":null,"iata_code":null,"scheduled_service":false,"source_airport_type":"medium_airport","longest_open_runway_ft":9842,"gameplay_status":"candidate","source":"OurAirports","territory_id":"RU-03","country_code":"RU"},"geometry":{"type":"Point","coordinates":[33.339083,53.715258]}},{"type":"Feature","properties":{"node_id":"AIRPORT-RU-0282","node_type":"large-airport","name":"Millerovo Air Base","ident":"RU-0282","icao_code":null,"iata_code":null,"scheduled_service":false,"source_airport_type":"medium_airport","longest_open_runway_ft":9842,"gameplay_status":"candidate","source":"OurAirports","territory_id":"RU-05","country_code":"RU"},"geometry":{"type":"Point","coordinates":[40.296356,48.955177]}},{"type":"Feature","properties":{"node_id":"AIRPORT-RU-0298","node_type":"large-airport","name":"Marinovka Air Base","ident":"RU-0298","icao_code":null,"iata_code":null,"scheduled_service":false,"source_airport_type":"small_airport","longest_open_runway_ft":8136,"gameplay_status":"candidate","source":"OurAirports","territory_id":"RU-05","country_code":"RU"},"geometry":{"type":"Point","coordinates":[43.789,48.637]}},{"type":"Feature","properties":{"node_id":"AIRPORT-RU-0303","node_type":"large-airport","name":"Privolzhskiy Air Base","ident":"RU-0303","icao_code":null,"iata_code":null,"scheduled_service":false,"source_airport_type":"medium_airport","longest_open_runway_ft":11483,"gameplay_status":"candidate","source":"OurAirports","territory_id":"RU-05","country_code":"RU"},"geometry":{"type":"Point","coordinates":[47.887688,46.395726]}},{"type":"Feature","properties":{"node_id":"AIRPORT-RU-0307","node_type":"large-airport","name":"Kotelnikovo Air Base","ident":"RU-0307","icao_code":null,"iata_code":null,"scheduled_service":false,"source_airport_type":"small_airport","longest_open_runway_ft":8202,"gameplay_status":"candidate","source":"OurAirports","territory_id":"RU-05","country_code":"RU"},"geometry":{"type":"Point","coordinates":[43.095,47.635]}},{"type":"Feature","properties":{"node_id":"AIRPORT-RU-0313","node_type":"large-airport","name":"Zernograd Air Base","ident":"RU-0313","icao_code":null,"iata_code":null,"scheduled_service":false,"source_airport_type":"small_airport","longest_open_runway_ft":8202,"gameplay_status":"candidate","source":"OurAirports","territory_id":"RU-05","country_code":"RU"},"geometry":{"type":"Point","coordinates":[40.38,46.835]}},{"type":"Feature","properties":{"node_id":"AIRPORT-RU-0372","node_type":"large-airport","name":"Rostov-on-Don Central Air Base","ident":"RU-0372","icao_code":null,"iata_code":null,"scheduled_service":false,"source_airport_type":"medium_airport","longest_open_runway_ft":8203,"gameplay_status":"candidate","source":"OurAirports","territory_id":"RU-05","country_code":"RU"},"geometry":{"type":"Point","coordinates":[39.635556,47.277386]}},{"type":"Feature","properties":{"node_id":"AIRPORT-RU-0380","node_type":"large-airport","name":"Akhtubinsk Air Base","ident":"RU-0380","icao_code":null,"iata_code":null,"scheduled_service":false,"source_airport_type":"medium_airport","longest_open_runway_ft":13123,"gameplay_status":"candidate","source":"OurAirports","territory_id":"RU-05","country_code":"RU"},"geometry":{"type":"Point","coordinates":[46.2365,48.3085]}},{"type":"Feature","properties":{"node_id":"AIRPORT-RU-0845","node_type":"large-airport","name":"Gorelovo Aerodrome","ident":"RU-0845","icao_code":null,"iata_code":null,"scheduled_service":false,"source_airport_type":"small_airport","longest_open_runway_ft":8200,"gameplay_status":"candidate","source":"OurAirports","territory_id":"RU-02","country_code":"RU"},"geometry":{"type":"Point","coordinates":[30.071722,59.765518]}},{"type":"Feature","properties":{"node_id":"AIRPORT-RU-10046","node_type":"large-airport","name":"Kirovsk-Apatity Airport","ident":"RU-10046","icao_code":null,"iata_code":"KVK","scheduled_service":false,"source_airport_type":"small_airport","longest_open_runway_ft":8202,"gameplay_status":"candidate","source":"OurAirports","territory_id":"RU-02","country_code":"RU"},"geometry":{"type":"Point","coordinates":[33.585294,67.462851]}},{"type":"Feature","properties":{"node_id":"AIRPORT-RU-10049","node_type":"large-airport","name":"Soltsy-2 Air Base","ident":"RU-10049","icao_code":null,"iata_code":null,"scheduled_service":false,"source_airport_type":"medium_airport","longest_open_runway_ft":9842,"gameplay_status":"candidate","source":"OurAirports","territory_id":"RU-02","country_code":"RU"},"geometry":{"type":"Point","coordinates":[30.33042,58.139545]}},{"type":"Feature","properties":{"node_id":"AIRPORT-RU-10053","node_type":"large-airport","name":"Yermolino Air Base","ident":"RU-10053","icao_code":null,"iata_code":null,"scheduled_service":false,"source_airport_type":"medium_airport","longest_open_runway_ft":9800,"gameplay_status":"candidate","source":"OurAirports","territory_id":"RU-03","country_code":"RU"},"geometry":{"type":"Point","coordinates":[36.608609,55.228627]}},{"type":"Feature","properties":{"node_id":"AIRPORT-RU-10056","node_type":"large-airport","name":"Fedotovo Naval Air Base","ident":"RU-10056","icao_code":null,"iata_code":null,"scheduled_service":false,"source_airport_type":"medium_airport","longest_open_runway_ft":11482,"gameplay_status":"candidate","source":"OurAirports","territory_id":"RU-02","country_code":"RU"},"geometry":{"type":"Point","coordinates":[39.123459,59.190372]}},{"type":"Feature","properties":{"node_id":"AIRPORT-RU-10057","node_type":"large-airport","name":"Severomorsk-1 Naval Air Base","ident":"RU-10057","icao_code":null,"iata_code":null,"scheduled_service":false,"source_airport_type":"medium_airport","longest_open_runway_ft":11482,"gameplay_status":"candidate","source":"OurAirports","territory_id":"RU-02","country_code":"RU"},"geometry":{"type":"Point","coordinates":[33.418331,69.03167]}},{"type":"Feature","properties":{"node_id":"AIRPORT-RU-10058","node_type":"large-airport","name":"Severomorsk-3 Naval Air Base","ident":"RU-10058","icao_code":null,"iata_code":null,"scheduled_service":false,"source_airport_type":"medium_airport","longest_open_runway_ft":8202,"gameplay_status":"candidate","source":"OurAirports","territory_id":"RU-02","country_code":"RU"},"geometry":{"type":"Point","coordinates":[33.716667,68.866669]}},{"type":"Feature","properties":{"node_id":"AIRPORT-RU-10059","node_type":"large-airport","name":"Dyagilevo Air Base","ident":"RU-10059","icao_code":null,"iata_code":null,"scheduled_service":false,"source_airport_type":"medium_airport","longest_open_runway_ft":9842,"gameplay_status":"candidate","source":"OurAirports","territory_id":"RU-03","country_code":"RU"},"geometry":{"type":"Point","coordinates":[39.569047,54.642284]}},{"type":"Feature","properties":{"node_id":"AIRPORT-RU-10062","node_type":"large-airport","name":"Khanskaya Air Base","ident":"RU-10062","icao_code":null,"iata_code":null,"scheduled_service":false,"source_airport_type":"medium_airport","longest_open_runway_ft":8203,"gameplay_status":"candidate","source":"OurAirports","territory_id":"RU-05","country_code":"RU"},"geometry":{"type":"Point","coordinates":[40.036059,44.67956]}},{"type":"Feature","properties":{"node_id":"AIRPORT-RU-10076","node_type":"large-airport","name":"Smolensk North Airport","ident":"RU-10076","icao_code":null,"iata_code":"LNX","scheduled_service":false,"source_airport_type":"medium_airport","longest_open_runway_ft":8202,"gameplay_status":"candidate","source":"OurAirports","territory_id":"RU-03","country_code":"RU"},"geometry":{"type":"Point","coordinates":[32.025,54.824]}},{"type":"Feature","properties":{"node_id":"AIRPORT-RU-10077","node_type":"large-airport","name":"Yeysk Airport","ident":"RU-10077","icao_code":null,"iata_code":"EIK","scheduled_service":false,"source_airport_type":"medium_airport","longest_open_runway_ft":11810,"gameplay_status":"candidate","source":"OurAirports","territory_id":"RU-05","country_code":"RU"},"geometry":{"type":"Point","coordinates":[38.21,46.68]}},{"type":"Feature","properties":{"node_id":"AIRPORT-RU-10078","node_type":"large-airport","name":"Morozovsk Air Base","ident":"RU-10078","icao_code":null,"iata_code":null,"scheduled_service":false,"source_airport_type":"small_airport","longest_open_runway_ft":8203,"gameplay_status":"candidate","source":"OurAirports","territory_id":"RU-05","country_code":"RU"},"geometry":{"type":"Point","coordinates":[41.791,48.313]}},{"type":"Feature","properties":{"node_id":"AIRPORT-RU-1071","node_type":"large-airport","name":"Kamensk-Uralskiy Air Base","ident":"RU-1071","icao_code":null,"iata_code":null,"scheduled_service":false,"source_airport_type":"medium_airport","longest_open_runway_ft":8858,"gameplay_status":"candidate","source":"OurAirports","territory_id":"RU-04","country_code":"RU"},"geometry":{"type":"Point","coordinates":[61.986698,56.436699]}},{"type":"Feature","properties":{"node_id":"AIRPORT-RU-2249","node_type":"large-airport","name":"Gromovo Air Base","ident":"RU-2249","icao_code":null,"iata_code":null,"scheduled_service":false,"source_airport_type":"small_airport","longest_open_runway_ft":8202,"gameplay_status":"candidate","source":"OurAirports","territory_id":"RU-02","country_code":"RU"},"geometry":{"type":"Point","coordinates":[30.1117,60.713299]}},{"type":"Feature","properties":{"node_id":"AIRPORT-RU-3288","node_type":"large-airport","name":"Umbozero Air Base","ident":"RU-3288","icao_code":null,"iata_code":null,"scheduled_service":false,"source_airport_type":"closed","longest_open_runway_ft":8202,"gameplay_status":"candidate","source":"OurAirports","territory_id":"RU-02","country_code":"RU"},"geometry":{"type":"Point","coordinates":[34.30687,67.513427]}},{"type":"Feature","properties":{"node_id":"AIRPORT-RU-3693","node_type":"large-airport","name":"Letneozerskiy Air Base","ident":"RU-3693","icao_code":null,"iata_code":null,"scheduled_service":false,"source_airport_type":"closed","longest_open_runway_ft":8202,"gameplay_status":"candidate","source":"OurAirports","territory_id":"RU-02","country_code":"RU"},"geometry":{"type":"Point","coordinates":[40.3983,63.389999]}},{"type":"Feature","properties":{"node_id":"AIRPORT-RU-3709","node_type":"large-airport","name":"Bagay-Baranovka Air Base","ident":"RU-3709","icao_code":null,"iata_code":null,"scheduled_service":false,"source_airport_type":"medium_airport","longest_open_runway_ft":8197,"gameplay_status":"candidate","source":"OurAirports","territory_id":"RU-04","country_code":"RU"},"geometry":{"type":"Point","coordinates":[46.969387,52.139652]}},{"type":"Feature","properties":{"node_id":"AIRPORT-RU-4339","node_type":"large-airport","name":"Tambov Air Base","ident":"RU-4339","icao_code":null,"iata_code":null,"scheduled_service":false,"source_airport_type":"medium_airport","longest_open_runway_ft":8202,"gameplay_status":"candidate","source":"OurAirports","territory_id":"RU-03","country_code":"RU"},"geometry":{"type":"Point","coordinates":[41.374168,52.700626]}},{"type":"Feature","properties":{"node_id":"AIRPORT-RU-4464","node_type":"large-airport","name":"Olenya Air Base","ident":"RU-4464","icao_code":null,"iata_code":null,"scheduled_service":false,"source_airport_type":"medium_airport","longest_open_runway_ft":11482,"gameplay_status":"candidate","source":"OurAirports","territory_id":"RU-02","country_code":"RU"},"geometry":{"type":"Point","coordinates":[33.463902,68.151802]}},{"type":"Feature","properties":{"node_id":"AIRPORT-RU-4536","node_type":"large-airport","name":"Rogachyovo Air Base","ident":"RU-4536","icao_code":null,"iata_code":null,"scheduled_service":false,"source_airport_type":"medium_airport","longest_open_runway_ft":8202,"gameplay_status":"candidate","source":"OurAirports","territory_id":"RU-02","country_code":"RU"},"geometry":{"type":"Point","coordinates":[52.478298,71.616699]}},{"type":"Feature","properties":{"node_id":"AIRPORT-RU-4609","node_type":"large-airport","name":"Shatalovo Air Base","ident":"RU-4609","icao_code":null,"iata_code":null,"scheduled_service":false,"source_airport_type":"medium_airport","longest_open_runway_ft":8202,"gameplay_status":"candidate","source":"OurAirports","territory_id":"RU-03","country_code":"RU"},"geometry":{"type":"Point","coordinates":[32.473301,54.34]}},{"type":"Feature","properties":{"node_id":"AIRPORT-RU-5276","node_type":"large-airport","name":"Kilpyavr Air Base","ident":"RU-5276","icao_code":null,"iata_code":null,"scheduled_service":false,"source_airport_type":"closed","longest_open_runway_ft":8202,"gameplay_status":"candidate","source":"OurAirports","territory_id":"RU-02","country_code":"RU"},"geometry":{"type":"Point","coordinates":[32.401473,69.09521]}},{"type":"Feature","properties":{"node_id":"AIRPORT-RU-5672","node_type":"large-airport","name":"Ivanovo North Air Base","ident":"RU-5672","icao_code":null,"iata_code":null,"scheduled_service":false,"source_airport_type":"medium_airport","longest_open_runway_ft":9842,"gameplay_status":"candidate","source":"OurAirports","territory_id":"RU-04","country_code":"RU"},"geometry":{"type":"Point","coordinates":[40.981701,57.0583]}},{"type":"Feature","properties":{"node_id":"AIRPORT-RU-6542","node_type":"large-airport","name":"Orenburg Air Base","ident":"RU-6542","icao_code":null,"iata_code":null,"scheduled_service":false,"source_airport_type":"small_airport","longest_open_runway_ft":8202,"gameplay_status":"candidate","source":"OurAirports","territory_id":"RU-04","country_code":"RU"},"geometry":{"type":"Point","coordinates":[55.020046,51.709057]}},{"type":"Feature","properties":{"node_id":"AIRPORT-RU-6878","node_type":"large-airport","name":"Savasleyka Air Base","ident":"RU-6878","icao_code":null,"iata_code":null,"scheduled_service":false,"source_airport_type":"small_airport","longest_open_runway_ft":9842,"gameplay_status":"candidate","source":"OurAirports","territory_id":"RU-04","country_code":"RU"},"geometry":{"type":"Point","coordinates":[42.310001,55.439999]}},{"type":"Feature","properties":{"node_id":"AIRPORT-RU-7741","node_type":"large-airport","name":"Salka Airfield","ident":"RU-7741","icao_code":null,"iata_code":null,"scheduled_service":false,"source_airport_type":"small_airport","longest_open_runway_ft":8202,"gameplay_status":"candidate","source":"OurAirports","territory_id":"RU-04","country_code":"RU"},"geometry":{"type":"Point","coordinates":[60.235001,57.9883]}},{"type":"Feature","properties":{"node_id":"AIRPORT-RU-7978","node_type":"large-airport","name":"Uprun Air Base","ident":"RU-7978","icao_code":null,"iata_code":null,"scheduled_service":false,"source_airport_type":"medium_airport","longest_open_runway_ft":8202,"gameplay_status":"candidate","source":"OurAirports","territory_id":"RU-04","country_code":"RU"},"geometry":{"type":"Point","coordinates":[61.353298,54.375]}},{"type":"Feature","properties":{"node_id":"AIRPORT-RU-8363","node_type":"large-airport","name":"Voronezh Baltimore Air Base","ident":"RU-8363","icao_code":null,"iata_code":null,"scheduled_service":false,"source_airport_type":"medium_airport","longest_open_runway_ft":11483,"gameplay_status":"candidate","source":"OurAirports","territory_id":"RU-05","country_code":"RU"},"geometry":{"type":"Point","coordinates":[39.14,51.62]}},{"type":"Feature","properties":{"node_id":"AIRPORT-RU-8602","node_type":"large-airport","name":"Engels Air Base","ident":"RU-8602","icao_code":null,"iata_code":null,"scheduled_service":false,"source_airport_type":"medium_airport","longest_open_runway_ft":11475,"gameplay_status":"candidate","source":"OurAirports","territory_id":"RU-04","country_code":"RU"},"geometry":{"type":"Point","coordinates":[46.215,51.480499]}},{"type":"Feature","properties":{"node_id":"AIRPORT-RU-8604","node_type":"large-airport","name":"Totskoye Air Base","ident":"RU-8604","icao_code":null,"iata_code":null,"scheduled_service":false,"source_airport_type":"small_airport","longest_open_runway_ft":8202,"gameplay_status":"candidate","source":"OurAirports","territory_id":"RU-04","country_code":"RU"},"geometry":{"type":"Point","coordinates":[52.779999,52.501701]}},{"type":"Feature","properties":{"node_id":"AIRPORT-RU-9129","node_type":"large-airport","name":"Vorkuta Sovetskiy Air Base","ident":"RU-9129","icao_code":null,"iata_code":null,"scheduled_service":false,"source_airport_type":"medium_airport","longest_open_runway_ft":11482,"gameplay_status":"candidate","source":"OurAirports","territory_id":"RU-04","country_code":"RU"},"geometry":{"type":"Point","coordinates":[64.306702,67.463303]}},{"type":"Feature","properties":{"node_id":"AIRPORT-RU-9345","node_type":"large-airport","name":"Krechevitsy Air Base","ident":"RU-9345","icao_code":"ULLK","iata_code":null,"scheduled_service":false,"source_airport_type":"medium_airport","longest_open_runway_ft":8203,"gameplay_status":"candidate","source":"OurAirports","territory_id":"RU-02","country_code":"RU"},"geometry":{"type":"Point","coordinates":[31.385,58.625]}},{"type":"Feature","properties":{"node_id":"AIRPORT-RU-9937","node_type":"large-airport","name":"Rzhev Air Base","ident":"RU-9937","icao_code":null,"iata_code":null,"scheduled_service":false,"source_airport_type":"medium_airport","longest_open_runway_ft":8203,"gameplay_status":"candidate","source":"OurAirports","territory_id":"RU-03","country_code":"RU"},"geometry":{"type":"Point","coordinates":[34.408298,56.259998]}},{"type":"Feature","properties":{"node_id":"AIRPORT-RU-9942","node_type":"large-airport","name":"Shaykovka Air Base","ident":"RU-9942","icao_code":null,"iata_code":null,"scheduled_service":false,"source_airport_type":"medium_airport","longest_open_runway_ft":9842,"gameplay_status":"candidate","source":"OurAirports","territory_id":"RU-03","country_code":"RU"},"geometry":{"type":"Point","coordinates":[34.3717,54.2267]}},{"type":"Feature","properties":{"node_id":"AIRPORT-RU-9991","node_type":"large-airport","name":"Rostov-on-Don Airport","ident":"RU-9991","icao_code":null,"iata_code":null,"scheduled_service":false,"source_airport_type":"closed","longest_open_runway_ft":8202,"gameplay_status":"candidate","source":"OurAirports","territory_id":"RU-05","country_code":"RU"},"geometry":{"type":"Point","coordinates":[39.8181,47.258203]}},{"type":"Feature","properties":{"node_id":"AIRPORT-RU-9993","node_type":"large-airport","name":"Maykop Airport","ident":"RU-9993","icao_code":null,"iata_code":null,"scheduled_service":false,"source_airport_type":"closed","longest_open_runway_ft":8579,"gameplay_status":"candidate","source":"OurAirports","territory_id":"RU-05","country_code":"RU"},"geometry":{"type":"Point","coordinates":[40.096908,44.649374]}},{"type":"Feature","properties":{"node_id":"AIRPORT-RU-9997","node_type":"large-airport","name":"Oryol Yuzhny Airport","ident":"RU-9997","icao_code":null,"iata_code":null,"scheduled_service":false,"source_airport_type":"closed","longest_open_runway_ft":8202,"gameplay_status":"candidate","source":"OurAirports","territory_id":"RU-03","country_code":"RU"},"geometry":{"type":"Point","coordinates":[36.002201,52.9347]}},{"type":"Feature","properties":{"node_id":"AIRPORT-UA-0025","node_type":"large-airport","name":"Bila Tserkva Air Base","ident":"UA-0025","icao_code":null,"iata_code":null,"scheduled_service":false,"source_airport_type":"medium_airport","longest_open_runway_ft":8202,"gameplay_status":"candidate","source":"OurAirports","territory_id":"UA-02","country_code":"UA"},"geometry":{"type":"Point","coordinates":[30.024435,49.795228]}},{"type":"Feature","properties":{"node_id":"AIRPORT-UA-0026","node_type":"large-airport","name":"Blagoyevo Air Base","ident":"UA-0026","icao_code":null,"iata_code":null,"scheduled_service":false,"source_airport_type":"closed","longest_open_runway_ft":8202,"gameplay_status":"candidate","source":"OurAirports","territory_id":"UA-04","country_code":"UA"},"geometry":{"type":"Point","coordinates":[30.700000762939453,46.89500045776367]}},{"type":"Feature","properties":{"node_id":"AIRPORT-UA-0027","node_type":"large-airport","name":"Bliznyuki Air Base","ident":"UA-0027","icao_code":null,"iata_code":null,"scheduled_service":false,"source_airport_type":"small_airport","longest_open_runway_ft":8202,"gameplay_status":"candidate","source":"OurAirports","territory_id":"UA-03","country_code":"UA"},"geometry":{"type":"Point","coordinates":[36.549999,48.876999]}},{"type":"Feature","properties":{"node_id":"AIRPORT-UA-9862","node_type":"large-airport","name":"Donetsk Sergei Prokofiev International Airport","ident":"UA-9862","icao_code":null,"iata_code":null,"scheduled_service":false,"source_airport_type":"closed","longest_open_runway_ft":13123,"gameplay_status":"candidate","source":"OurAirports","territory_id":"UA-03","country_code":"UA"},"geometry":{"type":"Point","coordinates":[37.72527,48.075072]}},{"type":"Feature","properties":{"node_id":"AIRPORT-UA-9863","node_type":"large-airport","name":"Luhansk International Airport","ident":"UA-9863","icao_code":null,"iata_code":null,"scheduled_service":false,"source_airport_type":"closed","longest_open_runway_ft":9450,"gameplay_status":"candidate","source":"OurAirports","territory_id":"UA-03","country_code":"UA"},"geometry":{"type":"Point","coordinates":[39.374342,48.41903]}},{"type":"Feature","properties":{"node_id":"AIRPORT-UK59","node_type":"large-airport","name":"Chuhuiv Air Base","ident":"UK59","icao_code":null,"iata_code":null,"scheduled_service":false,"source_airport_type":"small_airport","longest_open_runway_ft":8202,"gameplay_status":"candidate","source":"OurAirports","territory_id":"UA-03","country_code":"UA"},"geometry":{"type":"Point","coordinates":[36.641201,49.8382]}},{"type":"Feature","properties":{"node_id":"AIRPORT-UK61","node_type":"large-airport","name":"Jagellon Airfield","ident":"UK61","icao_code":null,"iata_code":null,"scheduled_service":false,"source_airport_type":"small_airport","longest_open_runway_ft":8202,"gameplay_status":"candidate","source":"OurAirports","territory_id":"UA-01","country_code":"UA"},"geometry":{"type":"Point","coordinates":[23.6689,49.7379]}},{"type":"Feature","properties":{"node_id":"AIRPORT-UKBB","node_type":"large-airport","name":"Boryspil International Airport","ident":"UKBB","icao_code":"UKBB","iata_code":"KBP","scheduled_service":false,"source_airport_type":"medium_airport","longest_open_runway_ft":13123,"gameplay_status":"candidate","source":"OurAirports","territory_id":"UA-02","country_code":"UA"},"geometry":{"type":"Point","coordinates":[30.894699,50.345001]}},{"type":"Feature","properties":{"node_id":"AIRPORT-UKCM","node_type":"large-airport","name":"Mariupol International Airport","ident":"UKCM","icao_code":"UKCM","iata_code":"MPW","scheduled_service":true,"source_airport_type":"medium_airport","longest_open_runway_ft":8431,"gameplay_status":"candidate","source":"OurAirports","territory_id":"UA-03","country_code":"UA"},"geometry":{"type":"Point","coordinates":[37.44960021972656,47.07609939575195]}},{"type":"Feature","properties":{"node_id":"AIRPORT-UKDB","node_type":"large-airport","name":"Berdyansk Airport","ident":"UKDB","icao_code":"UKDB","iata_code":"ERD","scheduled_service":false,"source_airport_type":"medium_airport","longest_open_runway_ft":8202,"gameplay_status":"candidate","source":"OurAirports","territory_id":"UA-03","country_code":"UA"},"geometry":{"type":"Point","coordinates":[36.758099,46.814999]}},{"type":"Feature","properties":{"node_id":"AIRPORT-UKDD","node_type":"large-airport","name":"Dnipro International Airport","ident":"UKDD","icao_code":"UKDD","iata_code":"DNK","scheduled_service":true,"source_airport_type":"medium_airport","longest_open_runway_ft":9320,"gameplay_status":"candidate","source":"OurAirports","territory_id":"UA-03","country_code":"UA"},"geometry":{"type":"Point","coordinates":[35.100601,48.357201]}},{"type":"Feature","properties":{"node_id":"AIRPORT-UKDE","node_type":"large-airport","name":"Zaporizhzhia International Airport","ident":"UKDE","icao_code":"UKDE","iata_code":"OZH","scheduled_service":false,"source_airport_type":"large_airport","longest_open_runway_ft":8210,"gameplay_status":"candidate","source":"OurAirports","territory_id":"UA-03","country_code":"UA"},"geometry":{"type":"Point","coordinates":[35.314723,47.866962]}},{"type":"Feature","properties":{"node_id":"AIRPORT-UKDR","node_type":"large-airport","name":"Kryvyi Rih International Airport","ident":"UKDR","icao_code":"UKDR","iata_code":"KWG","scheduled_service":true,"source_airport_type":"medium_airport","longest_open_runway_ft":8202,"gameplay_status":"candidate","source":"OurAirports","territory_id":"UA-03","country_code":"UA"},"geometry":{"type":"Point","coordinates":[33.209999084472656,48.04330062866211]}},{"type":"Feature","properties":{"node_id":"AIRPORT-UKFF","node_type":"large-airport","name":"Simferopol International Airport","ident":"UKFF","icao_code":"UKFF","iata_code":"SIP","scheduled_service":true,"source_airport_type":"large_airport","longest_open_runway_ft":12142,"gameplay_status":"candidate","source":"OurAirports","territory_id":"UA-05","country_code":"UA"},"geometry":{"type":"Point","coordinates":[33.975101,45.0522]}},{"type":"Feature","properties":{"node_id":"AIRPORT-UKKE","node_type":"large-airport","name":"Cherkasy International Airport","ident":"UKKE","icao_code":"UKKE","iata_code":"CKC","scheduled_service":false,"source_airport_type":"medium_airport","longest_open_runway_ft":8180,"gameplay_status":"candidate","source":"OurAirports","territory_id":"UA-02","country_code":"UA"},"geometry":{"type":"Point","coordinates":[31.9953,49.4156]}},{"type":"Feature","properties":{"node_id":"AIRPORT-UKKM","node_type":"large-airport","name":"Hostomel Airport","ident":"UKKM","icao_code":null,"iata_code":null,"scheduled_service":false,"source_airport_type":"medium_airport","longest_open_runway_ft":11483,"gameplay_status":"candidate","source":"OurAirports","territory_id":"UA-02","country_code":"UA"},"geometry":{"type":"Point","coordinates":[30.1919,50.6035]}},{"type":"Feature","properties":{"node_id":"AIRPORT-UKLI","node_type":"large-airport","name":"Ivano-Frankivsk International Airport","ident":"UKLI","icao_code":"UKLI","iata_code":"IFO","scheduled_service":true,"source_airport_type":"medium_airport","longest_open_runway_ft":8226,"gameplay_status":"candidate","source":"OurAirports","territory_id":"UA-01","country_code":"UA"},"geometry":{"type":"Point","coordinates":[24.686100006103516,48.88420104980469]}},{"type":"Feature","properties":{"node_id":"AIRPORT-UKLL","node_type":"large-airport","name":"Lviv International Airport","ident":"UKLL","icao_code":"UKLL","iata_code":"LWO","scheduled_service":true,"source_airport_type":"large_airport","longest_open_runway_ft":10843,"gameplay_status":"candidate","source":"OurAirports","territory_id":"UA-01","country_code":"UA"},"geometry":{"type":"Point","coordinates":[23.9561,49.8125]}},{"type":"Feature","properties":{"node_id":"AIRPORT-UKLR","node_type":"large-airport","name":"Rivne International Airport","ident":"UKLR","icao_code":"UKLR","iata_code":"RWN","scheduled_service":true,"source_airport_type":"medium_airport","longest_open_runway_ft":8615,"gameplay_status":"candidate","source":"OurAirports","territory_id":"UA-01","country_code":"UA"},"geometry":{"type":"Point","coordinates":[26.141599655151367,50.60710144042969]}},{"type":"Feature","properties":{"node_id":"AIRPORT-UKLU","node_type":"large-airport","name":"Uzhhorod International Airport","ident":"UKLU","icao_code":"UKLU","iata_code":"UDJ","scheduled_service":true,"source_airport_type":"large_airport","longest_open_runway_ft":6686,"gameplay_status":"candidate","source":"OurAirports","territory_id":"UA-01","country_code":"UA"},"geometry":{"type":"Point","coordinates":[22.263399,48.6343]}},{"type":"Feature","properties":{"node_id":"AIRPORT-UKOH","node_type":"large-airport","name":"Kherson International Airport","ident":"UKOH","icao_code":"UKOH","iata_code":"KHE","scheduled_service":true,"source_airport_type":"medium_airport","longest_open_runway_ft":8202,"gameplay_status":"candidate","source":"OurAirports","territory_id":"UA-04","country_code":"UA"},"geometry":{"type":"Point","coordinates":[32.506401,46.6758]}},{"type":"Feature","properties":{"node_id":"AIRPORT-UKON","node_type":"large-airport","name":"Mykolaiv International Airport","ident":"UKON","icao_code":null,"iata_code":null,"scheduled_service":true,"source_airport_type":"closed","longest_open_runway_ft":8438,"gameplay_status":"candidate","source":"OurAirports","territory_id":"UA-04","country_code":"UA"},"geometry":{"type":"Point","coordinates":[31.9198,47.057899]}},{"type":"Feature","properties":{"node_id":"AIRPORT-UKOO","node_type":"large-airport","name":"Odesa International Airport","ident":"UKOO","icao_code":"UKOO","iata_code":"ODS","scheduled_service":false,"source_airport_type":"large_airport","longest_open_runway_ft":9186,"gameplay_status":"candidate","source":"OurAirports","territory_id":"UA-04","country_code":"UA"},"geometry":{"type":"Point","coordinates":[30.672649,46.427196]}},{"type":"Feature","properties":{"node_id":"AIRPORT-UKOR","node_type":"large-airport","name":"Kulbakyne Air Base","ident":"UKOR","icao_code":null,"iata_code":null,"scheduled_service":false,"source_airport_type":"small_airport","longest_open_runway_ft":10568,"gameplay_status":"candidate","source":"OurAirports","territory_id":"UA-04","country_code":"UA"},"geometry":{"type":"Point","coordinates":[32.098618,46.936433]}},{"type":"Feature","properties":{"node_id":"AIRPORT-UKWW","node_type":"large-airport","name":"Vinnytsia/Gavyryshivka International Airport","ident":"UKWW","icao_code":"UKWW","iata_code":"VIN","scheduled_service":false,"source_airport_type":"medium_airport","longest_open_runway_ft":8175,"gameplay_status":"candidate","source":"OurAirports","territory_id":"UA-02","country_code":"UA"},"geometry":{"type":"Point","coordinates":[28.613778,49.242531]}},{"type":"Feature","properties":{"node_id":"AIRPORT-ULAA","node_type":"large-airport","name":"Talagi Airport","ident":"ULAA","icao_code":"ULAA","iata_code":"ARH","scheduled_service":true,"source_airport_type":"medium_airport","longest_open_runway_ft":8202,"gameplay_status":"candidate","source":"OurAirports","territory_id":"RU-02","country_code":"RU"},"geometry":{"type":"Point","coordinates":[40.71670150756836,64.60030364990234]}},{"type":"Feature","properties":{"node_id":"AIRPORT-ULAM","node_type":"large-airport","name":"Naryan Mar Airport","ident":"ULAM","icao_code":"ULAM","iata_code":"NNM","scheduled_service":true,"source_airport_type":"medium_airport","longest_open_runway_ft":8202,"gameplay_status":"candidate","source":"OurAirports","territory_id":"RU-04","country_code":"RU"},"geometry":{"type":"Point","coordinates":[53.121899,67.639999]}},{"type":"Feature","properties":{"node_id":"AIRPORT-ULKS","node_type":"large-airport","name":"Savvatiya Air Base","ident":"ULKS","icao_code":null,"iata_code":null,"scheduled_service":false,"source_airport_type":"small_airport","longest_open_runway_ft":8202,"gameplay_status":"candidate","source":"OurAirports","territory_id":"RU-02","country_code":"RU"},"geometry":{"type":"Point","coordinates":[46.869998931884766,60.994998931884766]}},{"type":"Feature","properties":{"node_id":"AIRPORT-ULLI","node_type":"large-airport","name":"Pulkovo Airport","ident":"ULLI","icao_code":"ULLI","iata_code":"LED","scheduled_service":true,"source_airport_type":"large_airport","longest_open_runway_ft":12402,"gameplay_status":"candidate","source":"OurAirports","territory_id":"RU-02","country_code":"RU"},"geometry":{"type":"Point","coordinates":[30.262501,59.800301]}},{"type":"Feature","properties":{"node_id":"AIRPORT-ULLP","node_type":"large-airport","name":"Pushkin Airport","ident":"ULLP","icao_code":null,"iata_code":null,"scheduled_service":false,"source_airport_type":"medium_airport","longest_open_runway_ft":8202,"gameplay_status":"candidate","source":"OurAirports","territory_id":"RU-02","country_code":"RU"},"geometry":{"type":"Point","coordinates":[30.338301,59.685001]}},{"type":"Feature","properties":{"node_id":"AIRPORT-ULMM","node_type":"large-airport","name":"Emperor Nicholas II Murmansk Airport","ident":"ULMM","icao_code":"ULMM","iata_code":"MMK","scheduled_service":true,"source_airport_type":"large_airport","longest_open_runway_ft":8202,"gameplay_status":"candidate","source":"OurAirports","territory_id":"RU-02","country_code":"RU"},"geometry":{"type":"Point","coordinates":[32.750801,68.7817]}},{"type":"Feature","properties":{"node_id":"AIRPORT-ULOO","node_type":"large-airport","name":"Princess Olga Pskov International Airport","ident":"ULOO","icao_code":"ULOO","iata_code":"PKV","scheduled_service":true,"source_airport_type":"medium_airport","longest_open_runway_ft":8281,"gameplay_status":"candidate","source":"OurAirports","territory_id":"RU-02","country_code":"RU"},"geometry":{"type":"Point","coordinates":[28.39384,57.781316]}},{"type":"Feature","properties":{"node_id":"AIRPORT-ULPB","node_type":"large-airport","name":"Petrozavodsk Airport","ident":"ULPB","icao_code":"ULPB","iata_code":"PES","scheduled_service":true,"source_airport_type":"medium_airport","longest_open_runway_ft":8202,"gameplay_status":"candidate","source":"OurAirports","territory_id":"RU-02","country_code":"RU"},"geometry":{"type":"Point","coordinates":[34.154701,61.885201]}},{"type":"Feature","properties":{"node_id":"AIRPORT-ULWC","node_type":"large-airport","name":"Cherepovets Airport","ident":"ULWC","icao_code":"ULWC","iata_code":"CEE","scheduled_service":true,"source_airport_type":"medium_airport","longest_open_runway_ft":8202,"gameplay_status":"candidate","source":"OurAirports","territory_id":"RU-02","country_code":"RU"},"geometry":{"type":"Point","coordinates":[38.015800476100004,59.273601532]}},{"type":"Feature","properties":{"node_id":"AIRPORT-UMBB","node_type":"large-airport","name":"Brest International Airport","ident":"UMBB","icao_code":"UMBB","iata_code":"BQT","scheduled_service":true,"source_airport_type":"large_airport","longest_open_runway_ft":8596,"gameplay_status":"candidate","source":"OurAirports","territory_id":"BY-01","country_code":"BY"},"geometry":{"type":"Point","coordinates":[23.89676,52.108138]}},{"type":"Feature","properties":{"node_id":"AIRPORT-UMGG","node_type":"large-airport","name":"Gomel Airport","ident":"UMGG","icao_code":"UMGG","iata_code":"GME","scheduled_service":true,"source_airport_type":"medium_airport","longest_open_runway_ft":8428,"gameplay_status":"candidate","source":"OurAirports","territory_id":"BY-02","country_code":"BY"},"geometry":{"type":"Point","coordinates":[31.016700744628906,52.527000427246094]}},{"type":"Feature","properties":{"node_id":"AIRPORT-UMII","node_type":"large-airport","name":"Vitebsk Vostochny Airport","ident":"UMII","icao_code":"UMII","iata_code":"VTB","scheduled_service":false,"source_airport_type":"medium_airport","longest_open_runway_ft":8550,"gameplay_status":"candidate","source":"OurAirports","territory_id":"BY-02","country_code":"BY"},"geometry":{"type":"Point","coordinates":[30.349599838257,55.126499176025]}},{"type":"Feature","properties":{"node_id":"AIRPORT-UMKK","node_type":"large-airport","name":"Khrabrovo Airport","ident":"UMKK","icao_code":"UMKK","iata_code":"KGD","scheduled_service":true,"source_airport_type":"large_airport","longest_open_runway_ft":10991,"gameplay_status":"candidate","source":"OurAirports","territory_id":"RU-01","country_code":"RU"},"geometry":{"type":"Point","coordinates":[20.598559,54.89161]}},{"type":"Feature","properties":{"node_id":"AIRPORT-UMLI","node_type":"large-airport","name":"Minsk Machulishchy Air Base","ident":"UMLI","icao_code":"UMLI","iata_code":null,"scheduled_service":false,"source_airport_type":"small_airport","longest_open_runway_ft":9836,"gameplay_status":"candidate","source":"OurAirports","territory_id":"BY-02","country_code":"BY"},"geometry":{"type":"Point","coordinates":[27.577411,53.77344]}},{"type":"Feature","properties":{"node_id":"AIRPORT-UMMA","node_type":"large-airport","name":"Baranavichi Air Base","ident":"UMMA","icao_code":null,"iata_code":null,"scheduled_service":false,"source_airport_type":"medium_airport","longest_open_runway_ft":9836,"gameplay_status":"candidate","source":"OurAirports","territory_id":"BY-01","country_code":"BY"},"geometry":{"type":"Point","coordinates":[26.049999,53.099998]}},{"type":"Feature","properties":{"node_id":"AIRPORT-UMMG","node_type":"large-airport","name":"Hrodna Airport","ident":"UMMG","icao_code":"UMMG","iata_code":"GNA","scheduled_service":false,"source_airport_type":"medium_airport","longest_open_runway_ft":8399,"gameplay_status":"candidate","source":"OurAirports","territory_id":"BY-01","country_code":"BY"},"geometry":{"type":"Point","coordinates":[24.053801,53.602001]}},{"type":"Feature","properties":{"node_id":"AIRPORT-UMMS","node_type":"large-airport","name":"Minsk National Airport","ident":"UMMS","icao_code":"UMMS","iata_code":"MSQ","scheduled_service":true,"source_airport_type":"large_airport","longest_open_runway_ft":12139,"gameplay_status":"candidate","source":"OurAirports","territory_id":"BY-02","country_code":"BY"},"geometry":{"type":"Point","coordinates":[28.039964,53.888071]}},{"type":"Feature","properties":{"node_id":"AIRPORT-UMNB","node_type":"large-airport","name":"Babruisk Air Base","ident":"UMNB","icao_code":null,"iata_code":null,"scheduled_service":false,"source_airport_type":"medium_airport","longest_open_runway_ft":9836,"gameplay_status":"candidate","source":"OurAirports","territory_id":"BY-02","country_code":"BY"},"geometry":{"type":"Point","coordinates":[29.205,53.105]}},{"type":"Feature","properties":{"node_id":"AIRPORT-UMNV","node_type":"large-airport","name":"Pruzhany Air Base","ident":"UMNV","icao_code":null,"iata_code":null,"scheduled_service":false,"source_airport_type":"small_airport","longest_open_runway_ft":8202,"gameplay_status":"candidate","source":"OurAirports","territory_id":"BY-01","country_code":"BY"},"geometry":{"type":"Point","coordinates":[24.379864,52.582296]}},{"type":"Feature","properties":{"node_id":"AIRPORT-UMOO","node_type":"large-airport","name":"Mogilev Airport","ident":"UMOO","icao_code":"UMOO","iata_code":"MVQ","scheduled_service":true,"source_airport_type":"medium_airport","longest_open_runway_ft":8422,"gameplay_status":"candidate","source":"OurAirports","territory_id":"BY-02","country_code":"BY"},"geometry":{"type":"Point","coordinates":[30.09510040283203,53.954898834228516]}},{"type":"Feature","properties":{"node_id":"AIRPORT-URKA","node_type":"large-airport","name":"Anapa Vityazevo Airport","ident":"URKA","icao_code":"URKA","iata_code":"AAQ","scheduled_service":true,"source_airport_type":"medium_airport","longest_open_runway_ft":8202,"gameplay_status":"candidate","source":"OurAirports","territory_id":"RU-05","country_code":"RU"},"geometry":{"type":"Point","coordinates":[37.347301,45.002102]}},{"type":"Feature","properties":{"node_id":"AIRPORT-URKG","node_type":"large-airport","name":"Gelendzhik Airport","ident":"URKG","icao_code":"URKG","iata_code":"GDZ","scheduled_service":true,"source_airport_type":"medium_airport","longest_open_runway_ft":10171,"gameplay_status":"candidate","source":"OurAirports","territory_id":"RU-05","country_code":"RU"},"geometry":{"type":"Point","coordinates":[38.0124807358,44.5820926295]}},{"type":"Feature","properties":{"node_id":"AIRPORT-URKK","node_type":"large-airport","name":"Krasnodar Pashkovsky International Airport","ident":"URKK","icao_code":"URKK","iata_code":"KRR","scheduled_service":true,"source_airport_type":"large_airport","longest_open_runway_ft":9835,"gameplay_status":"candidate","source":"OurAirports","territory_id":"RU-05","country_code":"RU"},"geometry":{"type":"Point","coordinates":[39.174215,45.034465]}},{"type":"Feature","properties":{"node_id":"AIRPORT-URMG","node_type":"large-airport","name":"Akhmat Kadyrov Grozny International Airport","ident":"URMG","icao_code":"URMG","iata_code":"GRV","scheduled_service":true,"source_airport_type":"large_airport","longest_open_runway_ft":8202,"gameplay_status":"candidate","source":"OurAirports","territory_id":"RU-05","country_code":"RU"},"geometry":{"type":"Point","coordinates":[45.699772,43.388106]}},{"type":"Feature","properties":{"node_id":"AIRPORT-URML","node_type":"large-airport","name":"Makhachkala Uytash International Airport","ident":"URML","icao_code":"URML","iata_code":"MCX","scheduled_service":true,"source_airport_type":"large_airport","longest_open_runway_ft":8662,"gameplay_status":"candidate","source":"OurAirports","territory_id":"RU-05","country_code":"RU"},"geometry":{"type":"Point","coordinates":[47.652302,42.816799]}},{"type":"Feature","properties":{"node_id":"AIRPORT-URMM","node_type":"large-airport","name":"Mineralnye Vody Airport","ident":"URMM","icao_code":"URMM","iata_code":"MRV","scheduled_service":true,"source_airport_type":"large_airport","longest_open_runway_ft":12795,"gameplay_status":"candidate","source":"OurAirports","territory_id":"RU-05","country_code":"RU"},"geometry":{"type":"Point","coordinates":[43.081902,44.225101]}},{"type":"Feature","properties":{"node_id":"AIRPORT-URMO","node_type":"large-airport","name":"Vladikavkaz Beslan International Airport","ident":"URMO","icao_code":"URMO","iata_code":"OGZ","scheduled_service":true,"source_airport_type":"medium_airport","longest_open_runway_ft":9843,"gameplay_status":"candidate","source":"OurAirports","territory_id":"RU-05","country_code":"RU"},"geometry":{"type":"Point","coordinates":[44.606602,43.205101]}},{"type":"Feature","properties":{"node_id":"AIRPORT-URMS","node_type":"large-airport","name":"Magas Airport","ident":"URMS","icao_code":"URMS","iata_code":"IGT","scheduled_service":true,"source_airport_type":"medium_airport","longest_open_runway_ft":9842,"gameplay_status":"candidate","source":"OurAirports","territory_id":"RU-05","country_code":"RU"},"geometry":{"type":"Point","coordinates":[45.012568,43.323268]}},{"type":"Feature","properties":{"node_id":"AIRPORT-URMT","node_type":"large-airport","name":"Stavropol Shpakovskoye Airport","ident":"URMT","icao_code":"URMT","iata_code":"STW","scheduled_service":true,"source_airport_type":"medium_airport","longest_open_runway_ft":8530,"gameplay_status":"candidate","source":"OurAirports","territory_id":"RU-05","country_code":"RU"},"geometry":{"type":"Point","coordinates":[42.11280059814453,45.10919952392578]}},{"type":"Feature","properties":{"node_id":"AIRPORT-URRP","node_type":"large-airport","name":"Platov International Airport","ident":"URRP","icao_code":"URRP","iata_code":"ROV","scheduled_service":true,"source_airport_type":"large_airport","longest_open_runway_ft":11811,"gameplay_status":"candidate","source":"OurAirports","territory_id":"RU-05","country_code":"RU"},"geometry":{"type":"Point","coordinates":[39.924722,47.493888]}},{"type":"Feature","properties":{"node_id":"AIRPORT-URRT","node_type":"large-airport","name":"Taganrog Yuzhny Airport","ident":"URRT","icao_code":"URRT","iata_code":"TGK","scheduled_service":true,"source_airport_type":"medium_airport","longest_open_runway_ft":9052,"gameplay_status":"candidate","source":"OurAirports","territory_id":"RU-05","country_code":"RU"},"geometry":{"type":"Point","coordinates":[38.8491667,47.1983333]}},{"type":"Feature","properties":{"node_id":"AIRPORT-URSS","node_type":"large-airport","name":"Sochi International Airport","ident":"URSS","icao_code":"URSS","iata_code":"AER","scheduled_service":true,"source_airport_type":"large_airport","longest_open_runway_ft":9498,"gameplay_status":"candidate","source":"OurAirports","territory_id":"RU-05","country_code":"RU"},"geometry":{"type":"Point","coordinates":[39.9566,43.449902]}},{"type":"Feature","properties":{"node_id":"AIRPORT-URWA","node_type":"large-airport","name":"Astrakhan Narimanovo Boris M. Kustodiev International Airport","ident":"URWA","icao_code":"URWA","iata_code":"ASF","scheduled_service":true,"source_airport_type":"large_airport","longest_open_runway_ft":10499,"gameplay_status":"candidate","source":"OurAirports","territory_id":"RU-05","country_code":"RU"},"geometry":{"type":"Point","coordinates":[48.010511,46.282843]}},{"type":"Feature","properties":{"node_id":"AIRPORT-URWI","node_type":"large-airport","name":"Elista Airport","ident":"URWI","icao_code":"URWI","iata_code":"ESL","scheduled_service":true,"source_airport_type":"medium_airport","longest_open_runway_ft":10499,"gameplay_status":"candidate","source":"OurAirports","territory_id":"RU-05","country_code":"RU"},"geometry":{"type":"Point","coordinates":[44.330898,46.373901]}},{"type":"Feature","properties":{"node_id":"AIRPORT-URWW","node_type":"large-airport","name":"Volgograd International Airport","ident":"URWW","icao_code":"URWW","iata_code":"VOG","scheduled_service":true,"source_airport_type":"large_airport","longest_open_runway_ft":9186,"gameplay_status":"candidate","source":"OurAirports","territory_id":"RU-05","country_code":"RU"},"geometry":{"type":"Point","coordinates":[44.339194,48.78134]}},{"type":"Feature","properties":{"node_id":"AIRPORT-USCC","node_type":"large-airport","name":"Kurchatov Chelyabinsk International Airport","ident":"USCC","icao_code":"USCC","iata_code":"CEK","scheduled_service":true,"source_airport_type":"large_airport","longest_open_runway_ft":10499,"gameplay_status":"candidate","source":"OurAirports","territory_id":"RU-04","country_code":"RU"},"geometry":{"type":"Point","coordinates":[61.504927,55.303141]}},{"type":"Feature","properties":{"node_id":"AIRPORT-USCG","node_type":"large-airport","name":"Chelyabinsk Shagol Airport","ident":"USCG","icao_code":null,"iata_code":null,"scheduled_service":false,"source_airport_type":"small_airport","longest_open_runway_ft":8202,"gameplay_status":"candidate","source":"OurAirports","territory_id":"RU-04","country_code":"RU"},"geometry":{"type":"Point","coordinates":[61.299999,55.259998]}},{"type":"Feature","properties":{"node_id":"AIRPORT-USCM","node_type":"large-airport","name":"Magnitogorsk International Airport","ident":"USCM","icao_code":"USCM","iata_code":"MQF","scheduled_service":true,"source_airport_type":"large_airport","longest_open_runway_ft":10663,"gameplay_status":"candidate","source":"OurAirports","territory_id":"RU-04","country_code":"RU"},"geometry":{"type":"Point","coordinates":[58.755235,53.391991]}},{"type":"Feature","properties":{"node_id":"AIRPORT-USII","node_type":"large-airport","name":"Izhevsk Airport","ident":"USII","icao_code":"USII","iata_code":"IJK","scheduled_service":true,"source_airport_type":"medium_airport","longest_open_runway_ft":8202,"gameplay_status":"candidate","source":"OurAirports","territory_id":"RU-04","country_code":"RU"},"geometry":{"type":"Point","coordinates":[53.462172,56.834524]}},{"type":"Feature","properties":{"node_id":"AIRPORT-USPP","node_type":"large-airport","name":"Perm International Airport","ident":"USPP","icao_code":"USPP","iata_code":"PEE","scheduled_service":true,"source_airport_type":"large_airport","longest_open_runway_ft":10520,"gameplay_status":"candidate","source":"OurAirports","territory_id":"RU-04","country_code":"RU"},"geometry":{"type":"Point","coordinates":[56.021198,57.914501]}},{"type":"Feature","properties":{"node_id":"AIRPORT-USSS","node_type":"large-airport","name":"Koltsovo Airport","ident":"USSS","icao_code":"USSS","iata_code":"SVX","scheduled_service":true,"source_airport_type":"large_airport","longest_open_runway_ft":9925,"gameplay_status":"candidate","source":"OurAirports","territory_id":"RU-04","country_code":"RU"},"geometry":{"type":"Point","coordinates":[60.802700042725,56.743099212646]}},{"type":"Feature","properties":{"node_id":"AIRPORT-UUBI","node_type":"large-airport","name":"Ivanovo South Airport","ident":"UUBI","icao_code":"UUBI","iata_code":"IWA","scheduled_service":true,"source_airport_type":"medium_airport","longest_open_runway_ft":8202,"gameplay_status":"candidate","source":"OurAirports","territory_id":"RU-04","country_code":"RU"},"geometry":{"type":"Point","coordinates":[40.940799713134766,56.93939971923828]}},{"type":"Feature","properties":{"node_id":"AIRPORT-UUBW","node_type":"large-airport","name":"Zhukovsky International Airport","ident":"UUBW","icao_code":"UUBW","iata_code":"ZIA","scheduled_service":true,"source_airport_type":"large_airport","longest_open_runway_ft":15092,"gameplay_status":"candidate","source":"OurAirports","territory_id":"RU-03","country_code":"RU"},"geometry":{"type":"Point","coordinates":[38.150002,55.553299]}},{"type":"Feature","properties":{"node_id":"AIRPORT-UUDD","node_type":"large-airport","name":"Domodedovo International Airport","ident":"UUDD","icao_code":"UUDD","iata_code":"DME","scheduled_service":true,"source_airport_type":"large_airport","longest_open_runway_ft":11483,"gameplay_status":"candidate","source":"OurAirports","territory_id":"RU-03","country_code":"RU"},"geometry":{"type":"Point","coordinates":[37.9063,55.408798]}},{"type":"Feature","properties":{"node_id":"AIRPORT-UUDL","node_type":"large-airport","name":"Golden Ring Yaroslavl International Airport","ident":"UUDL","icao_code":"UUDL","iata_code":"IAR","scheduled_service":true,"source_airport_type":"large_airport","longest_open_runway_ft":9870,"gameplay_status":"candidate","source":"OurAirports","territory_id":"RU-03","country_code":"RU"},"geometry":{"type":"Point","coordinates":[40.157398,57.560699]}},{"type":"Feature","properties":{"node_id":"AIRPORT-UUEE","node_type":"large-airport","name":"Sheremetyevo International Airport","ident":"UUEE","icao_code":"UUEE","iata_code":"SVO","scheduled_service":true,"source_airport_type":"large_airport","longest_open_runway_ft":12139,"gameplay_status":"candidate","source":"OurAirports","territory_id":"RU-03","country_code":"RU"},"geometry":{"type":"Point","coordinates":[37.41121,55.976858]}},{"type":"Feature","properties":{"node_id":"AIRPORT-UUEM","node_type":"large-airport","name":"Migalovo Air Base","ident":"UUEM","icao_code":"UUEM","iata_code":"KLD","scheduled_service":false,"source_airport_type":"medium_airport","longest_open_runway_ft":8202,"gameplay_status":"candidate","source":"OurAirports","territory_id":"RU-03","country_code":"RU"},"geometry":{"type":"Point","coordinates":[35.7577018737793,56.82469940185547]}},{"type":"Feature","properties":{"node_id":"AIRPORT-UUMT","node_type":"large-airport","name":"Tretyakovo Airport","ident":"UUMT","icao_code":null,"iata_code":null,"scheduled_service":false,"source_airport_type":"medium_airport","longest_open_runway_ft":9842,"gameplay_status":"candidate","source":"OurAirports","territory_id":"RU-03","country_code":"RU"},"geometry":{"type":"Point","coordinates":[39.026669,54.904999]}},{"type":"Feature","properties":{"node_id":"AIRPORT-UUMU","node_type":"large-airport","name":"Chkalovskiy Air Base","ident":"UUMU","icao_code":"UUMU","iata_code":"CKL","scheduled_service":false,"source_airport_type":"medium_airport","longest_open_runway_ft":11811,"gameplay_status":"candidate","source":"OurAirports","territory_id":"RU-03","country_code":"RU"},"geometry":{"type":"Point","coordinates":[38.061699,55.8783]}},{"type":"Feature","properties":{"node_id":"AIRPORT-UUOB","node_type":"large-airport","name":"Belgorod International Airport","ident":"UUOB","icao_code":"UUOB","iata_code":"EGO","scheduled_service":true,"source_airport_type":"medium_airport","longest_open_runway_ft":8202,"gameplay_status":"candidate","source":"OurAirports","territory_id":"RU-05","country_code":"RU"},"geometry":{"type":"Point","coordinates":[36.5900993347168,50.643798828125]}},{"type":"Feature","properties":{"node_id":"AIRPORT-UUOK","node_type":"large-airport","name":"Kursk East Airport","ident":"UUOK","icao_code":"UUOK","iata_code":"URS","scheduled_service":true,"source_airport_type":"medium_airport","longest_open_runway_ft":8202,"gameplay_status":"candidate","source":"OurAirports","territory_id":"RU-03","country_code":"RU"},"geometry":{"type":"Point","coordinates":[36.29560089111328,51.7505989074707]}},{"type":"Feature","properties":{"node_id":"AIRPORT-UUWW","node_type":"large-airport","name":"Vnukovo International Airport","ident":"UUWW","icao_code":"UUWW","iata_code":"VKO","scheduled_service":true,"source_airport_type":"large_airport","longest_open_runway_ft":11483,"gameplay_status":"candidate","source":"OurAirports","territory_id":"RU-03","country_code":"RU"},"geometry":{"type":"Point","coordinates":[37.261501,55.591499]}},{"type":"Feature","properties":{"node_id":"AIRPORT-UUYH","node_type":"large-airport","name":"Ukhta Airport","ident":"UUYH","icao_code":"UUYH","iata_code":"UCT","scheduled_service":true,"source_airport_type":"medium_airport","longest_open_runway_ft":8691,"gameplay_status":"candidate","source":"OurAirports","territory_id":"RU-04","country_code":"RU"},"geometry":{"type":"Point","coordinates":[53.804699,63.566898]}},{"type":"Feature","properties":{"node_id":"AIRPORT-UUYS","node_type":"large-airport","name":"Usinsk Airport","ident":"UUYS","icao_code":"UUYS","iata_code":"USK","scheduled_service":true,"source_airport_type":"medium_airport","longest_open_runway_ft":8202,"gameplay_status":"candidate","source":"OurAirports","territory_id":"RU-04","country_code":"RU"},"geometry":{"type":"Point","coordinates":[57.367199,66.0047]}},{"type":"Feature","properties":{"node_id":"AIRPORT-UUYY","node_type":"large-airport","name":"Syktyvkar Airport","ident":"UUYY","icao_code":"UUYY","iata_code":"SCW","scheduled_service":true,"source_airport_type":"medium_airport","longest_open_runway_ft":8203,"gameplay_status":"candidate","source":"OurAirports","territory_id":"RU-04","country_code":"RU"},"geometry":{"type":"Point","coordinates":[50.84510040283203,61.64699935913086]}},{"type":"Feature","properties":{"node_id":"AIRPORT-UWGG","node_type":"large-airport","name":"Nizhny Novgorod / Strigino International Airport","ident":"UWGG","icao_code":"UWGG","iata_code":"GOJ","scheduled_service":true,"source_airport_type":"large_airport","longest_open_runway_ft":9843,"gameplay_status":"candidate","source":"OurAirports","territory_id":"RU-04","country_code":"RU"},"geometry":{"type":"Point","coordinates":[43.785152,56.227351]}},{"type":"Feature","properties":{"node_id":"AIRPORT-UWKD","node_type":"large-airport","name":"Kazan International Airport","ident":"UWKD","icao_code":"UWKD","iata_code":"KZN","scheduled_service":true,"source_airport_type":"large_airport","longest_open_runway_ft":12303,"gameplay_status":"candidate","source":"OurAirports","territory_id":"RU-04","country_code":"RU"},"geometry":{"type":"Point","coordinates":[49.278702,55.606201]}},{"type":"Feature","properties":{"node_id":"AIRPORT-UWKE","node_type":"large-airport","name":"Begishevo Airport","ident":"UWKE","icao_code":"UWKE","iata_code":"NBC","scheduled_service":true,"source_airport_type":"medium_airport","longest_open_runway_ft":8209,"gameplay_status":"candidate","source":"OurAirports","territory_id":"RU-04","country_code":"RU"},"geometry":{"type":"Point","coordinates":[52.092499,55.564701]}},{"type":"Feature","properties":{"node_id":"AIRPORT-UWKG","node_type":"large-airport","name":"Borisoglebskoye Airport","ident":"UWKG","icao_code":null,"iata_code":null,"scheduled_service":false,"source_airport_type":"medium_airport","longest_open_runway_ft":10826,"gameplay_status":"candidate","source":"OurAirports","territory_id":"RU-04","country_code":"RU"},"geometry":{"type":"Point","coordinates":[49.133301,55.866699]}},{"type":"Feature","properties":{"node_id":"AIRPORT-UWKS","node_type":"large-airport","name":"Cheboksary Airport","ident":"UWKS","icao_code":"UWKS","iata_code":"CSY","scheduled_service":true,"source_airport_type":"medium_airport","longest_open_runway_ft":8241,"gameplay_status":"candidate","source":"OurAirports","territory_id":"RU-04","country_code":"RU"},"geometry":{"type":"Point","coordinates":[47.347301,56.090302]}},{"type":"Feature","properties":{"node_id":"AIRPORT-UWLL","node_type":"large-airport","name":"Ulyanovsk Baratayevka Airport","ident":"UWLL","icao_code":"UWLL","iata_code":"ULV","scheduled_service":true,"source_airport_type":"medium_airport","longest_open_runway_ft":12533,"gameplay_status":"candidate","source":"OurAirports","territory_id":"RU-04","country_code":"RU"},"geometry":{"type":"Point","coordinates":[48.225569,54.27016]}},{"type":"Feature","properties":{"node_id":"AIRPORT-UWLW","node_type":"large-airport","name":"Ulyanovsk Vostochny Airport","ident":"UWLW","icao_code":"UWLW","iata_code":"ULY","scheduled_service":true,"source_airport_type":"medium_airport","longest_open_runway_ft":16404,"gameplay_status":"candidate","source":"OurAirports","territory_id":"RU-04","country_code":"RU"},"geometry":{"type":"Point","coordinates":[48.8027,54.401001]}},{"type":"Feature","properties":{"node_id":"AIRPORT-UWOO","node_type":"large-airport","name":"Orenburg Central Airport","ident":"UWOO","icao_code":"UWOO","iata_code":"REN","scheduled_service":true,"source_airport_type":"medium_airport","longest_open_runway_ft":8212,"gameplay_status":"candidate","source":"OurAirports","territory_id":"RU-04","country_code":"RU"},"geometry":{"type":"Point","coordinates":[55.457229,51.792668]}},{"type":"Feature","properties":{"node_id":"AIRPORT-UWOR","node_type":"large-airport","name":"Orsk Airport","ident":"UWOR","icao_code":"UWOR","iata_code":"OSW","scheduled_service":true,"source_airport_type":"medium_airport","longest_open_runway_ft":9514,"gameplay_status":"candidate","source":"OurAirports","territory_id":"RU-04","country_code":"RU"},"geometry":{"type":"Point","coordinates":[58.5956,51.072498]}},{"type":"Feature","properties":{"node_id":"AIRPORT-UWPP","node_type":"large-airport","name":"Penza Airport","ident":"UWPP","icao_code":"UWPP","iata_code":"PEZ","scheduled_service":true,"source_airport_type":"medium_airport","longest_open_runway_ft":9155,"gameplay_status":"candidate","source":"OurAirports","territory_id":"RU-04","country_code":"RU"},"geometry":{"type":"Point","coordinates":[45.021099,53.1106]}},{"type":"Feature","properties":{"node_id":"AIRPORT-UWPS","node_type":"large-airport","name":"Saransk International Airport","ident":"UWPS","icao_code":"UWPS","iata_code":"SKX","scheduled_service":true,"source_airport_type":"large_airport","longest_open_runway_ft":9186,"gameplay_status":"candidate","source":"OurAirports","territory_id":"RU-04","country_code":"RU"},"geometry":{"type":"Point","coordinates":[45.212257,54.12513]}},{"type":"Feature","properties":{"node_id":"AIRPORT-UWSG","node_type":"large-airport","name":"Gagarin International Airport","ident":"UWSG","icao_code":"UWSG","iata_code":"GSV","scheduled_service":true,"source_airport_type":"large_airport","longest_open_runway_ft":9843,"gameplay_status":"candidate","source":"OurAirports","territory_id":"RU-04","country_code":"RU"},"geometry":{"type":"Point","coordinates":[46.171111,51.712778]}},{"type":"Feature","properties":{"node_id":"AIRPORT-UWUU","node_type":"large-airport","name":"Ufa International Airport","ident":"UWUU","icao_code":"UWUU","iata_code":"UFA","scheduled_service":true,"source_airport_type":"large_airport","longest_open_runway_ft":12339,"gameplay_status":"candidate","source":"OurAirports","territory_id":"RU-04","country_code":"RU"},"geometry":{"type":"Point","coordinates":[55.874401092529,54.557498931885]}},{"type":"Feature","properties":{"node_id":"AIRPORT-UWWG","node_type":"large-airport","name":"Bezymyanka Airfield","ident":"UWWG","icao_code":null,"iata_code":null,"scheduled_service":false,"source_airport_type":"medium_airport","longest_open_runway_ft":11482,"gameplay_status":"candidate","source":"OurAirports","territory_id":"RU-04","country_code":"RU"},"geometry":{"type":"Point","coordinates":[50.325001,53.220001]}},{"type":"Feature","properties":{"node_id":"AIRPORT-UWWW","node_type":"large-airport","name":"Kurumoch International Airport","ident":"UWWW","icao_code":"UWWW","iata_code":"KUF","scheduled_service":true,"source_airport_type":"large_airport","longest_open_runway_ft":9846,"gameplay_status":"candidate","source":"OurAirports","territory_id":"RU-04","country_code":"RU"},"geometry":{"type":"Point","coordinates":[50.164299,53.504902]}},{"type":"Feature","properties":{"node_id":"AIRPORT-XRMU","node_type":"large-airport","name":"Khankala Air Base","ident":"XRMU","icao_code":null,"iata_code":null,"scheduled_service":false,"source_airport_type":"medium_airport","longest_open_runway_ft":8210,"gameplay_status":"candidate","source":"OurAirports","territory_id":"RU-05","country_code":"RU"},"geometry":{"type":"Point","coordinates":[45.7841,43.2981]}},{"type":"Feature","properties":{"node_id":"AIRPORT-XRWL","node_type":"large-airport","name":"Lebyazhye Air Base","ident":"XRWL","icao_code":null,"iata_code":null,"scheduled_service":false,"source_airport_type":"medium_airport","longest_open_runway_ft":8202,"gameplay_status":"candidate","source":"OurAirports","territory_id":"RU-05","country_code":"RU"},"geometry":{"type":"Point","coordinates":[45.208302,50.201698]}}]}
