Warning: truncated output (original token count: 283415)
... 85081 bytes omitted ...

{"type":"FeatureCollection","features":[{"type":"Feature","properties":{"territory_id":"AL-01","country_code":"AL","country_name":"Albania","display_name":"Albania","strategic_centre":"Tirana","centre":[19.8178,41.3289],"boundary_status":"administrative-comparison-draft","admin_source":"NUTS 2024 level 3","source_region_count":12},"geometry":{"type":"Polygon","coordinates":[[[19.29231461573079,42.18265913295665],[19.419820991049555,42.331066553327666],[19.419820991049555,42.339016950847544],[19.42357117855893,42.37081854092705],[19.483574178708942,42.407920396019804],[19.592329616480832,42.543077153857695],[19.644832241612086,42.609330466523325],[19.71233561678084,42.651732586629336],[19.764838241912102,42.61198059902995],[19.761088054402727,42.543077153857695],[19.761088054402727,42.51922596129806],[19.832341617080857,42.46622331116556],[20.03860193009651,42.543077153857695],[20.076103805190264,42.55632781639082],[20.098604930246516,42.543077153857695],[20.16610830541528,42.49802490124506],[20.24486224311216,42.37081854092705],[20.25236261813091,42.339016950847544],[20.364868243412175,42.30721536076804],[20.481124056202816,42.25156257812891],[20.544877243862196,42.16145807290364],[20.61988099404971,41.973298664933246],[20.59362968148408,41.877893894694736],[20.56362818140908,41.84609230461523],[20.574878743937205,41.798389919495975],[20.52612630631532,41.721536076803844],[20.55612780639032,41.5810790539527],[20.46987349367469,41.53072653632682],[20.559877993899697,41.40882044102205],[20.499874993749692,41.316065803290165],[20.522376118805944,41.22861143057153],[20.582379118955956,41.15440772038602],[20.58612930646533,41.13055652782639],[20.597379868993457,41.09080454022701],[20.631131556577834,41.085504275213765],[20.672383619180962,41.08815440772039],[20.706135306765347,40.99009950497525],[20.721136056802848,40.939746987349366],[20.732386619330974,40.91059552977649],[20.837391869593482,40.92649632481624],[20.976148807440374,40.889394469723484],[20.97989899494975,40.85494274713736],[20.972398619931,40.77278863943197],[21.047402370118512,40.67473373668683],[21.054902745137262,40.61643082154108],[20.949897494874747,40.475973798689935],[20.85239261963099,40.47332366618331],[20.796139806990354,40.43357167858393],[20.777388869443477,40.34876743837192],[20.721136056802848,40.27721386069304],[20.679883994199713,40.107605380269014],[20.612380619030958,40.078453922696134],[20.466123306165315,40.06785339266963],[20.443622181109063,40.06785339266963],[20.387369368468427,40.001600080004],[20.323616180809047,39.98569928496425],[20.406120306015303,39.85319265963298],[20.391119555977802,39.789589479473975],[20.301115055752796,39.8134406720336],[20.301115055752796,39.72598629931497],[20.20361018050903,39.65178258912945],[20.00860043002151,39.69153457672884],[19.98609930496525,39.75513775688785],[20.00860043002151,39.8452422621131],[19.92234611730587,39.90619530976549],[19.92234611730587,39.95654782739137],[19.869843492174617,40.02545127256363],[19.7198359917996,40.099654982749136],[19.47607380369019,40.216260813040655],[19.382319115955802,40.29841492074604],[19.30356517825892,40.420321016050806],[19.35981799089955,40.41502075103755],[19.43107155357768,40.330216510825544],[19.483574178708942,40.359367968398416],[19.483574178708942,40.43887194359718],[19.382319115955802,40.534276713835695],[19.318565928296422,40.64558227911395],[19.3673183659183,40.73038651932597],[19.37481874093705,40.83109155457773],[19.464823241162065,40.963598179909],[19.442322116105814,41.00070003500175],[19.44607230361519,41.13055652782639],[19.51732586629332,41.26836341817091],[19.43107155357768,41.32401620081004],[19.419820991049555,41.37701885094255],[19.506075303765193,41.49362468123406],[19.472323616180816,41.5704785239262],[19.558577928896447,41.578428921446076],[19.58482924146208,41.769238461923095],[19.521076053802695,41.84079203960198],[19.371068553427676,41.84344217210861],[19.386069303465177,42.079303965198264],[19.386069303465177,42.108455422771144],[19.29231461573079,42.18265913295665]]]}},{"type":"Feature","properties":{"territory_id":"AT-01","country_code":"AT","country_name":"Austria","display_name":"Western Austria","strategic_centre":"Innsbruck","centre":[11.3933,47.2683],"boundary_status":"administrative-comparison-draft","admin_source":"NUTS 2024 level 3","source_region_count":14},"geometry":{"type":"MultiPolygon","coordinates":[[[[9.530576528826444,47.27091354567729],[9.654332716635835,47.38486924346218],[9.65058252912646,47.443172158607936],[9.57932896644833,47.48027401370069],[9.560578028901446,47.54122706135307],[9.699334966748339,47.527976398819945],[9.789339466973352,47.58892944647232],[9.85309265463274,47.53592679633982],[9.969348467423373,47.546527326366316],[9.999349967498382,47.48292414620731],[10.085604280214014,47.44582229111455],[10.100605030251515,47.3663183159158],[10.224361218060906,47.37161858092905],[10.179358967948403,47.27091354567729],[10.336866843342172,47.31331566578329],[10.460623031151563,47.42462123106155],[10.453122656132813,47.554477723886194],[10.55062753137657,47.53857692884644],[10.636881844092208,47.5650782539127],[10.786889344467227,47.52002600130007],[10.884394219710991,47.53592679633982],[10.884394219710991,47.48557427871394],[10.955647782389121,47.45112255612781],[10.989399469973506,47.39546977348867],[11.015650782539133,47.39546977348867],[11.20691034551728,47.429921496074805],[11.263163158157916,47.40342017100855],[11.334416720836046,47.443172158607936],[11.420671033551685,47.44582229111455],[11.39441972098605,47.469673483674185],[11.409420471023559,47.496174808740435],[11.555677783889202,47.51472573628682],[11.634431721586083,47.59157957897895],[11.829441472073611,47.586279313965704],[12.061953097654886,47.6180809040452],[12.193209660483028,47.61278063903195],[12.174458722936151,47.69758487924396],[12.234461723086156,47.721436071803595],[12.264463223161165,47.68433421671084],[12.33946697334867,47.69758487924396],[12.43322166108306,47.689634481724084],[12.508225411270566,47.631331566578325],[12.575728786439328,47.631331566578325],[12.61323066153308,47.67108355417771],[12.695734786739344,47.68168408420421],[12.78573928696435,47.62868143407171],[12.811990599529985,47.557127856392825],[12.909495474773742,47.50147507375369],[12.999499974998756,47.47497374868743],[13.044502225111259,47.52002600130007],[13.082004100205012,47.66578328916446],[13.044502225111259,47.70818540927046],[12.931996599829993,47.72408620431022],[12.98074903745188,47.87514375718786],[12.875743787189364,47.962598129906496],[12.860743037151863,47.99704985249262],[12.751987599379973,48.11365568278414],[12.875743787189364,48.19845992299615],[12.94324716235812,48.20641032051603],[13.044502225111259,48.26471323566179],[13.175758787939401,48.29386469323467],[13.27701385069254,48.30181509075454],[13.400770038501932,48.3707185359268],[13.44952247612381,48.50587529376469],[13.438271913595685,48.54827741387069],[13.51327566378319,48.5906795339767],[13.727036351817596,48.513825691284566],[13.869543477173863,48.42637131856593],[13.910795539776991,48.39456972848643],[13.884544227211364,48.280614030701535],[13.955797789889502,48.230261513075654],[13.753287664383222,48.11895594779739],[13.884544227211364,48.02355117755888],[13.985799289964504,48.00235011750588],[13.98954947747388,47.89369468473424],[14.087054352717644,47.84599229961498],[14.00455022751138,47.79298964948248],[14.049552477623884,47.72408620431022],[14.012050602530131,47.70023501175059],[13.772038601930099,47.71083554177709],[13.704535226761344,47.63663183159158],[13.700785039251969,47.58892944647232],[13.753287664383222,47.527976398819945],[13.72328616430822,47.47497374868743],[13.584529226461328,47.47497374868743],[13.569528476423827,47.41402070103506],[13.60703035151758,47.28416420821041],[13.700785039251969,47.265613280664034],[13.809540477023859,47.28681434071704],[13.865793289664488,47.2523626181309],[13.959547977398877,47.141057052852645],[13.899544977248866,47.10395519775989],[13.854542727136362,46.99794989749488],[13.783289164458225,46.944947247362364],[13.854542727136362,46.91579578978949],[13.948297414870751,46.94229711485575],[14.019550977548882,46.85749287464373],[14.195809790489527,46.77533876693835],[14.233311665583287,46.70113505675284],[14.420821041052058,46.727636381819096],[14.522076103805198,46.666683334166706],[14.514575728786447,46.6030801540077],[14.462073103655186,46.52622631131557],[14.473323666183312,46.48647432371619],[14.435821791089559,46.44407220361018],[14.237061853092662,46.43347167358368],[14.154557727886399,46.436121806090306],[14.09830491524577,46.47852392619631],[14.008300415020756,46.48117405870293],[13.910795539776991,46.51827591379569],[13.71578578928947,46.52357617880894],[13.50577528876444,46.56597829891494],[13.26201310065504,46.55272763638182],[13.044502225111259,46.59777988899445],[12.733236661833097,46.63488174408721],[12.691984599229968,46.65608280414021],[12.478223911195563,46.67993399669984],[12.294464723236167,46.78858942947147],[12.275713785689291,46.87339366968348],[12.155707785389275,46.918445922296115],[12.129456472823648,47.005900295014754],[12.241962098104906,47.06950347517376],[12.136956847842399,47.08010400520026],[11.743187159357973,46.9793989699485],[11.626931346567332,47.01385069253463],[11.476923846192314,47.003250162508124],[11.413170658532934,46.97144857242863],[11.33066653332667,46.989999499975],[11.165658282914151,46.966148307415374],[11.008150407520382,46.7700385019251],[10.7606380319016,46.79918995949798],[10.66688334416721,46.870743537176864],[10.468123406170314,46.85484274213711],[10.47937396869844,46.936996849842494],[10.374368718435925,46.995299764988246],[10.310615530776545,46.93169658482924],[10.246862343117158,46.921096054802746],[10.216860843042156,46.86809340467023],[10.145607280364025,46.85219260963048],[10.089354467723389,46.84954247712386],[9.890594529726492,46.93169658482924],[9.86059302965149,47.01385069253463],[9.605580279013957,47.06155307765388],[9.613080654032707,47.08010400520026],[9.631831591579584,47.09070453522676],[9.620581029051458,47.109255462773135],[9.624331216560833,47.11720586029301],[9.620581029051458,47.151657582879146],[9.590579528976455,47.16490824541227],[9.571828591429579,47.188759437971896],[9.57932896644833,47.19405970298515],[9.55682784139207,47.2311615580779],[9.55682784139207,47.2523626181309],[9.530576528826444,47.27091354567729]]],[[[10.441872093604687,47.57037851892595],[10.441872093604687,47.57832891644583],[10.471873593679689,47.586279313965704],[10.453122656132813,47.554477723886194],[10.441872093604687,47.57037851892595]]]]}},{"type":"Feature","properties":{"territory_id":"AT-02","country_code":"AT","country_name":"Austria","display_name":"Eastern Austria and Vienna","strategic_centre":"Vienna","centre":[16.3725,48.2083],"boundary_status":"administrative-comparison-draft","admin_source":"NUTS 2024 level 3","source_region_count":21},"geometry":{"type":"Polygon","coordinates":[[[13.569528476423827,47.41402070103506],[13.584529226461328,47.47497374868743],[13.72328616430822,47.47497374868743],[13.753287664383222,47.527976398819945],[13.700785039251969,47.58892944647232],[13.704535226761344,47.63663183159158],[13.772038601930099,47.71083554177709],[14.012050602530131,47.70023501175059],[14.049552477623884,47.72408620431022],[14.00455022751138,47.79298964948248],[14.087054352717644,47.84599229961498],[13.98954947747388,47.89369468473424],[13.985799289964504,48.00235011750588],[13.884544227211364,48.02355117755888],[13.753287664383222,48.11895594779739],[13.955797789889502,48.230261513075654],[13.884544227211364,48.280614030701535],[13.910795539776991,48.39456972848643],[13.869543477173863,48.42637131856593],[13.727036351817596,48.513825691284566],[13.81704085204261,48.60658032901645],[13.79453972698635,48.71258562928146],[13.839541977098861,48.77088854442722],[14.012050602530131,48.69933496674834],[14.042052102605133,48.66223311165558],[14.023301165058257,48.638381919095956],[14.094554727736394,48.59332966648333],[14.330816540827044,48.5588779438972],[14.473323666183312,48.63573178658933],[14.54457722886145,48.609230461523076],[14.61583079153958,48.61983099154958],[14.690834541727092,48.58537926896345],[14.73208660433022,48.68873443672184],[14.818340917045859,48.77353867693385],[14.964598229911502,48.77353867693385],[14.983349167458378,48.96964848242412],[15.009600480024005,49.012050602530124],[15.125856292814646,48.996149807490376],[15.182109105455275,48.95374768738437],[15.362118105905303,48.98024901245063],[15.542127106355323,48.908695434771744],[15.752137606880346,48.85304265213261],[15.83464173208661,48.868943447172356],[16.06715335766789,48.75498774938747],[16.337166858342925,48.73113655682784],[16.40467023351168,48.74438721936097],[16.464673233661685,48.802690134506726],[16.54717735886795,48.80534026701335],[16.65593279663984,48.7788389419471],[16.69343467173359,48.733786689334465],[16.895944797239864,48.71258562928146],[16.940947047352374,48.61718085904295],[16.948447422371125,48.53502675133757],[16.85094254712736,48.43962198109905],[16.854692734636735,48.35481774088704],[16.948447422371125,48.25941297064853],[16.97469873493675,48.1719585979299],[17.06845342267114,48.11895594779739],[17.090954547727392,48.050052502625135],[17.162208110405523,48.00765038251913],[17.10970548527427,47.97584879243962],[17.094704735236768,47.90164508225411],[17.034701735086756,47.86189309465473],[17.05345267263364,47.79298964948248],[17.06845342267114,47.72673633681684],[17.042202110105514,47.70288514425721],[16.907195359767996,47.689634481724084],[16.862193109655486,47.71083554177709],[16.768438421921104,47.68168408420421],[16.712185609280468,47.73203660183009],[16.603430171508577,47.75588779438972],[16.41967098354918,47.66578328916446],[16.65593279663984,47.61013050652532],[16.700935046752342,47.53857692884644],[16.644682234111713,47.44582229111455],[16.5696784839242,47.4087204360218],[16.46092304615231,47.40342017100855],[16.434671733586683,47.353067653382666],[16.479673983699193,47.28416420821041],[16.427171358567932,47.196709835491774],[16.52092604630232,47.13310665533277],[16.475923796189818,47.09335466773339],[16.49842492124607,47.064203210160514],[16.479673983699193,47.005900295014754],[16.292164608230415,46.995299764988246],[16.112155607780394,46.86809340467023],[16.05965298264914,46.838941947097354],[15.995899794989754,46.83629181459073],[15.988399419971003,46.77533876693835],[15.995899794989754,46.73558677933897],[16.040902045102257,46.69053452672634],[16.03715185759288,46.65608280414021],[16.033401670083506,46.65873293664683],[15.958397919896,46.68788439421971],[15.860893044652236,46.71968598429922],[15.78588929446473,46.706435321766094],[15.752137606880346,46.698484924246216],[15.673383669183465,46.70113505675284],[15.62463123156158,46.67993399669984],[15.564628231411575,46.67463373168658],[15.542127106355323,46.629581479073956],[15.519625981299072,46.62163108155408],[15.403370168508431,46.65343267163358],[15.335866793339669,46.65343267163358],[15.242112105605287,46.64018200910046],[15.159607980399024,46.65608280414021],[15.080854042702143,46.645482274113704],[15.065853292664634,46.65343267163358],[14.923346167308367,46.60838041902095],[14.885844292214614,46.61103055152758],[14.82584129206461,46.54742737136857],[14.818340917045859,46.51032551627581],[14.728336416820845,46.49707485374269],[14.675833791689591,46.44937246862344],[14.597079853992703,46.42817140857043],[14.563328166408326,46.3725186259313],[14.522076103805198,46.41757087854393],[14.44332216610831,46.422871143557174],[14.435821791089559,46.44407220361018],[14.473323666183312,46.48647432371619],[14.462073103655186,46.52622631131557],[14.514575728786447,46.6030801540077],[14.522076103805198,46.666683334166706],[14.420821041052058,46.727636381819096],[14.233311665583287,46.70113505675284],[14.195809790489527,46.77533876693835],[14.019550977548882,46.85749287464373],[13.948297414870751,46.94229711485575],[13.854542727136362,46.91579578978949],[13.783289164458225,46.944947247362364],[13.854542727136362,46.99794989749488],[13.899544977248866,47.10395519775989],[13.959547977398877,47.141057052852645],[13.865793289664488,47.2523626181309],[13.809540477023859,47.28681434071704],[13.700785039251969,47.265613280664034],[13.60703035151758,47.28416420821041],[13.569528476423827,47.41402070103506]]]}},{"type":"Feature","properties":{"territory_id":"BA-01","country_code":"BA","country_name":"Bosnia and Herzegovina","display_name":"Bosnia and Herzegovina","strategic_centre":"Sarajevo","centre":[18.4131,43.8564],"boundary_status":"administrative-comparison-draft","admin_source":"NUTS 2024 level 2","source_region_count":3},"geometry":{"type":"MultiPolygon","coordinates":[[[[15.737136856842845,44.936146807340364],[15.77838891944598,44.98914945747288],[15.748387419370971,45.05540277013851],[15.782139106955356,45.10840542027101],[15.774638731936605,45.17465873293665],[15.838391919595985,45.22501125056253],[15.999649982499129,45.21706085304265],[16.175908795439774,45.05540277013851],[16.28841442072104,44.994449722486124],[16.344667233361676,45.00770038501925],[16.38216910845543,45.05540277013851],[16.400920046002305,45.11105555277764],[16.543427171358573,45.227661383069155],[16.820941047052358,45.190559527976404],[16.922196109805498,45.264763238161905],[17.13970698534927,45.16405820291015],[17.293464673233665,45.17465873293665],[17.50722536126807,45.113705685284266],[17.67223361168059,45.12430621531077],[17.84474223711186,45.05010250512526],[18.002250112505628,45.132256612830645],[18.197259862993157,45.07925396269813],[18.253512675633786,45.132256612830645],[18.418520926046305,45.10575528776439],[18.471023551177566,45.06600330016501],[18.489774488724443,45.05540277013851],[18.527276363818196,45.06070303515176],[18.53102655132757,45.08720436021801],[18.666033301665088,45.08190409520476],[18.786039301965104,44.965298264913244],[18.77478873943698,44.90699534976749],[18.834791739586983,44.86459322966148],[19.003550177508878,44.853992699634986],[19.02230111505576,44.85664283214161],[19.168558427921404,44.91494574728736],[19.3523176158808,44.88844442222111],[19.284814240712038,44.67378368918446],[19.13480674033702,44.512125606280314],[19.116055802790143,44.361068053402676],[19.17230861543078,44.28951447572379],[19.322316115805798,44.263013150657535],[19.3673183659183,44.18880944047203],[19.498574928746443,44.098704935246765],[19.607330366518333,44.058952947647384],[19.61108055402771,44.02185109255463],[19.50982549127457,43.95824791239562],[19.397319865993303,43.96354817740887],[19.26606330316516,44.00595029751488],[19.24356217810891,43.9873993699685],[19.382319115955802,43.81514075703785],[19.51732586629332,43.70648532426621],[19.498574928746443,43.5898794939747],[19.273563678183912,43.59782989149458],[19.224811240562033,43.52627631381569],[19.06355317765889,43.51302565128256],[19.007300365018253,43.54482724136207],[18.94729736486825,43.518325916295815],[19.07105355267764,43.314265713285664],[18.999799989999502,43.26126306315316],[18.936046802340122,43.34076703835192],[18.86854342717136,43.35136756837842],[18.714785739286967,43.26656332816641],[18.684784239211965,43.2241612080604],[18.651032551627587,43.04660233011651],[18.542277113855697,43.01745087254363],[18.497274863743193,42.972398619931],[18.46727336366819,42.792189609480474],[18.549777488874447,42.71268563428171],[18.561028051402573,42.651732586629336],[18.53102655132757,42.58812940647032],[18.437271863593182,42.55632781639082],[18.324766238311923,42.6172808640432],[18.238511925596285,42.61198059902995],[17.893494674733745,42.81869093454673],[17.825991299564983,42.90879543977199],[17.69473473673684,42.91939596979849],[17.649732486624337,42.890244512225614],[17.582229111455575,42.93794689734487],[17.698484924246216,42.972398619931],[17.67223361168059,43.036001800090006],[17.627231361568086,43.091654582729134],[17.450972548627433,43.17645882294115],[17.402220111005555,43.2241612080604],[17.28221411070554,43.34606730336517],[17.270963548177413,43.46797339866993],[17.019700985049255,43.57397869893495],[16.543427171358573,43.974148707435376],[16.243412170608536,44.1967598379919],[16.1721586079304,44.21001050052503],[16.205910295514784,44.2285614280714],[16.205910295514784,44.34516725836292],[16.145907295364772,44.38226911345568],[16.157157857892898,44.41142057102855],[16.13090654532727,44.45382269113456],[16.119655982799145,44.50682534126706],[16.02965148257413,44.562478123906196],[16.03715185759288,44.64198209910496],[15.90589529476474,44.73208660433022],[15.875893794689738,44.72943647182359],[15.815890794539733,44.72943647182359],[15.748387419370971,44.79568978448923],[15.74088704435222,44.822191109555476],[15.77838891944598,44.84869243462173],[15.737136856842845,44.936146807340364]]],[[[19.378568928446427,43.55542777138857],[19.419820991049555,43.576628831441575],[19.46857342867144,43.56072803640182],[19.427321366068306,43.53157657882895],[19.378568928446427,43.55542777138857]]]]}},{"type":"Feature","properties":{"territory_id":"BE-01","country_code":"BE","country_name":"Belgium","display_name":"Flanders and Brussels","strategic_centre":"Brussels","centre":[4.3525,50.8467],"boundary_status":"administrative-comparison-draft","admin_source":"NUTS 2024 level 3","source_region_count":26},"geometry":{"type":"Polygon","coordinates":[[[2.5477273863693206,51.08975448772439],[2.7502375118755964,51.161308065403276],[3.110255512775641,51.312365618280914],[3.1927596379819008,51.352117605880295],[3.3652682634131743,51.370668533426674],[3.3802690134506754,51.275263763188164],[3.5002750137506915,51.246112305615284],[3.534026701335069,51.28586429321466],[3.6015300765038276,51.29911495574779],[3.774038701935101,51.25936296814841],[3.800290014500728,51.21961098054903],[3.856542827141361,51.21166058302916],[3.976548827441377,51.22491124556228],[4.145307265363272,51.28321416070804],[4.235311765588282,51.34946747337367],[4.2428121406070325,51.354767738386926],[4.2428121406070325,51.37596879843993],[4.280314015700789,51.37596879843993],[4.4078203910195555,51.36536826841342],[4.400320016000805,51.44752237611881],[4.490324516225815,51.47932396619831],[4.527826391319568,51.476673833691684],[4.546577328866448,51.428971448572426],[4.670333516675836,51.42632131606581],[4.76033801690085,51.50317515875794],[4.827841392069608,51.48197409870494],[4.842842142107109,51.42367118355918],[4.895344767238367,51.407770388519424],[5.041602080104006,51.47932396619831],[5.101605080254018,51.428971448572426],[5.086604330216517,51.3839191959598],[5.142857142857146,51.32031601580079],[5.2291114555727845,51.30706535326766],[5.236611830591535,51.26201310065504],[5.221611080554034,51.21961098054903],[5.262863143157162,51.148057402870144],[5.0191009550477546,51.071203560178006],[4.981599079954002,51.034101705085256],[5.049102455122757,51.023501175058755],[5.109105455272768,51.04470223511176],[5.146607330366521,51.02615130756538],[5.052852642632132,50.938696934846746],[5.176608830441523,50.898944947247365],[5.105355267763393,50.70813540677034],[5.0191009550477546,50.75053752687634],[4.981599079954002,50.6418820941047],[4.775338766938351,50.59152957647883],[4.670333516675836,50.59682984149208],[4.57657882894145,50.541177058852945],[4.325316265813296,50.549127456372815],[4.269063453172663,50.472273613680684],[4.261563078153912,50.42457122856143],[4.2165608280414055,50.358317915895796],[4.0440522026101355,50.33976698834942],[4.029051452572631,50.358317915895796],[3.8977948897444925,50.33181659082955],[3.7627881394069753,50.347717385869295],[3.7065353267663426,50.32121606080304],[3.665283264163211,50.35566778338917],[3.654032701635085,50.46167308365418],[3.6165308265413323,50.49082454122706],[3.4852742637131904,50.52792639631981],[3.3840192009600507,50.49612480624032],[3.301515075753791,50.522626131306566],[3.252762638131909,50.694884744237214],[3.1777588879443996,50.7558377918896],[3.099004950247515,50.77968898444922],[3.0202510125506308,50.774388719435976],[2.9077453872693653,50.70283514175709],[2.862743137156862,50.70813540677034],[2.7952397619881033,50.73198659932997],[2.716485824291219,50.80619030951548],[2.630231511575584,50.82474123706186],[2.6077303865193286,50.91219560978049],[2.615230761538079,50.967848392419626],[2.5477273863693206,51.08975448772439]],[[4.74158707935397,51.43427171358568],[4.779088954447726,51.39716985849293],[4.824091204560233,51.41307065353268],[4.797839891994602,51.44222211110556],[4.74158707935397,51.43427171358568]]]}},{"type":"Feature","properties":{"territory_id":"BE-02","country_code":"BE","country_name":"Belgium","display_name":"Wallonia","strategic_centre":"Namur","centre":[4.8667,50.4667],"boundary_status":"administrative-comparison-draft","admin_source":"NUTS 2024 level 3","source_region_count":18},"geometry":{"type":"Polygon","coordinates":[[[4.0440522026101355,50.33976698834942],[4.2165608280414055,50.358317915895796],[4.261563078153912,50.42457122856143],[4.269063453172663,50.472273613680684],[4.325316265813296,50.549127456372815],[4.57657882894145,50.541177058852945],[4.670333516675836,50.59682984149208],[4.775338766938351,50.59152957647883],[4.981599079954002,50.6418820941047],[5.0191009550477546,50.75053752687634],[5.105355267763393,50.70813540677034],[5.176608830441523,50.898944947247365],[5.052852642632132,50.938696934846746],[5.146607330366521,51.02615130756538],[5.109105455272768,51.04470223511176],[5.049102455122757,51.023501175058755],[4.981599079954002,51.034101705085256],[5.0191009550477546,51.071203560178006],[5.262863143157162,51.148057402870144],[5.221611080554034,51.21961098054903],[5.236611830591535,51.26201310065504],[5.499124956247819,51.296464823241166],[5.5478773938696975,51.26996349817491],[5.566628331416574,51.21961098054903],[5.836641832091608,51.1533576678834],[5.7991399569978554,51.06060303015151],[5.765388269413478,51.007600380019],[5.727886394319718,50.92279613980699],[5.652882644132212,50.86714335716786],[5.68663433171659,50.81149057452873],[5.682884144207215,50.75848792439622],[5.769138456922853,50.774388719435976],[5.8928946447322375,50.7558377918896],[6.020401020051004,50.753187659382974],[6.256662833141661,50.62333116655833],[6.189159457972906,50.56502825141257],[6.192909645482281,50.51997599879994],[6.316665833291665,50.49612480624032],[6.365418270913551,50.445772288614435],[6.354167708385425,50.3795189759488],[6.406670333516679,50.32386619330967],[6.31291564578229,50.31326566328316],[6.1966598329916565,50.24171208560428],[6.136656832841645,50.13040652032602],[6.024151207560379,50.183409170458525],[5.896644832241613,50.10390519525976],[5.825391269563482,49.979348967448374],[5.7728886444322285,49.94489724486225],[5.746637331866594,49.854792739636984],[5.75788789439472,49.80179008950448],[5.870393519675986,49.71698584929247],[5.900395019750988,49.65868293414671],[5.85914295714786,49.5738786939347],[5.817890894544732,49.547377368868446],[5.735386769338469,49.54472723636182],[5.4691234561728095,49.497024851242564],[5.394119705985304,49.61628081404071],[5.319115955797791,49.62158107905395],[5.289114455722789,49.67988399419971],[5.154107705385272,49.71698584929247],[4.970348517425876,49.80179008950448],[4.869093454672736,49.807090354517726],[4.876593829691487,49.91574578728937],[4.801590079503978,49.96874843742187],[4.8728436421821115,50.1383569178459],[4.797839891994602,50.14895744787239],[4.692834641732091,50.08005400270014],[4.67783389169459,49.99789989499475],[4.434071703585182,49.942247112355616],[4.231561578078907,49.95814790739537],[4.141557077853896,49.979348967448374],[4.152807640382022,50.03235161758088],[4.2165608280414055,50.07475373768689],[4.190309515475779,50.12775638781939],[4.137806890344521,50.14100705035252],[4.160308015400773,50.212560628031405],[4.209060453022655,50.25761288064403],[4.137806890344521,50.26821341067053],[4.0440522026101355,50.33976698834942]]]}},{"type":"Feature","properties":{"territory_id":"BG-01","country_code":"BG","country_name":"Bulgaria","display_name":"Western Bulgaria and Sofia","strategic_centre":"Sofia","centre":[23.33,42.7],"boundary_status":"administrative-comparison-draft","admin_source":"NUTS 2024 level 3","source_region_count":16},"geometry":{"type":"Polygon","coordinates":[[[22.359967998399924,42.309865493274664],[22.412470623531185,42.339016950847544],[22.46497324866244,42.37081854092705],[22.524976248812443,42.41322066103305],[22.551227561378077,42.48212410620531],[22.483724186209315,42.543077153857695],[22.446222311115562,42.572228611430575],[22.461223061153063,42.649082454122706],[22.491224561228066,42.74183709185459],[22.442472123606187,42.8266413320666],[22.513725686284317,42.86904345217261],[22.749987499374974,42.890244512225614],[22.794989749487478,42.98034901745088],[22.974998749937505,43.11020551027551],[23.005000250012507,43.1923596179809],[22.91124556227812,43.2241612080604],[22.7462373118656,43.38581929096455],[22.66748337416871,43.4017200860043],[22.52872643632182,43.48652432621631],[22.476223811190565,43.645532276613835],[22.41622081104056,43.69323466173309],[22.367468373418674,43.809840492024605],[22.41622081104056,43.997999899995],[22.536226811340576,44.04570228511426],[22.61123056152808,44.06690334516726],[22.622481124056208,44.17290864543227],[22.67498374918746,44.21531076553828],[22.967498374918755,44.098704935246765],[23.02750137506876,44.080154007700386],[23.031251562578134,44.04305215260763],[22.888744437221867,43.982099104955246],[22.84749237461874,43.876093804690235],[22.881244062203116,43.836341817090855],[22.997499874993757,43.807190359517975],[23.43252162608131,43.84959247962398],[23.631281564078208,43.79128956447823],[23.728786439321972,43.80189009450473],[24.08880444022202,43.70383519175959],[24.111305565278272,43.701185059252964],[24.32506625331267,43.69853492674634],[24.44132206610331,43.740937046852345],[24.49007450372519,43.76213810690535],[24.538826941347075,43.75948797439872],[24.568828441422077,43.75683784189209],[24.59882994149708,43.748887444372215],[24.62133106655333,43.740937046852345],[24.655082754137716,43.722386119305966],[24.745087254362723,43.69323466173309],[24.992599629981505,43.722386119305966],[25.296364818240917,43.65613280664033],[25.217610880544036,43.63758187909396],[25.198859942997153,43.584579228961445],[25.22136106805341,43.52362618130907],[25.13885694284715,43.449422471123555],[25.198859942997153,43.422921146057305],[25.240112005600288,43.35136756837842],[25.13885694284715,43.26656332816641],[25.108855442772146,43.2241612080604],[25.07510375518777,43.17645882294115],[25.123856192809647,43.09695484774239],[25.288864443222167,43.104905245262266],[25.32636631831592,43.054552727636384],[25.573878693934702,43.02275113755688],[25.5588779438972,42.94324716235812],[25.596379818990954,42.898194909745484],[25.61513075653783,42.78688934446723],[25.686384319215968,42.802790139506975],[25.836391819590986,42.77628881444072],[25.87389369468474,42.52187609380469],[25.945147257362876,42.339016950847544],[26.01265063253163,42.28866443322166],[26.173908695434775,42.262163108155406],[26.192659632981652,42.2091604580229],[26.136406820341023,42.14025701285064],[26.151407570378524,42.05280264013201],[26.065153257662892,42.02630131506575],[25.97514875743788,42.09255462773139],[25.877643882194114,42.11905595279764],[25.757637881894098,42.068703435171756],[25.69388469423472,42.129656482824146],[25.63013150657533,42.14025701285064],[25.60763038151908,42.19060953047652],[25.476373818690938,42.16410820541027],[25.42762138106906,42.097854892744635],[25.34886744337217,42.11375568778439],[25.303865193259668,42.03955197759888],[25.303865193259668,41.96004800240012],[25.217610880544036,41.896444822241115],[25.251362568128414,41.85139256962848],[25.266363318165915,41.83019150957548],[25.281364068203416,41.8116405820291],[25.34886744337217,41.83019150957548],[25.375118755937805,41.83019150957548],[25.49137456872844,41.76393819690985],[25.603880194009704,41.74803740187009],[25.633881694084707,41.70828541427071],[25.626381319065956,41.63143157157858],[25.81014050702536,41.63938196909845],[25.80264013200661,41.5916795839792],[25.787639381969107,41.52542627131356],[25.843892194609737,41.469773488674434],[25.847642382119112,41.40882044102205],[25.91889594479725,41.37701885094255],[25.94889744487225,41.32136606830342],[25.907645382269116,41.30811540577029],[25.81764088204411,41.33991699584979],[25.705135256762844,41.30016500825042],[25.570128506425327,41.31341567078354],[25.315115755787794,41.23921196059803],[25.225111255562787,41.26571328566428],[25.180109005450277,41.31076553827691],[24.962598129906503,41.384969248462426],[24.913845692284617,41.400870043502174],[24.835091754587737,41.39556977848893],[24.782589129456476,41.36111805590279],[24.72258612930647,41.40882044102205],[24.696334816740844,41.41677083854193],[24.610080504025206,41.43797189859493],[24.523826191309574,41.5598779938997],[24.501325066253315,41.55722786139307],[24.31756587829392,41.520126006300316],[24.250062503125164,41.565178258912944],[24.186309315465778,41.52542627131356],[24.1525576278814,41.53337666883344],[24.107555377768897,41.54397719885994],[24.05880294014701,41.52277613880694],[24.05130256512826,41.45652282614131],[23.97254862743138,41.44592229611481],[23.950047502375128,41.45387269363468],[23.916295814790743,41.469773488674434],[23.7550377518876,41.4035201760088],[23.623781189059457,41.37701885094255],[23.507525376268816,41.4035201760088],[23.346267313365672,41.374368718435925],[23.29376468823442,41.39821991099555],[23.181259062953153,41.32401620081004],[22.92624631231562,41.33726686334317],[22.959997999900004,41.36641832091605],[22.967498374918755,41.520126006300316],[22.959997999900004,41.5916795839792],[22.952497624881246,41.63143157157858],[23.012500625031258,41.692384619230964],[23.005000250012507,41.75333766688335],[22.944997249862496,41.83019150957548],[22.922496124806244,41.85139256962848],[22.903745187259368,41.877893894694736],[22.866243312165615,42.021001050052504],[22.65998299914996,42.07400370018501],[22.509975498774942,42.156157807890395],[22.359967998399924,42.309865493274664]]]}},{"type":"Feature","properties":{"territory_id":"BG-02","country_code":"BG","country_name":"Bulgaria","display_name":"Eastern Bulgaria and the Black Sea coast","strategic_centre":"Varna","centre":[27.9167,43.2167],"boundary_status":"administrative-comparison-draft","admin_source":"NUTS 2024 level 3","source_region_count":12},"geometry":{"type":"Polygon","coordinates":[[[25.07510375518777,43.17645882294115],[25.108855442772146,43.2241612080604],[25.13885694284715,43.26656332816641],[25.240112005600288,43.35136756837842],[25.198859942997153,43.422921146057305],[25.13885694284715,43.449422471123555],[25.22136106805341,43.52362618130907],[25.198859942997153,43.584579228961445],[25.217610880544036,43.63758187909396],[25.296364818240917,43.65613280664033],[25.38636931846593,43.62433121656083],[25.5438771938597,43.642882144107205],[25.671383569178467,43.68793439671984],[25.750137506875348,43.69588479423972],[25.80264013200661,43.740937046852345],[26.11390569528477,43.96884844242212],[26.35766788339418,44.03775188759438],[26.38016900845043,44.03775188759438],[26.781439071953606,44.08545427271363],[26.9201960098005,44.135806790339515],[27.27271363568179,44.125206260313014],[27.29521476073804,44.080154007700386],[27.400220011000556,44.019200960048],[27.595229761488078,44.01390069503475],[27.651482574128714,44.03775188759438],[27.696484824241217,43.9873993699685],[27.75648782439123,43.960898044902244],[27.92149607480375,43.997999899995],[28.011500575028755,43.836341817090855],[28.22526126306316,43.76213810690535],[28.41277063853193,43.740937046852345],[28.450272513625684,43.73298664933247],[28.57777888894445,43.73828691434572],[28.596529826491334,43.52097604880244],[28.472773638681943,43.37786889344467],[28.322766138306925,43.41497074853743],[28.157757887894398,43.4017200860043],[28.097754887744394,43.37521876093805],[28.06025301265064,43.316915845792295],[28.01525076253813,43.23741187059353],[27.99274963748188,43.2241612080604],[27.932746637331874,43.1817590879544],[27.88399419970999,42.83724186209311],[27.880244012200613,42.71268563428171],[27.737736886844345,42.696784839241964],[27.61398069903496,42.572228611430575],[27.51272563628182,42.543077153857695],[27.46022301115056,42.47152357617881],[27.508975448772446,42.43972198609931],[27.640232011600588,42.445022251112555],[27.696484824241217,42.41057052852643],[27.71148557427872,42.37081854092705],[27.75648782439123,42.339016950847544],[27.782739136956856,42.320466023301165],[27.767738386919355,42.2409620481024],[27.9589979498975,42.087254362718134],[28.034001700085014,41.98389919495975],[27.887744387219364,41.99714985749287],[27.853992699634986,41.9997999899995],[27.846492324616236,41.9997999899995],[27.808990449522483,41.95474773738687],[27.722736136806844,41.973298664933246],[27.71898594929747,41.97064853242662],[27.55397769888495,41.92029601480074],[27.550227511375574,41.922946147307364],[27.527726386319323,41.93884694234712],[27.28021401070054,42.09520476023801],[27.276463823191165,42.097854892744635],[27.205210260513034,42.079303965198264],[27.167708385419274,42.068703435171756],[27.1639581979099,42.068703435171756],[27.05895294764739,42.087254362718134],[27.055202760138016,42.08460423021151],[27.032701635081757,42.06605330266513],[26.965198259913002,42.01305065253263],[26.9501975098755,41.9997999899995],[26.88269413470674,41.989199459973],[26.736436821841096,41.96004800240012],[26.680184009200467,41.96799839992],[26.627681384069213,41.973298664933246],[26.56017800890045,41.92559627981399],[26.563928196409826,41.90174508725436],[26.563928196409826,41.877893894694736],[26.53017650882545,41.83549177458873],[26.526426321316073,41.8328416420821],[26.522676133806698,41.83019150957548],[26.473923696184812,41.82224111205561],[26.361418070903554,41.80634031701585],[26.33516675833792,41.75068753437672],[26.35766788339418,41.710935546777336],[26.173908695434775,41.742737136856846],[26.08390419520977,41.70828541427071],[26.08390419520977,41.65263263163158],[26.140157007850398,41.5916795839792],[26.166408320416025,41.55722786139307],[26.17765888294415,41.43267163358168],[26.11390569528477,41.35846792339617],[25.94889744487225,41.32136606830342],[25.91889594479725,41.37701885094255],[25.847642382119112,41.40882044102205],[25.843892194609737,41.469773488674434],[25.787639381969107,41.52542627131356],[25.80264013200661,41.5916795839792],[25.81014050702536,41.63938196909845],[25.626381319065956,41.63143157157858],[25.633881694084707,41.70828541427071],[25.603880194009704,41.74803740187009],[25.49137456872844,41.76393819690985],[25.375118755937805,41.83019150957548],[25.34886744337217,41.83019150957548],[25.281364068203416,41.8116405820291],[25.266363318165915,41.83019150957548],[25.251362568128414,41.85139256962848],[25.217610880544036,41.896444822241115],[25.303865193259668,41.96004800240012],[25.303865193259668,42.03955197759888],[25.34886744337217,42.11375568778439],[25.42762138106906,42.097854892744635],[25.476373818690938,42.16410820541027],[25.60763038151908,42.19060953047652],[25.63013150657533,42.14025701285064],[25.69388469423472,42.129656482824146],[25.757637881894098,42.068703435171756],[25.877643882194114,42.11905595279764],[25.97514875743788,42.09255462773139],[26.065153257662892,42.02630131506575],[26.151407570378524,42.05280264013201],[26.136406820341023,42.14025701285064],[26.192659632981652,42.2091604580229],[26.173908695434775,42.262163108155406],[26.01265063253163,42.28866443322166],[25.945147257362876,42.339016950847544],[25.87389369468474,42.52187609380469],[25.836391819590986,42.77628881444072],[25.686384319215968,42.802790139506975],[25.61513075653783,42.78688934446723],[25.596379818990954,42.898194909745484],[25.5588779438972,42.94324716235812],[25.573878693934702,43.02275113755688],[25.32636631831592,43.054552727636384],[25.288864443222167,43.104905245262266],[25.123856192809647,43.09695484774239],[25.07510375518777,43.17645882294115]]]}},{"type":"Feature","properties":{"territory_id":"BY-01","country_code":"BY","country_name":"Belarus","display_name":"Western Belarus","strategic_centre":"Brest","centre":[23.6569,52.1347],"boundary_status":"pass-1-provisional","admin_source":"Pass 1 strategic partition"},"geometry":{"type":"Polygon","coordinates":[[[23.164431644316437,52.289040792167526],[23.21123211232114,52.34814099661344],[23.229232292322934,52.365026769312266],[23.26883268832688,52.395421160170145],[23.391233912339118,52.51024441452216],[23.481234812348134,52.55414742353912],[23.56763567635676,52.586230391666874],[23.7368373683737,52.61493620525488],[23.870038700387,52.67065925516101],[23.909639096390976,52.69936506874902],[23.924039240392403,52.743268077765975],[23.92043920439204,52.77197389135398],[23.91323913239134,52.89355145478552],[23.909639096390976,52.90199434113495],[23.90603906039061,52.9070600729446],[23.902439024390247,52.912125804754254],[23.902439024390247,52.930700154722956],[23.91323913239134,52.94420877288201],[23.916839168391704,52.95096308196156],[23.916839168391704,52.95940596831096],[23.909639096390976,52.98642320462909],[23.909639096390976,53.01344044094722],[23.898838988389883,53.02694905910627],[23.866438664386664,53.050589140884625],[23.859238592385935,53.06747491358345],[23.859238592385935,53.08773784082206],[23.870038700387,53.10124645898111],[23.88083880838809,53.113066499870285],[23.891638916389184,53.12826369529924],[23.89523895238952,53.15190377707759],[23.884438844388455,53.16372381796677],[23.866438664386664,53.17216670431617],[23.848438484384843,53.183986745205374],[23.83763837638378,53.1991839406343],[23.826838268382687,53.21438113606325],[23.81963819638196,53.2278897542223],[23.801638016380167,53.24308694965126],[23.783637836378375,53.27010418596939],[23.7440374403744,53.3646645130828],[23.722437224372243,53.39674748121058],[23.675636756367567,53.455847685656465],[23.589235892358943,53.61119679448569],[23.56763567635676,53.68042846255088],[23.564035640356423,53.74290582153654],[23.538835388353903,53.763168748775115],[23.531635316353174,53.78343167601372],[23.520835208352082,53.83746614864995],[23.51003510035102,53.86279480769821],[23.495634956349562,53.88474631220669],[23.488434884348862,53.910074971254915],[23.4848348483485,53.93878078484292],[23.520835208352082,53.93371505303327],[23.6108361083611,53.901632084905515],[23.62883628836289,53.89825493036574],[23.64323643236432,53.89825493036574],[23.69363693636936,53.91176354852482],[23.75483754837549,53.91682928033444],[23.772837728377283,53.923583589413994],[23.78723787237874,53.92864932122362],[23.79443794437944,53.92696074395374],[23.81243812438126,53.92020643487422],[23.81963819638196,53.91851785760434],[23.826838268382687,53.92020643487422],[23.90603906039061,53.945535093922445],[23.92043920439204,53.94722367119235],[23.934839348393496,53.94384651665257],[23.96363963639638,53.932026475763394],[23.98163981639817,53.93033789849352],[24.04644046440464,53.93033789849352],[24.075240752407524,53.93540363030317],[24.136441364413656,53.95566655754175],[24.168841688416904,53.959043712081524],[24.201242012420124,53.952289403002],[24.23004230042301,53.932026475763394],[24.2480424804248,53.90332066217539],[24.258842588425892,53.89318919855609],[24.276842768427684,53.89150062128621],[24.309243092430933,53.89318919855609],[24.34164341643418,53.88643488947656],[24.377643776437765,53.88643488947656],[24.413644136441377,53.89825493036574],[24.528845288452885,53.959043712081524],[24.579245792457925,53.97592948478035],[24.64404644046442,53.98268379385988],[24.665646656466578,53.994503834749054],[24.672846728467306,53.994503834749054],[24.67644676446764,53.99281525747918],[24.690846908469098,53.972552330240575],[24.705247052470526,53.964109443891175],[24.723247232472346,53.964109443891175],[24.788047880478814,53.969175175700826],[24.806048060480606,53.97592948478035],[24.820448204482062,53.99281525747918],[24.820448204482062,54.01983249379731],[24.813248132481334,54.03840684376601],[24.798847988479906,54.05529261646484],[24.788047880478814,54.07724412097332],[24.780847808478086,54.092441316402244],[24.78444784447845,54.09581847094202],[24.791647916479178,54.09581847094202],[24.798847988479906,54.102572780021546],[24.816848168481698,54.10932708910107],[24.820448204482062,54.11439282091072],[24.816848168481698,54.12114712999025],[24.816848168481698,54.1279014390698],[24.820448204482062,54.13465574814933],[24.849248492484918,54.14478721176863],[24.856448564485646,54.146475789038504],[24.903249032490322,54.14985294357825],[24.950049500495,54.146475789038504],[25.02565025650256,54.1279014390698],[25.072450724507263,54.132967170879425],[25.10320659660849,54.14378657654795],[26.127647748195006,51.87484644485762],[26.080460804608066,51.900668020094514],[26.051660516605182,51.90404517463426],[25.979659796597986,51.90404517463426],[25.767257672576733,51.927685256412644],[25.684456844568444,51.91755379279334],[25.54765547655478,51.919242370063216],[25.35325353253532,51.92093094733309],[25.184051840518407,51.949636760921095],[25.13725137251373,51.949636760921095],[25.09405094050942,51.93950529730182],[25.004050040500402,51.91079948371382],[24.723247232472346,51.88209367012581],[24.70164701647016,51.88209367012581],[24.640446404464058,51.892225133745086],[24.39204392043922,51.88040509285591],[24.370443704437065,51.87533936104626],[24.34884348843488,51.86183074288721],[24.312843128431297,51.82805919748955],[24.294842948429505,51.807796270250975],[24.27324273242732,51.74363033399541],[24.244442444424465,51.718301674947185],[24.129241292412928,51.669332934120575],[23.98163981639817,51.58659264789634],[23.942039420394224,51.58152691608669],[23.91323913239134,51.598412688785515],[23.884438844388455,51.620364193293995],[23.84483844838448,51.63049565691327],[23.81963819638196,51.63049565691327],[23.751237512375127,51.64400427507235],[23.726037260372607,51.64569285234222],[23.62883628836289,51.628807079643394],[23.6180361803618,51.62542992510362],[23.607236072360735,51.61867561602409],[23.59283592835928,51.60516699786504],[23.59283592835928,51.59672411151561],[23.600036000360006,51.58828122516621],[23.625236252362527,51.54100106160951],[23.62883628836289,51.530869597990204],[23.625236252362527,51.51567240256125],[23.614436144361463,51.5122952480215],[23.607236072360735,51.517360979831125],[23.60363603636037,51.530869597990204],[23.589235892358943,51.535935329799855],[23.571235712357122,51.539312484339604],[23.56043560435606,51.55450967976856],[23.574835748357486,51.55450967976856],[23.55323553235533,51.57814976154691],[23.542435424354238,51.593346956975864],[23.538835388353903,51.606855575134915],[23.546035460354602,51.633872811453045],[23.542435424354238,51.64400427507235],[23.531635316353174,51.65075858415187],[23.531635316353174,51.65920147050127],[23.542435424354238,51.65920147050127],[23.546035460354602,51.66257862504105],[23.56043560435606,51.67271008866035],[23.556835568355694,51.6760872432001],[23.549635496354966,51.682841552279655],[23.546035460354602,51.68959586135918],[23.549635496354966,51.69297301589893],[23.56043560435606,51.69466159316883],[23.556835568355694,51.70141590224836],[23.549635496354966,51.70817021132788],[23.546035460354602,51.71323594313753],[23.55323553235533,51.73687602491589],[23.556835568355694,51.74700748853519],[23.56043560435606,51.753761797614715],[23.57843578435785,51.767270415773766],[23.600036000360006,51.77402472485332],[23.6180361803618,51.785844765742496],[23.62883628836289,51.80948484752085],[23.6108361083611,51.824682042949775],[23.59283592835928,51.843256392918505],[23.607236072360735,51.851699279267905],[23.6108361083611,51.873650783776384],[23.621636216362162,51.87702793831616],[23.621636216362162,51.883782247395686],[23.614436144361463,51.883782247395686],[23.621636216362162,51.89560228828486],[23.621636216362162,51.927685256412644],[23.62883628836289,51.946259606381346],[23.646836468364683,51.97327684269948],[23.66123661236614,51.98678546085853],[23.675636756367567,51.99353976993805],[23.664836648366503,52.01042554263688],[23.650436504365047,52.04926281984419],[23.64323643236432,52.061082860733364],[23.64323643236432,52.07290290162254],[23.63603636036362,52.08472294251172],[23.625236252362527,52.08978867432137],[23.614436144361463,52.09147725159124],[23.6108361083611,52.0982315606708],[23.60363603636037,52.1066744470202],[23.596435964359642,52.115117333369625],[23.57843578435785,52.12187164244915],[23.531635316353174,52.12018306517925],[23.513635136351382,52.1252487969889],[23.4848348483485,52.159020342386555],[23.488434884348862,52.16239749692633],[23.492034920349198,52.17421753781551],[23.488434884348862,52.180971846895034],[23.470434704347042,52.17084038327573],[23.463234632346342,52.17590611508538],[23.456034560345614,52.180971846895034],[23.448834488344886,52.186037578704685],[23.438034380343822,52.17590611508538],[23.42723427234273,52.177594692355285],[23.420034200342002,52.18266042416491],[23.405634056340574,52.186037578704685],[23.391233912339118,52.18266042416491],[23.387633876338782,52.18434900143481],[23.394833948339482,52.19279188778421],[23.394833948339482,52.199546196863736],[23.373233732337326,52.20123477413364],[23.312033120331222,52.21474339229269],[23.30123301233013,52.22318627864212],[23.283232832328338,52.21980912410234],[23.21123211232114,52.23162916499152],[23.189631896318957,52.240072051340945],[23.196831968319685,52.25864640130965],[23.19323193231932,52.2721550194687],[23.182431824318257,52.28059790581813],[23.17523175231753,52.28566363762778],[23.1680316803168,52.289040792167526],[23.164431644316437,52.289040792167526]]]}},{"type":"Feature","properties":{"territory_id":"BY-02","country_code":"BY","country_name":"Belarus","display_name":"Eastern Belarus and Minsk","strategic_centre":"Minsk","centre":[27.5667,53.9],"boundary_status":"pass-1-provisional","admin_source":"Pass 1 strategic partition"},"geometry":{"type":"Polygon","coordinates":[[[25.10320659660849,54.14378657654795],[25.115651156511575,54.14816436630838],[25.155251552515523,54.17518160262651],[25.173251732517343,54.19713310713499],[25.1948519485195,54.244413270691695],[25.205652056520563,54.25623331158087],[25.223652236522383,54.257921888850746],[25.28845288452885,54.244413270691695],[25.37125371253714,54.24779042523147],[25.392853928539296,54.257921888850746],[25.432454324543244,54.2916934342484],[25.457654576545764,54.298447743327955],[25.47205472054722,54.29675916605805],[25.47925479254792,54.293382011518304],[25.482854828548284,54.28831627970865],[25.55485554855548,54.230904652532644],[25.544055440554416,54.22752749799287],[25.52245522455226,54.22921607526274],[25.500855008550104,54.222461766183216],[25.500855008550104,54.21233030256391],[25.52245522455226,54.20388741621451],[25.52965529655296,54.195444529865085],[25.52245522455226,54.18869022078556],[25.493654936549376,54.181935911706034],[25.486454864548648,54.17518160262651],[25.493654936549376,54.15829582992768],[25.515255152551532,54.14478721176863],[25.544055440554416,54.1363443254192],[25.63045630456304,54.1279014390698],[25.652056520565225,54.1279014390698],[25.66285662856629,54.132967170879425],[25.68085680856808,54.14478721176863],[25.691656916569173,54.14816436630838],[25.727657276572785,54.14478721176863],[25.73845738457385,54.146475789038504],[25.76365763657637,54.15660725265781],[25.770857708577097,54.17180444808673],[25.770857708577097,54.217396034373564],[25.77445774457746,54.222461766183216],[25.785257852578525,54.23259322980252],[25.78885788857889,54.235970384342295],[25.785257852578525,54.24272469342182],[25.78165781657816,54.244413270691695],[25.778057780577825,54.24610184796157],[25.770857708577097,54.249479002501346],[25.767257672576733,54.25961046612065],[25.75645756457564,54.26974192973992],[25.74925749257494,54.276496238819476],[25.73845738457385,54.283250547899],[25.734857348573485,54.283250547899],[25.72405724057242,54.28156197062913],[25.720457204572057,54.28156197062913],[25.716857168571693,54.284939125168876],[25.7060570605706,54.30351347513758],[25.702457024570265,54.311956361487006],[25.695256952569537,54.320399247836406],[25.68085680856808,54.32546497964606],[25.666456664566653,54.32377640237618],[25.608856088560884,54.30520205240748],[25.565655656556572,54.30351347513758],[25.544055440554416,54.30857920694723],[25.52965529655296,54.320399247836406],[25.52965529655296,54.34572790688466],[25.54765547655478,54.36767941139314],[25.594455944559456,54.399762379520894],[25.61245612456125,54.42171388402937],[25.616056160561612,54.440288233998075],[25.616056160561612,54.462239738506554],[25.619656196561976,54.48756839755481],[25.63045630456304,54.507831324793386],[25.644856448564497,54.51965136568256],[25.7060570605706,54.54160287019104],[25.727657276572785,54.55342291108022],[25.742057420574213,54.56862010650917],[25.745657456574577,54.58888303374778],[25.73845738457385,54.60745738371648],[25.716857168571693,54.64291750638401],[25.709657096570965,54.663180433622614],[25.709657096570965,54.67500047451179],[25.71325713257133,54.68513193813109],[25.720457204572057,54.69526340175037],[25.72405724057242,54.70539486536967],[25.72405724057242,54.71552632898897],[25.720457204572057,54.766183647085455],[25.72405724057242,54.779692265244506],[25.734857348573485,54.78982372886381],[25.75645756457564,54.79995519248311],[25.767257672576733,54.80333234702286],[25.77445774457746,54.80333234702286],[25.778057780577825,54.80502092429276],[25.78165781657816,54.81346381064216],[25.78165781657816,54.82190669699159],[25.77445774457746,54.842169624230166],[25.770857708577097,54.850612510579595],[25.78165781657816,54.8691868605483],[25.803258032580345,54.88100690143747],[25.8248582485825,54.89282694232665],[25.846458464584657,54.9063355604857],[25.853658536585385,54.916467024105],[25.853658536585385,54.92490991045443],[25.85725857258572,54.93335279680383],[25.871658716587177,54.93841852861348],[25.90765907659076,54.948549992232785],[25.92565925659258,54.948549992232785],[25.961659616596165,54.94348426042313],[25.979659796597986,54.94348426042313],[26.102061020610222,54.956992878582184],[26.138061380613806,54.96881291947136],[26.152461524615262,54.97894438309066],[26.170461704617054,54.99245300124974],[26.188461884618846,55.00933877394857],[26.22446224462246,55.0549303602354],[26.228062280622822,55.0633732465848],[26.231662316623186,55.07519328747398],[26.231662316623186,55.11234198741141],[26.264062640626406,55.139359223729514],[26.310863108631082,55.144424955539165],[26.41886418864189,55.12753918284034],[26.429664296642983,55.12753918284034],[26.436864368643683,55.12922776011024],[26.44406444064441,55.13429349191989],[26.45126451264514,55.139359223729514],[26.458464584645867,55.144424955539165],[26.472864728647295,55.14611353280907],[26.57726577265774,55.11909629649094],[26.60246602466026,55.12078487376081],[26.616866168661687,55.135982069189765],[26.62766627666278,55.16468788277777],[26.634866348663508,55.1917051190959],[26.642066420664207,55.20352515998508],[26.656466564665664,55.21534520087425],[26.685266852668548,55.23223097357308],[26.699666996669976,55.23729670538273],[26.739267392673923,55.242362437192384],[26.764467644676444,55.247428169002006],[26.789667896678964,55.25755963262131],[26.800468004680056,55.27275682805026],[26.793267932679328,55.28964260074909],[26.768067680676808,55.29977406436839],[26.60246602466026,55.31665983706722],[26.541265412654127,55.30821695071779],[26.5268652686527,55.30821695071779],[26.465664656646567,55.32003699160697],[26.45126451264514,55.326791300686494],[26.44406444064441,55.3369227643058],[26.454864548645503,55.3554971142745],[26.480064800648023,55.380825773322755],[26.487264872648723,55.39095723694206],[26.498064980649815,55.42810593687946],[26.508865088650907,55.43992597776864],[26.54486544865449,55.46018890500724],[26.54486544865449,55.47200894589642],[26.5268652686527,55.492271873134996],[26.530465304653063,55.51591195491338],[26.55206552065522,55.53448630488208],[26.57726577265774,55.55137207758091],[26.59526595265953,55.568257850279736],[26.606066060660623,55.590209354788215],[26.606066060660623,55.617226591106316],[26.60246602466026,55.64255525015457],[26.59526595265953,55.666195331932926],[26.616866168661687,55.688146836441405],[26.638466384663843,55.69490114552093],[26.667266672666727,55.693212568251056],[26.72126721267213,55.68139252736188],[26.742867428674288,55.68308110463175],[26.822068220682212,55.70672118641011],[26.843668436684368,55.71854122729928],[26.901269012690136,55.77933000901507],[26.958869588695904,55.818167286222376],[26.98046980469806,55.826610172571776],[27.110071100711025,55.83674163619108],[27.149671496714973,55.83167590438143],[27.174871748717493,55.8249215953019],[27.236072360723625,55.7962157817139],[27.261272612726145,55.78777289536447],[27.2828728287283,55.791150049904246],[27.329673296732977,55.818167286222376],[27.351273512735133,55.83167590438143],[27.37287372873729,55.8147901316826],[27.405274052740538,55.8046586680633],[27.437674376743786,55.79790435898377],[27.563675636756386,55.79283862717412],[27.592475924759242,55.79452720444402],[27.603276032760334,55.80972439987295],[27.610476104761062,55.83167590438143],[27.617676176761762,55.878956067938134],[27.646476464764646,55.92285907695509],[27.743677436774362,55.960007776892525],[27.77607776077761,55.99209074502028],[27.779677796777975,56.01573082679866],[27.812078120781223,56.03430517676736],[27.880478804788055,56.06469956762524],[27.891278912789147,56.07651960851442],[27.90207902079021,56.090028226673496],[27.912879128791303,56.10015969029277],[27.92727927279273,56.1086025766422],[27.938079380793823,56.11366830845185],[27.981279812798135,56.1187340402615],[28.024480244802447,56.128865503880775],[28.049680496804967,56.14068554476998],[28.067680676806788,56.147439853849505],[28.1108811088111,56.15757131746878],[28.150481504815048,56.142374122039854],[28.168481684816868,56.125488349341026],[28.2368823688237,56.08327391759394],[28.26928269282695,56.057945258545715],[28.290882908829104,56.04612521765654],[28.31248312483126,56.04274806311676],[28.334083340833416,56.04950237219629],[28.366483664836665,56.079896763054194],[28.38808388083882,56.08833964940359],[28.53928539285394,56.098471113022896],[28.593285932859345,56.09171680394337],[28.611286112861137,56.08833964940359],[28.62208622086223,56.08327391759394],[28.636486364863657,56.066388144895114],[28.67248672486727,56.03768233130711],[28.67968679686797,56.027550867687836],[28.69048690486906,56.003910785909454],[28.694086940869425,55.9802707041311],[28.70488704887049,55.960007776892525],[28.733687336873373,55.946499158733445],[28.809288092880934,55.93467911784427],[28.83088830888309,55.938056272384046],[28.834488344883454,55.9616963541624],[28.859688596885974,55.97689354959135],[28.920889208892106,55.99209074502028],[28.98208982089821,56.01404224952876],[29.03249032490325,56.02417371314806],[29.09009090090902,56.022485135878185],[29.144091440914423,56.01235367225888],[29.194491944919463,55.99209074502028],[29.223292232922347,55.97858212686123],[29.378093780937803,55.953253467813],[29.396093960939623,55.94818773600335],[29.414094140941415,55.938056272384046],[29.432094320943207,55.924547654224966],[29.439294392943935,55.91441619060569],[29.4428944289443,55.90766188152617],[29.439294392943935,55.90090757244661],[29.432094320943207,55.89921899517674],[29.424894248942508,55.89921899517674],[29.41769417694178,55.897530417906864],[29.406894068940687,55.89415326336709],[29.399693996939988,55.89246468609721],[29.39249392493926,55.889087531557436],[29.38529385293853,55.88064464520804],[29.381693816938167,55.870513181588734],[29.374493744937467,55.84687309981038],[29.370893708937103,55.83674163619108],[29.349293492934947,55.80297009079342],[29.34209342093422,55.78777289536447],[29.349293492934947,55.76582139085602],[29.363693636936375,55.75231277269694],[29.414094140941415,55.72698411364871],[29.46089460894609,55.68645825917153],[29.482494824948247,55.68139252736188],[29.507695076950768,55.68476968190163],[29.586895868958692,55.73880415453789],[29.684096840968408,55.77088712266564],[29.709297092970928,55.77426427720542],[29.781297812978124,55.764132813586116],[29.806498064980644,55.77088712266564],[29.84609846098462,55.813101554412725],[29.867698676986777,55.82998732711155],[29.907299072990725,55.843495945270604],[29.9468994689947,55.848561677080255],[29.98649986499865,55.84687309981038],[30.10530105301055,55.821544440762125],[30.134101341013405,55.826610172571776],[30.177301773017746,55.85193883162003],[30.1989019890199,55.85869314069956],[30.216902169021694,55.85531598615978],[30.252902529025306,55.83843021346095],[30.270902709027098,55.82998732711155],[30.468904689046894,55.79283862717412],[30.476104761047623,55.78777289536447],[30.476104761047623,55.77933000901507],[30.47250472504726,55.77088712266564],[30.468904689046894,55.76244423631624],[30.479704797047987,55.75400134996684],[30.569705697056975,55.73036126818846],[30.580505805058067,55.72529553637881],[30.587705877058767,55.71854122729928],[30.59130591305913,55.70503260914023],[30.587705877058767,55.696589722790804],[30.58410584105843,55.688146836441405],[30.58410584105843,55.67970395009198],[30.594905949059495,55.66450675466305],[30.61650616506165,55.657752445583526],[30.638106381063807,55.65437529104375],[30.681306813068147,55.65606386831362],[30.69210692106921,55.652686713773875],[30.702907029070303,55.64255525015457],[30.713707137071367,55.62735805472562],[30.74250742507425,55.59358650932796],[30.771307713077135,55.59189793205809],[30.803708037080384,55.60202939567739],[30.846908469084696,55.61047228202679],[30.886508865088672,55.60034081840749],[30.908109081090828,55.57838931389904],[30.911709117091192,55.571635004819484],[30.91890918909189,55.53448630488208],[30.9009090090901,55.49902618221455],[30.915309153091528,55.4939604504049],[30.91890918909189,55.492271873134996],[30.911709117091192,55.48045183224582],[30.886508865088672,55.46863179135664],[30.882908829088308,55.451746018657815],[30.890108901089008,55.43317166868911],[30.904509045090464,55.421351627799936],[30.91890918909189,55.407843009640885],[30.91890918909189,55.38758008240228],[30.904509045090464,55.375760041513104],[30.846908469084696,55.350431382464876],[30.81090810908111,55.323414146146746],[30.796507965079655,55.304839796178044],[30.79290792907929,55.28626544620931],[30.803708037080384,55.27275682805026],[30.821708217082175,55.264313941700834],[30.857708577085788,55.25418247808156],[30.86850868508685,55.242362437192384],[30.886508865088672,55.20521373725495],[30.9009090090901,55.1917051190959],[30.947709477094776,55.171442191857295],[30.958509585095868,55.162999305507896],[30.962109621096232,55.157933573698244],[30.958509585095868,55.149490687348816],[30.958509585095868,55.144424955539165],[30.962109621096232,55.14273637826929],[30.972909729097296,55.14104780099942],[30.97650976509766,55.139359223729514],[30.980109801098024,55.13429349191989],[30.983709837098388,55.130916337380114],[30.983709837098388,55.12585060557046],[30.980109801098024,55.11571914195116],[30.972909729097296,55.108964832871635],[30.969309693096932,55.10221052379211],[30.972909729097296,55.09376763744268],[30.980109801098024,55.087013328363156],[30.994509945099452,55.06675040112458],[31.005310053100544,55.0431103193462],[31.005310053100544,55.02284739210762],[30.980109801098024,55.019470237567845],[30.933309333093348,55.0262245466474],[30.911709117091192,55.024535969377496],[30.908109081090828,55.01271592848832],[30.915309153091528,54.99583015578949],[30.929709297092984,54.98569869217019],[30.936909369093712,54.97387865128101],[30.91890918909189,54.953615724042436],[30.9009090090901,54.94686141496291],[30.839708397083967,54.93841852861348],[30.814508145081447,54.92828706499418],[30.81810818108181,54.918155601374906],[30.828908289082904,54.90295840594595],[30.82530825308254,54.877629746897696],[30.81090810908111,54.86074397419887],[30.789307893078927,54.84723535603982],[30.76770767707677,54.83034958334099],[30.764107641076407,54.801643769752985],[30.771307713077135,54.78644657432403],[30.78570785707859,54.779692265244506],[30.828908289082904,54.77124937889511],[30.980109801098024,54.70539486536967],[30.994509945099452,54.690197669940716],[30.998109981099816,54.671623319972014],[31.019710197101972,54.67331189724189],[31.106111061110624,54.668246165432265],[31.12771127711278,54.641228929114135],[31.16731167311673,54.62096600187553],[31.138511385113873,54.58212872466822],[31.088110881108832,54.53653713838139],[31.062910629106312,54.49263412936446],[31.095310953109532,54.47912551120538],[31.16731167311673,54.467305470316205],[31.17811178111782,54.453796852157154],[31.21051210512107,54.4487311203475],[31.224912249122497,54.4284681931089],[31.250112501125017,54.37612229774254],[31.26091260912611,54.364302256853364],[31.275312753127537,54.355859370503964],[31.28611286112863,54.347416484154536],[31.29331293312933,54.33053071145571],[31.300513005130057,54.2731190842797],[31.31131311313115,54.244413270691695],[31.325713257132577,54.22921607526274],[31.48051480514806,54.15660725265781],[31.50571505715058,54.14309863449873],[31.5309153091531,54.138032902689076],[31.58131581315814,54.12959001633968],[31.667716677166766,54.102572780021546],[31.69651696516965,54.097507048211895],[31.725317253172534,54.097507048211895],[31.736117361173626,54.09412989367215],[31.74691746917469,54.08568700732272],[31.754117541175418,54.075555543703416],[31.761317613176146,54.06035834827449],[31.77211772117721,54.048538307385314],[31.782917829178302,54.04516115284554],[31.808118081180822,54.05529261646484],[31.81531815318155,54.056981193734714],[31.82251822518225,54.05360403919494],[31.82251822518225,54.04516115284554],[31.84771847718477,53.99281525747918],[31.84051840518407,53.98437237112975],[31.84051840518407,53.969175175700826],[31.836918369183707,53.96242086662127],[31.826118261182614,53.94046936211282],[31.811718117181186,53.883057734936784],[31.793717937179366,53.85772907588856],[31.754117541175418,53.81889179868125],[31.743317433174326,53.7952517169029],[31.786517865178666,53.79356313963302],[31.87291872918729,53.776677366934194],[32.08532085320854,53.81044891233185],[32.1069210692107,53.80707175779207],[32.16452164521647,53.781743098743846],[32.29052290522907,53.76148017150524],[32.32652326523265,53.74628297607629],[32.3589235892359,53.719265739758185],[32.37332373323733,53.714200007948534],[32.42012420124203,53.71588858521841],[32.44172441724419,53.714200007948534],[32.463324633246344,53.70744569886901],[32.481324813248136,53.692248503440055],[32.488524885248864,53.68549419436053],[32.488524885248864,53.670296998931576],[32.481324813248136,53.661854112582176],[32.405724057240576,53.6399026080737],[32.39852398523985,53.634836876264046],[32.39852398523985,53.62808256718452],[32.40212402124021,53.60950821721579],[32.412924129241304,53.58249098089769],[32.430924309243096,53.562228053659084],[32.45252452524525,53.54703085823013],[32.481324813248136,53.53521081734095],[32.531725317253176,53.5217021991819],[32.55332553325533,53.5115707355626],[32.57132571325715,53.4929963855939],[32.57852578525785,53.48624207651437],[32.58572585725858,53.48455349924447],[32.59292592925931,53.48624207651437],[32.60012600126001,53.4929963855939],[32.61812618126183,53.49468496286377],[32.63612636126362,53.4929963855939],[32.65052650526505,53.48793065378425],[32.64692646926471,53.47948776743485],[32.64332643326435,53.469356303815545],[32.64692646926471,53.45753626292637],[32.65772657726578,53.455847685656465],[32.690126901269025,53.46260199473602],[32.70092700927009,53.46260199473602],[32.71892718927191,53.43896191295764],[32.71892718927191,53.43051902660824],[32.70452704527045,53.3663530903527],[32.71892718927191,53.33427012222492],[32.69732697326975,53.325827235875494],[32.6829268292683,53.327515813145396],[32.664926649266505,53.330892967685145],[32.65052650526505,53.33427012222492],[32.57852578525785,53.32413865860562],[32.58212582125822,53.32076150406587],[32.59292592925931,53.31231861771644],[32.59652596525967,53.308941463176694],[32.56772567725679,53.29880999955739],[32.538925389253905,53.295432845017615],[32.506525065250656,53.29712142228749],[32.481324813248136,53.30556430863692],[32.456124561245616,53.300498576827266],[32.44892448924489,53.28867853593809],[32.456124561245616,53.27854707231879],[32.47772477724777,53.27516991777904],[32.47052470524707,53.254906990540434],[32.456124561245616,53.23633264057173],[32.42372423724237,53.20424967244395],[32.405724057240576,53.19242963155477],[32.387723877238784,53.18736389974512],[32.35172351723517,53.1806095906656],[32.31932319323195,53.162035240696895],[32.29412294122943,53.140083736188416],[32.26892268922691,53.12488654075946],[32.21492214922151,53.12488654075946],[32.211322113221144,53.121509386219714],[32.20772207722078,53.11644365441006],[32.20772207722078,53.104623613520886],[32.204122041220415,53.099557881711235],[32.20052200522005,53.09786930444133],[32.19692196921969,53.09786930444133],[32.18972189721899,53.099557881711235],[32.153721537215375,53.09618072717146],[32.12492124921249,53.08436068628228],[32.11772117721179,53.080983531742504],[32.08172081720818,53.08267210901241],[32.00972009720098,53.099557881711235],[31.9809198091981,53.09786930444133],[31.95571955719558,53.08942641809193],[31.93051930519306,53.08773784082206],[31.908919089190903,53.09111499536181],[31.8549185491855,53.10968934533051],[31.844118441184406,53.11137792260041],[31.808118081180822,53.10968934533051],[31.79731797317973,53.113066499870285],[31.77931779317794,53.12826369529924],[31.768517685176846,53.16878954977642],[31.757717577175782,53.18736389974512],[31.73971739717399,53.19242963155477],[31.692916929169286,53.19242963155477],[31.674916749167494,53.19580678609455],[31.61371613716139,53.2093154042536],[31.592115921159206,53.211003981523476],[31.574115741157414,53.20762682698373],[31.534515345153466,53.19411820882465],[31.51291512915131,53.19411820882465],[31.46251462514627,53.1991839406343],[31.415714157141565,53.1991839406343],[31.37971379713798,53.18229816793547],[31.36171361713619,53.13332942710889],[31.36171361713619,53.11982080894981],[31.365313653136525,53.10968934533051],[31.365313653136525,53.08942641809193],[31.35451354513546,53.08267210901241],[31.32931329313294,53.07929495447263],[31.31851318513185,53.07591779993288],[31.26811268112681,53.028637636376146],[31.246512465124653,53.015129018217095],[31.322113221132213,52.97629174100979],[31.340113401134005,52.957717391041086],[31.365313653136525,52.90874865021448],[31.38691386913871,52.8884857229759],[31.41931419314193,52.86991137300717],[31.451714517145177,52.85640275484812],[31.48051480514806,52.85133702303847],[31.50571505715058,52.849648445768594],[31.51291512915131,52.841205559419166],[31.516515165151645,52.827696941260115],[31.523715237152373,52.81249974583116],[31.53811538115383,52.800679704941984],[31.548915489154894,52.79392539586246],[31.559715597155986,52.787171086782934],[31.57051570515705,52.76690815954433],[31.57051570515705,52.72469372779727],[31.548915489154894,52.70611937782854],[31.48051480514806,52.68247929605019],[31.491314913149125,52.667282100621264],[31.534515345153466,52.63013340068383],[31.566915669156685,52.58960754620665],[31.577715777157778,52.577787505317474],[31.61371613716139,52.55921315534877],[31.628116281162818,52.547393114459595],[31.624516245162454,52.53726165084029],[31.610116101161026,52.53557307357042],[31.574115741157414,52.54063880538004],[31.559715597155986,52.54063880538004],[31.56331563315635,52.53726165084029],[31.577715777157778,52.525441609951116],[31.559715597155986,52.520375878141465],[31.548915489154894,52.51193299179204],[31.552515525155258,52.50180152817276],[31.566915669156685,52.493358641823335],[31.58851588515887,52.48322717820403],[31.58851588515887,52.457898519155805],[31.584915849158506,52.4275041282979],[31.58131581315814,52.40217546924967],[31.592115921159206,52.39204400563037],[31.599315993159934,52.38360111928097],[31.606516065160662,52.37178107839179],[31.610116101161026,52.35489530569296],[31.602916029160298,52.341386687533884],[31.592115921159206,52.32787806937483],[31.58131581315814,52.31774660575553],[31.566915669156685,52.310992296676005],[31.59571595715957,52.283975060357875],[31.61371613716139,52.27384359673857],[31.631716317163182,52.26540071038917],[31.649716497164974,52.26033497857952],[31.682116821168222,52.25695782403977],[31.700117001170014,52.25189209223012],[31.68931689316895,52.243449205880694],[31.682116821168222,52.22994058772164],[31.678516785167858,52.216431969562564],[31.682116821168222,52.20123477413364],[31.68931689316895,52.191103310514336],[31.700117001170014,52.186037578704685],[31.750517505175054,52.164086074196206],[31.761317613176146,52.150577456037155],[31.76491764917651,52.13031452879855],[31.76491764917651,52.09992013794067],[31.649716497164974,52.096542983400894],[31.473314733147333,52.11849448790937],[31.383313833138345,52.1168059106395],[31.30411304113042,52.0982315606708],[31.282512825128265,52.08134578797197],[31.26811268112681,52.061082860733364],[31.25371253712538,52.04419708803454],[31.22851228512286,52.03744277895501],[31.20331203312034,52.04419708803454],[31.16011160111603,52.06783716981289],[31.13491134911351,52.07628005616232],[31.095310953109532,52.07965721070207],[30.958509585095868,52.074591478892415],[30.933309333093348,52.06952574708279],[30.91890918909189,52.05939428346349],[30.92610926109262,52.04250851076466],[30.91890918909189,52.03744277895501],[30.915309153091528,52.03237704714536],[30.915309153091528,52.02731131533571],[30.911709117091192,52.02224558352606],[30.940509405094048,52.02055700625618],[30.95130951309514,52.00704838809713],[30.940509405094048,51.99353976993805],[30.915309153091528,51.99185119266818],[30.908109081090828,51.998605501747704],[30.904509045090464,52.00029407901758],[30.897308973089736,51.998605501747704],[30.890108901089008,51.99353976993805],[30.879308793087944,51.9884740381284],[30.879308793087944,51.97327684269948],[30.86850868508685,51.96483395635005],[30.857708577085788,51.95807964727052],[30.846908469084696,51.951325338191],[30.832508325083268,51.946259606381346],[30.803708037080384,51.93950529730182],[30.803708037080384,51.92937383368252],[30.81090810908111,51.92599667914274],[30.81090810908111,51.91755379279334],[30.796507965079655,51.90742232917404],[30.789307893078927,51.900668020094514],[30.778507785077863,51.89729086555474],[30.74970749707498,51.89897944282464],[30.74250742507425,51.89729086555474],[30.738907389073887,51.892225133745086],[30.738907389073887,51.88209367012581],[30.73530735307355,51.873650783776384],[30.713707137071367,51.86689647469686],[30.706507065070667,51.86014216561733],[30.702907029070303,51.85338785653781],[30.695706957069575,51.85001070199803],[30.695706957069575,51.846633547458254],[30.67410674106742,51.829747774759426],[30.66690666906669,51.8229934656799],[30.663306633066327,51.81961631114015],[30.663306633066327,51.816239156600375],[30.670506705067055,51.80610769298107],[30.670506705067055,51.79091049755215],[30.652506525065263,51.77909045666294],[30.630906309063107,51.77064757031354],[30.61650616506165,51.76051610669424],[30.638106381063807,51.75545037488459],[30.645306453064535,51.753761797614715],[30.645306453064535,51.74700748853519],[30.63450634506347,51.740253179455664],[30.630906309063107,51.72843313856649],[30.630906309063107,51.71492452040741],[30.62370623706238,51.70648163405801],[30.612906129061287,51.70310447951823],[30.58410584105843,51.70310447951823],[30.569705697056975,51.69972732497848],[30.576905769057703,51.6862187068194],[30.56610566105661,51.66595577958083],[30.569705697056975,51.65075858415187],[30.562505625056247,51.647381429612096],[30.555305553055547,51.6389385432627],[30.551705517055183,51.63724996599282],[30.551705517055183,51.633872811453045],[30.555305553055547,51.62374134783374],[30.544505445054455,51.620364193293995],[30.51570515705157,51.60347842059517],[30.51570515705157,51.59672411151561],[30.53370533705339,51.58659264789634],[30.544505445054455,51.58321549335656],[30.544505445054455,51.576461184277036],[30.53370533705339,51.57477260700716],[30.530105301053027,51.57308402973726],[30.526505265052663,51.571395452467385],[30.5229052290523,51.56970687519751],[30.5229052290523,51.56295256611796],[30.53370533705339,51.55282110249868],[30.56610566105661,51.54775537068903],[30.58410584105843,51.54268963887938],[30.576905769057703,51.530869597990204],[30.569705697056975,51.52580386618055],[30.562505625056247,51.522426711640776],[30.57330573305734,51.51567240256125],[30.58410584105843,51.508918093481725],[30.59130591305913,51.5021637844022],[30.58410584105843,51.49372089805277],[30.587705877058767,51.481900857163595],[30.59850598505986,51.473457970814195],[30.60930609306095,51.47008081627442],[30.61650616506165,51.46670366173467],[30.61650616506165,51.459949352655116],[30.605706057060587,51.46163792992502],[30.594905949059495,51.45826077538524],[30.587705877058767,51.451506466305716],[30.58410584105843,51.43968642541654],[30.587705877058767,51.42786638452736],[30.594905949059495,51.424489229987586],[30.605706057060587,51.424489229987586],[30.61650616506165,51.419423498177935],[30.62370623706238,51.41266918909841],[30.630906309063107,51.383963375510405],[30.638106381063807,51.37889764370075],[30.645306453064535,51.37214333462123],[30.645306453064535,51.36707760281158],[30.630906309063107,51.3637004482718],[30.638106381063807,51.3366832119537],[30.60930609306095,51.31810886198497],[30.580505805058067,51.30291166655604],[30.576905769057703,51.28940304839696],[30.55890558905591,51.26914012115839],[30.555305553055547,51.267451543888484],[30.555305553055547,51.242122884840256],[30.551705517055183,51.237057153030605],[30.54090540905409,51.23536857576073],[30.53370533705339,51.24381146211013],[30.519305193051935,51.25225434845956],[30.50850508505087,51.25732008026921],[30.494104941049414,51.26069723480896],[30.479704797047987,51.259008657539084],[30.46530465304653,51.26238581207886],[30.443704437044374,51.28264873931744],[30.429304293042946,51.291091625666866],[30.41490414904149,51.294468780206614],[30.38250382503827,51.294468780206614],[30.368103681036814,51.29784593474639],[30.353703537035386,51.30460024382592],[30.324903249032502,51.329928902874144],[30.317703177031774,51.34006036649345],[30.321303213032138,51.34174894376335],[30.328503285032866,51.362011871001926],[30.328503285032866,51.389029107320056],[30.324903249032502,51.39578341639958],[30.321303213032138,51.40253772547911],[30.30690306903071,51.40929203455863],[30.25650256502567,51.424489229987586],[30.242102421024214,51.43462069360689],[30.20610206102063,51.46670366173467],[30.177301773017746,51.48021227989372],[30.14850148501486,51.48358943443347],[30.008100081000805,51.481900857163595],[29.98649986499865,51.478523702623846],[29.925299252992545,51.45826077538524],[29.91089910899109,51.45826077538524],[29.89649896498966,51.46501508446477],[29.88569885698857,51.46501508446477],[29.874898748987505,51.459949352655116],[29.856898568985685,51.43968642541654],[29.84609846098462,51.432932116337014],[29.82809828098283,51.42955496179724],[29.738097380973812,51.43968642541654],[29.723697236972384,51.44981788903584],[29.716497164971656,51.46501508446477],[29.698496984969864,51.48358943443347],[29.684096840968408,51.4920323207829],[29.662496624966252,51.49372089805277],[29.637296372963732,51.49034374351302],[29.61929619296194,51.48527801170337],[29.597695976959784,51.473457970814195],[29.583295832958328,51.46163792992502],[29.5688956889569,51.44981788903584],[29.54369543695438,51.44306357995629],[29.51849518495186,51.441375002686414],[29.504095040950403,51.43799784814664],[29.496894968949704,51.42617780725746],[29.482494824948247,51.40084914820923],[29.464494644946456,51.38565195278028],[29.446494464944664,51.38565195278028],[29.403294032940323,51.39578341639958],[29.378093780937803,51.39071768458993],[29.352893528935283,51.37720906643088],[29.34209342093422,51.370454757351354],[29.320493204932063,51.3653890255417],[29.295292952929543,51.3738319118911],[29.28449284492845,51.392406261859804],[29.277292772927723,51.41435776636828],[29.26649266492666,51.432932116337014],[29.244892448924503,51.44812931176594],[29.226892268922683,51.454883620845465],[29.219692196921983,51.46670366173467],[29.230492304923047,51.49372089805277],[29.226892268922683,51.51904955710103],[29.21609216092162,51.535935329799855],[29.180091800918007,51.566329720657734],[29.162091620916215,51.60347842059517],[29.147691476914787,51.61529846148434],[29.122491224912267,51.62542992510362],[29.08289082890829,51.63049565691327],[29.0648906489065,51.63049565691327],[29.043290432904342,51.62542992510362],[29.02529025290255,51.61360988421444],[29.00009000090003,51.58321549335656],[28.98208982089821,51.56970687519751],[28.953289532895326,51.56295256611796],[28.892088920889222,51.56295256611796],[28.863288632886338,51.55957541157821],[28.83088830888309,51.54775537068903],[28.79848798487987,51.53255817526008],[28.77328773287735,51.5106066707516],[28.751687516875165,51.48358943443347],[28.74808748087483,51.46670366173467],[28.751687516875165,51.42955496179724],[28.74808748087483,51.41435776636828],[28.73008730087301,51.40084914820923],[28.719287192871946,51.410980611828535],[28.712087120871217,51.42955496179724],[28.70488704887049,51.44306357995629],[28.69048690486906,51.44306357995629],[28.67968679686797,51.43799784814664],[28.66528665286654,51.43462069360689],[28.64728647286475,51.43968642541654],[28.636486364863657,51.44981788903584],[28.62928629286293,51.46332650719489],[28.6148861488615,51.51904955710103],[28.611286112861137,51.539312484339604],[28.60408604086041,51.55282110249868],[28.57888578885789,51.55957541157821],[28.4888848888489,51.571395452467385],[28.460084600846017,51.571395452467385],[28.434884348843497,51.566329720657734],[28.384483844838456,51.544378216149255],[28.359283592835936,51.52918102072033],[28.348483484834844,51.52580386618055],[28.334083340833416,51.52918102072033],[28.326883268832688,51.535935329799855],[28.316083160831624,51.56464114338786],[28.31248312483126,51.57477260700716],[28.298082980829804,51.58321549335656],[28.26928269282695,51.59503553424574],[28.258482584825856,51.601789843325264],[28.247682476824764,51.61360988421444],[28.247682476824764,51.63049565691327],[28.244082440824428,51.64062712053257],[28.229682296822972,51.65075858415187],[28.21168211682118,51.65244716142175],[28.18648186481866,51.64569285234222],[28.164881648816504,51.633872811453045],[28.146881468814684,51.61360988421444],[28.114481144811464,51.57477260700716],[28.089280892808944,51.56126398884808],[28.071280712807123,51.557886834308334],[27.974079740797407,51.557886834308334],[27.956079560795615,51.56126398884808],[27.93447934479346,51.566329720657734],[27.87687876878769,51.60854415240479],[27.855278552785535,51.61529846148434],[27.830078300783015,51.61360988421444],[27.812078120781223,51.601789843325264],[27.80127801278013,51.584904070626436],[27.794077940779403,51.56464114338786],[27.794077940779403,51.55282110249868],[27.797677976779767,51.54100106160951],[27.797677976779767,51.530869597990204],[27.794077940779403,51.517360979831125],[27.786877868778703,51.5106066707516],[27.740077400774027,51.47176939354429],[27.729277292772935,51.46501508446477],[27.714877148771507,51.46332650719489],[27.70047700477005,51.46670366173467],[27.68247682476826,51.47514654808407],[27.671676716767166,51.48527801170337],[27.664476644766467,51.49034374351302],[27.664476644766467,51.4920323207829],[27.696876968769686,51.54268963887938],[27.704077040770414,51.56801829792761],[27.693276932769322,51.58996980243609],[27.67527675276753,51.59503553424574],[27.621276212762126,51.59672411151561],[27.513275132751346,51.62374134783374],[27.477274772747734,51.62374134783374],[27.459274592745942,51.61698703875422],[27.430474304743058,51.598412688785515],[27.4088740887409,51.59165837970599],[27.387273872738746,51.58996980243609],[27.329673296732977,51.59672411151561],[27.290072900729,51.58828122516621],[27.268472684726845,51.58828122516621],[27.254072540725417,51.59503553424574],[27.261272612726145,51.611921306944566],[27.275672756727573,51.633872811453045],[27.279272792727937,51.65075858415187],[27.24687246872469,51.655824315961524],[27.225272252722533,51.65413573869162],[27.203672036720377,51.655824315961524],[27.18927189271892,51.664267202310924],[27.18207182071822,51.682841552279655],[27.18207182071822,51.70985878859776],[27.185671856718585,51.731810293106236],[27.178471784717857,51.74700748853519],[27.149671496714973,51.75713895215449],[27.110071100711025,51.762204683964114],[27.02007020070201,51.76389326123402],[26.919269192691928,51.74194175672554],[26.85446854468546,51.74869606580506],[26.667266672666727,51.80104196117142],[26.44406444064441,51.80610769298107],[26.433264332643347,51.80948484752085],[26.41886418864189,51.821304888410026],[26.415264152641527,51.83143635202933],[26.41886418864189,51.83987923837873],[26.41886418864189,51.846633547458254],[26.408064080640827,51.85001070199803],[26.174061740617418,51.856765011077556],[26.145261452614534,51.865207897426984],[26.127647748195006,51.87484644485762],[25.10320659660849,54.14378657654795]]]}},{"type":"Feature","properties":{"territory_id":"CH-01","country_code":"CH","country_name":"Switzerland","display_name":"Swiss Plateau","strategic_centre":"Bern","centre":[7.4475,46.9481],"boundary_status":"administrative-comparison-draft","admin_source":"NUTS 2024 level 3","source_region_count":15},"geometry":{"type":"Polygon","coordinates":[[[5.956647832391624,46.13135656782839],[5.982899144957251,46.205560278013905],[6.110405520276018,46.25326266313316],[6.125406270313519,46.31686584329216],[6.155407770388521,46.369868493424676],[6.0654032701635145,46.4149207460373],[6.136656832841645,46.55802790139507],[6.136656832841645,46.592479623981205],[6.4366718335916815,46.764738236911846],[6.459172958647933,46.85219260963048],[6.459172958647933,46.947597379868995],[6.616680834041709,46.995299764988246],[6.8604430221511095,47.16490824541227],[6.942947147357373,47.24176208810441],[6.957947897394874,47.28681434071704],[7.044202210110512,47.33981699084954],[7.021701085054254,47.36896844842242],[6.897944897244869,47.36896844842242],[6.9391969598479974,47.43257162858143],[6.984199209960501,47.45112255612781],[7.0067003350167525,47.498824941247065],[7.130456522826144,47.50412520626031],[7.18670933546678,47.443172158607936],[7.325466273313673,47.440522026101306],[7.3367168358417985,47.440522026101306],[7.3517175858793,47.43522176108806],[7.381719085954302,47.43257162858143],[7.400470023501178,47.43522176108806],[7.42297114855743,47.44582229111455],[7.445472273613682,47.46172308615431],[7.5092254612730684,47.50147507375369],[7.5092254612730684,47.53857692884644],[7.554227711385572,47.5650782539127],[7.587979398969949,47.58892944647232],[7.63298164908246,47.56242812140607],[7.715485774288716,47.53857692884644],[7.895494774738744,47.586279313965704],[7.921746087304371,47.554477723886194],[8.034251712585636,47.55182759137957],[8.214260713035657,47.61543077153858],[8.428021401070055,47.56772838641932],[8.364268213410675,47.49352467623382],[8.420521026051304,47.32126606330317],[8.409270463523178,47.247062353117656],[8.450522526126313,47.217910895544776],[8.578028901445073,47.21526076303815],[8.694284714235714,47.16490824541227],[8.626781339066959,47.09335466773339],[8.491774588729442,47.101305065253264],[8.435521776088805,47.07480374018701],[8.484274213710691,47.0218010900545],[8.46927346367319,46.995299764988246],[8.499274963748192,46.976748837441875],[8.570528526426322,46.989999499975],[8.54052702635132,46.93434671733587],[8.480524026201316,46.89724486224311],[8.473023651182565,46.85484274213711],[8.495524776238817,46.841592079603984],[8.488024401220066,46.78593929696485],[8.450522526126313,46.764738236911846],[8.409270463523178,46.65343267163358],[8.416770838541929,46.56862843142157],[8.47677383869194,46.52887644382219],[8.383019150957551,46.452022601130054],[8.308015400770046,46.4149207460373],[8.296764838241913,46.37516875843792],[8.214260713035657,46.31686584329216],[8.105505275263766,46.27446372318616],[8.154257712885645,46.192309615480774],[8.15050752537627,46.14990749537477],[8.038001900095011,46.09425471273563],[7.996749837491876,46.006800340017],[7.895494774738744,45.985599279964],[7.87674383719186,45.92729636481824],[7.865493274663734,45.91669583479174],[7.561728086404322,45.97764888244412],[7.396719835991803,45.903445172258614],[7.295464773238663,45.914045702285115],[7.18670933546678,45.86634331716586],[7.111705585279267,45.86899344967249],[7.044202210110512,45.92199609980499],[6.946697334866748,46.049202460123006],[6.894194709735494,46.05450272513626],[6.890444522226112,46.118105905295266],[6.800440022001105,46.15520776038802],[6.852942647132359,46.27446372318616],[6.781689084454229,46.34866743337167],[6.819190959547981,46.42817140857043],[6.519175958797945,46.452022601130054],[6.31291564578229,46.3937196859843],[6.219160958047908,46.311565578278916],[6.297914895744789,46.24796239811991],[6.2904145207260385,46.22941147057353],[6.14040702035102,46.147257362868146],[5.956647832391624,46.13135656782839]]]}},{"type":"Feature","properties":{"territory_id":"CH-02","country_code":"CH","country_name":"Switzerland","display_name":"Alpine Switzerland","strategic_centre":"Chur","centre":[9.5333,46.85],"boundary_status":"administrative-comparison-draft","admin_source":"NUTS 2024 level 3","source_region_count":11},"geometry":{"type":"Polygon","coordinates":[[[8.364268213410675,47.49352467623382],[8.428021401070055,47.56772838641932],[8.514275713785693,47.62868143407171],[8.563028151407572,47.59952997649883],[8.596779838991957,47.604830241512076],[8.608030401520082,47.66843342167108],[8.506775338766943,47.64988249412471],[8.428021401070055,47.67108355417771],[8.416770838541929,47.70023501175059],[8.510525526276318,47.777088854442724],[8.563028151407572,47.79298964948248],[8.578028901445073,47.80359017950897],[8.615530776538833,47.800940047002356],[8.70553527676384,47.75588779438972],[8.728036401820098,47.692284614230715],[8.795539776988853,47.67638381919096],[8.780539026951352,47.70818540927046],[8.81429071453573,47.721436071803595],[8.855542777138858,47.70023501175059],[8.874293714685741,47.65518275913796],[9.03180159007951,47.68433421671084],[9.181809090454529,47.65518275913796],[9.37681884094205,47.623381169058455],[9.508075403770192,47.54917745887295],[9.560578028901446,47.54122706135307],[9.57932896644833,47.48027401370069],[9.65058252912646,47.443172158607936],[9.654332716635835,47.38486924346218],[9.530576528826444,47.27091354567729],[9.511825591279568,47.2311615580779],[9.496824841242066,47.20731036551828],[9.489324466223316,47.19140957047853],[9.496824841242066,47.1569578478924],[9.515575778788943,47.122506125306266],[9.511825591279568,47.085404270213516],[9.481824091204565,47.06685334266713],[9.474323716185815,47.05095254762738],[9.538076903845194,47.064203210160514],[9.601830091504581,47.06155307765388],[9.605580279013957,47.06155307765388],[9.86059302965149,47.01385069253463],[9.890594529726492,46.93169658482924],[10.089354467723389,46.84954247712386],[10.145607280364025,46.85219260963048],[10.216860843042156,46.86809340467023],[10.246862343117158,46.921096054802746],[10.310615530776545,46.93169658482924],[10.374368718435925,46.995299764988246],[10.47937396869844,46.936996849842494],[10.468123406170314,46.85484274213711],[10.389369468473426,46.67993399669984],[10.408120406020302,46.645482274113704],[10.483124156207815,46.61368068403421],[10.453122656132813,46.531526576328815],[10.303115155757794,46.55272763638182],[10.231861593079657,46.62693134656733],[10.108105405270265,46.6030801540077],[10.051852592629636,46.53682684134207],[10.044352217610886,46.46792339616981],[10.063103155157762,46.43347167358368],[10.156857842892151,46.406970348517426],[10.11185559277964,46.338066903345165],[10.164358217910902,46.25591279563979],[10.115605780289016,46.232061603080155],[10.055602780139012,46.234711735586785],[9.93934696734837,46.37781889094455],[9.733086654332723,46.338066903345165],[9.703085154257714,46.29831491574579],[9.55682784139207,46.30626531326567],[9.463073153657689,46.38841942097105],[9.455572778638938,46.49442472123606],[9.414320716035803,46.475873793689686],[9.301815090754545,46.49707485374269],[9.26056302815141,46.44407220361018],[9.290564528226419,46.32481624081204],[9.249312465623284,46.234711735586785],[9.159307965398277,46.16845842292115],[9.01680084004201,46.03595179758988],[9.009300465023259,45.953797689884496],[9.076803840192014,45.89549477473874],[9.039301965098261,45.83984199209961],[8.911795589779494,45.82924146207311],[8.934296714835746,45.876943847192365],[8.889294464723243,45.953797689884496],[8.795539776988853,45.9961998099905],[8.836791839591982,46.07305365268263],[8.75053752687635,46.11280564028202],[8.71303565178259,46.096904845242264],[8.615530776538833,46.126056302815144],[8.46177308865444,46.242662133106656],[8.435521776088805,46.29301465073254],[8.46177308865444,46.436121806090306],[8.383019150957551,46.452022601130054],[8.47677383869194,46.52887644382219],[8.416770838541929,46.56862843142157],[8.409270463523178,46.65343267163358],[8.450522526126313,46.764738236911846],[8.488024401220066,46.78593929696485],[8.495524776238817,46.841592079603984],[8.473023651182565,46.85484274213711],[8.480524026201316,46.89724486224311],[8.54052702635132,46.93434671733587],[8.570528526426322,46.989999499975],[8.499274963748192,46.976748837441875],[8.46927346367319,46.995299764988246],[8.484274213710691,47.0218010900545],[8.435521776088805,47.07480374018701],[8.491774588729442,47.101305065253264],[8.626781339066959,47.09335466773339],[8.694284714235714,47.16490824541227],[8.578028901445073,47.21526076303815],[8.450522526126313,47.217910895544776],[8.409270463523178,47.247062353117656],[8.420521026051304,47.32126606330317],[8.364268213410675,47.49352467623382]],[[8.664283214160712,47.68698434921746],[8.671783589179462,47.68433421671084],[8.716785839291965,47.689634481724084],[8.690534526726339,47.70818540927046],[8.664283214160712,47.68698434921746]]]}},{"type":"Feature","properties":{"territory_id":"CY-01","country_code":"CY","country_name":"Cyprus","display_name":"Cyprus","strategic_centre":"Nicosia","centre":[33.365,35.1725],"boundary_status":"administrative-comparison-draft","admin_source":"NUTS 2024 level 3","source_region_count":1},"geometry":{"type":"Polygon","coordinates":[[[32.25296264813241,35.06440322016101],[32.42547127356369,35.08295414770738],[32.631731586579335,35.1677583879194],[32.82674133706686,35.19425971298565],[33.006750337516884,35.36121806090304],[33.60678033901696,35.366518325916296],[33.94429721486075,35.44867243362168],[34.218060903045156,35.55732786639332],[34.27806390319517,35.54672733636682],[33.97804890244513,35.26316315815791],[33.959297964898255,34.99284964248213],[33.734286714335724,34.942497124856246],[33.51302565128257,34.79673983699185],[32.99174958747938,34.61653082654133],[32.66923346167309,34.65893294664733],[32.451722586129314,34.764938246912344],[32.3317165858293,34.88684434221711],[32.25296264813241,35.06440322016101]]]}},{"type":"Feature","properties":{"territory_id":"CZ-01","country_code":"CZ","country_name":"Czechia","display_name":"Bohemia and Prague","strategic_centre":"Prague","centre":[14.4214,50.0875],"boundary_status":"administrative-comparison-draft","admin_source":"NUTS 2024 level 3","source_region_count":8},"geometry":{"type":"Polygon","coordinates":[[[12.099454972748639,50.318565928296415],[12.178208910445527,50.31326566328316],[12.31696584829242,50.17545877293865],[12.410720536026808,50.32121606080304],[12.583229161458078,50.40602030101505],[12.703235161758094,50.40602030101505],[12.82324116205811,50.45372268613431],[12.946997349867495,50.40337016850843],[13.010750537526881,50.445772288614435],[13.044502225111259,50.50937546877344],[13.183259162958151,50.50672533626681],[13.254512725636289,50.58622931146557],[13.307015350767543,50.580929046452326],[13.38576928846443,50.63393169658483],[13.453272663633186,50.607430371518575],[13.502025101255064,50.63393169658483],[13.539526976348824,50.705485274263715],[13.652032601630083,50.72933646682334],[13.854542727136362,50.73198659932997],[13.978298914945753,50.81149057452873],[14.375818790939555,50.90159507975399],[14.383319165958305,50.93339666983349],[14.267063353167664,50.994349717485875],[14.319565978298918,51.05530276513826],[14.413320666033307,51.02615130756538],[14.492074603730188,51.04470223511176],[14.589579478973953,50.986399319966],[14.574578728936451,50.92279613980699],[14.638331916595831,50.92279613980699],[14.619580979048955,50.856542827141354],[14.769588479423973,50.82474123706186],[14.822091104555234,50.869793489674485],[14.990849542477129,50.87244362218111],[15.009600480024005,50.95724786239312],[14.983349167458378,50.994349717485875],[15.01335066753338,51.01555077753888],[15.163358167908399,51.01025051252563],[15.272113605680289,50.967848392419626],[15.283364168208415,50.90159507975399],[15.384619230961555,50.78233911695585],[15.455872793639685,50.800890044502225],[15.534626731336573,50.77968898444922],[15.808390419520983,50.74788739436972],[15.868393419670987,50.67898394919746],[15.980899044952253,50.68163408170409],[16.02215110755538,50.610080504025206],[16.10840542027102,50.66308315415771],[16.190909545477275,50.63393169658483],[16.24716235811791,50.665733286664334],[16.337166858342925,50.65248262413121],[16.427171358567932,50.5994799739987],[16.38216910845543,50.51997599879994],[16.213410670533534,50.42722136106805],[16.44592229611481,50.307965398269914],[16.54717735886795,50.220511025551275],[16.580929046452326,50.143657182859144],[16.49092454622732,50.1595579778989],[16.30341517075854,50.04825241262063],[16.23216160808041,50.04030201510076],[15.962148107405376,50.1595579778989],[15.830891544577234,50.1383569178459],[15.77088854442723,50.164858242912146],[15.699634981749092,50.13040652032602],[15.579628981449076,50.14100705035252],[15.437121856092809,50.10920546027302],[15.384619230961555,50.04030201510076],[15.527126356317822,49.95549777488874],[15.49712485624282,49.86009300465024],[15.414620731036557,49.79913995699785],[15.227111355567786,49.74613730686534],[15.18585929296465,49.690484524226214],[15.230861543077161,49.6268813440672],[15.159607980399024,49.59772988649432],[15.009600480024005,49.60038001900095],[14.930846542327124,49.55002750137507],[14.89709485474274,49.3857192859643],[14.923346167308367,49.31946597329866],[14.975848792439628,49.285014250712535],[15.095854792739644,49.266463323166164],[15.152107605380273,49.22141107055353],[15.332116605830294,49.21081054052703],[15.403370168508431,49.131306565328266],[15.542127106355323,49.123356167808396],[15.587129356467827,49.091554577728886],[15.515875793789697,49.00145007250363],[15.587129356467827,48.94844742237112],[15.542127106355323,48.908695434771744],[15.362118105905303,48.98024901245063],[15.182109105455275,48.95374768738437],[15.125856292814646,48.996149807490376],[15.009600480024005,49.012050602530124],[14.983349167458378,48.96964848242412],[14.964598229911502,48.77353867693385],[14.818340917045859,48.77353867693385],[14.73208660433022,48.68873443672184],[14.690834541727092,48.58537926896345],[14.61583079153958,48.61983099154958],[14.54457722886145,48.609230461523076],[14.473323666183312,48.63573178658933],[14.330816540827044,48.5588779438972],[14.094554727736394,48.59332966648333],[14.023301165058257,48.638381919095956],[14.042052102605133,48.66223311165558],[14.012050602530131,48.69933496674834],[13.839541977098861,48.77088854442722],[13.734536726836346,48.87689384469223],[13.55077753887695,48.966998349917496],[13.490774538726939,48.95109755487775],[13.415770788539433,48.98024901245063],[13.352017600880046,49.08095404770239],[13.198259912995653,49.131306565328266],[13.172008600430026,49.17370868543428],[13.044502225111259,49.26381319065953],[12.954497724886252,49.33801690084505],[12.789489474473726,49.35126756337817],[12.631981599079957,49.47582379118956],[12.635731786589332,49.518225911295566],[12.594479723986204,49.54207710385519],[12.515725786289316,49.67988399419971],[12.403220161008058,49.759387969398475],[12.463223161158062,49.788539426971354],[12.5494774738737,49.905145257262866],[12.493224661233064,49.93694684734237],[12.478223911195563,49.979348967448374],[12.26071303565179,50.058852942647135],[12.15945797289865,50.220511025551275],[12.106955347767396,50.24701235061753],[12.129456472823648,50.281464073203665],[12.099454972748639,50.318565928296415]]]}},{"type":"Feature","properties":{"territory_id":"CZ-02","country_code":"CZ","country_name":"Czechia","display_name":"Moravia and Silesia","strategic_centre":"Brno","centre":[16.6083,49.1925],"boundary_status":"administrative-comparison-draft","admin_source":"NUTS 2024 level 3","source_region_count":6},"geometry":{"type":"Polygon","coordinates":[[[14.89709485474274,49.3857192859643],[14.930846542327124,49.55002750137507],[15.009600480024005,49.60038001900095],[15.159607980399024,49.59772988649432],[15.230861543077161,49.6268813440672],[15.18585929296465,49.690484524226214],[15.227111355567786,49.74613730686534],[15.414620731036557,49.79913995699785],[15.49712485624282,49.86009300465024],[15.527126356317822,49.95549777488874],[15.384619230961555,50.04030201510076],[15.437121856092809,50.10920546027302],[15.579628981449076,50.14100705035252],[15.699634981749092,50.13040652032602],[15.77088854442723,50.164858242912146],[15.830891544577234,50.1383569178459],[15.962148107405376,50.1595579778989],[16.23216160808041,50.04030201510076],[16.30341517075854,50.04825241262063],[16.49092454622732,50.1595579778989],[16.580929046452326,50.143657182859144],[16.704685234261717,50.10390519525976],[16.862193109655486,50.19930996549827],[17.01595079753988,50.23111155557778],[17.004700235011754,50.29206460323016],[16.873443672183612,50.40867043352168],[16.907195359767996,50.44842242112106],[17.192209610480532,50.3795189759488],[17.42847142357118,50.25496274813741],[17.619730986549335,50.27086354317716],[17.713485674283717,50.31591579578979],[17.739736986849344,50.29736486824341],[17.754737736886852,50.220511025551275],[17.61598079903996,50.16750837541878],[17.627231361568086,50.12775638781939],[17.724736236811843,50.09595479773989],[17.78098904945248,50.027051352567625],[17.87474373718686,49.97669883494175],[18.032251612580637,50.01115055752788],[18.013500675033754,50.04825241262063],[18.036001800090013,50.06680334016701],[18.129756487824395,49.99789989499475],[18.201010050502532,49.98729936496825],[18.313515675783798,49.923696184809245],[18.39976998849943,49.93959697984899],[18.576028801440074,49.91044552227612],[18.57977898894945,49.825641282064105],[18.62478123906196,49.73288664433222],[18.801040052002605,49.669283464173205],[18.849792489624484,49.518225911295566],[18.752287614380727,49.49437471873594],[18.5722786139307,49.504975248762435],[18.46727336366819,49.4069203460173],[18.403520176008804,49.3963198159908],[18.39226961348068,49.34596729836492],[18.321016050802548,49.314165708285415],[18.167258362918155,49.266463323166164],[18.073503675183765,49.043852192609634],[17.930996549827498,49.01735086754338],[17.878493924696237,48.93254662733137],[17.78848942447123,48.92194609730487],[17.645982299114962,48.85304265213261],[17.39846992349618,48.81329066453323],[17.18470923546178,48.86629331466574],[17.03845192259613,48.7576378818941],[16.940947047352374,48.61718085904295],[16.895944797239864,48.71258562928146],[16.69343467173359,48.733786689334465],[16.65593279663984,48.7788389419471],[16.54717735886795,48.80534026701335],[16.464673233661685,48.802690134506726],[16.40467023351168,48.74438721936097],[16.337166858342925,48.73113655682784],[16.06715335766789,48.75498774938747],[15.83464173208661,48.868943447172356],[15.752137606880346,48.85304265213261],[15.542127106355323,48.908695434771744],[15.587129356467827,48.94844742237112],[15.515875793789697,49.00145007250363],[15.587129356467827,49.091554577728886],[15.542127106355323,49.123356167808396],[15.403370168508431,49.131306565328266],[15.332116605830294,49.21081054052703],[15.152107605380273,49.22141107055353],[15.095854792739644,49.266463323166164],[14.975848792439628,49.285014250712535],[14.923346167308367,49.31946597329866],[14.89709485474274,49.3857192859643]]]}},{"type":"Feature","properties":{"territory_id":"DE-01","country_code":"DE","country_name":"Germany","display_name":"Northern Germany","strategic_centre":"Hamburg","centre":[10,53.55],"boundary_status":"administrative-comparison-draft","admin_source":"NUTS 2024 level 3","source_region_count":64},"geometry":{"type":"MultiPolygon","coordinates":[[[[6.654182709135462,53.58882944147207],[6.721686084304217,53.62063103155158],[6.774188709435478,53.60738036901846],[6.725436271813592,53.56762838141907],[6.654182709135462,53.58882944147207]]],[[[6.845442272113608,53.64448222411121],[6.894194709735494,53.66568328416421],[6.924196209810496,53.64978248912446],[6.894194709735494,53.61533076653833],[6.845442272113608,53.64448222411121]]],[[[6.999199959998002,53.360918045902295],[7.047952397619888,53.51727586379319],[7.119205960298018,53.535826791339574],[7.100455022751142,53.57557877893895],[7.126706335316769,53.59677983899195],[7.164208210410521,53.631231561578076],[7.340467023351174,53.68423421171059],[7.5504775238761965,53.67628381419071],[7.587979398969949,53.68158407920396],[7.606730336516833,53.68688434421721],[7.689234461723089,53.700135006750344],[7.809240462023105,53.708085404270214],[7.992999649982501,53.71073553677684],[8.090504525226265,53.639181959097954],[8.139256962848144,53.59677983899195],[8.146757337866894,53.525226261313065],[8.060503025151263,53.506675333766694],[8.08675433771689,53.45632281614081],[8.19550977548878,53.40862043102155],[8.25176258812941,53.41127056352818],[8.296764838241913,53.448372418620934],[8.296764838241913,53.506675333766694],[8.248012400620034,53.54642732136607],[8.30426521326067,53.6020801040052],[8.551777588879446,53.51727586379319],[8.563028151407572,53.5490774538727],[8.521776088804444,53.5914795739787],[8.521776088804444,53.60738036901846],[8.488024401220066,53.700135006750344],[8.555527776388821,53.824691234561726],[8.619280964048208,53.88034401720086],[8.675533776688837,53.88829441472073],[8.80679033951698,53.832641632081604],[9.028051402570135,53.824691234561726],[9.09555477773889,53.86179308965448],[9.27556377818891,53.853842692134606],[9.55682784139207,53.60473023651183],[9.583079153957705,53.59677983899195],[9.770588529426476,53.543777188859444],[9.733086654332723,53.564978248912446],[9.631831591579584,53.59677983899195],[9.583079153957705,53.612680634031705],[9.519325966298318,53.71338566928347],[9.425571278563929,53.75313765688284],[9.346817340867048,53.84854242712136],[9.19680984049203,53.88829441472073],[8.97929896494825,53.89624481224061],[8.908045402270119,53.93599679984],[8.840542027101357,54.02345117255863],[8.975548777438874,54.06320316015801],[8.93054652732637,54.12150607530377],[8.859292964648233,54.12680634031702],[8.82179108955448,54.161258062903144],[8.844292214610732,54.26461323066154],[8.668033401670087,54.288464423221164],[8.611780589029458,54.328216410820545],[8.679283964198213,54.354717735886794],[8.675533776688837,54.394469723486175],[8.881794089704492,54.41037051852592],[8.998049902495126,54.47132356617831],[8.97929896494825,54.51372568628432],[8.889294464723243,54.46602330116506],[8.818040902045105,54.47397369868494],[8.874293714685741,54.5746787339367],[8.874293714685741,54.60913045652283],[8.7580379018951,54.683334166708335],[8.619280964048208,54.83439171958598],[8.608030401520082,54.876793839691985],[8.63428171408571,54.91124556227811],[9.114305715285766,54.87414370718536],[9.219310965548281,54.85294264713236],[9.279313965698286,54.80789039451973],[9.421821091054554,54.83174158707936],[9.421821091054554,54.82379118955948],[9.493074653732691,54.82379118955948],[9.575578778938954,54.86089304465223],[9.85309265463274,54.75753787689385],[9.935596779838995,54.78668933446673],[10.029351467573385,54.63563178158908],[9.946847342367121,54.48722436121806],[10.115605780289016,54.47662383119156],[10.168108405420277,54.43157157857893],[10.175608780439028,54.34676733836692],[10.231861593079657,54.41037051852592],[10.340617030851547,54.434221711085556],[10.711885594279721,54.30436521826091],[10.929396469823494,54.37326866343317],[11.071903595179762,54.386519325966304],[11.079403970198513,54.42627131356568],[11.023151157557884,54.46602330116506],[11.079403970198513,54.52432621631082],[11.210660533026655,54.503125156257816],[11.289414470723543,54.42892144607231],[11.146907345367275,54.394469723486175],[11.094404720236014,54.35206760338017],[11.064403220161012,54.190409520476024],[10.786889344467227,54.07115355767789],[10.7756387819391,54.0314015700785],[10.839391969598488,53.99164958247913],[10.903145157257867,53.957197859893],[11.045652282614135,54.00490024501225],[11.169408470423527,54.01285064253213],[11.266913345667291,53.938646932346614],[11.334416720836046,53.951897594879746],[11.443172158607936,53.914795739786996],[11.476923846192314,53.957197859893],[11.398169908495426,53.970448522426125],[11.3869193459673,53.996949847492374],[11.563178158907952,54.028751437571884],[11.679433971698586,54.14800740037002],[11.998199909995506,54.17450872543627],[12.121956097804897,54.1665583279164],[12.200710035501778,54.243412170608536],[12.286964348217417,54.27521376068803],[12.361968098404923,54.20366018300915],[12.391969598479932,54.12150607530377],[12.725736286814346,54.028751437571884],[12.808240412020602,54.00490024501225],[12.744487224361222,53.832641632081604],[12.725736286814346,53.81939096954848],[12.639481974098707,53.75578778938947],[12.639481974098707,53.65508275413771],[12.478223911195563,53.68158407920396],[12.414470723536184,53.66568328416421],[12.399469973498682,53.59677983899195],[12.395719785989307,53.580879043952194],[12.305715285764293,53.56762838141907],[12.298214910745543,53.51992599629982],[12.33196659832992,53.47222361118056],[12.290714535726792,53.379468973448674],[12.33196659832992,53.31851592579629],[12.32446622331117,53.32116605830292],[12.069453472673636,53.360918045902295],[12.005700285014257,53.302615130756536],[11.866943347167364,53.254912745637284],[11.76193809690485,53.22311115555778],[11.615680784039206,53.23371168558428],[11.570678533926703,53.20986049302465],[11.521926096304817,53.12770638531927],[11.266913345667291,53.12240612030602],[11.338166908345421,53.061453072653634],[11.446922346117312,53.07470373518676],[11.59692984649233,53.034951747587385],[11.510675533776691,52.995199759988],[11.50317515875794,52.9421971098555],[11.58942947147358,52.88124406220311],[11.50317515875794,52.83089154457723],[11.529426471323568,52.74608730436522],[11.458172908645437,52.63743187159358],[11.570678533926703,52.59237961898095],[11.585679283964204,52.45987299364968],[11.551927596379826,52.41217060853043],[11.473173658682938,52.396269813490676],[11.383169158457925,52.42807140357018],[11.139406970348524,52.43867193359668],[11.053152657632886,52.49962498124906],[11.008150407520382,52.49697484874244],[10.93314665733287,52.47047352367619],[11.04940247012351,52.3777188859443],[11.019400970048508,52.32736636831842],[11.056902845142261,52.23991199559978],[11.04190209510476,52.15775788789439],[10.963148157407872,52.057052852642634],[10.801890094504728,52.04910245512276],[10.674383719185961,52.0438021901095],[10.561878093904703,52.00405020251013],[10.606880344017206,51.969598479924],[10.636881844092208,51.892744637231864],[10.584379218960954,51.83974198709936],[10.584379218960954,51.7920396019801],[10.700635031751595,51.64098204910246],[10.678133906695336,51.63833191659583],[10.60313015650783,51.67278363918196],[10.501875093754691,51.67278363918196],[10.471873593679689,51.768188409420475],[10.303115155757794,51.77613880694035],[10.235611780589032,51.826491324566234],[10.153107655382776,51.794689734486724],[10.066853342667137,51.92719635981799],[10.018100905045259,51.94044702235112],[9.984349217460874,51.90599529976499],[9.894344717235867,51.90599529976499],[9.714335716785847,51.87154357717886],[9.455572778638938,51.70193509675484],[9.418070903545178,51.64628231411571],[9.388069403470176,51.65688284414221],[9.388069403470176,51.74433721686084],[9.433071653582687,51.7920396019801],[9.429321466073311,51.83974198709936],[9.324316215810796,51.85564278213911],[9.335566778338922,51.89009450472524],[9.309315465773295,51.92189609480474],[9.264313215660785,51.969598479924],[9.19680984049203,51.97224861243062],[9.155557777888902,52.096804840242015],[9.133056652832643,52.13125656282814],[9.020551027551384,52.14450722536127],[8.99429971498575,52.1895594779739],[8.926796339816995,52.184259212960654],[8.799289964498229,52.173658682934146],[8.72053602680134,52.24256212810641],[8.465523276163815,52.26641332066603],[8.443022151107563,52.35386769338467],[8.386769338466927,52.3777188859443],[8.330516525826297,52.40157007850392],[8.296764838241913,52.45722286114306],[8.308015400770046,52.49962498124906],[8.154257712885645,52.44132206610331],[8.071753587679389,52.44927246362318],[8.034251712585636,52.54467723386169],[8.07925396269814,52.62418120906045],[8.019250962548128,52.685134256712836],[7.842992149607483,52.706335316765845],[7.689234461723089,52.67983399169958],[7.647982399119961,52.72223611180559],[7.700485024251215,52.7646382319116],[7.700485024251215,52.82559127956398],[7.820491024551231,52.918345917295866],[7.610480524026208,53.058802940147004],[7.546727336366821,53.04025201260063],[7.46797339866994,53.08530426521327],[7.201710085504281,53.11445572278614],[7.209210460523032,53.24431221561078],[7.254212710635535,53.305265263263166],[7.302965148257414,53.32381619080954],[7.040452022601137,53.33706685334267],[6.999199959998002,53.360918045902295]]],[[[7.167958397919897,53.71073553677684],[7.216710835541782,53.73458672933647],[7.2579628981449105,53.71338566928347],[7.216710835541782,53.692184609230466],[7.167958397919897,53.71073553677684]]],[[[7.445472273613682,53.737236861843094],[7.490474523726192,53.766388319415974],[7.539226961348071,53.75578778938947],[7.494224711235567,53.721336066803346],[7.445472273613682,53.737236861843094]]],[[[7.659232961648087,53.7690384519226],[7.707985399269965,53.79288964448223],[7.752987649382476,53.77168858442923],[7.711735586779341,53.747837391869595],[7.659232961648087,53.7690384519226]]],[[[8.255512775638785,54.75753787689385],[8.281764088204412,54.80259012950648],[8.315515775788796,54.7840392019601],[8.30426521326067,54.741637081854094],[8.255512775638785,54.75753787689385]]],[[[8.274263713185661,54.85294264713236],[8.338016900845048,54.9721986099305],[8.3755187759388,54.908595429771495],[8.43177158857943,54.86884344217211],[8.413020651032554,54.85559277963898],[8.274263713185661,54.85294264713236]]],[[[8.289264463223162,54.66743337166859],[8.341767088354423,54.69658482924146],[8.398019900995052,54.61443072153608],[8.3605180259013,54.61443072153608],[8.289264463223162,54.66743337166859]]],[[[8.364268213410675,55.03050152507626],[8.413020651032554,55.05435271763588],[8.454272713635689,55.03315165758288],[8.420521026051304,55.00930046502325],[8.364268213410675,55.03050152507626]]],[[[8.398019900995052,54.72573628681434],[8.510525526276318,54.76548827441373],[8.611780589029458,54.70983549177459],[8.53302665133257,54.66743337166859],[8.398019900995052,54.72573628681434]]],[[[8.570528526426322,54.51637581879094],[8.679283964198213,54.550827541377075],[8.70553527676384,54.5428771438572],[8.664283214160712,54.48457422871144],[8.611780589029458,54.48457422871144],[8.570528526426322,54.51637581879094]]],[[[11.510675533776691,54.07380369018451],[11.551927596379826,54.102955147757385],[11.58942947147358,54.10030501525077],[11.548177408870451,54.049952497624886],[11.510675533776691,54.07380369018451]]]]}},{"type":"Feature","properties":{"territory_id":"DE-02","country_code":"DE","country_name":"Germany","display_name":"Rhine-Ruhr","strategic_centre":"Dusseldorf","centre":[6.7735,51.2277],"boundary_status":"administrative-comparison-draft","admin_source":"NUTS 2024 level 3","source_region_count":60},"geometry":{"type":"Polygon","coordinates":[[[5.877893894694736,51.03145157257863],[5.900395019750988,51.05795289764488],[5.960398019901,51.04735236761839],[6.174158707935398,51.1851592579629],[6.087904395219766,51.17985899294965],[6.072903645182265,51.243462173108654],[6.222911145557283,51.36536826841342],[6.207910395519782,51.516425821291065],[6.106655332766643,51.601230061503074],[6.102905145257267,51.654232711635586],[5.952897644882249,51.74698734936747],[5.979148957447876,51.7708385419271],[5.964148207410375,51.82914145707285],[6.061653082654139,51.85829291464573],[6.151657582879146,51.845042252112606],[6.144157207860395,51.892744637231864],[6.166658332916647,51.900695034751735],[6.406670333516679,51.82914145707285],[6.417920896044805,51.85829291464573],[6.770438521926103,51.92189609480474],[6.819190959547981,51.990799539977004],[6.69543477173859,52.05175258762938],[6.759187959397977,52.11800590029502],[6.852942647132359,52.125956297814895],[6.991699584979251,52.221361068053405],[7.066703335166764,52.24256212810641],[7.036701835091762,52.287614380719035],[7.062953147657389,52.3777188859443],[6.987949397469876,52.44927246362318],[6.699184959247965,52.48637431871594],[6.69543477173859,52.54467723386169],[6.7291864593229676,52.57382869143457],[6.710435521776091,52.62683134156708],[6.80419020951048,52.65068253412671],[7.0067003350167525,52.64008200410021],[7.051702585129263,52.65598279913996],[7.092954647732391,52.838841942097105],[7.201710085504281,52.9845992299615],[7.201710085504281,53.11445572278614],[7.46797339866994,53.08530426521327],[7.546727336366821,53.04025201260063],[7.610480524026208,53.058802940147004],[7.820491024551231,52.918345917295866],[7.700485024251215,52.82559127956398],[7.700485024251215,52.7646382319116],[7.647982399119961,52.72223611180559],[7.689234461723089,52.67983399169958],[7.842992149607483,52.706335316765845],[8.019250962548128,52.685134256712836],[8.07925396269814,52.62418120906045],[8.034251712585636,52.54467723386169],[8.071753587679389,52.44927246362318],[8.154257712885645,52.44132206610331],[8.308015400770046,52.49962498124906],[8.296764838241913,52.45722286114306],[8.330516525826297,52.40157007850392],[8.386769338466927,52.3777188859443],[8.443022151107563,52.35386769338467],[8.465523276163815,52.26641332066603],[8.72053602680134,52.24256212810641],[8.799289964498229,52.173658682934146],[8.926796339816995,52.184259212960654],[8.99429971498575,52.1895594779739],[9.020551027551384,52.14450722536127],[9.133056652832643,52.13125656282814],[9.155557777888902,52.096804840242015],[9.19680984049203,51.97224861243062],[9.264313215660785,51.969598479924],[9.309315465773295,51.92189609480474],[9.335566778338922,51.89009450472524],[9.324316215810796,51.85564278213911],[9.429321466073311,51.83974198709936],[9.433071653582687,51.7920396019801],[9.388069403470176,51.74433721686084],[9.388069403470176,51.65688284414221],[9.418070903545178,51.64628231411571],[9.440572028601437,51.651582579128956],[9.36181809090455,51.6144807240362],[9.30556527826392,51.52172608630431],[9.155557777888902,51.44222211110556],[9.09555477773889,51.45282264113206],[9.050552527626387,51.505825291264564],[8.971798589929499,51.505825291264564],[8.904295214760744,51.47932396619831],[8.93054652732637,51.39716985849293],[8.694284714235714,51.370668533426674],[8.578028901445073,51.29116455822791],[8.593029651482581,51.25671283564178],[8.716785839291965,51.26731336566829],[8.75053752687635,51.190459522976155],[8.679283964198213,51.10565528276414],[8.54802740137007,51.103005150257516],[8.473023651182565,51.14540727036352],[8.338016900845048,51.09770488524426],[8.240512025601284,51.10565528276414],[8.20301015050753,51.020851042552124],[7.977998899945,51.03145157257863],[7.91424571228562,50.93339666983349],[7.850492524626233,50.92544627231362],[7.842992149607483,50.88569428471423],[7.966748337416874,50.830041502075105],[8.038001900095011,50.69753487674384],[7.865493274663734,50.69223461173058],[7.730486524326217,50.72933646682334],[7.700485024251215,50.62333116655833],[7.677983899194963,50.59682984149208],[7.689234461723089,50.53322666133307],[7.599229961498082,50.46432321616081],[7.494224711235567,50.413970698534925],[7.344217210860549,50.47757387869393],[7.269213460673036,50.40602030101505],[7.070453522676139,50.39541977098855],[6.984199209960501,50.347717385869295],[7.002950147507377,50.33181659082955],[6.987949397469876,50.30531526576329],[7.070453522676139,50.278813940697034],[7.040452022601137,50.23641182059103],[6.965448272413624,50.212560628031405],[6.9804490224511255,50.09860493024651],[6.920446022301121,50.08005400270014],[6.849192459622984,50.125106255312765],[6.699184959247965,50.085354267713385],[6.710435521776091,49.905145257262866],[6.474173708685441,49.82034101705085],[6.327916395819791,49.84419220961048],[6.245412270613535,49.89719485974299],[6.125406270313519,50.029701485074256],[6.136656832841645,50.13040652032602],[6.1966598329916565,50.24171208560428],[6.31291564578229,50.31326566328316],[6.406670333516679,50.32386619330967],[6.354167708385425,50.3795189759488],[6.365418270913551,50.445772288614435],[6.316665833291665,50.49612480624032],[6.192909645482281,50.51997599879994],[6.189159457972906,50.56502825141257],[6.256662833141661,50.62333116655833],[6.020401020051004,50.753187659382974],[6.020401020051004,50.832691634581735],[6.080404020201016,50.87509375468774],[6.087904395219766,50.91219560978049],[6.027901395069755,50.936046802340115],[6.016650832541629,50.97844892244612],[5.922896144807247,50.983749187459374],[5.877893894694736,51.03145157257863]]]}},{"type":"Feature","properties":{"territory_id":"DE-03","country_code":"DE","country_name":"Germany","display_name":"Central Germany","strategic_centre":"Frankfurt","centre":[8.6822,50.1106],"boundary_status":"administrative-comparison-draft","admin_source":"NUTS 2024 level 3","source_region_count":101},"geometry":{"type":"MultiPolygon","coordinates":[[[[6.365418270913551,49.47052352617631],[6.380419020951052,49.55002750137507],[6.432921646082306,49.661333066653334],[6.500425021251068,49.71698584929247],[6.511675583779194,49.7832391619581],[6.474173708685441,49.82034101705085],[6.710435521776091,49.905145257262866],[6.699184959247965,50.085354267713385],[6.849192459622984,50.125106255312765],[6.920446022301121,50.08005400270014],[6.9804490224511255,50.09860493024651],[6.965448272413624,50.212560628031405],[7.040452022601137,50.23641182059103],[7.070453522676139,50.278813940697034],[6.987949397469876,50.30531526576329],[7.002950147507377,50.33181659082955],[6.984199209960501,50.347717385869295],[7.070453522676139,50.39541977098855],[7.269213460673036,50.40602030101505],[7.344217210860549,50.47757387869393],[7.494224711235567,50.413970698534925],[7.599229961498082,50.46432321616081],[7.689234461723089,50.53322666133307],[7.677983899194963,50.59682984149208],[7.700485024251215,50.62333116655833],[7.730486524326217,50.72933646682334],[7.865493274663734,50.69223461173058],[8.038001900095011,50.69753487674384],[7.966748337416874,50.830041502075105],[7.842992149607483,50.88569428471423],[7.850492524626233,50.92544627231362],[7.91424571228562,50.93339666983349],[7.977998899945,51.03145157257863],[8.20301015050753,51.020851042552124],[8.240512025601284,51.10565528276414],[8.338016900845048,51.09770488524426],[8.473023651182565,51.14540727036352],[8.54802740137007,51.103005150257516],[8.679283964198213,51.10565528276414],[8.75053752687635,51.190459522976155],[8.716785839291965,51.26731336566829],[8.593029651482581,51.25671283564178],[8.578028901445073,51.29116455822791],[8.694284714235714,51.370668533426674],[8.93054652732637,51.39716985849293],[8.904295214760744,51.47932396619831],[8.971798589929499,51.505825291264564],[9.050552527626387,51.505825291264564],[9.09555477773889,51.45282264113206],[9.155557777888902,51.44222211110556],[9.30556527826392,51.52172608630431],[9.36181809090455,51.6144807240362],[9.440572028601437,51.651582579128956],[9.418070903545178,51.64628231411571],[9.455572778638938,51.70193509675484],[9.714335716785847,51.87154357717886],[9.894344717235867,51.90599529976499],[9.984349217460874,51.90599529976499],[10.018100905045259,51.94044702235112],[10.066853342667137,51.92719635981799],[10.153107655382776,51.794689734486724],[10.235611780589032,51.826491324566234],[10.303115155757794,51.77613880694035],[10.471873593679689,51.768188409420475],[10.501875093754691,51.67278363918196],[10.60313015650783,51.67278363918196],[10.678133906695336,51.63833191659583],[10.700635031751595,51.64098204910246],[10.914395719785993,51.61713085654283],[10.891894594729742,51.572078603930194],[10.936896844842245,51.53232661633082],[10.978148907445373,51.42632131606581],[10.524376218810943,51.370668533426674],[10.501875093754691,51.32826641332066],[10.606880344017206,51.31501575078754],[10.719385969298472,51.21961098054903],[10.921896094804744,51.2063603180159],[10.981899094954755,51.21166058302916],[11.075653782689137,51.312365618280914],[11.188159407970403,51.24876243812191],[11.3869193459673,51.246112305615284],[11.383169158457925,51.214310715535774],[11.461923096154813,51.187809390469525],[11.484424221211064,51.10565528276414],[11.69818490924547,51.08710435521776],[11.66068303415171,51.03675183759188],[11.548177408870451,50.98904945247263],[11.506925346267316,50.95989799489975],[11.50317515875794,50.906895344767236],[11.42442122106106,50.8088404420221],[11.544427221361076,50.75053752687634],[11.866943347167364,50.7876393819691],[11.915695784789243,50.75848792439622],[11.874443722186115,50.705485274263715],[11.874443722186115,50.65778288914446],[11.945697284864245,50.59152957647883],[11.88569428471424,50.53587679383969],[11.94944747237362,50.49347467373369],[11.919445972298618,50.42457122856143],[12.013200660033007,50.34241712085604],[12.099454972748639,50.318565928296415],[12.129456472823648,50.281464073203665],[12.106955347767396,50.24701235061753],[12.15945797289865,50.220511025551275],[12.084454222711138,50.220511025551275],[12.005700285014257,50.17810890544527],[11.953197659882996,50.191359567978395],[11.788189409470476,50.10390519525976],[11.679433971698586,50.125106255312765],[11.611930596529831,50.02440122006101],[11.428171408570435,49.981999099955004],[11.3869193459673,49.942247112355616],[11.255662783139158,50.000550027501376],[11.248162408120407,49.989949497474875],[11.199409970498529,49.90249512475624],[11.236911845592282,49.87069353467673],[11.21441072053603,49.84154207710385],[11.124406220311023,49.838891944597236],[11.071903595179762,49.79913995699785],[10.92564628231412,49.76733836691835],[10.805640282014103,49.74613730686534],[10.715635781789096,49.78058902945148],[10.655632781639085,49.72228611430572],[10.636881844092208,49.74083704185209],[10.618130906545332,49.73818690934547],[10.55062753137657,49.756737836891844],[10.381869093454675,49.71963598179909],[10.363118155907799,49.6268813440672],[10.224361218060906,49.6268813440672],[10.164358217910902,49.59772988649432],[10.11185559277964,49.62158107905395],[10.078103905195263,49.58712935646783],[10.081854092704639,49.54472723636182],[10.119355967798391,49.47317365868294],[10.108105405270265,49.451972598629936],[10.1493574678734,49.398969948497424],[10.11185559277964,49.3857192859643],[9.856842842142115,49.36716835841792],[9.605580279013957,49.42547127356368],[9.504325216260817,49.47317365868294],[9.530576528826444,49.526176308815444],[9.508075403770192,49.584479223961196],[9.538076903845194,49.62953147657383],[9.410570528526428,49.66398319915996],[9.294314715735794,49.645432271613586],[9.230561528076407,49.58182909145457],[9.10305515275764,49.57652882644132],[9.084304215210764,49.526176308815444],[9.03180159007951,49.43607180359018],[8.949297464873247,49.38041902095105],[9.050552527626387,49.29296464823241],[8.878043902195117,49.18165908295415],[8.818040902045105,49.19490974548728],[8.488024401220066,49.29031451572578],[8.46927346367319,49.340667033351664],[8.46927346367319,49.36186809340467],[8.416770838541929,49.372468623431175],[8.383019150957551,49.34596729836492],[8.413020651032554,49.303565178258914],[8.465523276163815,49.28236411820591],[8.413020651032554,49.25056252812641],[8.319265963298172,49.29561478073904],[8.319265963298172,49.30886544327217],[8.218010900545032,49.29826491324566],[8.000500025001251,49.343317165858295],[7.936746837341872,49.30886544327217],[7.91424571228562,49.316815840792046],[7.891744587229368,49.31151557577879],[7.8692434621731095,49.314165708285415],[7.872993649682485,49.28236411820591],[7.9067453372668695,49.17105855292765],[7.865493274663734,49.13395669783489],[7.910495524776245,49.043852192609634],[7.636731836591835,49.05445272263613],[7.527976398819945,49.102155107755394],[7.479223961198066,49.1657582879144],[7.370468523426176,49.160458022901146],[7.295464773238663,49.120706035301765],[7.194209710485531,49.11805590279514],[7.100455022751142,49.15515775788789],[7.055452772638638,49.123356167808396],[7.021701085054254,49.189609480474026],[6.931696584829247,49.21611080554028],[6.849192459622984,49.208160408020404],[6.830441522076107,49.15780789039452],[6.751687584379226,49.1657582879144],[6.721686084304217,49.18430921546077],[6.721686084304217,49.2187609380469],[6.590429521476075,49.32741637081854],[6.556677833891698,49.420171008550426],[6.447922396119807,49.467873393669684],[6.365418270913551,49.47052352617631]],[[7.505475273763693,49.205510275513774],[7.599229961498082,49.160458022901146],[7.674233711685588,49.19225961298065],[7.5954797739887,49.234661733086654],[7.505475273763693,49.205510275513774]],[[8.593029651482581,49.41487074353718],[8.615530776538833,49.35921796089805],[8.653032651632586,49.34596729836492],[8.728036401820098,49.36186809340467],[8.791789589479478,49.4175208760438],[8.75053752687635,49.45462273113656],[8.593029651482581,49.41487074353718]]],[[[9.09555477773889,49.52882644132207],[9.118055902795142,49.534126706335314],[9.125556277813892,49.51557577878894],[9.106805340267016,49.507625381269065],[9.09555477773889,49.52882644132207]]]]}},{"type":"Feature","properties":{"territory_id":"DE-04","country_code":"DE","country_name":"Germany","display_name":"Eastern Germany and Berlin","strategic_centre":"Berlin","centre":[13.405,52.52],"boundary_status":"administrative-comparison-draft","admin_source":"NUTS 2024 level 3","source_region_count":54},"geometry":{"type":"MultiPolygon","coordinates":[[[[10.501875093754691,51.32826641332066],[10.524376218810943,51.370668533426674],[10.978148907445373,51.42632131606581],[10.936896844842245,51.53232661633082],[10.891894594729742,51.572078603930194],[10.914395719785993,51.61713085654283],[10.700635031751595,51.64098204910246],[10.584379218960954,51.7920396019801],[10.584379218960954,51.83974198709936],[10.636881844092208,51.892744637231864],[10.606880344017206,51.969598479924],[10.561878093904703,52.00405020251013],[10.674383719185961,52.0438021901095],[10.801890094504728,52.04910245512276],[10.963148157407872,52.057052852642634],[11.04190209510476,52.15775788789439],[11.056902845142261,52.23991199559978],[11.019400970048508,52.32736636831842],[11.04940247012351,52.3777188859443],[10.93314665733287,52.47047352367619],[11.008150407520382,52.49697484874244],[11.053152657632886,52.49962498124906],[11.139406970348524,52.43867193359668],[11.383169158457925,52.42807140357018],[11.473173658682938,52.396269813490676],[11.551927596379826,52.41217060853043],[11.585679283964204,52.45987299364968],[11.570678533926703,52.59237961898095],[11.458172908645437,52.63743187159358],[11.529426471323568,52.74608730436522],[11.50317515875794,52.83089154457723],[11.58942947147358,52.88124406220311],[11.50317515875794,52.9421971098555],[11.510675533776691,52.995199759988],[11.59692984649233,53.034951747587385],[11.446922346117312,53.07470373518676],[11.338166908345421,53.061453072653634],[11.266913345667291,53.12240612030602],[11.521926096304817,53.12770638531927],[11.570678533926703,53.20986049302465],[11.615680784039206,53.23371168558428],[11.76193809690485,53.22311115555778],[11.866943347167364,53.254912745637284],[12.005700285014257,53.302615130756536],[12.069453472673636,53.360918045902295],[12.32446622331117,53.32116605830292],[12.33196659832992,53.31851592579629],[12.290714535726792,53.379468973448674],[12.33196659832992,53.47222361118056],[12.298214910745543,53.51992599629982],[12.305715285764293,53.56762838141907],[12.395719785989307,53.580879043952194],[12.399469973498682,53.59677983899195],[12.414470723536184,53.66568328416421],[12.478223911195563,53.68158407920396],[12.639481974098707,53.65508275413771],[12.639481974098707,53.75578778938947],[12.725736286814346,53.81939096954848],[12.744487224361222,53.832641632081604],[12.808240412020602,54.00490024501225],[12.725736286814346,54.028751437571884],[12.391969598479932,54.12150607530377],[12.361968098404923,54.20366018300915],[12.286964348217417,54.27521376068803],[12.414470723536184,54.28051402570129],[12.474473723686188,54.31496574828742],[12.500725036251815,54.354717735886794],[12.470723536176813,54.41037051852592],[12.54197709885495,54.46602330116506],[12.976998849942504,54.423621181059055],[13.127006350317522,54.33616680834042],[13.183259162958151,54.39181959097955],[13.1607580379019,54.492524626231315],[13.235761788089413,54.46867343367168],[13.235761788089413,54.52962648132407],[13.318265913295669,54.66213310665533],[13.374518725936298,54.656832841642085],[13.37826891344568,54.55347767388369],[13.475773788689438,54.47397369868494],[13.509525476273815,54.48722436121806],[13.509525476273815,54.55612780639032],[13.637031851592582,54.550827541377075],[13.610780539026955,54.452772638631934],[13.704535226761344,54.36266813340667],[13.70828541427072,54.32026601330067],[13.494524726236314,54.32291614580729],[13.329516475823795,54.22751137556878],[13.318265913295669,54.193059652982654],[13.472023601180062,54.102955147757385],[13.670783539176966,54.15860793039652],[13.809540477023859,54.161258062903144],[13.910795539776991,54.065853292664634],[13.89579478973949,54.028751437571884],[13.805790289514484,54.0102005100255],[13.90329516475824,53.901545077253864],[13.925796289814492,53.97309865493275],[14.023301165058257,53.970448522426125],[14.034551727586383,54.028751437571884],[14.225811290564536,53.92804640232012],[14.214560728036403,53.86709335466773],[14.045802290114509,53.864443222161114],[13.967048352417628,53.81939096954848],[14.267063353167664,53.69748487424371],[14.308315415770792,53.59677983899195],[14.413320666033307,53.32911645582279],[14.439571978598934,53.254912745637284],[14.37956897844893,53.1833591679584],[14.34206710335517,53.05350267513376],[14.143307165358273,52.96074803740187],[14.158307915395774,52.894494724736234],[14.143307165358273,52.83089154457723],[14.345817290864545,52.74873743687185],[14.435821791089559,52.67983399169958],[14.563328166408326,52.62418120906045],[14.627081354067705,52.5764788239412],[14.62333116655833,52.48637431871594],[14.533326666333323,52.396269813490676],[14.54457722886145,52.3777188859443],[14.600830041502078,52.27171358567929],[14.702085104255218,52.24256212810641],[14.683334166708342,52.125956297814895],[14.754587729386472,52.07030351517576],[14.71708585429272,52.0014000700035],[14.702085104255218,51.91659582979149],[14.600830041502078,51.83179158957948],[14.747087354367721,51.66748337416871],[14.758337916895847,51.61183059152958],[14.728336416820845,51.5826791339567],[14.73958697934897,51.53232661633082],[14.949597479874,51.46342317115856],[14.975848792439628,51.362718135906796],[15.028351417570882,51.28056402820141],[14.99834991749588,51.129506475323765],[14.900845042252115,50.95194759737987],[14.822091104555234,50.869793489674485],[14.769588479423973,50.82474123706186],[14.619580979048955,50.856542827141354],[14.638331916595831,50.92279613980699],[14.574578728936451,50.92279613980699],[14.589579478973953,50.986399319966],[14.492074603730188,51.04470223511176],[14.413320666033307,51.02615130756538],[14.319565978298918,51.05530276513826],[14.267063353167664,50.994349717485875],[14.383319165958305,50.93339666983349],[14.375818790939555,50.90159507975399],[13.978298914945753,50.81149057452873],[13.854542727136362,50.73198659932997],[13.652032601630083,50.72933646682334],[13.539526976348824,50.705485274263715],[13.502025101255064,50.63393169658483],[13.453272663633186,50.607430371518575],[13.38576928846443,50.63393169658483],[13.307015350767543,50.580929046452326],[13.254512725636289,50.58622931146557],[13.183259162958151,50.50672533626681],[13.044502225111259,50.50937546877344],[13.010750537526881,50.445772288614435],[12.946997349867495,50.40337016850843],[12.82324116205811,50.45372268613431],[12.703235161758094,50.40602030101505],[12.583229161458078,50.40602030101505],[12.410720536026808,50.32121606080304],[12.31696584829242,50.17545877293865],[12.178208910445527,50.31326566328316],[12.099454972748639,50.318565928296415],[12.013200660033007,50.34241712085604],[11.919445972298618,50.42457122856143],[11.94944747237362,50.49347467373369],[11.88569428471424,50.53587679383969],[11.945697284864245,50.59152957647883],[11.874443722186115,50.65778288914446],[11.874443722186115,50.705485274263715],[11.915695784789243,50.75848792439622],[11.866943347167364,50.7876393819691],[11.544427221361076,50.75053752687634],[11.42442122106106,50.8088404420221],[11.50317515875794,50.906895344767236],[11.506925346267316,50.95989799489975],[11.548177408870451,50.98904945247263],[11.66068303415171,51.03675183759188],[11.69818490924547,51.08710435521776],[11.484424221211064,51.10565528276414],[11.461923096154813,51.187809390469525],[11.383169158457925,51.214310715535774],[11.3869193459673,51.246112305615284],[11.188159407970403,51.24876243812191],[11.075653782689137,51.312365618280914],[10.981899094954755,51.21166058302916],[10.921896094804744,51.2063603180159],[10.719385969298472,51.21961098054903],[10.606880344017206,51.31501575078754],[10.501875093754691,51.32826641332066]]],[[[12.354467723386172,54.31496574828742],[12.399469973498682,54.36796839841992],[12.418220911045559,54.37061853092655],[12.421971098554934,54.33881694084704],[12.380719035951799,54.30701535076754],[12.354467723386172,54.31496574828742]]],[[[13.070753537676886,54.52962648132407],[13.10450522526127,54.577328866443324],[13.138256912845648,54.55347767388369],[13.108255412770646,54.521676083804195],[13.070753537676886,54.52962648132407]]]]}},{"type":"Feature","properties":{"territory_id":"DE-05","country_code":"DE","country_name":"Germany","display_name":"Southwest Germany","strategic_centre":"Stuttgart","centre":[9.18,48.7775],"boundary_status":"administrative-comparison-draft","admin_source":"NUTS 2024 level 3","source_region_count":56},"geometry":{"type":"MultiPolygon","coordinates":[[[[7.505475273763693,49.205510275513774],[7.5954797739887,49.234661733086654],[7.674233711685588,49.19225961298065],[7.599229961498082,49.160458022901146],[7.505475273763693,49.205510275513774]]],[[[7.520476023801194,47.68168408420421],[7.546727336366821,47.7426371318566],[7.535476773838695,47.79298964948248],[7.610480524026208,47.970548527426374],[7.572978648932448,48.04210210510526],[7.5767288364418235,48.116305815290765],[7.5767288364418235,48.11895594779739],[7.681734086704338,48.25676283814191],[7.737986899344975,48.338916945847295],[7.816740837041856,48.60393019650982],[7.959247962398123,48.71788589429472],[8.090504525226265,48.8106405320266],[8.169258462923153,48.927246362318115],[8.233011650582533,48.966998349917496],[8.068003400170014,48.998799939997],[7.910495524776245,49.043852192609634],[7.865493274663734,49.13395669783489],[7.9067453372668695,49.17105855292765],[7.872993649682485,49.28236411820591],[7.8692434621731095,49.314165708285415],[7.891744587229368,49.31151557577879],[7.91424571228562,49.316815840792046],[7.936746837341872,49.30886544327217],[8.000500025001251,49.343317165858295],[8.218010900545032,49.29826491324566],[8.319265963298172,49.30886544327217],[8.319265963298172,49.29561478073904],[8.413020651032554,49.25056252812641],[8.465523276163815,49.28236411820591],[8.413020651032554,49.303565178258914],[8.383019150957551,49.34596729836492],[8.416770838541929,49.372468623431175],[8.46927346367319,49.36186809340467],[8.46927346367319,49.340667033351664],[8.488024401220066,49.29031451572578],[8.818040902045105,49.19490974548728],[8.878043902195117,49.18165908295415],[9.050552527626387,49.29296464823241],[8.949297464873247,49.38041902095105],[9.03180159007951,49.43607180359018],[9.084304215210764,49.526176308815444],[9.10305515275764,49.57652882644132],[9.230561528076407,49.58182909145457],[9.294314715735794,49.645432271613586],[9.410570528526428,49.66398319915996],[9.538076903845194,49.62953147657383],[9.508075403770192,49.584479223961196],[9.530576528826444,49.526176308815444],[9.504325216260817,49.47317365868294],[9.605580279013957,49.42547127356368],[9.856842842142115,49.36716835841792],[10.11185559277964,49.3857192859643],[10.1493574678734,49.398969948497424],[10.108105405270265,49.451972598629936],[10.119355967798391,49.47317365868294],[10.081854092704639,49.54472723636182],[10.078103905195263,49.58712935646783],[10.11185559277964,49.62158107905395],[10.164358217910902,49.59772988649432],[10.224361218060906,49.6268813440672],[10.363118155907799,49.6268813440672],[10.381869093454675,49.71963598179909],[10.55062753137657,49.756737836891844],[10.618130906545332,49.73818690934547],[10.636881844092208,49.74083704185209],[10.655632781639085,49.72228611430572],[10.715635781789096,49.78058902945148],[10.805640282014103,49.74613730686534],[10.92564628231412,49.76733836691835],[11.071903595179762,49.79913995699785],[11.124406220311023,49.838891944597236],[11.21441072053603,49.84154207710385],[11.236911845592282,49.87069353467673],[11.37941897094855,49.76733836691835],[11.368168408420424,49.66663333166659],[11.281914095704792,49.60303015150758],[11.199409970498529,49.55532776638832],[11.176908845442277,49.47317365868294],[11.030651532576634,49.534126706335314],[10.989399469973506,49.536776838841945],[11.015650782539133,49.47582379118956],[10.989399469973506,49.43607180359018],[11.015650782539133,49.4069203460173],[10.993149657482881,49.38041902095105],[10.86939346967349,49.35656782839142],[10.906895344767243,49.258512925646286],[10.839391969598488,49.197559877993896],[10.749387469373474,49.19490974548728],[10.66688334416721,49.13660683034152],[10.65188259412971,49.102155107755394],[10.678133906695336,49.05710285514276],[10.640632031601584,49.01735086754338],[10.576878843942204,49.033251662583126],[10.408120406020302,48.977598879944],[10.449372468623437,48.916645832291614],[10.42312115605781,48.74438721936097],[10.48687434371719,48.696684834241715],[10.359367968398423,48.66488324416221],[10.273113655682785,48.69403470173509],[10.310615530776545,48.54827741387069],[10.276863843192167,48.51647582379119],[10.231861593079657,48.511175558777936],[10.1343567178359,48.45552277613881],[10.171858592929652,48.436971848592435],[10.179358967948403,48.38396919845992],[10.273113655682785,48.32301615080755],[10.273113655682785,48.230261513075654],[10.19810990549528,48.134856742837144],[10.138106905345275,48.108355417770895],[10.115605780289016,47.97584879243962],[10.10435521776089,47.97584879243962],[10.093104655232764,47.95729786489325],[10.11185559277964,47.93609680484025],[10.089354467723389,47.86189309465473],[10.130606530326517,47.81949097454873],[10.081854092704639,47.79298964948248],[10.130606530326517,47.69758487924396],[10.078103905195263,47.6392819640982],[10.059352967648387,47.58892944647232],[9.969348467423373,47.546527326366316],[9.85309265463274,47.53592679633982],[9.789339466973352,47.58892944647232],[9.699334966748339,47.527976398819945],[9.560578028901446,47.54122706135307],[9.508075403770192,47.54917745887295],[9.37681884094205,47.623381169058455],[9.181809090454529,47.65518275913796],[9.03180159007951,47.68433421671084],[8.874293714685741,47.65518275913796],[8.855542777138858,47.70023501175059],[8.81429071453573,47.721436071803595],[8.780539026951352,47.70818540927046],[8.795539776988853,47.67638381919096],[8.728036401820098,47.692284614230715],[8.70553527676384,47.75588779438972],[8.615530776538833,47.800940047002356],[8.578028901445073,47.80359017950897],[8.563028151407572,47.79298964948248],[8.510525526276318,47.777088854442724],[8.416770838541929,47.70023501175059],[8.428021401070055,47.67108355417771],[8.506775338766943,47.64988249412471],[8.608030401520082,47.66843342167108],[8.596779838991957,47.604830241512076],[8.563028151407572,47.59952997649883],[8.514275713785693,47.62868143407171],[8.428021401070055,47.56772838641932],[8.214260713035657,47.61543077153858],[8.034251712585636,47.55182759137957],[7.921746087304371,47.554477723886194],[7.895494774738744,47.586279313965704],[7.715485774288716,47.53857692884644],[7.63298164908246,47.56242812140607],[7.587979398969949,47.58892944647232],[7.520476023801194,47.68168408420421]],[[9.09555477773889,49.52882644132207],[9.106805340267016,49.507625381269065],[9.125556277813892,49.51557577878894],[9.118055902795142,49.534126706335314],[9.09555477773889,49.52882644132207]]],[[[8.593029651482581,49.41487074353718],[8.75053752687635,49.45462273113656],[8.791789589479478,49.4175208760438],[8.728036401820098,49.36186809340467],[8.653032651632586,49.34596729836492],[8.615530776538833,49.35921796089805],[8.593029651482581,49.41487074353718]]],[[[8.664283214160712,47.68698434921746],[8.690534526726339,47.70818540927046],[8.716785839291965,47.689634481724084],[8.671783589179462,47.68433421671084],[8.664283214160712,47.68698434921746]]]]}},{"type":"Feature","properties":{"territory_id":"DE-06","country_code":"DE","country_name":"Germany","display_name":"Bavaria","strategic_centre":"Munich","centre":[11.575,48.1375],"boundary_status":"administrative-comparison-draft","admin_source":"NUTS 2024 level 3","source_region_count":65},"geometry":{"type":"Polygon","coordinates":[[[9.969348467423373,47.546527326366316],[10.059352967648387,47.58892944647232],[10.078103905195263,47.6392819640982],[10.130606530326517,47.69758487924396],[10.081854092704639,47.79298964948248],[10.130606530326517,47.81949097454873],[10.089354467723389,47.86189309465473],[10.11185559277964,47.93609680484025],[10.093104655232764,47.95729786489325],[10.10435521776089,47.97584879243962],[10.115605780289016,47.97584879243962],[10.138106905345275,48.108355417770895],[10.19810990549528,48.134856742837144],[10.273113655682785,48.230261513075654],[10.273113655682785,48.32301615080755],[10.179358967948403,48.38396919845992],[10.171858592929652,48.436971848592435],[10.1343567178359,48.45552277613881],[10.231861593079657,48.511175558777936],[10.276863843192167,48.51647582379119],[10.310615530776545,48.54827741387069],[10.273113655682785,48.69403470173509],[10.359367968398423,48.66488324416221],[10.48687434371719,48.696684834241715],[10.42312115605781,48.74438721936097],[10.449372468623437,48.916645832291614],[10.408120406020302,48.977598879944],[10.576878843942204,49.033251662583126],[10.640632031601584,49.01735086754338],[10.678133906695336,49.05710285514276],[10.65188259412971,49.102155107755394],[10.66688334416721,49.13660683034152],[10.749387469373474,49.19490974548728],[10.839391969598488,49.197559877993896],[10.906895344767243,49.258512925646286],[10.86939346967349,49.35656782839142],[10.993149657482881,49.38041902095105],[11.015650782539133,49.4069203460173],[10.989399469973506,49.43607180359018],[11.015650782539133,49.47582379118956],[10.989399469973506,49.536776838841945],[11.030651532576634,49.534126706335314],[11.176908845442277,49.47317365868294],[11.199409970498529,49.55532776638832],[11.281914095704792,49.60303015150758],[11.368168408420424,49.66663333166659],[11.37941897094855,49.76733836691835],[11.236911845592282,49.87069353467673],[11.199409970498529,49.90249512475624],[11.248162408120407,49.989949497474875],[11.255662783139158,50.000550027501376],[11.3869193459673,49.942247112355616],[11.428171408570435,49.981999099955004],[11.611930596529831,50.02440122006101],[11.679433971698586,50.125106255312765],[11.788189409470476,50.10390519525976],[11.953197659882996,50.191359567978395],[12.005700285014257,50.17810890544527],[12.084454222711138,50.220511025551275],[12.15945797289865,50.220511025551275],[12.26071303565179,50.058852942647135],[12.478223911195563,49.979348967448374],[12.493224661233064,49.93694684734237],[12.5494774738737,49.905145257262866],[12.463223161158062,49.788539426971354],[12.403220161008058,49.759387969398475],[12.515725786289316,49.67988399419971],[12.594479723986204,49.54207710385519],[12.635731786589332,49.518225911295566],[12.631981599079957,49.47582379118956],[12.789489474473726,49.35126756337817],[12.954497724886252,49.33801690084505],[13.044502225111259,49.26381319065953],[13.172008600430026,49.17370868543428],[13.198259912995653,49.131306565328266],[13.352017600880046,49.08095404770239],[13.415770788539433,48.98024901245063],[13.490774538726939,48.95109755487775],[13.55077753887695,48.966998349917496],[13.734536726836346,48.87689384469223],[13.839541977098861,48.77088854442722],[13.79453972698635,48.71258562928146],[13.81704085204261,48.60658032901645],[13.727036351817596,48.513825691284566],[13.51327566378319,48.5906795339767],[13.438271913595685,48.54827741387069],[13.44952247612381,48.50587529376469],[13.400770038501932,48.3707185359268],[13.27701385069254,48.30181509075454],[13.175758787939401,48.29386469323467],[13.044502225111259,48.26471323566179],[12.94324716235812,48.20641032051603],[12.875743787189364,48.19845992299615],[12.751987599379973,48.11365568278414],[12.860743037151863,47.99704985249262],[12.875743787189364,47.962598129906496],[12.98074903745188,47.87514375718786],[12.931996599829993,47.72408620431022],[13.044502225111259,47.70818540927046],[13.082004100205012,47.66578328916446],[13.044502225111259,47.52002600130007],[12.999499974998756,47.47497374868743],[12.909495474773742,47.50147507375369],[12.811990599529985,47.557127856392825],[12.78573928696435,47.62868143407171],[12.695734786739344,47.68168408420421],[12.61323066153308,47.67108355417771],[12.575728786439328,47.631331566578325],[12.508225411270566,47.631331566578325],[12.43322166108306,47.689634481724084],[12.33946697334867,47.69758487924396],[12.264463223161165,47.68433421671084],[12.234461723086156,47.721436071803595],[12.174458722936151,47.69758487924396],[12.193209660483028,47.61278063903195],[12.061953097654886,47.6180809040452],[11.829441472073611,47.586279313965704],[11.634431721586083,47.59157957897895],[11.555677783889202,47.51472573628682],[11.409420471023559,47.496174808740435],[11.39441972098605,47.469673483674185],[11.420671033551685,47.44582229111455],[11.334416720836046,47.443172158607936],[11.263163158157916,47.40342017100855],[11.20691034551728,47.429921496074805],[11.015650782539133,47.39546977348867],[10.989399469973506,47.39546977348867],[10.955647782389121,47.45112255612781],[10.884394219710991,47.48557427871394],[10.884394219710991,47.53592679633982],[10.786889344467227,47.52002600130007],[10.636881844092208,47.5650782539127],[10.55062753137657,47.53857692884644],[10.453122656132813,47.554477723886194],[10.460623031151563,47.42462123106155],[10.336866843342172,47.31331566578329],[10.179358967948403,47.27091354567729],[10.224361218060906,47.37161858092905],[10.100605030251515,47.3663183159158],[10.085604280214014,47.44582229111455],[9.999349967498382,47.48292414620731],[9.969348467423373,47.546527326366316]],[[10.453122656132813,47.554477723886194],[10.471873593679689,47.586279313965704],[10.441872093604687,47.57832891644583],[10.441872093604687,47.57037851892595],[10.453122656132813,47.554477723886194]]]}},{"type":"Feature","properties":{"territory_id":"DK-01","country_code":"DK","country_name":"Denmark","display_name":"Jutland","strategic_centre":"Aarhus","centre":[10.2107,56.1572],"boundary_status":"administrative-comparison-draft","admin_source":"NUTS 2024 level 3","source_region_count":5},"geometry":{"type":"MultiPolygon","coordinates":[[[[8.090504525226265,56.38736936846843],[8.124256212810643,56.41652082604131],[8.161758087904403,56.384719235961796],[8.128006400320018,56.35821791089555],[8.090504525226265,56.38736936846843]]],[[[8.101755087754391,55.563178158907945],[8.19550977548878,55.833491674583726],[8.18800940047003,55.89709485474274],[8.278013900695036,55.873243662183114],[8.349267463373174,55.923596179808996],[8.248012400620034,56.06935346767338],[8.120506025301268,56.08260413020651],[8.135506775338769,56.28401420071003],[8.221761088054407,56.34231711585579],[8.131756587829393,56.501325066253315],[8.191759587979405,56.65238261913096],[8.319265963298172,56.58082904145208],[8.604280214010707,56.56757837891895],[8.675533776688837,56.48807440372019],[8.728036401820098,56.52517625881294],[8.739286964348224,56.639131956597836],[8.99429971498575,56.82464123206161],[9.054302715135762,56.8140407020351],[9.125556277813892,56.73718685934297],[9.099304965248265,56.607330366518326],[9.271813590679535,56.63383169158458],[9.320566028301421,56.67093354667733],[9.215560778038906,56.723936196809845],[9.208060403020156,56.94919745987299],[9.125556277813892,57.00485024251213],[8.836791839591982,56.946547327366375],[8.863043152157609,56.88029401470074],[8.829291464573231,56.790189509475475],[8.72053602680134,56.705385269263466],[8.611780589029458,56.72658632931647],[8.574278713935698,56.79548977448873],[8.446772338616938,56.71333566678334],[8.386769338466927,56.70803540177009],[8.289264463223162,56.81139056952848],[8.36801840092005,56.94124706235312],[8.578028901445073,57.08435421771089],[9.380569028451426,57.18240912045603],[9.58682934146708,57.275163758187915],[9.965598279913998,57.56932846642332],[10.468123406170314,57.67798389919496],[10.471873593679689,57.5666783339167],[10.524376218810943,57.42357117855893],[10.520626031301568,57.275163758187915],[10.310615530776545,56.94124706235312],[10.284364218210918,56.74248712435622],[10.194359717985904,56.68418420921046],[10.340617030851547,56.692134606730335],[10.336866843342172,56.596729836491825],[10.460623031151563,56.527826391319564],[10.719385969298472,56.52517625881294],[10.828141407070355,56.52517625881294],[10.936896844842245,56.4483224161208],[10.914395719785993,56.363518175908794],[10.719385969298472,56.170058502925144],[10.606880344017206,56.2071603580179],[10.516875843792192,56.12765638281914],[10.426871343567186,56.1859592979649],[10.468123406170314,56.268113405670285],[10.381869093454675,56.27341367068354],[10.243112155607783,56.154157707885396],[10.258112905645284,55.976598829941494],[10.19810990549528,55.87059352967648],[9.995599779989007,55.84674233711686],[10.03310165508276,55.767238361918096],[9.965598279913998,55.700985049252466],[9.819340967048355,55.679783989199464],[9.673083654182712,55.71158557927897],[9.793089654482728,55.602930146507326],[9.673083654182712,55.51282564128206],[9.620581029051458,55.40682034101705],[9.676833841692087,55.22131106555328],[9.53432671633582,55.15240762038102],[9.496824841242066,55.041102055102755],[9.744337216860849,54.98014900745038],[9.7518375918796,54.982799139956995],[9.7518375918796,54.99074953747687],[9.725586279313973,55.043752187609385],[9.808090404520229,55.05965298264913],[9.965598279913998,54.9933996699835],[10.03310165508276,54.89799489974499],[9.928096404820245,54.86619330966548],[9.785589279463977,54.89269463473174],[9.70683534176709,54.85824291214561],[9.590579528976455,54.88739436971849],[9.421821091054554,54.83174158707936],[9.279313965698286,54.80789039451973],[9.219310965548281,54.85294264713236],[9.114305715285766,54.87414370718536],[8.63428171408571,54.91124556227811],[8.675533776688837,55.16565828291415],[8.64928246412321,55.36441822091105],[8.615530776538833,55.41477073853693],[8.443022151107563,55.467773388669436],[8.293014650732538,55.5790789539477],[8.25926296314816,55.565828291414576],[8.25176258812941,55.504875243762186],[8.101755087754391,55.563178158907945]]],[[[8.315515775788796,55.438621931096556],[8.420521026051304,55.44922246112306],[8.46927346367319,55.35381769088455],[8.398019900995052,55.36176808840442],[8.315515775788796,55.438621931096556]]],[[[8.43177158857943,56.64443222161108],[8.555527776388821,56.692134606730335],[8.64178208910446,56.64443222161108],[8.53302665133257,56.596729836491825],[8.43177158857943,56.64443222161108]]],[[[8.458022901145064,55.10470523526176],[8.495524776238817,55.205410270513525],[8.581779088954448,55.20011000550028],[8.551777588879446,55.070253512675635],[8.495524776238817,55.06495324766239],[8.458022901145064,55.10470523526176]]],[[[8.514275713785693,55.27696384819241],[8.555527776388821,55.30081504075204],[8.604280214010707,55.290214510725534],[8.566778338916947,55.25841292064604],[8.514275713785693,55.27696384819241]]],[[[9.039301965098261,56.89354467723386],[9.091804590229515,56.92004600230012],[9.114305715285766,56.888244412220615],[9.08805440272014,56.86969348467424],[9.039301965098261,56.89354467723386]]],[[[9.703085154257714,55.263713185659284],[9.7518375918796,55.28226411320566],[9.793089654482728,55.25841292064604],[9.75933796689835,55.237211860593035],[9.703085154257714,55.263713185659284]]],[[[9.725586279313973,55.496924846242315],[9.789339466973352,55.536676833841696],[9.93184659232962,55.51812590629532],[10.183109155457778,55.60558027901395],[10.325616280814046,55.610880544027204],[10.471873593679689,55.552577628881444],[10.49437471873594,55.454522726136304],[10.59562978148908,55.48897444872244],[10.633131656582833,55.592329616480825],[10.715635781789096,55.507525376268816],[10.696884844242213,55.43597179858993],[10.719385969298472,55.4121206060303],[10.798139906995353,55.32996649832492],[10.805640282014103,55.2133606680334],[10.76813840692035,55.10735536776839],[10.719385969298472,55.06495324766239],[10.678133906695336,55.03050152507626],[10.693134656732838,54.96954847742387],[10.565628281414078,54.95894794739738],[10.505625281264066,55.03050152507626],[10.130606530326517,55.08880444022201],[10.1343567178359,55.15240762038102],[9.890594529726492,55.245162258112906],[9.883094154707742,55.32731636581829],[9.725586279313973,55.496924846242315]]],[[[9.770588529426476,55.31936596829841],[9.81559077953898,55.33526676333817],[9.841842092104606,55.30611530576529],[9.800590029501478,55.28226411320566],[9.770588529426476,55.31936596829841]]],[[[9.965598279913998,55.13385669283464],[9.999349967498382,55.16830841542077],[10.048102405120261,55.13120656032802],[10.021851092554634,55.11795589779489],[9.965598279913998,55.13385669283464]]],[[[10.100605030251515,55.04640232011601],[10.153107655382776,55.06495324766239],[10.183109155457778,55.03845192259613],[10.1493574678734,55.01725086254313],[10.100605030251515,55.04640232011601]]],[[[10.261863093154659,54.92184609230462],[10.355617780889048,54.91919595979799],[10.42312115605781,54.82909145457273],[10.363118155907799,54.83439171958598],[10.261863093154659,54.92184609230462]]],[[[10.280614030701543,55.74868743437172],[10.30686534326717,55.79108955447772],[10.32186609330467,55.79373968698435],[10.333116655832796,55.767238361918096],[10.325616280814046,55.74338716935847],[10.299364968248419,55.73543677183859],[10.280614030701543,55.74868743437172]]],[[[10.513125656282817,55.965998299915],[10.558127906395327,56.00045002250113],[10.584379218960954,55.93419670983549],[10.539376968848444,55.93684684234212],[10.513125656282817,55.965998299915]]],[[[10.524376218810943,55.83614180709036],[10.591879593979705,55.902395119755994],[10.65188259412971,55.902395119755994],[10.621881094054707,55.7778388919446],[10.561878093904703,55.76988849442472],[10.524376218810943,55.83614180709036]]],[[[10.569378468923453,54.916545827291365],[10.625631281564083,54.927146357317866],[10.640632031601584,54.89004450222511],[10.606880344017206,54.879443972198615],[10.569378468923453,54.916545827291365]]],[[[10.59562978148908,54.80789039451973],[10.730636531826597,54.95894794739738],[10.895644782239117,55.03580179008951],[10.880644032201616,54.9721986099305],[10.723136156807847,54.75488774438722],[10.65938296914846,54.74693734686734],[10.59562978148908,54.80789039451973]]],[[[10.86189309465474,57.25661283064153],[10.996899844992257,57.32816640832041],[11.124406220311023,57.29371468573429],[11.023151157557884,57.20626031301565],[10.86189309465474,57.25661283064153]]],[[[11.518175908795442,56.70803540177009],[11.570678533926703,56.73453672683634],[11.60443022151108,56.721286064303214],[11.570678533926703,56.68683434171709],[11.518175908795442,56.70803540177009]]]]}},{"type":"Feature","properties":{"territory_id":"DK-02","country_code":"DK","country_name":"Denmark","display_name":"Danish Islands and Copenhagen","strategic_centre":"Copenhagen","centre":[12.5683,55.6761],"boundary_status":"administrative-comparison-draft","admin_source":"NUTS 2024 level 3","source_region_count":6},"geometry":{"type":"MultiPolygon","coordinates":[[[[10.981899094954755,54.789339466973345],[11.056902845142261,54.82379118955948],[11.04190209510476,54.91389569478474],[11.173158657932902,54.956297814890746],[11.274413720686042,54.945697284864245],[11.525676283814192,54.83704185209261],[11.728186409320472,54.88739436971849],[11.780689034451726,54.95364768238412],[11.975698784939254,54.92449622481124],[12.065703285164261,54.93774688734437],[12.103205160258014,54.90064503225162],[12.155707785389275,54.96159807990399],[12.264463223161165,54.9933996699835],[12.279463973198666,55.04640232011601],[12.530726536326824,54.98014900745038],[12.51197559877994,54.95364768238412],[12.343217160858046,54.956297814890746],[12.155707785389275,54.88209410470524],[12.133206660333023,54.81584079203961],[11.98694934746738,54.685984299214965],[11.953197659882996,54.5746787339367],[11.893194659732991,54.627681384069206],[11.87069353467674,54.712485624281214],[11.795689784489227,54.65153257662884],[11.66068303415171,54.66213310665533],[11.439421971098561,54.62238111905596],[11.030651532576634,54.75488774438722],[10.981899094954755,54.789339466973345]]],[[[11.000650032501632,55.71953597679884],[11.311915595779794,55.75398769938497],[11.480674033701689,55.862643132156606],[11.529426471323568,55.939496974848744],[11.720686034301721,55.95539776988849],[11.739436971848598,55.931546577328874],[11.690684534226719,55.891794589729486],[11.70568528426422,55.833491674583726],[11.67568378418921,55.788439421971106],[11.758187909395474,55.74868743437172],[11.780689034451726,55.65858292914646],[11.821941097054854,55.67448372418621],[11.874443722186115,55.738086904345224],[11.874443722186115,55.7990399519976],[11.94944747237362,55.844092204610234],[11.919445972298618,55.902395119755994],[11.863193159657989,55.952747637381876],[11.87069353467674,55.979248962448125],[12.286964348217417,56.12765638281914],[12.60573028651433,56.04550227511376],[12.530726536326824,55.94214710735537],[12.5344767238362,55.902395119755994],[12.583229161458078,55.80699034951748],[12.583229161458078,55.72218610930547],[12.673233661683092,55.621481074053705],[12.66948347417371,55.592329616480825],[12.568228411420577,55.563178158907945],[12.50447522376119,55.63738186909346],[12.478223911195563,55.60558027901395],[12.361968098404923,55.594979748987456],[12.23071153557678,55.53137656882844],[12.204460223011154,55.467773388669436],[12.21571078553928,55.428021401070055],[12.376968848442424,55.37766888344417],[12.429471473573685,55.28756437821892],[12.1519575978799,55.18950947547378],[12.133206660333023,55.014600730036506],[11.97944897244863,54.985449272463626],[11.833191659582987,55.03315165758288],[11.765688284414225,55.096754837741884],[11.773188659432975,55.14445722286115],[11.69818490924547,55.1815590779539],[11.334416720836046,55.19745987299365],[11.251912595629783,55.23191159557978],[11.131906595329774,55.343217160858046],[11.188159407970403,55.42537126856343],[11.1431571578579,55.57112855642782],[11.000650032501632,55.71953597679884]]],[[[11.060653032651636,55.507525376268816],[11.094404720236014,55.54727736386819],[11.135656782839149,55.534026701335065],[11.116905845292266,55.50222511125557],[11.060653032651636,55.507525376268816]]],[[[11.10565528276414,55.89709485474274],[11.146907345367275,55.910345517275864],[11.188159407970403,55.86529326466324],[11.146907345367275,55.85999299964999],[11.10565528276414,55.89709485474274]]],[[[11.11315565778289,55.16565828291415],[11.165658282914151,55.223961198059904],[11.199409970498529,55.22131106555328],[11.20691034551728,55.1921596079804],[11.1581579078954,55.14180709035452],[11.11315565778289,55.16565828291415]]],[[[11.3869193459673,54.945697284864245],[11.435671783589186,54.974848742437125],[11.476923846192314,54.964248212410624],[11.435671783589186,54.9297964898245],[11.3869193459673,54.945697284864245]]],[[[11.48817440872044,54.97749887494375],[11.540677033851694,54.99604980249013],[11.574428721436078,54.96689834491725],[11.536926846342318,54.94834741737087],[11.48817440872044,54.97749887494375]]],[[[11.780689034451726,55.76988849442472],[11.833191659582987,55.79373968698435],[11.866943347167364,55.775188759437974],[11.836941847092362,55.746037301865094],[11.780689034451726,55.76988849442472]]],[[[12.178208910445527,55.043752187609385],[12.208210410520529,55.070253512675635],[12.25321266063304,55.070253512675635],[12.22321116055803,55.02255112755638],[12.178208910445527,55.043752187609385]]],[[[12.733236661833097,55.63473173658683],[12.744487224361222,55.66388319415971],[12.77073853692685,55.669183459172956],[12.789489474473726,55.610880544027204],[12.763238161908099,55.60823041152058],[12.733236661833097,55.63473173658683]]],[[[14.687084354217717,55.099404970248514],[14.713335666783344,55.21866093304665],[14.777088854442724,55.28756437821892],[15.129606480324021,55.14180709035452],[15.152107605380273,55.09410470523527],[15.10710535526777,55.00930046502325],[15.058352917645884,54.99074953747687],[14.777088854442724,55.05435271763588],[14.687084354217717,55.099404970248514]]]]}},{"type":"Feature","properties":{"territory_id":"EE-01","country_code":"EE","country_name":"Estonia","display_name":"Estonia","strategic_centre":"Tallinn","centre":[24.7453,59.4372],"boundary_status":"administrative-comparison-draft","admin_source":"NUTS 2024 level 3","source_region_count":5},"geometry":{"type":"MultiPolygon","coordinates":[[[[21.81619080954048,58.38026901345067],[21.86869343467174,58.404120206010305],[21.906195309765494,58.3829191459573],[21.864943247162365,58.356417820891046],[21.81619080954048,58.38026901345067]]],[[[21.857442872143615,58.27956397819891],[21.94744737236862,58.35906795339767],[21.94744737236862,58.47832391619581],[22.101205060253015,58.45447272363619],[22.337466873343672,58.568428421421075],[22.517475873793693,58.616130806540326],[22.944997249862496,58.60818040902045],[23.20751037551878,58.480974048702436],[22.701235061753096,58.23451172558628],[22.341217060853047,58.19740987049353],[22.18370918545928,57.998649932496626],[22.063703185159262,57.93769688484424],[22.02620131006551,57.94564728236412],[22.022451122556134,57.977448872443624],[22.146207310365526,58.08610430521526],[22.15745787289365,58.133806690334524],[21.857442872143615,58.27956397819891]]],[[[22.20621031051553,58.907645382269116],[22.66748337416871,59.06665333266663],[22.944997249862496,58.973898694934746],[23.031251562578134,58.88909445472274],[22.562478123906203,58.700935046752335],[22.20621031051553,58.907645382269116]]],[[[22.468723436171814,58.13910695534777],[22.50247512375619,58.178858942947144],[22.53997699884995,58.14970748537427],[22.509975498774942,58.125856292814646],[22.468723436171814,58.13910695534777]]],[[[22.98624931246563,58.626731336566834],[23.001250062503132,58.65323266163308],[23.023751187559384,58.66118305915296],[23.061253062653137,58.61878093904696],[23.023751187559384,58.6134806740337],[22.98624931246563,58.626731336566834]]],[[[23.068753437671887,58.60023001150058],[23.15125756287815,58.674433721686086],[23.203760188009404,58.67973398669933],[23.33876693834692,58.645282264113206],[23.395019750987558,58.549877493874696],[23.23001150057503,58.53397669883495],[23.068753437671887,58.60023001150058]]],[[[23.113755687784398,59.02690134506726],[23.170008500425027,59.04545227261363],[23.31626581329067,59.034851742587136],[23.376268813440674,58.99509975498775],[23.297514875743794,58.96329816490825],[23.185009250462528,58.96329816490825],[23.113755687784398,59.02690134506726]]],[[[23.20001000050003,57.805190259512976],[23.241262063103164,57.8290414520726],[23.278763938196917,57.78928946447323],[23.226261313065656,57.78133906695335],[23.20001000050003,57.805190259512976]]],[[[23.447522376118812,59.04545227261363],[23.518775938796942,59.10905545277264],[23.53377668883445,59.2097604880244],[23.728786439321972,59.23626181309066],[23.833791689584487,59.281314065703285],[24.077553877693887,59.27866393319666],[24.09630481524077,59.30781539076954],[24.077553877693887,59.37141857092855],[24.220061003050155,59.35816790839542],[24.388819440972057,59.46417320866043],[24.61383069153458,59.44297214860743],[24.782589129456476,59.46417320866043],[24.83134156707836,59.54632731636582],[24.99634981749088,59.49332466623331],[25.116355817790897,59.49067453372669],[25.195109755487778,59.52247612380619],[25.42012100605031,59.50127506375319],[25.52137606880345,59.53837691884594],[25.5288764438222,59.61523076153808],[25.66763338166909,59.58872943647182],[25.70888544427222,59.64438221911096],[25.828891444572236,59.5648782439122],[25.88139406970349,59.61523076153808],[25.94889744487225,59.583429171458576],[26.035151757587883,59.62318115905795],[26.500175008750446,59.51717585879294],[26.627681384069213,59.54632731636582],[26.74768738436922,59.50922546127306],[26.961448072403627,59.43502175108756],[27.37396869843493,59.445622281114055],[27.82774138706936,59.397919895994804],[27.940247012350625,59.41117055852793],[28.04525226261314,59.46947347367369],[28.187759387969407,59.397919895994804],[28.195259762988158,59.35816790839542],[28.13150657532877,59.29986499324966],[27.917745887294373,59.24686234311716],[27.808990449522483,59.12230611530577],[27.737736886844345,58.979198959948],[27.64773238661934,58.93149657482874],[27.523976198809947,58.87054352717636],[27.45272263613181,58.83344167208361],[27.355217760888053,58.788389419470974],[27.520226011300572,58.44122206110306],[27.5464773238662,58.36701835091755],[27.493974698734945,58.30341517075854],[27.493974698734945,58.23451172558628],[27.621481074053712,58.10200510025501],[27.621481074053712,58.017200860043005],[27.67773388669434,58.00925046252313],[27.696484824241217,57.99599979999],[27.673983699184966,57.948297414870744],[27.797739886994357,57.892644632231615],[27.79398969948498,57.852892644632234],[27.55397769888495,57.82109105455273],[27.508975448772446,57.783989199459974],[27.523976198809947,57.72038601930097],[27.38896944847243,57.67268363418171],[27.38896944847243,57.61703085154258],[27.328966448322426,57.571978598929945],[27.351467573378677,57.51897594879745],[26.908945447272373,57.62763138156908],[26.612680634031705,57.52162608130406],[26.526426321316073,57.52162608130406],[26.462673133656686,57.56932846642332],[26.27891394569729,57.601130056502825],[26.1851592579629,57.71508575428771],[26.03890194509726,57.77338866943347],[26.050152507625384,57.8290414520726],[26.023901195059757,57.850242512125604],[25.843892194609737,57.85819290964548],[25.768888444422224,57.90854542727136],[25.626381319065956,57.929746487324365],[25.296364818240917,58.072853642682134],[25.281364068203416,57.99599979999],[25.191359567978402,58.07815390769539],[25.04510225511276,58.04105205260263],[24.850092504625238,57.98009900495025],[24.568828441422077,57.953597679884],[24.471323566178313,57.92179608980449],[24.43382169108456,57.87409370468524],[24.355067753387672,57.87674383719186],[24.452572628631437,58.043702185109254],[24.478823941197064,58.200060003000154],[24.546327316365826,58.290164508225416],[24.538826941347075,58.33256662833142],[24.37006850342518,58.372318615930794],[24.23881194059704,58.28486424321216],[24.08880444022202,58.26366318315916],[23.77753887694385,58.356417820891046],[23.665033251662592,58.50482524126207],[23.530026501325075,58.60553027651383],[23.537526876343826,58.692984649232464],[23.627531376568832,58.759237961898094],[23.500025001250066,58.80694034701735],[23.46627331366569,58.91559577978899],[23.5412770638532,58.97654882744138],[23.455022751137562,59.01365068253413],[23.447522376118812,59.04545227261363]]],[[[23.87879393969699,59.3343167158358],[23.950047502375128,59.35816790839542],[23.99504975248763,59.3343167158358],[23.950047502375128,59.30781539076954],[23.87879393969699,59.3343167158358]]],[[[23.938796939846995,58.112605630281514],[23.97254862743138,58.155007750387526],[24.021301065053258,58.14970748537427],[23.991299564978256,58.09935496774839],[23.938796939846995,58.112605630281514]]],[[[24.467573378668938,59.57017850892545],[24.51257562878145,59.60463023151158],[24.561328066403327,59.54102705135257],[24.516325816290824,59.54102705135257],[24.467573378668938,59.57017850892545]]],[[[24.970098504925254,59.62848142407121],[25.007600380019007,59.65498274913746],[25.04510225511276,59.61523076153808],[25.011350567528382,59.59932996649833],[24.970098504925254,59.62848142407121]]]]}},{"type":"Feature","properties":{"territory_id":"ES-01","country_code":"ES","country_name":"Spain","display_name":"Galicia and Asturias","strategic_centre":"A Coruna","centre":[-8.4115,43.3623],"boundary_status":"administrative-comparison-draft","admin_source":"NUTS 2024 level 3","source_region_count":6},"geometry":{"type":"Polygon","coordinates":[[[-9.276613830691531,42.93529676483824],[-9.26911345567278,43.03335166758338],[-9.182859142957145,43.11550577528877],[-9.17910895544777,43.16850842542127],[-8.98034901745087,43.23211160558028],[-8.954097704885243,43.287764388219415],[-8.852842642132103,43.32221611080554],[-8.702835141757085,43.295714785739285],[-8.552827641382066,43.316915845792295],[-8.429071453572675,43.37521876093805],[-8.36906845342267,43.35666783339167],[-8.309065453272662,43.3911195559778],[-8.234061703085153,43.3593179658983],[-8.222811140557027,43.40702035101755],[-8.309065453272662,43.46797339866993],[-8.279063953197657,43.547477373868695],[-8.264063203160156,43.55542777138857],[-7.982799139956995,43.71973598679934],[-7.922796139806987,43.751537576878846],[-7.8402920146007276,43.72503625181259],[-7.716535826791336,43.75683784189209],[-7.701535076753835,43.73563678183909],[-7.641532076603827,43.73563678183909],[-7.600280014000699,43.69588479423972],[-7.480274013700683,43.71973598679934],[-7.247762388119405,43.576628831441575],[-7.109005450272512,43.55542777138857],[-7.030251512575628,43.54482724136207],[-6.992749637481872,43.55542777138857],[-6.947747387369365,43.57132856642832],[-6.771488574428719,43.56602830141507],[-6.482724136206809,43.55542777138857],[-6.373968698434918,43.55277763888195],[-6.355217760888042,43.55542777138857],[-6.238961948097401,43.587229361468076],[-6.111455572778638,43.558077903895196],[-5.9501975098754905,43.587229361468076],[-5.841442072103604,43.64818240912046],[-5.6914345717285855,43.55542777138857],[-5.40642032101605,43.55012750637532],[-5.1889094454722695,43.47592379618981],[-4.513875693784687,43.393769688484426],[-4.528876443822188,43.287764388219415],[-4.708885444272212,43.26391319565978],[-4.74263713185659,43.19500975048753],[-4.840142007100354,43.1817590879544],[-4.840142007100354,43.11285564278214],[-4.753887694384716,43.062503125156255],[-4.738886944347215,43.02010100505025],[-4.8963948197409835,42.84519225961298],[-4.918895944797239,42.755087754387716],[-4.892644632231608,42.71268563428171],[-4.881394069703482,42.696784839241964],[-4.8963948197409835,42.47947397369869],[-4.918895944797239,42.39201960098005],[-5.001400070003498,42.28866443322166],[-5.13265663283164,42.29661483074154],[-5.286414320716034,42.22241112055603],[-5.316415820791036,42.233011650582526],[-5.301415070753535,42.27011350567528],[-5.335166758337916,42.27011350567528],[-5.376418820941044,42.1985599279964],[-5.376418820941044,42.04220211010551],[-5.421421071053551,42.031601580079005],[-5.492674633731685,42.079303965198264],[-5.515175758787937,42.08195409770489],[-5.57892894644732,42.07400370018501],[-5.6726836341817055,42.127006350317515],[-6.197709885494273,42.15350767538377],[-6.33271663583179,42.20121006050303],[-6.50522526126306,42.19060953047652],[-6.782739136956845,42.254212710635535],[-6.925246262313113,42.174708735436774],[-6.996499824991247,42.097854892744635],[-6.985249262463121,41.97064853242662],[-7.056502825141255,41.94944747237362],[-7.165258262913145,41.9785989299465],[-7.199009950497523,41.88054402720136],[-7.4165208260413,41.81694084704235],[-7.469023451172557,41.86199309965498],[-7.600280014000699,41.83549177458873],[-7.6152807640382,41.87259362968149],[-7.70528526426321,41.90174508725436],[-7.877793889694484,41.85934296714836],[-7.89654482724136,41.92029601480074],[-8.050302515125754,41.81959097954898],[-8.166558327916395,41.81959097954898],[-8.200310015500772,41.92029601480074],[-8.147807390369515,41.989199459973],[-8.102805140257011,42.04485224261213],[-8.174058702935145,42.08195409770489],[-8.200310015500772,42.15350767538377],[-8.339066953347665,42.08990449522476],[-8.395319765988297,42.08195409770489],[-8.6240812040602,42.04485224261213],[-8.702835141757085,41.989199459973],[-8.864093204660232,41.87259362968149],[-8.879093954697733,41.989199459973],[-8.879093954697733,42.08460423021151],[-8.744087204360216,42.24626231311566],[-8.826591329566476,42.28866443322166],[-8.751587579378967,42.39201960098005],[-8.841592079603977,42.41322066103305],[-8.879093954697733,42.455622781139056],[-8.72533626681334,42.688834441722086],[-8.912845642282111,42.619930996549826],[-9.036601830091502,42.543077153857695],[-9.059102955147754,42.62523126156308],[-9.01410070503525,42.696784839241964],[-9.002850142507125,42.71268563428171],[-8.965348267413368,42.77628881444072],[-9.104105205260261,42.76833841692085],[-9.152857642882143,42.90349517475874],[-9.276613830691531,42.93529676483824]]]}},{"type":"Feature","properties":{"territory_id":"ES-02","country_code":"ES","country_name":"Spain","display_name":"Basque Country and Upper Ebro","strategic_centre":"Bilbao","centre":[-2.9236,43.2569],"boundary_status":"administrative-comparison-draft","admin_source":"NUTS 2024 level 3","source_region_count":9},"geometry":{"type":"MultiPolygon","coordinates":[[[[-5.012650632531624,42.16940847042352],[-5.001400070003498,42.28866443322166],[-4.918895944797239,42.39201960098005],[-4.8963948197409835,42.47947397369869],[-4.881394069703482,42.696784839241964],[-4.892644632231608,42.71268563428171],[-4.918895944797239,42.755087754387716],[-4.8963948197409835,42.84519225961298],[-4.738886944347215,43.02010100505025],[-4.753887694384716,43.062503125156255],[-4.840142007100354,43.11285564278214],[-4.840142007100354,43.1817590879544],[-4.74263713185659,43.19500975048753],[-4.708885444272212,43.26391319565978],[-4.528876443822188,43.287764388219415],[-4.513875693784687,43.393769688484426],[-4.176358817940894,43.40437021851093],[-3.8313415670783506,43.48387419370969],[-3.8013400670033484,43.47327366368319],[-3.793839691984598,43.43087154357718],[-3.568828441422067,43.507725386269314],[-3.445072253612679,43.46002300115006],[-3.415070753537673,43.41762088104405],[-3.253812690634529,43.39906995349767],[-3.152557627881393,43.354017700885045],[-3.0288014400720016,43.33281664083204],[-3.0250512525626263,43.37521876093805],[-2.98754937746887,43.39641982099105],[-2.9350467523376125,43.43087154357718],[-2.758787939396967,43.44677233861693],[-2.4137706885344237,43.32221611080554],[-2.2300115005750243,43.30896544827242],[-2.15125756287814,43.29306465323266],[-1.821241062053101,43.37786889344467],[-1.78748937446872,43.35136756837842],[-1.7274863743187119,43.295714785739285],[-1.4087204360217989,43.255962798139905],[-1.4012200610030483,43.2241612080604],[-1.397469873493673,43.1817590879544],[-1.4537226861343022,43.083704185209264],[-1.4162208110405494,43.04660233011651],[-1.3674683734186672,43.04130206510325],[-1.303715185759284,43.094304715235765],[-1.25121256062803,43.04925246262313],[-0.9924496224811215,42.96974848742437],[-0.7599379968998434,42.9617980899045],[-0.7261863093154624,42.91939596979849],[-0.8049402470123468,42.90614530726536],[-0.9024451222561112,42.74183709185459],[-0.913695684784237,42.55102755137757],[-0.8611930596529795,42.39201960098005],[-0.8611930596529795,42.31781589079454],[-0.8236911845592267,42.29926496324816],[-0.767438371918594,42.331066553327666],[-0.7449372468623388,42.291314565728285],[-0.767438371918594,42.108455422771144],[-0.8311915595779773,42.05810290514526],[-0.8349417470873526,41.9997999899995],[-0.6699334966748296,41.944147207360366],[-0.6474323716185779,41.936196809840496],[-0.5311765588279371,41.84344217210861],[-0.47117355867793265,41.71888594429721],[-0.2649132456622816,41.594329716485824],[-0.1674083704185172,41.578428921446076],[-0.047402370118501125,41.37966898344917],[0.09510475523776662,41.35846792339617],[0.24136206810340965,41.41677083854193],[0.3351167558377952,41.40617030851543],[0.3838691934596774,41.278963948197415],[0.29761488074403886,41.16765838291914],[0.23011150557528026,41.13055652782639],[0.2226111305565297,41.07225361268063],[0.03135156757838331,41.05900295014751],[-0.036151807590375284,41.13055652782639],[-0.5349267463373124,41.345217260863045],[-0.6136806840342004,41.30281514075704],[-0.6286814340717015,41.188859442972145],[-0.6699334966748296,41.141157057852894],[-0.6886844342217096,41.122606130306515],[-0.7599379968998434,41.15705785289265],[-0.8049402470123468,41.10670533526677],[-0.8836941847092312,41.11730586529326],[-0.9549477473873651,41.082854142707134],[-1.1012050602530081,41.15705785289265],[-1.2437121856092759,41.12525626281314],[-1.277463873193657,41.05900295014751],[-1.3937196859842977,41.066953347667386],[-1.468723436171807,40.958297914895745],[-1.6187309365468252,40.94504725236262],[-1.802490124506221,41.085504275213765],[-1.9562478123906182,41.162358117905896],[-2.0500025001250037,41.14645732286614],[-2.140007000350014,41.20211010550528],[-2.1587579378968904,41.33991699584979],[-2.098754937746886,41.42737136856843],[-2.020001000049998,41.39556977848893],[-1.9712485624281193,41.41677083854193],[-1.9787489374468699,41.58372918645932],[-1.9149957497874865,41.62878143907196],[-1.7987399369968458,41.70828541427071],[-1.836241812090602,41.787789389469474],[-1.8249912495624763,41.85139256962848],[-1.8549927496374785,41.965348267413376],[-1.9637481874093687,41.92824641232062],[-2.0725036251812554,41.95474773738687],[-2.15125756287814,42.087254362718134],[-2.3537676883844156,42.137606880344016],[-2.492524626231308,42.108455422771144],[-2.6012800640031983,42.00510025501275],[-2.7325366268313402,42.021001050052504],[-2.743787189359466,42.11110555527777],[-2.8225411270563505,42.04220211010551],[-2.912545627281361,42.02365118255913],[-2.98754937746887,41.933546677333865],[-3.010050502525125,41.90969548477424],[-3.145057252862639,41.81694084704235],[-3.2725636281814054,41.84344217210861],[-3.298814940747036,41.758637931896594],[-3.426321316065799,41.62878143907196],[-3.54257712885644,41.578428921446076],[-3.568828441422067,41.57312865643282],[-3.666333316665831,41.5598779938997],[-3.7600880044002167,41.469773488674434],[-3.7825891294564684,41.51747587379369],[-3.8238411920596,41.48832441622081],[-3.981349067453369,41.58372918645932],[-4.026351317565876,41.62878143907196],[-4.056352817640878,41.732136606830345],[-4.041352067603377,41.769238461923095],[-4.236361818090902,41.80634031701585],[-4.318865943297162,41.769238461923095],[-4.46137306865343,41.76393819690985],[-4.491374568728435,41.77718885944297],[-4.491374568728435,41.83019150957548],[-4.573878693934695,41.82224111205561],[-4.66013300665033,41.89379468973449],[-4.780139006950346,41.82489124456223],[-4.8701435071753565,41.922946147307364],[-4.982649132456622,41.92029601480074],[-4.993899694984748,41.96004800240012],[-4.975148757437868,41.989199459973],[-4.918895944797239,42.08195409770489],[-4.94139706985349,42.137606880344016],[-5.012650632531624,42.16940847042352]],[[-0.9474473723686145,42.24626231311566],[-0.8911945597279818,42.23831191559578],[-0.8724436221811054,42.27541377068854],[-0.9099454972748617,42.28601430071504],[-0.9474473723686145,42.24626231311566]]],[[[-0.5724286214310688,41.28426421321066],[-0.5311765588279371,41.30016500825042],[-0.5086754337716854,41.23921196059803],[-0.5386769338466877,41.23391169558478],[-0.5724286214310688,41.28426421321066]]]]}},{"type":"Feature","properties":{"territory_id":"ES-03","country_code":"ES","country_name":"Spain","display_name":"Catalonia and Aragon","strategic_centre":"Barcelona","centre":[2.1769,41.3825],"boundary_status":"administrative-comparison-draft","admin_source":"NUTS 2024 level 3","source_region_count":7},"geometry":{"type":"MultiPolygon","coordinates":[[[[-0.9474473723686145,42.24626231311566],[-0.9099454972748617,42.28601430071504],[-0.8724436221811054,42.27541377068854],[-0.8911945597279818,42.23831191559578],[-0.9474473723686145,42.24626231311566]]],[[[-0.913695684784237,42.55102755137757],[-0.9024451222561112,42.74183709185459],[-0.8049402470123468,42.90614530726536],[-0.7261863093154624,42.91939596979849],[-0.6699334966748296,42.87699384969248],[-0.5611780589029429,42.794839741987104],[-0.39616980849041994,42.80809040452023],[-0.3136656832841602,42.85049252462623],[-0.07365368268413164,42.71268563428171],[-0.047402370118501125,42.696784839241964],[0.0013500675033775167,42.696784839241964],[0.08385419270963723,42.71268563428171],[0.18135906795340162,42.73123656182809],[0.22636131806590498,42.71268563428171],[0.26386319315966134,42.696784839241964],[0.29761488074403886,42.68353417670883],[0.32386619330966937,42.696784839241964],[0.3538676933846716,42.71268563428171],[0.3876193809690527,42.71268563428171],[0.47762388119406296,42.69943497174859],[0.5338766938346957,42.696784839241964],[0.6613830691534623,42.69148457422871],[0.6613830691534623,42.71268563428171],[0.6763838191909635,42.842542127106356],[0.856392819640984,42.8266413320666],[1.0664033201660104,42.77893894694735],[1.1751587579379006,42.717985899294966],[1.3476673833691706,42.71268563428171],[1.3626681334066753,42.696784839241964],[1.4414220711035597,42.60403020151008],[1.4414220711035597,42.47152357617881],[1.4639231961598114,42.43972198609931],[1.5389269463473205,42.437071853592684],[1.7264363218160952,42.503325166258314],[1.7301865093254705,42.49272463623181],[1.8351917595879819,42.46887344367218],[1.8539426971348583,42.46357317865893],[1.89519475973799,42.45297264863243],[2.026451322566132,42.36816840842042],[2.262713135656785,42.426471323566176],[2.555227761388071,42.34166708335417],[2.633981699084959,42.349617480874045],[2.7239861993099694,42.41322066103305],[2.926496324816245,42.46622331116556],[3.1740087004350244,42.43442172108605],[3.1627581379068985,42.37081854092705],[3.241512075603783,42.339016950847544],[3.2977648882444157,42.31781589079454],[3.2715135756787888,42.25686284314216],[3.155257762888148,42.254212710635535],[3.1140057002850163,42.20121006050303],[3.1252562628131457,42.14025701285064],[3.20401020051003,42.06340317015851],[3.2227611380569066,41.96004800240012],[3.2077603880194054,41.904395219760985],[3.1365068253412716,41.85139256962848],[3.1027551377568905,41.83019150957548],[3.0465023251162577,41.787789389469474],[2.892744637231864,41.70828541427071],[2.780239011950602,41.64998249912496],[2.626481324066205,41.5916795839792],[2.555227761388071,41.565178258912944],[2.5364768238411948,41.55722786139307],[2.3377168858442943,41.48302415120756],[2.2514625731286593,41.443272163608185],[2.1052052602630162,41.28956447822391],[1.89519475973799,41.247162358117905],[1.8539426971348583,41.23921196059803],[1.8351917595879819,41.23391169558478],[1.6439321966098355,41.19680984049202],[1.3814190709535517,41.13055652782639],[0.9688984449222495,41.027201360068005],[0.710135506775341,40.80194009700485],[0.8676433821691099,40.72243612180609],[0.8676433821691099,40.698584929246465],[0.7513875693784726,40.63763188159408],[0.6013800690034543,40.61643082154108],[0.5151257562878158,40.523676183809194],[0.2901145057252883,40.63498174908746],[0.2751137556877872,40.687984399219964],[0.17010850542527578,40.73303665183259],[0.2676133806690366,40.823141157057854],[0.24886244312216022,40.88674433721686],[0.28261413070653774,40.9741987099355],[0.2226111305565297,41.07225361268063],[0.23011150557528026,41.13055652782639],[0.29761488074403886,41.16765838291914],[0.3838691934596774,41.278963948197415],[0.3351167558377952,41.40617030851543],[0.24136206810340965,41.41677083854193],[0.09510475523776662,41.35846792339617],[-0.047402370118501125,41.37966898344917],[-0.1674083704185172,41.578428921446076],[-0.2649132456622816,41.594329716485824],[-0.47117355867793265,41.71888594429721],[-0.5311765588279371,41.84344217210861],[-0.6474323716185779,41.936196809840496],[-0.6699334966748296,41.944147207360366],[-0.8349417470873526,41.9997999899995],[-0.8311915595779773,42.05810290514526],[-0.767438371918594,42.108455422771144],[-0.7449372468623388,42.291314565728285],[-0.767438371918594,42.331066553327666],[-0.8236911845592267,42.29926496324816],[-0.8611930596529795,42.31781589079454],[-0.8611930596529795,42.39201960098005],[-0.913695684784237,42.55102755137757]]],[[[0.6088804440222049,40.56872843642182],[0.6576328816440871,40.5978798939947],[0.6913845692284646,40.5872793639682],[0.650132506625333,40.55017750887544],[0.6088804440222049,40.56872843642182]]],[[[1.9401970098504968,42.455622781139056],[1.9776988849442496,42.49802490124506],[2.00395019750988,42.45032251612581],[1.981449072453625,42.437071853592684],[1.9401970098504968,42.455622781139056]]],[[[2.363968198409925,39.55902795139757],[2.3752187609380506,39.60143007150357],[2.442722136106809,39.64648232411621],[2.5364768238411948,39.702135106755335],[2.555227761388071,39.712735636781844],[2.757737886894347,39.83199159957998],[2.9602480124006227,39.914145707285364],[3.09525476273814,39.924746237311865],[3.1065053252662658,39.87439371968598],[3.155257762888148,39.85584279213961],[3.1365068253412716,39.816090804540224],[3.170258512925649,39.76838841942097],[3.252762638131909,39.73923696184809],[3.361518075903799,39.771038551927596],[3.447772388619434,39.71803590179509],[3.4402720136006835,39.65708285414271],[3.2452622631131582,39.384119205960296],[3.069003450172513,39.28076403820191],[2.952747637381872,39.35231761588079],[2.780239011950602,39.38146907345367],[2.7352367618380953,39.50602530126506],[2.682734136706838,39.54577728886444],[2.555227761388071,39.50337516875844],[2.5364768238411948,39.49807490374519],[2.4914745737286914,39.482174108705436],[2.363968198409925,39.55902795139757]]],[[[2.90399519975999,39.132356617830894],[2.933996699834996,39.172108605430275],[2.975248762438124,39.13765688284414],[2.952747637381872,39.113805690284515],[2.90399519975999,39.132356617830894]]],[[[3.1140057002850163,39.93004650232512],[3.1627581379068985,39.96714835741787],[3.1965098254912796,39.953897694884745],[3.1515075753787727,39.914145707285364],[3.1140057002850163,39.93004650232512]]],[[[3.7890394519726023,40.01750087504375],[3.8527926396319856,40.05460273013651],[4.152807640382022,40.059902995149756],[4.265313265663288,39.97774888744437],[4.299064953247665,39.83994199709986],[4.250312515625787,39.816090804540224],[4.0103005150257545,39.92209610480524],[3.8415420771038598,39.924746237311865],[3.7890394519726023,40.01750087504375]]]]}},{"type":"Feature","properties":{"territory_id":"ES-04","country_code":"ES","country_name":"Spain","display_name":"Central Spain and Madrid","strategic_centre":"Madrid","centre":[-3.7033,40.4169],"boundary_status":"administrative-comparison-draft","admin_source":"NUTS 2024 level 3","source_region_count":12},"geometry":{"type":"Polygon","coordinates":[[[-7.544027201360066,39.66238311915596],[-7.349017450872541,39.64383219160958],[-7.056502825141255,39.65973298664933],[-7.011500575028748,39.68623431171559],[-6.973998699934995,39.81079053952698],[-6.910245512275612,39.87174358717936],[-6.8727436371818555,40.00425021251063],[-6.940247012350614,40.10230511525576],[-7.019000950047499,40.15530776538827],[-7.011500575028748,40.213610680534025],[-6.95149757487874,40.25866293314666],[-6.865243262163105,40.271913595679784],[-6.790239511975596,40.35406770338517],[-6.842742137106853,40.44152207610381],[-6.801490074503722,40.51837591879594],[-6.838991949597478,40.57932896644832],[-6.801490074503722,40.66148307415371],[-6.827741387069352,40.754237711885594],[-6.808990449522472,40.860243012150605],[-6.928996449822488,41.02985149257463],[-6.808990449522472,41.04840242012101],[-6.68898444922246,41.2047602380119],[-6.478973948697433,41.29486474323716],[-6.328966448322415,41.3929196459823],[-6.205210260513024,41.58637931896595],[-6.268963448172407,41.62878143907196],[-6.32521626081304,41.66853342667133],[-6.538976948847441,41.68178408920446],[-6.5539776988849425,41.74803740187009],[-6.523976198809937,41.86464323216161],[-6.561478073903693,41.88849442472124],[-6.576478823941194,41.95474773738687],[-6.715235761788087,41.93884694234712],[-6.797739886994346,41.98654932746638],[-6.835241762088103,41.94944747237362],[-6.898994949747486,41.94149707485374],[-6.985249262463121,41.97064853242662],[-6.996499824991247,42.097854892744635],[-6.925246262313113,42.174708735436774],[-6.782739136956845,42.254212710635535],[-6.50522526126306,42.19060953047652],[-6.33271663583179,42.20121006050303],[-6.197709885494273,42.15350767538377],[-5.6726836341817055,42.127006350317515],[-5.57892894644732,42.07400370018501],[-5.515175758787937,42.08195409770489],[-5.492674633731685,42.079303965198264],[-5.421421071053551,42.031601580079005],[-5.376418820941044,42.04220211010551],[-5.376418820941044,42.1985599279964],[-5.335166758337916,42.27011350567528],[-5.301415070753535,42.27011350567528],[-5.316415820791036,42.233011650582526],[-5.286414320716034,42.22241112055603],[-5.13265663283164,42.29661483074154],[-5.001400070003498,42.28866443322166],[-5.012650632531624,42.16940847042352],[-4.94139706985349,42.137606880344016],[-4.918895944797239,42.08195409770489],[-4.975148757437868,41.989199459973],[-4.993899694984748,41.96004800240012],[-4.982649132456622,41.92029601480074],[-4.8701435071753565,41.922946147307364],[-4.780139006950346,41.82489124456223],[-4.66013300665033,41.89379468973449],[-4.573878693934695,41.82224111205561],[-4.491374568728435,41.83019150957548],[-4.491374568728435,41.77718885944297],[-4.46137306865343,41.76393819690985],[-4.318865943297162,41.769238461923095],[-4.236361818090902,41.80634031701585],[-4.041352067603377,41.769238461923095],[-4.056352817640878,41.732136606830345],[-4.026351317565876,41.62878143907196],[-3.981349067453369,41.58372918645932],[-3.8238411920596,41.48832441622081],[-3.7825891294564684,41.51747587379369],[-3.7600880044002167,41.469773488674434],[-3.666333316665831,41.5598779938997],[-3.568828441422067,41.57312865643282],[-3.54257712885644,41.578428921446076],[-3.426321316065799,41.62878143907196],[-3.298814940747036,41.758637931896594],[-3.2725636281814054,41.84344217210861],[-3.145057252862639,41.81694084704235],[-3.010050502525125,41.90969548477424],[-2.98754937746887,41.933546677333865],[-2.912545627281361,42.02365118255913],[-2.8225411270563505,42.04220211010551],[-2.743787189359466,42.11110555527777],[-2.7325366268313402,42.021001050052504],[-2.6012800640031983,42.00510025501275],[-2.492524626231308,42.108455422771144],[-2.3537676883844156,42.137606880344016],[-2.15125756287814,42.087254362718134],[-2.0725036251812554,41.95474773738687],[-1.9637481874093687,41.92824641232062],[-1.8549927496374785,41.965348267413376],[-1.8249912495624763,41.85139256962848],[-1.836241812090602,41.787789389469474],[-1.7987399369968458,41.70828541427071],[-1.9149957497874865,41.62878143907196],[-1.9787489374468699,41.58372918645932],[-1.9712485624281193,41.41677083854193],[-2.020001000049998,41.39556977848893],[-2.098754937746886,41.42737136856843],[-2.1587579378968904,41.33991699584979],[-2.140007000350014,41.20211010550528],[-2.0500025001250037,41.14645732286614],[-1.9562478123906182,41.162358117905896],[-1.802490124506221,41.085504275213765],[-1.6187309365468252,40.94504725236262],[-1.61498074903745,40.88144407220361],[-1.543727186359316,40.79928996449823],[-1.554977748887442,40.59522976148808],[-1.5924796239811947,40.571378568928445],[-1.6862343117155838,40.571378568928445],[-1.701235061753085,40.48922446122306],[-1.8062403120155963,40.399119955997804],[-1.7274863743187119,40.34611730586529],[-1.716235811790586,40.30371518575929],[-1.554977748887442,40.203010150507524],[-1.4462223111155517,40.187109355467776],[-1.449972498624927,40.14470723536177],[-1.3674683734186672,40.02015100755038],[-1.1649582479123914,40.009550477523874],[-1.1424571228561398,39.97244862243112],[-1.1987099354967725,39.94064703235162],[-1.2099604980248984,39.83199159957998],[-1.2737136856842817,39.694184709235465],[-1.3899694984749225,39.675633781689086],[-1.4987249362468091,39.556377818890944],[-1.5062253112655597,39.41857092854643],[-1.78748937446872,39.28341417070854],[-1.9824991249562451,39.29931496574829],[-2.0350017500875026,39.34966748337417],[-2.080004000200006,39.35496774838742],[-2.0612530626531296,39.27281364068203],[-2.1662583129156445,39.278113905695285],[-2.275013750687531,39.23571178558928],[-2.331266563328164,39.27016350817541],[-2.3875193759687967,39.24631231561578],[-2.5075253762688092,39.33376668833442],[-2.743787189359466,39.317865893294666],[-2.7325366268313402,39.26221311065554],[-2.830041502075101,39.142957147857395],[-2.8112905645282247,39.04225211260563],[-2.875043752187608,38.94419720986049],[-2.7775388769438436,38.88854442722136],[-2.7362868143407155,38.795789789489476],[-2.6462823141157017,38.73218660933047],[-2.6650332516625816,38.66328316415821],[-2.7512875643782166,38.5996799839992],[-2.7625381269063425,38.533426671333565],[-2.8637931896594786,38.46982349117456],[-2.98754937746887,38.44067203360168],[-3.0063003150157463,38.438021901095055],[-3.0663033151657544,38.46187309365468],[-3.156307815390768,38.44597229861493],[-3.328816440822038,38.47247362368118],[-3.4638231911595554,38.408870443522176],[-3.568828441422067,38.4433221661083],[-3.6100805040251984,38.4009200460023],[-3.778838941947093,38.42477123856193],[-3.8875943797189834,38.37176858842942],[-4.251362568128403,38.39561978098905],[-4.27011350567528,38.34791739586979],[-4.442622131106553,38.4009200460023],[-4.690134506725332,38.55992799639982],[-4.847642382119105,38.61293064653233],[-4.885144257212858,38.68183409170459],[-4.982649132456622,38.689784489224465],[-5.046402320116002,38.72953647682384],[-4.978898944947243,38.75868793439672],[-4.926396319815989,38.87264363218161],[-4.840142007100354,38.91239561978099],[-4.9301465073253645,38.98129906495325],[-4.952647632381616,39.05020251012551],[-4.8438921946097295,39.05020251012551],[-4.866393319665981,39.11910595529777],[-4.8101405070253485,39.19065953297665],[-4.675133756687831,39.180059002950145],[-4.75013750687534,39.307265363268165],[-4.682634131706582,39.40002000100005],[-4.686384319215957,39.45037251862593],[-4.753887694384716,39.4159207960398],[-4.866393319665981,39.373518675933795],[-4.94139706985349,39.3947197359868],[-4.952647632381616,39.3947197359868],[-5.027651382569125,39.36556827841392],[-5.098904945247259,39.384119205960296],[-5.140157007850391,39.33111655582779],[-5.218910945547275,39.307265363268165],[-5.335166758337916,39.325816290814544],[-5.365168258412918,39.21451072553628],[-5.4139206960348005,39.16150807540377],[-5.552677633881693,39.209210460523025],[-5.601430071503572,39.1853592679634],[-5.590179508975446,39.14560728036402],[-5.6126806340316975,39.103205160258014],[-5.6914345717285855,39.09260463023151],[-5.800190009500472,39.13765688284414],[-6.002700135006748,39.06610330516526],[-6.025201260063,39.11910595529777],[-6.145207260363016,39.04225211260563],[-6.287714385719283,39.103205160258014],[-6.33271663583179,39.17740887044352],[-6.5539776988849425,39.15885794289714],[-6.760238011900594,39.1959597979899],[-6.790239511975596,39.23571178558928],[-6.756487824391218,39.31521576078804],[-6.808990449522472,39.38146907345367],[-7.056502825141255,39.42917145857293],[-7.056502825141255,39.40797039851993],[-7.015250762538123,39.38676933846693],[-7.0377518875943785,39.34171708585429],[-7.056502825141255,39.32051602580129],[-7.079003950197507,39.325816290814544],[-7.079003950197507,39.373518675933795],[-7.116505825291263,39.37881894094705],[-7.161508075403766,39.35496774838742],[-7.191509575478772,39.28076403820191],[-7.2327616380819,39.278113905695285],[-7.311515575778788,39.35496774838742],[-7.307765388269413,39.458322916145804],[-7.491524576228809,39.59082954147708],[-7.544027201360066,39.66238311915596]]]}},{"type":"Feature","properties":{"territory_id":"ES-05","country_code":"ES","country_name":"Spain","display_name":"Mediterranean Spain","strategic_centre":"Valencia","centre":[-0.3764,39.47],"boundary_status":"administrative-comparison-draft","admin_source":"NUTS 2024 level 3","source_region_count":7},"geometry":{"type":"MultiPolygon","coordinates":[[[[-2.875043752187608,38.94419720986049],[-2.8112905645282247,39.04225211260563],[-2.830041502075101,39.142957147857395],[-2.7325366268313402,39.26221311065554],[-2.743787189359466,39.317865893294666],[-2.5075253762688092,39.33376668833442],[-2.3875193759687967,39.24631231561578],[-2.331266563328164,39.27016350817541],[-2.275013750687531,39.23571178558928],[-2.1662583129156445,39.278113905695285],[-2.0612530626531296,39.27281364068203],[-2.080004000200006,39.35496774838742],[-2.0350017500875026,39.34966748337417],[-1.9824991249562451,39.29931496574829],[-1.78748937446872,39.28341417070854],[-1.5062253112655597,39.41857092854643],[-1.4987249362468091,39.556377818890944],[-1.3899694984749225,39.675633781689086],[-1.2737136856842817,39.694184709235465],[-1.2099604980248984,39.83199159957998],[-1.1987099354967725,39.94064703235162],[-1.1424571228561398,39.97244862243112],[-1.1649582479123914,40.009550477523874],[-1.3674683734186672,40.02015100755038],[-1.449972498624927,40.14470723536177],[-1.4462223111155517,40.187109355467776],[-1.554977748887442,40.203010150507524],[-1.716235811790586,40.30371518575929],[-1.7274863743187119,40.34611730586529],[-1.8062403120155963,40.399119955997804],[-1.701235061753085,40.48922446122306],[-1.6862343117155838,40.571378568928445],[-1.5924796239811947,40.571378568928445],[-1.554977748887442,40.59522976148808],[-1.543727186359316,40.79928996449823],[-1.61498074903745,40.88144407220361],[-1.6187309365468252,40.94504725236262],[-1.468723436171807,40.958297914895745],[-1.3937196859842977,41.066953347667386],[-1.277463873193657,41.05900295014751],[-1.2437121856092759,41.12525626281314],[-1.1012050602530081,41.15705785289265],[-0.9549477473873651,41.082854142707134],[-0.8836941847092312,41.11730586529326],[-0.8049402470123468,41.10670533526677],[-0.7599379968998434,41.15705785289265],[-0.6886844342217096,41.122606130306515],[-0.6699334966748296,41.141157057852894],[-0.6286814340717015,41.188859442972145],[-0.6136806840342004,41.30281514075704],[-0.5349267463373124,41.345217260863045],[-0.036151807590375284,41.13055652782639],[0.03135156757838331,41.05900295014751],[0.2226111305565297,41.07225361268063],[0.28261413070653774,40.9741987099355],[0.24886244312216022,40.88674433721686],[0.2676133806690366,40.823141157057854],[0.17010850542527578,40.73303665183259],[0.2751137556877872,40.687984399219964],[0.2901145057252883,40.63498174908746],[0.5151257562878158,40.523676183809194],[0.39136956847842796,40.340817040852045],[0.18885944297215218,40.16325816290815],[0.12510625531276887,40.070503525176264],[0.05010250512525971,40.02810140507025],[-0.017400870043498884,39.90884544227211],[-0.18990949547477243,39.720686034301714],[-0.3174158707935355,39.511325566278316],[-0.32866643332166134,39.42652132606631],[-0.22741137056852523,39.20126006300315],[-0.20116005800289827,39.06610330516526],[-0.036151807590375284,38.88589429471474],[0.17010850542527578,38.814340717035854],[0.21886094304715442,38.737486874343716],[-0.028651432571624724,38.61293064653233],[-0.08865443272163276,38.533426671333565],[-0.3474173708685413,38.456572828641434],[-0.4111705585279246,38.36381819090955],[-0.4936746837341843,38.33466673333667],[-0.516175808790436,38.21011050552528],[-0.5611780589029429,38.18360918045902],[-0.6286814340717015,38.14650732536627],[-0.6549327466373285,38.00605030251513],[-0.6699334966748296,37.9821991099555],[-0.7636881844092187,37.847042352117604],[-0.8424421221061031,37.71453572678634],[-0.7261863093154624,37.63238161908095],[-0.7336866843342129,37.61118055902795],[-0.9174458722936123,37.5634781739087],[-1.3149657482874098,37.558177908895445],[-1.4312215610780505,37.49722486124306],[-1.4799739986999327,37.43627181359068],[-1.629981499074951,37.375318765938296],[-1.7199859992999613,37.43097154857743],[-1.847492374618728,37.462773138656935],[-1.993749687484371,37.65093254662733],[-1.9862493124656204,37.86559327966398],[-2.2075103755187726,37.915945797289865],[-2.34251712585629,38.024601230061506],[-2.552527626381316,38.08290414520726],[-2.4475223761188047,38.196859842992154],[-2.488774438721933,38.38501925096255],[-2.563778188909442,38.41682084104205],[-2.5900295014750725,38.50162508125406],[-2.7625381269063425,38.533426671333565],[-2.7512875643782166,38.5996799839992],[-2.6650332516625816,38.66328316415821],[-2.6462823141157017,38.73218660933047],[-2.7362868143407155,38.795789789489476],[-2.7775388769438436,38.88854442722136],[-2.875043752187608,38.94419720986049]],[[-0.5724286214310688,41.28426421321066],[-0.5386769338466877,41.23391169558478],[-0.5086754337716854,41.23921196059803],[-0.5311765588279371,41.30016500825042],[-0.5724286214310688,41.28426421321066]]],[[[1.208910445522278,38.960098004900246],[1.280164008200412,38.978648932446625],[1.3026651332566672,39.03430171508575],[1.3626681334066753,39.07140357017851],[1.5239261963098194,39.113805690284515],[1.591429571478578,39.07935396769838],[1.5876793839692027,39.005150257512874],[1.4189209460473045,38.89384469223461],[1.3964198209910528,38.84349217460873],[1.238911945597284,38.86999349967498],[1.208910445522278,38.960098004900246]]],[[[1.3776688834441764,38.72158607930397],[1.4376718835941844,38.74808740437022],[1.4826741337066878,38.69508475423771],[1.3926696334816775,38.64738236911846],[1.3776688834441764,38.72158607930397]]],[[[1.5201760088004441,38.671233561678086],[1.5689284464223228,38.69508475423771],[1.6064303215160791,38.67388369418471],[1.5764288214410769,38.64738236911846],[1.5201760088004441,38.671233561678086]]]]}},{"type":"Feature","properties":{"territory_id":"ES-06","country_code":"ES","country_name":"Spain","display_name":"Andalusia","strategic_centre":"Seville","centre":[-5.9845,37.3891],"boundary_status":"administrative-comparison-draft","admin_source":"NUTS 2024 level 3","source_region_count":11},"geometry":{"type":"MultiPolygon","coordinates":[[[[-7.51402570128506,37.52637631881594],[-7.50652532626631,37.5952797639882],[-7.4165208260413,37.74368718435922],[-7.292764638231908,37.860293014650736],[-7.25151257562878,37.97954897744887],[-7.105255262763137,38.03520176008801],[-7.056502825141255,38.01665083254163],[-7.007750387519373,38.03520176008801],[-6.932746637331864,38.20746037301865],[-7.056502825141255,38.17830891544577],[-7.109005450272512,38.18890944547228],[-7.307765388269413,38.44862243112156],[-7.307765388269413,38.525476273813695],[-7.255262763138155,38.61558077903895],[-7.259012950647531,38.70568528426421],[-7.202760138006898,38.75073753687684],[-7.056502825141255,38.85939296964848],[-6.958997949897494,39.02635131756588],[-6.985249262463121,39.08730436521826],[-7.056502825141255,39.11645582279114],[-7.131506575328764,39.11115555777789],[-7.1502575128756405,39.16945847292365],[-7.236511825591279,39.21451072553628],[-7.2327616380819,39.278113905695285],[-7.191509575478772,39.28076403820191],[-7.161508075403766,39.35496774838742],[-7.116505825291263,39.37881894094705],[-7.079003950197507,39.373518675933795],[-7.079003950197507,39.325816290814544],[-7.056502825141255,39.32051602580129],[-7.0377518875943785,39.34171708585429],[-7.015250762538123,39.38676933846693],[-7.056502825141255,39.40797039851993],[-7.056502825141255,39.42917145857293],[-6.808990449522472,39.38146907345367],[-6.756487824391218,39.31521576078804],[-6.790239511975596,39.23571178558928],[-6.760238011900594,39.1959597979899],[-6.5539776988849425,39.15885794289714],[-6.33271663583179,39.17740887044352],[-6.287714385719283,39.103205160258014],[-6.145207260363016,39.04225211260563],[-6.025201260063,39.11910595529777],[-6.002700135006748,39.06610330516526],[-5.800190009500472,39.13765688284414],[-5.6914345717285855,39.09260463023151],[-5.6126806340316975,39.103205160258014],[-5.590179508975446,39.14560728036402],[-5.601430071503572,39.1853592679634],[-5.552677633881693,39.209210460523025],[-5.4139206960348005,39.16150807540377],[-5.365168258412918,39.21451072553628],[-5.335166758337916,39.325816290814544],[-5.218910945547275,39.307265363268165],[-5.140157007850391,39.33111655582779],[-5.098904945247259,39.384119205960296],[-5.027651382569125,39.36556827841392],[-4.952647632381616,39.3947197359868],[-4.94139706985349,39.3947197359868],[-4.866393319665981,39.373518675933795],[-4.753887694384716,39.4159207960398],[-4.686384319215957,39.45037251862593],[-4.682634131706582,39.40002000100005],[-4.75013750687534,39.307265363268165],[-4.675133756687831,39.180059002950145],[-4.8101405070253485,39.19065953297665],[-4.866393319665981,39.11910595529777],[-4.8438921946097295,39.05020251012551],[-4.952647632381616,39.05020251012551],[-4.9301465073253645,38.98129906495325],[-4.840142007100354,38.91239561978099],[-4.926396319815989,38.87264363218161],[-4.978898944947243,38.75868793439672],[-5.046402320116002,38.72953647682384],[-4.982649132456622,38.689784489224465],[-4.885144257212858,38.68183409170459],[-4.847642382119105,38.61293064653233],[-4.690134506725332,38.55992799639982],[-4.442622131106553,38.4009200460023],[-4.27011350567528,38.34791739586979],[-4.251362568128403,38.39561978098905],[-3.8875943797189834,38.37176858842942],[-3.778838941947093,38.42477123856193],[-3.6100805040251984,38.4009200460023],[-3.568828441422067,38.4433221661083],[-3.4638231911595554,38.408870443522176],[-3.328816440822038,38.47247362368118],[-3.156307815390768,38.44597229861493],[-3.0663033151657544,38.46187309365468],[-3.0063003150157463,38.438021901095055],[-2.98754937746887,38.44067203360168],[-2.8637931896594786,38.46982349117456],[-2.7625381269063425,38.533426671333565],[-2.5900295014750725,38.50162508125406],[-2.563778188909442,38.41682084104205],[-2.488774438721933,38.38501925096255],[-2.4475223761188047,38.196859842992154],[-2.552527626381316,38.08290414520726],[-2.34251712585629,38.024601230061506],[-2.2075103755187726,37.915945797289865],[-1.9862493124656204,37.86559327966398],[-1.993749687484371,37.65093254662733],[-1.847492374618728,37.462773138656935],[-1.7199859992999613,37.43097154857743],[-1.629981499074951,37.375318765938296],[-1.802490124506221,37.21631081554078],[-1.9112455622781113,36.94599729986499],[-2.128756437821888,36.736636831841594],[-2.1962598129906468,36.73133656682834],[-2.3537676883844156,36.83734186709336],[-2.552527626381316,36.816140807040355],[-2.635031751587576,36.71278563928196],[-2.710035501775085,36.68363418170909],[-2.8525426271313528,36.70218510925547],[-2.927546377318862,36.74458722936147],[-2.98754937746887,36.747237361868095],[-3.1300565028251377,36.74988749437472],[-3.2875643782189066,36.747237361868095],[-3.4375718785939284,36.69688484424221],[-3.568828441422067,36.73133656682834],[-3.617580879043949,36.74458722936147],[-3.778838941947093,36.736636831841594],[-4.397619880994046,36.71543577178859],[-4.65263263163158,36.50342517125856],[-4.911395569778488,36.50077503875194],[-5.095154757737884,36.4451222561128],[-5.192659632981648,36.400070003500176],[-5.252662633131653,36.30996549827491],[-5.338916945847291,36.15360768038402],[-5.342667133356667,36.1509575478774],[-5.350167508375417,36.15360768038402],[-5.421421071053551,36.16950847542377],[-5.443922196109803,36.071453572678635],[-5.597679883994196,36.013150657532876],[-5.800190009500472,36.08735436771839],[-5.908945447272362,36.177458872943646],[-6.03270163508175,36.18805940297015],[-6.2427121356067765,36.439821991099556],[-6.186459322966147,36.51667583379169],[-6.238961948097401,36.51932596629832],[-6.238961948097401,36.57497874893745],[-6.381469073453669,36.633281664083206],[-6.426471323566176,36.70218510925547],[-6.430221511075551,36.73928696434822],[-6.343967198359916,36.79758987949398],[-6.396469823491174,36.816140807040355],[-6.478973948697433,36.93539676983849],[-6.58772938646932,37.017550877543876],[-6.838991949597478,37.13680684034202],[-7.056502825141255,37.20571028551428],[-7.4015200760037985,37.173908695434775],[-7.457772888644431,37.43097154857743],[-7.51402570128506,37.52637631881594]]],[[[-5.3801690084504195,35.91244562228111],[-5.361418070903543,35.91244562228111],[-5.335166758337916,35.89124456222811],[-5.342667133356667,35.87004350217511],[-5.3801690084504195,35.91244562228111]]],[[[-2.9650482524126183,35.28436421821091],[-2.9537976898844924,35.31881594079704],[-2.931296564828237,35.271113555677786],[-2.950047502375117,35.268463423171156],[-2.9650482524126183,35.28436421821091]]]]}},{"type":"Feature","properties":{"territory_id":"FI-01","country_code":"FI","country_name":"Finland","display_name":"Southern Finland and Helsinki","strategic_centre":"Helsinki","centre":[24.9375,60.1708],"boundary_status":"administrative-comparison-draft","admin_source":"NUTS 2024 level 3","source_region_count":3},"geometry":{"type":"MultiPolygon","coordinates":[[[[22.806240312015603,60.03395169758488],[22.836241812090613,60.026001300065005],[22.843742187109363,59.95974798739937],[22.82124106205311,59.95974798739937],[22.80999049952498,59.97829891494575],[22.806240312015603,60.03395169758488]]],[[[22.922496124806244,59.95444772238612],[22.997499874993757,60.00745037251863],[23.02750137506876,60.10020501025052],[23.053752687634386,60.08960448022401],[23.080004000200013,60.09225461273064],[23.147507375368775,60.10020501025052],[23.177508875443777,60.113455672783644],[23.305015250762544,60.179708985449274],[23.40252012600631,60.16645832291615],[23.43252162608131,60.1717585879294],[23.627531376568832,60.208860443022154],[23.63878193909696,60.26981349067454],[23.71378568928447,60.31751587579379],[23.773788689434475,60.412920646032305],[23.751287564378224,60.468573428671434],[23.848792439621988,60.508325416270814],[23.901295064753242,60.64878243912196],[24.08880444022202,60.62758137906896],[24.212560628031405,60.62228111405571],[24.283814190709542,60.574578728936444],[24.355067753387672,60.606380319015955],[24.437571878593936,60.55602780139007],[24.5350767538377,60.56132806640332],[24.61383069153458,60.662033101655084],[25.101355067753396,60.66998349917496],[25.123856192809647,60.72298614930747],[25.086354317715895,60.738886944347215],[25.135106755337773,60.781289064453226],[25.11260563028152,60.818390919545976],[25.202610130506528,60.828991449572484],[25.34886744337217,60.7574378718936],[25.423871193559684,60.78393919695985],[25.476373818690938,60.78393919695985],[25.532626631331574,60.701785089254464],[25.60763038151908,60.67528376418821],[25.88889444472224,60.73358667933397],[26.117655882794146,60.69118455922796],[26.301415070753542,60.74948747437372],[26.48892444622232,60.83429171458573],[26.5376768838442,60.91909595479774],[26.485174258712945,61.00655032751638],[26.275163758187915,61.01715085754288],[26.290164508225416,61.099304965248265],[26.233911695584787,61.128456422821145],[26.515175758787947,61.27421371068554],[26.631431571578588,61.28216410820541],[26.665183259162966,61.21061053052653],[26.856442822141112,61.27951397569879],[26.938946947347375,61.176158807940396],[27.205210260513034,61.16290814540727],[27.355217760888053,61.17880894044703],[27.385219260963055,61.24241212060603],[27.448972448622435,61.26891344567228],[27.565228261413075,61.26626331316566],[27.61398069903496,61.34046702335117],[27.73398669933497,61.32986649332467],[27.801490074503732,61.35636781839092],[28.244012200610037,61.380219010950555],[28.409020451022556,61.454422721136055],[28.454022701135067,61.51007550377519],[28.619030951547586,61.46767338366919],[28.776538826941355,61.48092404620231],[28.825291264563234,61.53127656382819],[29.256562828141412,61.563078153907696],[29.447822391119566,61.66643332166609],[29.560328016400824,61.72208610430522],[30.145357267863403,61.85194259712986],[29.72533626681335,61.56837841892094],[29.597829891494584,61.50212510625531],[29.50782539126957,61.48887444372219],[29.447822391119566,61.427921396069806],[29.305315265763298,61.32986649332467],[29.21906095304766,61.260963048152405],[28.847792389619485,61.128456422821145],[28.72028601430072,61.04365218260914],[28.65653282664134,60.9561978098905],[28.510275513775696,60.94824741237062],[28.082754137706893,60.71768588429421],[27.99274963748188,60.66998349917496],[27.797739886994357,60.54542727136357],[27.79398969948498,60.54542727136357],[27.745237261863096,60.55337766888344],[27.688984449222467,60.48182409120456],[27.49772488624432,60.492424621231066],[27.392719635981805,60.471223561178064],[27.212710635531785,60.54012700635032],[27.10770538526927,60.54012700635032],[27.002700135006755,60.51362568128407],[26.89019450972549,60.42617130856543],[26.755187759387972,60.471223561178064],[26.597679883994203,60.42087104355218],[26.455172758637936,60.48712435621781],[26.35766788339418,60.410270513525674],[26.076403820191018,60.402320116005804],[26.087654382719144,60.30161508075404],[25.986399319966004,60.354617730886545],[25.88889444472224,60.219460973048655],[25.678883944197217,60.28836441822091],[25.61513075653783,60.25391269563478],[25.5288764438222,60.28306415320766],[25.063853192659636,60.163808190409526],[24.797589879493984,60.15850792539627],[24.666333316665842,60.11610580529027],[24.49007450372519,60.00215010750538],[24.44882244112206,60.036601830091506],[24.400070003500183,60.00745037251863],[24.280064003200167,60.055152757637885],[24.04380219010951,60.01010050502525],[23.95754787739388,59.94649732486624],[23.773788689434475,59.94649732486624],[23.507525376268816,59.872293614680736],[23.391269563478183,59.861693084654235],[23.305015250762544,59.89879493974699],[23.181259062953153,59.84579228961448],[23.04250212510626,59.843142157107856],[23.03500175008751,59.912045602280116],[22.922496124806244,59.95444772238612]]],[[[23.335016750837546,59.76628831441572],[23.36501825091255,59.7848392419621],[23.413770688534434,59.774238711935595],[23.376268813440674,59.73448672433622],[23.335016750837546,59.76628831441572]]],[[[25.48387419370969,60.22211110555528],[25.53637681884095,60.245962298114904],[25.56637831891595,60.219460973048655],[25.532626631331574,60.19825991299565],[25.48387419370969,60.22211110555528]]],[[[25.787639381969107,60.08695434771739],[25.836391819590986,60.10815540777039],[25.877643882194114,60.084304215210764],[25.843892194609737,60.06310315515776],[25.787639381969107,60.08695434771739]]],[[[25.967648382419128,60.23271163558178],[26.027651382569132,60.25126256312816],[26.03890194509726,60.2035601780089],[26.00515025751288,60.2035601780089],[25.967648382419128,60.23271163558178]]],[[[26.16265813290665,60.34136706835342],[26.21516075803791,60.354617730886545],[26.241412070603538,60.31486574328717],[26.20016000800041,60.306915345767294],[26.16265813290665,60.34136706835342]]],[[[26.38016900845043,60.37581879093955],[26.440172008600435,60.394369718485926],[26.473923696184812,60.37581879093955],[26.413920696034808,60.35196759837992],[26.38016900845043,60.37581879093955]]],[[[26.48892444622232,60.42087104355218],[26.54517725886295,60.41822091104555],[26.563928196409826,60.36786839341967],[26.518925946297323,60.3811190559528],[26.48892444622232,60.42087104355218]]],[[[26.49642482124107,60.35991799589979],[26.533926696334824,60.37581879093955],[26.563928196409826,60.3493174658733],[26.53017650882545,60.33871693584679],[26.49642482124107,60.35991799589979]]],[[[26.73268663433172,60.365218260913046],[26.751437571878597,60.3811190559528],[26.781439071953606,60.37581879093955],[26.807690384519233,60.34136706835342],[26.766438321916105,60.33341667083354],[26.73268663433172,60.365218260913046]]],[[[26.98394919745988,60.423521176058806],[27.043952197609883,60.45267263363168],[27.073953697684892,60.402320116005804],[27.047702385119266,60.3811190559528],[26.98394919745988,60.423521176058806]]],[[[27.19395969798491,60.47387369368469],[27.242712135606787,60.492424621231066],[27.25771288564429,60.46327316365819],[27.220211010550535,60.431471573578676],[27.19395969798491,60.47387369368469]]]]}},{"type":"Feature","properties":{"territory_id":"FI-02","country_code":"FI","country_name":"Finland","display_name":"Central Finland","strategic_centre":"Tampere","centre":[23.76,61.4981],"boundary_status":"administrative-comparison-draft","admin_source":"NUTS 2024 level 3","source_region_count":13},"geometry":{"type":"MultiPolygon","coordinates":[[[[19.51732586629332,60.190309515475775],[19.551077553877697,60.27246362318116],[19.74233711685585,60.306915345767294],[19.81359067953398,60.412920646032305],[20.083604180209015,60.402320116005804],[20.248612430621534,60.26981349067454],[20.192359617980905,60.19825991299565],[20.06485324266214,60.16910845542277],[20.061103055152763,60.105505275263766],[20.17360868043403,60.094904745237265],[20.25236261813091,60.14525726286314],[20.28236411820592,60.11875593779689],[20.20361018050903,59.999499974998756],[20.076103805190264,60.028651432571635],[20.019850992549635,59.996849842492125],[19.881094054702743,60.094904745237265],[19.753587679383976,60.10815540777039],[19.671083554177713,60.17705885294265],[19.566078303915198,60.161158057902895],[19.51732586629332,60.190309515475775]]],[[[19.536076803840196,60.32016600830042],[19.581079053952706,60.36256812840642],[19.603580179008958,60.35991799589979],[19.588579428971457,60.31751587579379],[19.558577928896447,60.30426521326066],[19.536076803840196,60.32016600830042]]],[[[19.652332616630837,60.354617730886545],[19.716085804290216,60.38906945347267],[19.768588429421477,60.37846892344618],[19.72733636681835,60.336066803340174],[19.652332616630837,60.354617730886545]]],[[[20.169858492924654,60.44737236861843],[20.214860743037157,60.47387369368469],[20.25236261813091,60.46327316365819],[20.21111055552778,60.423521176058806],[20.169858492924654,60.44737236861843]]],[[[20.256112805640285,60.21151057552878],[20.406120306015303,60.32281614080704],[20.432371618580937,60.31751587579379],[20.394869743487178,60.208860443022154],[20.342367118355924,60.22211110555528],[20.27486374318716,60.19560978048902],[20.256112805640285,60.21151057552878]]],[[[20.293614680734045,59.962398119906],[20.319865993299672,60.00745037251863],[20.466123306165315,60.09225461273064],[20.597379868993457,60.10815540777039],[20.597379868993457,60.028651432571635],[20.54862743137157,59.99154957747888],[20.48487424371219,60.004800240012],[20.436121806090313,59.97564878243912],[20.293614680734045,59.962398119906]]],[[[20.301115055752796,60.34666733336667],[20.35361768088405,60.365218260913046],[20.391119555977802,60.33341667083354],[20.3461173058653,60.32016600830042],[20.301115055752796,60.34666733336667]]],[[[20.44737236861844,60.2247612380619],[20.496124806240317,60.25126256312816],[20.51862593129657,60.23536176808841],[20.492374618730942,60.19560978048902],[20.44737236861844,60.2247612380619]]],[[[20.57862893144658,60.40762038101906],[20.601130056502832,60.42882144107206],[20.638631931596585,60.42882144107206],[20.631131556577834,60.373168658432924],[20.57862893144658,60.40762038101906]]],[[[20.612380619030958,60.12935646782339],[20.694884744237214,60.12935646782339],[20.724886244312223,60.07635381769089],[20.664883244162212,60.07900395019752],[20.612380619030958,60.12935646782339]]],[[[20.646132306615335,60.20621031051553],[20.68363418170909,60.24066203310166],[20.721136056802848,60.20621031051553],[20.687384369218464,60.18500925046253],[20.646132306615335,60.20621031051553]]],[[[20.687384369218464,59.747737386869346],[20.724886244312223,59.76628831441572],[20.754887744387226,59.755687784389224],[20.777388869443477,59.747737386869346],[20.754887744387226,59.73448672433622],[20.73613680684035,59.7212360618031],[20.687384369218464,59.747737386869346]]],[[[20.713635681784098,60.31751587579379],[20.75113755687785,60.36786839341967],[20.788639431971603,60.35991799589979],[20.784889244462228,60.31486574328717],[20.713635681784098,60.31751587579379]]],[[[20.7286364318216,60.24331216560829],[20.769888494424727,60.29101455072754],[20.818640932046605,60.26981349067454],[20.784889244462228,60.23801190059503],[20.7286364318216,60.24331216560829]]],[[[20.7586379318966,60.192959647982406],[20.82989149457473,60.22211110555528],[20.856142807140365,60.216810840542024],[20.796139806990354,60.1717585879294],[20.7586379318966,60.192959647982406]]],[[[20.811140557027855,63.002100105005255],[20.871143557177867,63.039201960098005],[20.893644682234118,63.031251562578134],[20.837391869593482,62.97824891244562],[20.811140557027855,63.002100105005255]]],[[[20.818640932046605,59.999499974998756],[20.833641682084107,60.04720236011801],[20.86739336966849,60.055152757637885],[20.874893744687242,60.015400770038504],[20.818640932046605,59.999499974998756]]],[[[20.826141307065356,60.48182409120456],[20.85239261963099,60.51097554877744],[20.886144307215368,60.492424621231066],[20.871143557177867,60.44737236861843],[20.826141307065356,60.48182409120456]]],[[[20.882394119705992,59.901445072253615],[21.00240012000601,59.9517975898795],[21.047402370118512,59.930596529826495],[20.968648432421624,59.872293614680736],[20.882394119705992,59.901445072253615]]],[[[20.904895244762244,60.47387369368469],[20.949897494874747,60.48447422371119],[20.972398619931,60.45532276613831],[20.93864693234662,60.423521176058806],[20.904895244762244,60.47387369368469]]],[[[20.949897494874747,60.30956547827392],[20.987399369968507,60.3493174658733],[21.013650682534134,60.328116405820296],[20.998649932496633,60.29101455072754],[20.949897494874747,60.30956547827392]]],[[[20.957397869893498,60.16645832291615],[20.987399369968507,60.192959647982406],[21.03240162008101,60.1717585879294],[21.02490124506226,60.14790739536977],[20.998649932496633,60.14790739536977],[20.957397869893498,60.16645832291615]]],[[[20.994899744987258,60.37846892344618],[21.08115405770289,60.508325416270814],[21.099904995249766,60.45532276613831],[21.077403870193514,60.336066803340174],[21.043652182609137,60.33341667083354],[20.994899744987258,60.37846892344618]]],[[[21.02490124506226,63.415520776038804],[21.066153307665388,63.45262263113156],[21.107405370268516,63.436721836091806],[21.066153307665388,63.4049202460123],[21.02490124506226,63.415520776038804]]],[[[21.03240162008101,62.58072903645183],[21.092404620231015,62.57012850642533],[21.077403870193514,62.52242612130607],[21.058652932646638,62.527726386319316],[21.03240162008101,62.58072903645183]]],[[[21.07365368268414,63.290964548227414],[21.152407620381027,63.33866693334667],[21.17490874543728,63.349267463373174],[21.208660433021656,63.33866693334667],[21.227411370568532,63.33866693334667],[21.287414370718544,63.3731186559328],[21.336166808340423,63.37576878843942],[21.373668683434175,63.357217860893044],[21.381169058452926,63.33866693334667],[21.366168308415425,63.29361468073404],[21.426171308565436,63.222061103055154],[21.37741887094355,63.177008850442526],[21.24616230811541,63.17170858542927],[21.156157807890402,63.206160308015406],[21.07365368268414,63.290964548227414]]],[[[21.107405370268516,62.66553327666384],[21.144907245362276,62.74768738436922],[21.152407620381027,62.848392419620986],[21.21991099554978,62.89079453972699],[21.388669433471676,62.91199559977999],[21.41492074603731,62.954397719885996],[21.37741887094355,62.96764838241912],[21.3699184959248,63.00475023751188],[21.399919995999802,63.05510275513776],[21.448672433621688,63.06305315265764],[21.583679183959205,63.078953947697386],[21.53492674633732,63.166408320416025],[21.568678433921704,63.24856242812141],[21.711185559277972,63.23796189809491],[21.906195309765494,63.26711335566779],[21.992449622481132,63.33866693334667],[22.03370168508426,63.3731186559328],[22.078703935196764,63.33866693334667],[22.101205060253015,63.320116005800294],[22.32996649832492,63.31746587329366],[22.333716685834297,63.33866693334667],[22.341217060853047,63.357217860893044],[22.251212560628034,63.46057302865143],[22.25871293564679,63.48177408870444],[22.284964248212418,63.50297514875744],[22.348717435871798,63.561278063903195],[22.434971748587436,63.54007700385019],[22.457472873643688,63.58777938896945],[22.671233561678086,63.73353667683384],[22.68248412420622,63.813040652032605],[22.866243312165615,63.83689184459223],[22.843742187109363,63.881944097204865],[22.892494624731242,63.889894494724736],[22.97874893744688,63.83689184459223],[22.989999499975006,63.78918945947298],[23.02750137506876,63.78918945947298],[23.038751937596885,63.83689184459223],[23.046252312615636,63.86604330216511],[23.113755687784398,63.871343567178364],[23.15125756287815,63.91639581979099],[23.38001900095005,63.93229661483075],[23.406270313515684,64.07275363768188],[23.616280814040707,64.04890244512225],[23.72128606430322,63.98264913245662],[23.87129356467824,63.97204860243012],[23.946297314865753,64.07010350517527],[24.040052002600135,64.07805390269513],[24.178808940447027,63.94554727736387],[24.321316065803295,63.86074303715186],[24.41882094104706,63.83689184459223],[24.47507375368769,63.7812390619531],[24.60633031651583,63.659332966648336],[24.812590629531485,63.58777938896945],[24.958847942397128,63.50297514875744],[24.99634981749088,63.48177408870444],[25.018850942547132,63.46852342617131],[25.03760188009401,63.45792289614481],[25.06010300515026,63.46852342617131],[25.086354317715895,63.48177408870444],[25.10510525526277,63.50297514875744],[25.15385769288465,63.571878593929696],[25.25511275563779,63.6036801840092],[25.487624381219064,63.534776738836946],[25.678883944197217,63.50297514875744],[25.82514125706286,63.48177408870444],[25.847642382119112,63.46852342617131],[25.915145757287867,63.43937196859843],[26.140157007850398,63.45792289614481],[26.151407570378524,63.48177408870444],[26.166408320416025,63.50297514875744],[26.20016000800041,63.55597779888995],[26.27891394569729,63.60633031651583],[26.245162258112913,63.83689184459223],[26.586429321466078,63.97204860243012],[26.871443572178613,64.03830191509576],[27.01395069753488,64.001200060003],[27.5464773238662,63.95084754237712],[27.75648782439123,63.90314515725787],[27.92149607480375,63.83689184459223],[28.06025301265064,63.7812390619531],[28.270263513175664,63.677883894194714],[28.360268013400677,63.754737736886845],[28.529026451322572,63.87664383219161],[28.900295014750746,63.83689184459223],[29.646582329116463,63.87399369968499],[29.78158907945398,63.717635881794095],[29.972848642432126,63.75738786939347],[30.426621331066556,63.50297514875744],[30.46787339366969,63.48177408870444],[30.486624331216568,63.46852342617131],[30.78288914445723,63.4049202460123],[30.944147207360373,63.33866693334667],[31.217910895544783,63.22471123556178],[31.27416370818542,63.11075553777689],[31.3679183959198,63.06305315265764],[31.50292514625732,62.98884944247212],[31.574178708935456,62.90934546727337],[31.43917195859794,62.779488974448725],[31.364168208410426,62.65228261413071],[31.154157707885403,62.450872543627185],[30.932896644832248,62.31041552077604],[30.655382769138463,62.201760088004406],[30.57662883144158,62.12490624531227],[30.145357267863403,61.85194259712986],[29.560328016400824,61.72208610430522],[29.447822391119566,61.66643332166609],[29.256562828141412,61.563078153907696],[28.825291264563234,61.53127656382819],[28.776538826941355,61.48092404620231],[28.619030951547586,61.46767338366919],[28.454022701135067,61.51007550377519],[28.409020451022556,61.454422721136055],[28.244012200610037,61.380219010950555],[27.801490074503732,61.35636781839092],[27.73398669933497,61.32986649332467],[27.61398069903496,61.34046702335117],[27.565228261413075,61.26626331316566],[27.448972448622435,61.26891344567228],[27.385219260963055,61.24241212060603],[27.355217760888053,61.17880894044703],[27.205210260513034,61.16290814540727],[26.938946947347375,61.176158807940396],[26.856442822141112,61.27951397569879],[26.665183259162966,61.21061053052653],[26.631431571578588,61.28216410820541],[26.515175758787947,61.27421371068554],[26.233911695584787,61.128456422821145],[26.290164508225416,61.099304965248265],[26.275163758187915,61.01715085754288],[26.485174258712945,61.00655032751638],[26.5376768838442,60.91909595479774],[26.48892444622232,60.83429171458573],[26.301415070753542,60.74948747437372],[26.117655882794146,60.69118455922796],[25.88889444472224,60.73358667933397],[25.60763038151908,60.67528376418821],[25.532626631331574,60.701785089254464],[25.476373818690938,60.78393919695985],[25.423871193559684,60.78393919695985],[25.34886744337217,60.7574378718936],[25.202610130506528,60.828991449572484],[25.11260563028152,60.818390919545976],[25.135106755337773,60.781289064453226],[25.086354317715895,60.738886944347215],[25.123856192809647,60.72298614930747],[25.101355067753396,60.66998349917496],[24.61383069153458,60.662033101655084],[24.5350767538377,60.56132806640332],[24.437571878593936,60.55602780139007],[24.355067753387672,60.606380319015955],[24.283814190709542,60.574578728936444],[24.212560628031405,60.62228111405571],[24.08880444022202,60.62758137906896],[23.901295064753242,60.64878243912196],[23.848792439621988,60.508325416270814],[23.751287564378224,60.468573428671434],[23.773788689434475,60.412920646032305],[23.71378568928447,60.31751587579379],[23.63878193909696,60.26981349067454],[23.627531376568832,60.208860443022154],[23.43252162608131,60.1717585879294],[23.40252012600631,60.16645832291615],[23.305015250762544,60.179708985449274],[23.177508875443777,60.113455672783644],[23.147507375368775,60.10020501025052],[23.080004000200013,60.09225461273064],[23.053752687634386,60.08960448022401],[23.02750137506876,60.10020501025052],[22.92624631231562,60.04985249262464],[22.851242562128114,60.132006600330016],[22.734986749337473,60.03925196259813],[22.434971748587436,59.967698384919245],[22.367468373418674,60.12140607030352],[22.43122156107806,60.15850792539627],[22.449972498624938,60.22741137056853],[22.232461623081157,60.17705885294265],[22.146207310365526,60.27246362318116],[22.108705435271766,60.423521176058806],[22.01870093504676,60.412920646032305],[21.988699434971757,60.336066803340174],[21.928696434821745,60.30956547827392],[21.70368518425922,60.518925946297315],[21.54242712135607,60.49507475373769],[21.29866493324667,60.51627581379069],[21.25366268313416,60.58252912645632],[21.257412870643535,60.624931246562326],[21.36241812090605,60.58517925896295],[21.403670183509178,60.606380319015955],[21.34741737086855,60.69118455922796],[21.332416620831047,60.79188959447973],[21.24616230811541,60.83959197959898],[21.227411370568532,60.88199409970498],[21.287414370718544,60.97209860493025],[21.366168308415425,60.97474873743687],[21.3699184959248,61.03305165258263],[21.418670933546686,61.04630231511575],[21.452422621131063,61.099304965248265],[21.42242112105606,61.21061053052653],[21.508675433771693,61.24506225311266],[21.54242712135607,61.33251662583129],[21.489924496224816,61.41467073353668],[21.561178058902954,61.44117205860293],[21.51992599629982,61.49152457622881],[21.57242862143108,61.52862643132157],[21.52742637131857,61.581629081454075],[21.60243012150608,61.60813040652033],[21.54242712135607,61.737986899344975],[21.47117355867794,61.78833941697085],[21.489924496224816,61.82544127206361],[21.441172058602938,61.90494524726236],[21.339916995849798,61.95529776488824],[21.30616530826542,62.07720386019301],[21.37741887094355,62.22561128056403],[21.317415870793546,62.3581179058953],[21.20491024551228,62.3793189659483],[21.137406870343526,62.501225061253066],[21.144907245362276,62.59132956647833],[21.107405370268516,62.66553327666384]]],[[[21.118655932796642,62.999449972498624],[21.208660433021656,63.01535076753838],[21.21991099554978,62.96764838241912],[21.159907995399777,62.943797189859495],[21.118655932796642,62.999449972498624]]],[[[21.14865743287165,60.59577978898945],[21.20491024551228,60.6010800540027],[21.223661183059157,60.55602780139007],[21.186159307965404,60.55602780139007],[21.14865743287165,60.59577978898945]]],[[[21.19740987049353,60.06310315515776],[21.231161558077908,60.09225461273064],[21.28366418320917,60.07635381769089],[21.25366268313416,60.04720236011801],[21.19740987049353,60.06310315515776]]],[[[21.231161558077908,60.16910845542277],[21.257412870643535,60.1717585879294],[21.272413620681043,60.15585779288965],[21.242412120606033,60.14790739536977],[21.231161558077908,60.16910845542277]]],[[[21.238661933096658,60.770688534426725],[21.287414370718544,60.77333866693335],[21.272413620681043,60.712385619280965],[21.24616230811541,60.72828641432072],[21.238661933096658,60.770688534426725]]],[[[21.264913245662285,60.32281614080704],[21.3549177458873,60.43677183859193],[21.411170558527935,60.431471573578676],[21.381169058452926,60.3493174658733],[21.302415120756045,60.30956547827392],[21.264913245662285,60.32281614080704]]],[[[21.272413620681043,60.15585779288965],[21.28366418320917,60.15585779288965],[21.29116455822792,60.1717585879294],[21.302415120756045,60.17705885294265],[21.32116605830292,60.17440872043602],[21.328666433321672,60.163808190409526],[21.324916245812297,60.150557527876394],[21.31366568328417,60.13995699784989],[21.28366418320917,60.14525726286314],[21.272413620681043,60.15585779288965]]],[[[21.309915495774796,60.21151057552878],[21.41492074603731,60.28041402070104],[21.48617430871544,60.26981349067454],[21.42242112105606,60.18500925046253],[21.309915495774796,60.21151057552878]]],[[[21.332416620831047,61.19205960298015],[21.358667933396674,61.21061053052653],[21.3849192459623,61.213260663033154],[21.396169808490427,61.184109205460274],[21.3849192459623,61.16290814540727],[21.358667933396674,61.17085854292715],[21.343667183359173,61.176158807940396],[21.332416620831047,61.19205960298015]]],[[[21.388669433471676,61.62933146657333],[21.459922996149814,61.66378318915946],[21.501175058752942,61.63728186409321],[21.46367318365919,61.60813040652033],[21.388669433471676,61.62933146657333]]],[[[21.441172058602938,63.15050752537627],[21.49367468373419,63.177008850442526],[21.52742637131857,63.15315765788289],[21.489924496224816,63.126656332816644],[21.441172058602938,63.15050752537627]]],[[[21.47867393369669,60.113455672783644],[21.51992599629982,60.17705885294265],[21.64368218410921,60.19825991299565],[21.673683684184212,60.1717585879294],[21.65868293414671,60.113455672783644],[21.669933496674837,60.08695434771739],[21.60243012150608,60.08960448022401],[21.576178808940455,60.10815540777039],[21.47867393369669,60.113455672783644]]],[[[21.523676183809194,60.336066803340174],[21.568678433921704,60.34136706835342],[21.583679183959205,60.28306415320766],[21.549927496374828,60.28571428571429],[21.523676183809194,60.336066803340174]]],[[[21.53492674633732,60.03395169758488],[21.568678433921704,60.06840342017101],[21.60243012150608,60.04190209510476],[21.57992899644983,60.01010050502525],[21.53492674633732,60.03395169758488]]],[[[21.53492674633732,60.259212960648036],[21.58742937146858,60.267163358167906],[21.632431621581084,60.25391269563478],[21.57992899644983,60.216810840542024],[21.53492674633732,60.259212960648036]]],[[[21.58742937146858,59.983599179959],[21.63618180909046,60.00745037251863],[21.677433871693587,59.9941997099855],[21.632431621581084,59.962398119906],[21.58742937146858,59.983599179959]]],[[[21.598679933996706,60.468573428671434],[21.647432371618585,60.489774488724436],[21.681184059202963,60.47387369368469],[21.684934246712338,60.383769188459425],[21.662433121656086,60.38906945347267],[21.598679933996706,60.468573428671434]]],[[[21.609930496524832,63.28566428321416],[21.677433871693587,63.32806640332017],[21.741187059352974,63.320116005800294],[21.688684434221713,63.26976348817441],[21.609930496524832,63.28566428321416]]],[[[21.62868143407171,63.39166958347918],[21.677433871693587,63.41817090854543],[21.707435371768597,63.39166958347918],[21.673683684184212,63.367818390919545],[21.62868143407171,63.39166958347918]]],[[[21.639931996599834,60.28041402070104],[21.69618480924047,60.28571428571429],[21.718685934296722,60.25126256312816],[21.677433871693587,60.24331216560829],[21.639931996599834,60.28041402070104]]],[[[21.70368518425922,59.93589679483975],[21.75993799689985,59.97829891494575],[21.786189309465477,59.9729986499325],[21.741187059352974,59.919995999799994],[21.70368518425922,59.93589679483975]]],[[[21.70368518425922,60.12935646782339],[21.763688184409226,60.2035601780089],[21.86869343467174,60.2035601780089],[21.906195309765494,60.161158057902895],[21.958697934896747,60.230061503075156],[22.07495374768739,60.219460973048655],[22.101205060253015,60.19825991299565],[22.029951497574885,60.142607130356524],[22.003700185009258,60.17440872043602],[21.981199059953006,60.16645832291615],[21.93994699734987,60.11080554027701],[21.748687434371725,60.10020501025052],[21.70368518425922,60.12935646782339]]],[[[21.722436121806098,60.344017200860044],[21.748687434371725,60.383769188459425],[21.793689684484228,60.383769188459425],[21.778688934446727,60.344017200860044],[21.722436121806098,60.344017200860044]]],[[[21.741187059352974,63.43142157107856],[21.793689684484228,63.45792289614481],[21.831191559577988,63.43937196859843],[21.789939496974853,63.41287064353218],[21.741187059352974,63.43142157107856]]],[[[21.74493724686235,60.27246362318116],[21.804940247012354,60.31221561078054],[21.857442872143615,60.30426521326066],[21.80869043452173,60.25391269563478],[21.74493724686235,60.27246362318116]]],[[[21.763688184409226,60.07105355267764],[21.81619080954048,60.06045302265113],[21.819940997049855,60.02335116755838],[21.778688934446727,60.02070103505176],[21.763688184409226,60.07105355267764]]],[[[21.786189309465477,59.88289414470724],[21.804940247012354,59.92794639731987],[21.84619230961549,59.94384719235962],[21.834941747087363,59.890844542227114],[21.786189309465477,59.88289414470724]]],[[[21.91744587229362,60.02335116755838],[21.958697934896747,60.06310315515776],[21.992449622481132,60.055152757637885],[21.973698684934256,60.015400770038504],[21.91744587229362,60.02335116755838]]],[[[22.08245412270614,60.13730686534327],[22.116205810290523,60.17440872043602],[22.1499574978749,60.15585779288965],[22.146207310365526,60.13730686534327],[22.116205810290523,60.12140607030352],[22.08245412270614,60.13730686534327]]],[[[22.161208060403027,59.84844242212111],[22.209960498024905,59.872293614680736],[22.239961998099908,59.85639281964099],[22.21371068553428,59.82459122956148],[22.161208060403027,59.84844242212111]]],[[[22.311215560778045,59.967698384919245],[22.3637181859093,59.9729986499325],[22.3637181859093,59.92264613230662],[22.326216310815546,59.92794639731987],[22.311215560778045,59.967698384919245]]],[[[22.446222311115562,59.890844542227114],[22.49497474873744,59.93589679483975],[22.569978498924954,59.89614480724036],[22.498724936246816,59.85374268713436],[22.446222311115562,59.890844542227114]]],[[[22.57372868643433,63.75738786939347],[22.58122906145308,63.794489724486226],[22.629981499074958,63.794489724486226],[22.607480374018706,63.73618680934047],[22.57372868643433,63.75738786939347]]],[[[22.58872943647183,59.967698384919245],[22.629981499074958,59.98889944497225],[22.64498224911246,59.930596529826495],[22.607480374018706,59.93324666233312],[22.58872943647183,59.967698384919245]]],[[[22.686234311715594,63.87399369968499],[22.719985999299972,63.92169608480424],[22.757487874393725,63.89519475973799],[22.73873693684685,63.87399369968499],[22.686234311715594,63.87399369968499]]],[[[22.76873843692185,63.908445422271114],[22.798739936996853,63.948197409870495],[22.84749237461874,63.93494674733737],[22.817490874543736,63.90579528976449],[22.76873843692185,63.908445422271114]]]]}},{"type":"Feature","properties":{"territory_id":"FI-03","country_code":"FI","country_name":"Finland","display_name":"Northern Finland","strategic_centre":"Rovaniemi","centre":[25.7333,66.5],"boundary_status":"administrative-comparison-draft","admin_source":"NUTS 2024 level 3","source_region_count":3},"geometry":{"type":"MultiPolygon","coordinates":[[[[20.54862743137157,69.06030301515077],[20.724886244312223,69.1159557977899],[21.051152557627887,69.04440222011101],[21.077403870193514,69.10270513525677],[21.021151057552885,69.17160858042902],[21.021151057552885,69.2113605680284],[21.294914745737294,69.3041152057603],[21.632431621581084,69.26436321816091],[21.981199059953006,69.07620381019052],[22.31496574828742,68.84034201710085],[22.40122006100306,68.72638631931596],[22.53997699884995,68.73963698184909],[22.794989749487478,68.69193459672984],[23.02750137506876,68.68663433171659],[23.196259812990654,68.63893194659732],[23.65378268913446,68.70783539176959],[23.781289064453226,68.81119055952797],[23.890044502225116,68.83239161958099],[24.126306315315773,68.78733936696835],[24.298814940747043,68.72108605430272],[24.733836691834597,68.64688234411722],[24.891344567228366,68.57002850142507],[25.09760488024402,68.64688234411722],[25.135106755337773,68.75818790939547],[25.187609380469027,68.80589029451473],[25.44262213110656,68.89334466723336],[25.618880944047206,68.89864493224661],[25.73138656932847,68.98874943747188],[25.71638581929097,69.24581229061454],[25.81764088204411,69.37301865093255],[25.81764088204411,69.4419220961048],[25.86639331966599,69.53202660133007],[25.952647632381627,69.60358017900896],[25.952647632381627,69.68838441922097],[26.35766788339418,69.84739236961849],[26.49642482124107,69.94014700735036],[26.815190759537984,69.95604780239012],[27.040202010100508,69.92159607980399],[27.27271363568179,69.9533976698835],[27.610230511525586,70.070003500175],[27.913995699784998,70.08590429521476],[28.03775188759439,69.98784939246963],[28.322766138306925,69.88184409220462],[28.409020451022556,69.82089104455224],[29.144057202860147,69.67248362418121],[29.309065453272673,69.47107355367768],[29.204060203010158,69.39156957847894],[28.85154257712886,69.22461123056152],[28.825291264563234,69.11065553277663],[28.93029651482575,69.05235261763089],[28.454022701135067,68.91454572728637],[28.487774388719444,68.88804440222012],[28.78778938946948,68.86154307715387],[28.701535076753842,68.73168658432922],[28.44652232611631,68.54087704385219],[28.626531326566337,68.2281614080704],[28.675283764188215,68.19105955297765],[29.324066203310174,68.07180359017951],[29.650332516625838,67.81209060453023],[29.759087954397728,67.76703835191759],[29.811590579528982,67.74848742437122],[30.00660033001651,67.6610330516526],[29.927846392319623,67.52587629381469],[29.759087954397728,67.4225211260563],[29.53032651632582,67.30591529576479],[29.050302515125765,66.96669833491674],[29.04655232761639,66.887194359718],[29.114055702785144,66.7944397219861],[29.3203160158008,66.66193309665483],[29.57157857892895,66.43402170108506],[29.699084954247716,66.28296414820741],[29.942847142357124,66.08950447522376],[30.06285314265714,65.89074453722687],[30.11910595529777,65.73438671933597],[30.08535426771339,65.68668433421672],[29.77408870443523,65.64163208160409],[29.83784189209461,65.5594779738987],[29.755337766888353,65.49852492624632],[29.7328366418321,65.45347267363368],[29.74033701685085,65.34746737336867],[29.61658082904146,65.2785639281964],[29.60908045402271,65.26266313315665],[29.639081954097712,65.23351167558378],[29.759087954397728,65.22821141057054],[29.87534376718837,65.19640982049103],[29.834091704585234,65.14605730286515],[29.849092454622735,65.0983549177459],[29.83034151707586,65.09305465273263],[29.759087954397728,65.09040452022602],[29.7328366418321,65.09040452022602],[29.63158157907896,65.06125306265314],[29.61658082904146,65.0162008100405],[29.60158007900396,64.9949997499875],[29.61658082904146,64.96054802740137],[29.612830641532085,64.92344617230862],[29.646582329116463,64.86779338966949],[29.69533476673834,64.8386419320966],[29.691584579228966,64.8174408720436],[29.74033701685085,64.79093954697734],[29.759087954397728,64.79093954697734],[30.07035351767589,64.77238861943098],[30.05535276763839,64.72203610180509],[30.122856142807144,64.64253212660634],[30.010350517525886,64.59482974148708],[29.987849392469627,64.56037801890095],[30.04785239261964,64.42522126106306],[30.05535276763839,64.40137006850343],[30.197859892994657,64.35366768338417],[30.475373768688442,64.25826291314566],[30.497874893744694,64.23176158807941],[30.479123956197817,64.19465973298665],[30.542877143857197,64.12840642032103],[30.50912545627282,64.03830191509576],[30.261613080654037,63.83689184459223],[29.972848642432126,63.75738786939347],[29.78158907945398,63.717635881794095],[29.646582329116463,63.87399369968499],[28.900295014750746,63.83689184459223],[28.529026451322572,63.87664383219161],[28.360268013400677,63.754737736886845],[28.270263513175664,63.677883894194714],[28.06025301265064,63.7812390619531],[27.92149607480375,63.83689184459223],[27.75648782439123,63.90314515725787],[27.5464773238662,63.95084754237712],[27.01395069753488,64.001200060003],[26.871443572178613,64.03830191509576],[26.586429321466078,63.97204860243012],[26.245162258112913,63.83689184459223],[26.27891394569729,63.60633031651583],[26.20016000800041,63.55597779888995],[26.166408320416025,63.50297514875744],[26.151407570378524,63.48177408870444],[26.140157007850398,63.45792289614481],[25.915145757287867,63.43937196859843],[25.847642382119112,63.46852342617131],[25.82514125706286,63.48177408870444],[25.678883944197217,63.50297514875744],[25.487624381219064,63.534776738836946],[25.25511275563779,63.6036801840092],[25.15385769288465,63.571878593929696],[25.10510525526277,63.50297514875744],[25.086354317715895,63.48177408870444],[25.06010300515026,63.46852342617131],[25.03760188009401,63.45792289614481],[25.018850942547132,63.46852342617131],[24.99634981749088,63.48177408870444],[24.958847942397128,63.50297514875744],[24.812590629531485,63.58777938896945],[24.60633031651583,63.659332966648336],[24.47507375368769,63.7812390619531],[24.41882094104706,63.83689184459223],[24.321316065803295,63.86074303715186],[24.178808940447027,63.94554727736387],[24.040052002600135,64.07805390269513],[23.946297314865753,64.07010350517527],[23.87129356467824,63.97204860243012],[23.72128606430322,63.98264913245662],[23.616280814040707,64.04890244512225],[23.608780439021956,64.10455522776138],[23.620031001550082,64.12840642032103],[23.64628231411571,64.1787589379469],[23.968798439922004,64.35366768338417],[24.02880144007201,64.40667033351667],[24.073803690184512,64.42522126106306],[24.343817190859546,64.5444772238612],[24.415070753537684,64.67168358417922],[24.538826941347075,64.72998649932497],[24.587579378968954,64.81479073953699],[24.65883294164709,64.82009100455022],[24.733836691834597,64.86779338966949],[25.078853942697144,64.91284564228212],[25.31136556827842,64.84659232961648],[25.34886744337217,64.87044352217612],[25.360118005900304,64.89694484724237],[25.24761238061904,64.941997099855],[25.225111255562787,64.98174908745438],[25.438871943597185,64.97644882244111],[25.375118755937805,65.08510425521277],[25.24761238061904,65.14870743537176],[25.315115755787794,65.24941247062353],[25.26261313065654,65.34481724086204],[25.330116505825295,65.45612280614031],[25.22136106805341,65.54357717885895],[25.086354317715895,65.58862943147157],[24.868843442172114,65.65753287664384],[24.572578628931453,65.65753287664384],[24.553827691384576,65.6734336716836],[24.580079003950203,65.71318565928297],[24.553827691384576,65.72908645432273],[24.321316065803295,65.78738936946849],[24.182559127956402,65.7688384419221],[24.156307815390775,65.81654082704136],[24.111305565278272,65.92254612730636],[23.950047502375128,66.07360368018402],[23.92004600230012,66.15045752287614],[23.76253812690635,66.19020951047553],[23.740037001850098,66.19550977548877],[23.680034001700093,66.24851242562129],[23.650032501625084,66.31211560578029],[23.680034001700093,66.38896944847242],[23.642532126606334,66.42872143607181],[23.76253812690635,66.50557527876394],[23.85629281464074,66.56652832641632],[23.890044502225116,66.75733786689335],[23.98754937746888,66.81299064953248],[23.848792439621988,66.95344767238362],[23.76253812690635,67.01970098504925],[23.563778188909453,67.16810840542027],[23.578778938946954,67.26086304315217],[23.717535876793846,67.28736436821842],[23.758787939396974,67.32446622331116],[23.751287564378224,67.43047152357619],[23.485024251212565,67.45167258362918],[23.413770688534434,67.48347417370869],[23.54877743887195,67.60538026901345],[23.485024251212565,67.69283464173209],[23.48877443872194,67.84654232711637],[23.635031751587583,67.91809590479525],[23.64628231411571,67.95784789239462],[23.395019750987558,68.05060253012651],[23.29376468823442,68.14865743287164],[23.1587579378969,68.1433571678584],[23.140007000350025,68.23346167308367],[23.05750287514376,68.29971498574929],[22.82124106205311,68.38716935846793],[22.42372118605931,68.46137306865344],[22.35621781089055,68.45342267113355],[22.326216310815546,68.47992399619982],[22.04120206010301,68.48522426121306],[21.90244512225612,68.57797889894495],[21.722436121806098,68.59652982649132],[21.62868143407171,68.66013300665034],[21.437421871093562,68.69458472923647],[21.381169058452926,68.7608380419021],[21.29866493324667,68.76878843942197],[21.01740087004351,68.88804440222012],[20.90114505725287,68.90129506475324],[20.85989299464974,68.93044652232612],[20.897394869743493,68.9701985099255],[20.773638681934102,69.02850142507125],[20.54862743137157,69.06030301515077]]],[[[24.531326566328325,65.0374018700935],[24.767588379418974,65.09570478523926],[24.910095504775242,65.05595279763989],[24.87259362968149,64.9737986899345],[24.790089504475233,64.93934696734837],[24.62133106655333,64.96849842492125],[24.531326566328325,65.0374018700935]]],[[[25.187609380469027,65.0983549177459],[25.202610130506528,65.11425571278565],[25.26261313065654,65.10895544777239],[25.266363318165915,65.07715385769288],[25.21011050552528,65.08245412270614],[25.187609380469027,65.0983549177459]]]]}},{"type":"Feature","properties":{"territory_id":"FR-01","country_code":"FR","country_name":"France","display_name":"Northwest France","strategic_centre":"Rennes","centre":[-1.6794,48.1147],"boundary_status":"administrative-comparison-draft","admin_source":"NUTS 2024 level 3","source_region_count":13},"geometry":{"type":"MultiPolygon","coordinates":[[[[-5.136406820341016,48.460823041152054],[-5.083904195209758,48.48467423371169],[-5.050152507625377,48.46612330616531],[-5.091404570228509,48.436971848592435],[-5.136406820341016,48.460823041152054]]],[[[-4.75013750687534,48.39986999349968],[-4.708885444272212,48.53502675133757],[-4.4126206310315474,48.64898244912246],[-4.037601880094002,48.70198509925497],[-3.9025951297564845,48.67018350917546],[-3.763838191909592,48.69403470173509],[-3.6588329416470806,48.65958297914896],[-3.591329566478322,48.696684834241715],[-3.568828441422067,48.792089604480225],[-3.5275763788189387,48.821241062053105],[-3.400070003500172,48.80799039951998],[-3.1263063153157624,48.86364318215911],[-2.98754937746887,48.765588279413976],[-2.8637931896594786,48.68078403920196],[-2.8112905645282247,48.60393019650982],[-2.6875343767188333,48.513825691284566],[-2.3350167508375392,48.66488324416221],[-2.1925096254812715,48.5906795339767],[-2.125006250312513,48.60393019650982],[-2.140007000350014,48.627781389069455],[-2.113755687784387,48.638381919095956],[-2.0500025001250037,48.6330816540827],[-2.0312515625781273,48.60393019650982],[-2.008750437521872,48.60393019650982],[-2.0162508125406227,48.64633231661583],[-1.9862493124656204,48.67813390669534],[-1.8587429371468538,48.70198509925497],[-1.8549927496374785,48.638381919095956],[-1.7799889994499694,48.60393019650982],[-1.7424871243562166,48.60393019650982],[-1.569978498924943,48.627781389069455],[-1.4537226861343022,48.62513125656283],[-1.4087204360217989,48.654282714135704],[-1.4987249362468091,48.68873443672184],[-1.5662283114155677,48.75498774938747],[-1.59622981149057,48.83714185709286],[-1.5587279363968172,49.00675033751688],[-1.603730186509324,49.05710285514276],[-1.6074803740186994,49.19490974548728],[-1.7124856242812108,49.32211610580529],[-1.8062403120155963,49.383069153457676],[-1.873743687184355,49.534126706335314],[-1.847492374618728,49.61893094654733],[-1.9374968748437382,49.67988399419971],[-1.9374968748437382,49.71433571678584],[-1.61498074903745,49.6480824041202],[-1.4349717485874258,49.701085054252715],[-1.2962148107405334,49.68783439171959],[-1.2362118105905253,49.62158107905395],[-1.2962148107405334,49.56857842892145],[-1.2999649982499086,49.534126706335314],[-1.119955997799888,49.32211610580529],[-1.0824541227061317,49.383069153457676],[-0.9624481224061157,49.3963198159908],[-0.6699334966748296,49.353917695884796],[-0.5611780589029429,49.33801690084505],[-0.1936596829841477,49.287664383219166],[-0.021151057552874164,49.32211610580529],[0.1551077553877711,49.40957047852393],[0.29761488074403886,49.430771538576934],[0.3163658182909188,49.30886544327217],[0.372618630931548,49.274413720686034],[0.3351167558377952,49.24791239561978],[0.3876193809690527,49.20021001050053],[0.3876193809690527,49.05445272263613],[0.4363718185909313,49.00675033751688],[0.41387069353467965,48.95109755487775],[0.41012050602530437,48.90339516975849],[0.5938796939847037,48.88219410970549],[0.623881194059706,48.82654132706635],[0.7438871943597221,48.76823841192059],[0.7663883194159737,48.68873443672184],[0.8151407570378559,48.67018350917546],[0.8451422571128582,48.60393019650982],[0.9576478823941237,48.521776088804444],[0.9576478823941237,48.42637131856593],[0.8976448822441156,48.36806840342017],[0.7813890694534749,48.328316415820794],[0.8188909445472312,48.22231111555578],[0.796389819490976,48.1931596579829],[0.8863943197159898,48.1507575378769],[0.8413920696034829,48.10305515275764],[0.8038901945097301,48.050052502625135],[0.8376418820941076,47.94669733486674],[0.7663883194159737,47.89104455222761],[0.7476373818690973,47.816840842042104],[0.597629881494079,47.72673633681684],[0.6126306315315801,47.69493474673734],[0.8526426321316087,47.68168408420421],[0.8676433821691099,47.60748037401871],[0.9426471323566226,47.62868143407171],[1.0364018200910081,47.594229711485575],[1.0589029451472598,47.51737586879344],[1.1226561328066431,47.44847242362118],[1.107655382769142,47.305365268263415],[1.2351617580879086,47.28416420821041],[1.325166258312919,47.18610930546527],[1.3551677583879211,47.122506125306266],[1.2689134456722861,47.04035201760088],[1.1451572578628948,47.035051752587634],[1.0664033201660104,46.99794989749488],[0.9913995699785012,46.75943797189859],[0.8676433821691099,46.7488374418721],[0.7138856942847163,46.899894994749744],[0.6726336316815882,46.976748837441875],[0.5901295064753285,47.003250162508124],[0.5826291314565744,46.958197909895496],[0.32386619330966937,46.94229711485575],[0.29761488074403886,47.04300215010751],[0.20011000550027802,47.06155307765388],[0.1851092554627769,47.10395519775989],[0.05385269263463499,47.16490824541227],[0.0013500675033775167,47.16225811290565],[-0.10365518275913388,47.064203210160514],[-0.24616230811540163,47.101305065253264],[-0.5086754337716854,47.07745387269364],[-0.5611780589029429,47.035051752587634],[-0.6099304965248216,46.99794989749488],[-0.6699334966748296,46.99264963248163],[-0.8911945597279818,46.976748837441875],[-0.7261863093154624,46.81509075453773],[-0.6699334966748296,46.70378518925946],[-0.6136806840342004,46.59777988899445],[-0.6136806840342004,46.44937246862344],[-0.5611780589029429,46.38841942097105],[-0.6436821841092026,46.33011650582529],[-0.6699334966748296,46.32216610830542],[-0.748687434371714,46.30361518075904],[-0.8199409970498479,46.33276663833192],[-0.9361968098404887,46.31686584329216],[-0.9586979348967404,46.356617830891544],[-1.0749537476873812,46.319515975798794],[-1.1799589979498961,46.319515975798794],[-1.2249612480623995,46.27711385569279],[-1.3337166858342897,46.338066903345165],[-1.4649732486624316,46.35131756587829],[-1.524976248812436,46.40167008350417],[-1.8099904995249751,46.505025251262566],[-1.8849942497124843,46.63488174408721],[-2.1437571878593893,46.83629181459073],[-2.1437571878593893,46.88399419970999],[-1.9787489374468699,47.02975148757438],[-2.06875343767188,47.09070453522676],[-2.2075103755187726,47.1357567878394],[-2.15125756287814,47.27356367818391],[-2.305015250762537,47.247062353117656],[-2.4700235011750564,47.29211460573029],[-2.5112755637781845,47.37161858092905],[-2.4587729386469306,47.44847242362118],[-2.526276313815689,47.51472573628682],[-2.8075403770188494,47.498824941247065],[-2.946297314865742,47.58892944647232],[-2.98754937746887,47.56242812140607],[-3.1263063153157624,47.57302865143257],[-3.3588179408970404,47.718785939296964],[-3.471323566178306,47.71083554177709],[-3.5238261913095634,47.76648832441622],[-3.5275763788189387,47.84334216710836],[-3.602580129006448,47.777088854442724],[-3.8163408170408495,47.800940047002356],[-3.981349067453369,47.87514375718786],[-4.228861443072152,47.81154057702885],[-4.330116505825288,47.81949097454873],[-4.431371568578427,47.944047202360125],[-4.558877943897194,48.02885144257213],[-4.318865943297162,48.1295564778239],[-4.345117255862789,48.19050952547627],[-4.521376068803438,48.21701085054253],[-4.566378318915945,48.25676283814191],[-4.547627381369065,48.29651482574128],[-4.4126206310315474,48.29651482574128],[-4.375118755937795,48.33096654832742],[-4.4726236311815555,48.36806840342017],[-4.693884694234708,48.349517475873796],[-4.75013750687534,48.39986999349968]]],[[[-3.5125756287814376,47.64458222911146],[-3.4675733786689307,47.65783289164459],[-3.4300715035751743,47.6180809040452],[-3.4675733786689307,47.61278063903195],[-3.5125756287814376,47.64458222911146]]],[[[-3.3175658782939124,47.363668183409175],[-3.208810440522022,47.382219110955546],[-3.1263063153157624,47.305365268263415],[-3.2125606280313974,47.28946447322366],[-3.3175658782939124,47.363668183409175]]],[[[-3.1713085654282693,47.53062653132657],[-3.122556127806387,47.525326266313314],[-3.1113055652782613,47.47232361618081],[-3.152557627881393,47.48557427871394],[-3.1713085654282693,47.53062653132657]]],[[[-3.0438021901095027,48.850392519625984],[-2.98754937746887,48.87424371218561],[-2.9687984399219935,48.847742387119354],[-2.998799939996996,48.82389119455973],[-3.0438021901095027,48.850392519625984]]],[[[-2.3837691884594214,46.70113505675284],[-2.3275163758187887,46.727636381819096],[-2.297514875743783,46.70113505675284],[-2.3350167508375392,46.67993399669984],[-2.3837691884594214,46.70113505675284]]],[[[-2.3125156257812876,47.02975148757438],[-2.2300115005750243,47.01650082504125],[-2.226261313065649,46.96349817490875],[-2.2825141257062818,46.968798439922],[-2.3125156257812876,47.02975148757438]]],[[[-2.211260563028148,46.96349817490875],[-2.185009250462521,46.968798439922],[-2.15125756287814,46.95289764488224],[-2.1475073753687646,46.91049552477624],[-2.1662583129156445,46.91049552477624],[-2.211260563028148,46.96349817490875]]]]}},{"type":"Feature","properties":{"territory_id":"FR-02","country_code":"FR","country_name":"France","display_name":"Paris Basin","strategic_centre":"Paris","centre":[2.3522,48.8567],"boundary_status":"administrative-comparison-draft","admin_source":"NUTS 2024 level 3","source_region_count":24},"geometry":{"type":"Polygon","coordinates":[[[0.08010400520026195,49.526176308815444],[0.1663583179159005,49.68253412670634],[0.21511075553777914,49.71433571678584],[0.5901295064753285,49.85214260713036],[1.1039051952597667,49.93694684734237],[1.3814190709535517,50.06415320766038],[1.5239261963098194,50.194009700485026],[1.632681634081706,50.19665983299165],[1.5501775088754464,50.30001500075004],[1.5689284464223228,50.347717385869295],[1.6439321966098355,50.35036751837592],[1.5614280714035722,50.40867043352168],[1.591429571478578,50.86449322466123],[1.8351917595879819,50.967848392419626],[1.8539426971348583,50.9757987899395],[2.0677033851692634,51.007600380019],[2.3377168858442943,51.050002500125004],[2.5364768238411948,51.08710435521776],[2.5477273863693206,51.08975448772439],[2.615230761538079,50.967848392419626],[2.6077303865193286,50.91219560978049],[2.630231511575584,50.82474123706186],[2.716485824291219,50.80619030951548],[2.7952397619881033,50.73198659932997],[2.862743137156862,50.70813540677034],[2.9077453872693653,50.70283514175709],[3.0202510125506308,50.774388719435976],[3.099004950247515,50.77968898444922],[3.1777588879443996,50.7558377918896],[3.252762638131909,50.694884744237214],[3.301515075753791,50.522626131306566],[3.3840192009600507,50.49612480624032],[3.4852742637131904,50.52792639631981],[3.6165308265413323,50.49082454122706],[3.654032701635085,50.46167308365418],[3.665283264163211,50.35566778338917],[3.7065353267663426,50.32121606080304],[3.7627881394069753,50.347717385869295],[3.8977948897444925,50.33181659082955],[4.029051452572631,50.358317915895796],[4.0440522026101355,50.33976698834942],[4.137806890344521,50.26821341067053],[4.209060453022655,50.25761288064403],[4.160308015400773,50.212560628031405],[4.137806890344521,50.14100705035252],[4.190309515475779,50.12775638781939],[4.2165608280414055,50.07475373768689],[4.152807640382022,50.03235161758088],[4.141557077853896,49.979348967448374],[4.231561578078907,49.95814790739537],[4.434071703585182,49.942247112355616],[4.67783389169459,49.99789989499475],[4.692834641732091,50.08005400270014],[4.797839891994602,50.14895744787239],[4.8728436421821115,50.1383569178459],[4.801590079503978,49.96874843742187],[4.876593829691487,49.91574578728937],[4.869093454672736,49.807090354517726],[4.970348517425876,49.80179008950448],[5.154107705385272,49.71698584929247],[5.289114455722789,49.67988399419971],[5.319115955797791,49.62158107905395],[5.394119705985304,49.61628081404071],[5.277863893194663,49.55002750137507],[5.116605830291519,49.58182909145457],[5.071603580179016,49.49967498374919],[5.109105455272768,49.44402220111006],[5.094104705235267,49.391019550977546],[5.034101705085256,49.340667033351664],[5.041602080104006,49.287664383219166],[4.951597579878996,49.237311865593284],[4.9778488924446265,49.21346067303365],[4.951597579878996,49.17370868543428],[5.034101705085256,48.9881994099705],[5.0191009550477546,48.956397819890995],[4.936596829841495,48.91134556727836],[4.895344767238367,48.8106405320266],[5.000350017500878,48.736436821841096],[4.989099454972752,48.68343417170858],[4.805340267013353,48.67018350917546],[4.846592329616485,48.61983099154958],[4.779088954447726,48.59332966648333],[4.779088954447726,48.54562728136407],[4.670333516675836,48.53237661883094],[4.655332766638335,48.45817290864544],[4.816590829541482,48.33626681334067],[4.85784289214461,48.20906045302265],[4.831591579578983,48.11365568278414],[4.707835391769592,48.09510475523776],[4.704085204260217,48.020901045052256],[4.584079203960201,48.02355117755888],[4.542827141357073,47.973198659933],[4.325316265813296,47.95729786489325],[4.291564578228915,47.92549627481374],[4.265313265663288,47.85924296214811],[4.336566828341422,47.79298964948248],[4.126556327816395,47.51207560378019],[4.119055952797645,47.45377268863443],[4.074053702685138,47.40342017100855],[4.107805390269515,47.33981699084954],[3.9952997649882533,47.32126606330317],[3.946547327366371,47.38486924346218],[3.8752937646882373,47.37956897844892],[3.8677933896694867,47.42462123106155],[3.8152907645382292,47.3875193759688],[3.7215360768038437,47.4087204360218],[3.507775388769442,47.53592679633982],[3.481524076203815,47.50147507375369],[3.3390169508475473,47.48557427871394],[3.155257762888148,47.525326266313314],[3.099004950247515,47.58097904895245],[2.975248762438124,47.57037851892595],[2.888994449722489,47.55182759137957],[2.8739936996849877,47.52002600130007],[2.926496324816245,47.43522176108806],[2.8814940747037383,47.33981699084954],[2.975248762438124,47.26031301565078],[3.0315015750787566,47.064203210160514],[3.069003450172513,47.0218010900545],[3.0615030751537624,46.84954247712386],[3.0315015750787566,46.793889694484726],[2.9452472623631216,46.79653982699135],[2.7839891994599775,46.727636381819096],[2.720236011800594,46.73028651432571],[2.600230011500578,46.65078253912696],[2.5814790739537017,46.61103055152758],[2.585229261463077,46.54477723886194],[2.3414670733536695,46.502375118755936],[2.281464073203665,46.42022101105056],[2.1689584479223996,46.422871143557174],[1.8351917595879819,46.44672233611681],[1.7751887594379738,46.452022601130054],[1.7264363218160952,46.399019950997555],[1.5126756337816936,46.4149207460373],[1.4151707585379292,46.34601730086504],[1.3514175708785459,46.3937196859843],[1.1789089454472759,46.3831191559578],[1.1901595079754017,46.41757087854393],[1.133906695334769,46.51032551627581],[0.916395819790992,46.6030801540077],[0.916395819790992,46.706435321766094],[0.8676433821691099,46.7488374418721],[0.9913995699785012,46.75943797189859],[1.0664033201660104,46.99794989749488],[1.1451572578628948,47.035051752587634],[1.2689134456722861,47.04035201760088],[1.3551677583879211,47.122506125306266],[1.325166258312919,47.18610930546527],[1.2351617580879086,47.28416420821041],[1.107655382769142,47.305365268263415],[1.1226561328066431,47.44847242362118],[1.0589029451472598,47.51737586879344],[1.0364018200910081,47.594229711485575],[0.9426471323566226,47.62868143407171],[0.8676433821691099,47.60748037401871],[0.8526426321316087,47.68168408420421],[0.6126306315315801,47.69493474673734],[0.597629881494079,47.72673633681684],[0.7476373818690973,47.816840842042104],[0.7663883194159737,47.89104455222761],[0.8376418820941076,47.94669733486674],[0.8038901945097301,48.050052502625135],[0.8413920696034829,48.10305515275764],[0.8863943197159898,48.1507575378769],[0.796389819490976,48.1931596579829],[0.8188909445472312,48.22231111555578],[0.7813890694534749,48.328316415820794],[0.8976448822441156,48.36806840342017],[0.9576478823941237,48.42637131856593],[0.9576478823941237,48.521776088804444],[0.8451422571128582,48.60393019650982],[0.8151407570378559,48.67018350917546],[0.7663883194159737,48.68873443672184],[0.7438871943597221,48.76823841192059],[0.623881194059706,48.82654132706635],[0.5938796939847037,48.88219410970549],[0.41012050602530437,48.90339516975849],[0.41387069353467965,48.95109755487775],[0.4363718185909313,49.00675033751688],[0.3876193809690527,49.05445272263613],[0.3876193809690527,49.20021001050053],[0.3351167558377952,49.24791239561978],[0.372618630931548,49.274413720686034],[0.3163658182909188,49.30886544327217],[0.29761488074403886,49.430771538576934],[0.4063703185159291,49.44667233361668],[0.5038751937596899,49.481124056202816],[0.5226261313065699,49.47582379118956],[0.5863793189659532,49.430771538576934],[0.6126306315315801,49.428121406070304],[0.6351317565878318,49.438721936096805],[0.5038751937596899,49.48377418870943],[0.3838691934596774,49.45462273113656],[0.1851092554627769,49.45462273113656],[0.11385569278464303,49.47582379118956],[0.08010400520026195,49.526176308815444]]]}},{"type":"Feature","properties":{"territory_id":"FR-03","country_code":"FR","country_name":"France","display_name":"Northeast France","strategic_centre":"Strasbourg","centre":[7.7458,48.5833],"boundary_status":"administrative-comparison-draft","admin_source":"NUTS 2024 level 3","source_region_count":10},"geometry":{"type":"Polygon","coordinates":[[[4.655332766638335,48.45817290864544],[4.670333516675836,48.53237661883094],[4.779088954447726,48.54562728136407],[4.779088954447726,48.59332966648333],[4.846592329616485,48.61983099154958],[4.805340267013353,48.67018350917546],[4.989099454972752,48.68343417170858],[5.000350017500878,48.736436821841096],[4.895344767238367,48.8106405320266],[4.936596829841495,48.91134556727836],[5.0191009550477546,48.956397819890995],[5.034101705085256,48.9881994099705],[4.951597579878996,49.17370868543428],[4.9778488924446265,49.21346067303365],[4.951597579878996,49.237311865593284],[5.041602080104006,49.287664383219166],[5.034101705085256,49.340667033351664],[5.094104705235267,49.391019550977546],[5.109105455272768,49.44402220111006],[5.071603580179016,49.49967498374919],[5.116605830291519,49.58182909145457],[5.277863893194663,49.55002750137507],[5.394119705985304,49.61628081404071],[5.4691234561728095,49.497024851242564],[5.735386769338469,49.54472723636182],[5.817890894544732,49.547377368868446],[5.8928946447322375,49.497024851242564],[5.956647832391624,49.49437471873594],[6.0129006450322535,49.449322466123306],[6.095404770238517,49.45727286364318],[6.14040702035102,49.497024851242564],[6.204160208010407,49.504975248762435],[6.365418270913551,49.47052352617631],[6.447922396119807,49.467873393669684],[6.556677833891698,49.420171008550426],[6.590429521476075,49.32741637081854],[6.721686084304217,49.2187609380469],[6.721686084304217,49.18430921546077],[6.751687584379226,49.1657582879144],[6.830441522076107,49.15780789039452],[6.849192459622984,49.208160408020404],[6.931696584829247,49.21611080554028],[7.021701085054254,49.189609480474026],[7.055452772638638,49.123356167808396],[7.100455022751142,49.15515775788789],[7.194209710485531,49.11805590279514],[7.295464773238663,49.120706035301765],[7.370468523426176,49.160458022901146],[7.479223961198066,49.1657582879144],[7.527976398819945,49.102155107755394],[7.636731836591835,49.05445272263613],[7.910495524776245,49.043852192609634],[8.068003400170014,48.998799939997],[8.233011650582533,48.966998349917496],[8.169258462923153,48.927246362318115],[8.090504525226265,48.8106405320266],[7.959247962398123,48.71788589429472],[7.816740837041856,48.60393019650982],[7.737986899344975,48.338916945847295],[7.681734086704338,48.25676283814191],[7.5767288364418235,48.11895594779739],[7.5767288364418235,48.116305815290765],[7.572978648932448,48.04210210510526],[7.610480524026208,47.970548527426374],[7.535476773838695,47.79298964948248],[7.546727336366821,47.7426371318566],[7.520476023801194,47.68168408420421],[7.587979398969949,47.58892944647232],[7.554227711385572,47.5650782539127],[7.5092254612730684,47.53857692884644],[7.5092254612730684,47.50147507375369],[7.445472273613682,47.46172308615431],[7.42297114855743,47.44582229111455],[7.400470023501178,47.43522176108806],[7.381719085954302,47.43257162858143],[7.3517175858793,47.43522176108806],[7.3367168358417985,47.440522026101306],[7.325466273313673,47.440522026101306],[7.18670933546678,47.443172158607936],[7.130456522826144,47.50412520626031],[7.0067003350167525,47.498824941247065],[6.984199209960501,47.45112255612781],[6.9391969598479974,47.43257162858143],[6.897944897244869,47.36896844842242],[7.021701085054254,47.36896844842242],[7.044202210110512,47.33981699084954],[6.957947897394874,47.28681434071704],[6.942947147357373,47.24176208810441],[6.8604430221511095,47.16490824541227],[6.616680834041709,46.995299764988246],[6.459172958647933,46.947597379868995],[6.459172958647933,46.85219260963048],[6.4366718335916815,46.764738236911846],[6.136656832841645,46.592479623981205],[6.136656832841645,46.55802790139507],[6.0654032701635145,46.618980949047454],[6.0916545827291415,46.69318465923296],[6.170408520426022,46.743537176858844],[6.1854092704635235,46.783289164458225],[6.024151207560379,46.862793139656986],[5.949147457372874,46.9793989699485],[5.776638831941604,47.04035201760088],[5.810390519525981,47.14370718535927],[5.697884894244716,47.265613280664034],[5.58537926896345,47.25766288314416],[5.517875893794695,47.305365268263415],[5.491624581229068,47.37956897844892],[5.4428721436071825,47.3981199059953],[5.397869893494679,47.469673483674185],[5.484124206210318,47.53327666383319],[5.480374018700935,47.59157957897895],[5.439121956097807,47.623381169058455],[5.3753687684384275,47.604830241512076],[5.259112955647787,47.586279313965704],[5.165358267913398,47.663133156657835],[4.970348517425876,47.69758487924396],[4.93284664233212,47.777088854442724],[4.962848142407125,47.79298964948248],[4.981599079954002,47.82214110705536],[4.917845892294618,47.90164508225411],[4.85034251712586,47.90429521476074],[4.85034251712586,47.94934746737337],[4.801590079503978,47.96789839491974],[4.790339516975852,47.99969998499925],[4.704085204260217,48.020901045052256],[4.707835391769592,48.09510475523776],[4.831591579578983,48.11365568278414],[4.85784289214461,48.20906045302265],[4.816590829541482,48.33626681334067],[4.655332766638335,48.45817290864544]]]}},{"type":"Feature","properties":{"territory_id":"FR-04","country_code":"FR","country_name":"France","display_name":"Atlantic and Southwest France","strategic_centre":"Bordeaux","centre":[-0.58,44.84],"boundary_status":"administrative-comparison-draft","admin_source":"NUTS 2024 level 3","source_region_count":18},"geometry":{"type":"MultiPolygon","coordinates":[[[[-1.78748937446872,43.35136756837842],[-1.7799889994499694,43.364618230911546],[-1.6449822491124522,43.39906995349767],[-1.524976248812436,43.528926446322316],[-1.5062253112655597,43.55542777138857],[-1.4349717485874258,43.653482674133706],[-1.4199709985499247,43.71973598679934],[-1.2549627481374053,44.467073353667686],[-1.1987099354967725,44.59957997899895],[-1.1124556227811375,44.68173408670434],[-1.1387069353467645,44.71353567678384],[-1.2099604980248984,44.72943647182359],[-1.2287114355717748,44.76918845942297],[-1.1124556227811375,45.47412370618531],[-1.0674533726686306,45.50327516375819],[-1.0112005600279979,45.487374368718434],[-0.7374368718435882,45.238261913095656],[-0.7149357467873365,45.32836641832092],[-0.8049402470123468,45.47942397119856],[-1.0224511225561237,45.614580729036454],[-1.2249612480623995,45.70203510175509],[-1.2437121856092759,45.760338016900846],[-1.2587129356467806,45.855742787139356],[-1.3749687484374178,45.94849742487125],[-1.4012200610030483,46.03595179758988],[-1.25121256062803,45.982949147457376],[-1.1987099354967725,45.88224411220561],[-1.2137106855342736,45.80009000450023],[-1.146207310365515,45.808040402020104],[-1.146207310365515,45.85309265463273],[-1.0824541227061317,45.90874543727186],[-1.05995299764988,46.02535126756338],[-1.1387069353467645,46.12870643532177],[-1.217460873043649,46.16050802540127],[-1.1237061853092634,46.258562928146404],[-1.1162058102905128,46.30361518075904],[-1.0749537476873812,46.319515975798794],[-0.9586979348967404,46.356617830891544],[-0.9361968098404887,46.31686584329216],[-0.8199409970498479,46.33276663833192],[-0.748687434371714,46.30361518075904],[-0.6699334966748296,46.32216610830542],[-0.6436821841092026,46.33011650582529],[-0.5611780589029429,46.38841942097105],[-0.6136806840342004,46.44937246862344],[-0.6136806840342004,46.59777988899445],[-0.6699334966748296,46.70378518925946],[-0.7261863093154624,46.81509075453773],[-0.8911945597279818,46.976748837441875],[-0.6699334966748296,46.99264963248163],[-0.6099304965248216,46.99794989749488],[-0.5611780589029429,47.035051752587634],[-0.5086754337716854,47.07745387269364],[-0.24616230811540163,47.101305065253264],[-0.10365518275913388,47.064203210160514],[0.0013500675033775167,47.16225811290565],[0.05385269263463499,47.16490824541227],[0.1851092554627769,47.10395519775989],[0.20011000550027802,47.06155307765388],[0.29761488074403886,47.04300215010751],[0.32386619330966937,46.94229711485575],[0.5826291314565744,46.958197909895496],[0.5901295064753285,47.003250162508124],[0.6726336316815882,46.976748837441875],[0.7138856942847163,46.899894994749744],[0.8676433821691099,46.7488374418721],[0.916395819790992,46.706435321766094],[0.916395819790992,46.6030801540077],[1.133906695334769,46.51032551627581],[1.1901595079754017,46.41757087854393],[1.1789089454472759,46.3831191559578],[1.3514175708785459,46.3937196859843],[1.4151707585379292,46.34601730086504],[1.4039201960098033,46.21086054302715],[1.5239261963098194,46.07570378518926],[1.5501775088754464,45.94584729236462],[1.6476823841192108,45.86104305215261],[1.763938196909848,45.85044252212611],[1.8351917595879819,45.815990799539975],[1.8539426971348583,45.80539026951348],[1.8989449472473652,45.69938496924846],[2.0527026351317588,45.7550377518876],[2.292714635731791,45.67553377668884],[2.4914745737286914,45.73648682434122],[2.5214760738036937,45.67023351167558],[2.468973448672436,45.5986799339967],[2.513975698784943,45.527126356317815],[2.510225511275568,45.47942397119856],[2.510225511275568,45.38666933346667],[2.3752187609380506,45.40787039351967],[2.3377168858442943,45.325716285814295],[2.202710135506777,45.22501125056253],[2.17645882294115,45.09780489024451],[2.1052052602630162,45.05540277013851],[2.131456572828643,44.994449722486124],[2.0639531976598846,44.97589879493975],[2.0977048852442657,44.87519375968799],[2.1577078853942737,44.80894044702235],[2.1427071353567726,44.705585279263964],[2.2064603230161524,44.6154807740387],[2.172708635431775,44.581029051452575],[2.0677033851692634,44.57572878643932],[1.89519475973799,44.496224811240566],[1.8539426971348583,44.475023751187564],[1.883944197209864,44.339866993349666],[1.8801940097004888,44.292164608230415],[1.89519475973799,44.28686434321716],[1.9626981349067485,44.26831341567078],[1.9139456972848663,44.1967598379919],[1.9889494474723755,44.14905745287265],[2.1352067603380185,44.1967598379919],[2.3377168858442943,44.117255862793144],[2.4877243862193126,44.02185109255463],[2.5364768238411948,43.91849592479624],[2.555227761388071,43.88139406970349],[2.573978698934951,43.838991949597485],[2.6527326366318356,43.76478823941197],[2.7389869493474706,43.73298664933247],[2.8364918245912314,43.75418770938547],[2.9152457622881194,43.730336516825844],[2.933996699834996,43.69588479423972],[2.8964948247412394,43.65613280664033],[2.7652382619130975,43.6216810840542],[2.6489824491224603,43.65083254162708],[2.6227311365568298,43.57132856642832],[2.6527326366318356,43.478573928696434],[2.5664783239162006,43.422921146057305],[2.27771388569429,43.44147207360368],[2.150207510375523,43.39641982099105],[2.030201510075507,43.43617180859043],[1.9139456972848663,43.412320616030804],[1.89519475973799,43.41762088104405],[1.8539426971348583,43.43087154357718],[1.8351917595879819,43.40437021851093],[1.8051902595129796,43.35666783339167],[1.6889344467223388,43.27451372568628],[1.7151857592879693,43.2241612080604],[1.737686884344221,43.189709485474275],[1.8351917595879819,43.15260763038152],[1.8539426971348583,43.14730736536827],[1.9214460723036169,43.123456172808645],[1.9514475723786227,43.08635431771589],[1.9964498224911296,42.96974848742437],[1.9626981349067485,42.948547427371366],[1.970198509925499,42.87434371718586],[1.8876943847192393,42.80809040452023],[1.9514475723786227,42.74978748937447],[2.0677033851692634,42.74448722436122],[2.1239561978098926,42.71268563428171],[2.150207510375523,42.696784839241964],[2.1652082604130243,42.66498324916246],[2.015200760038006,42.65968298414921],[1.9514475723786227,42.61198059902995],[1.89519475973799,42.598729936496824],[1.8539426971348583,42.590779538976946],[1.8351917595879819,42.5854792739637],[1.7864393219661032,42.5748787439372],[1.5389269463473205,42.651732586629336],[1.4414220711035597,42.60403020151008],[1.3626681334066753,42.696784839241964],[1.3476673833691706,42.71268563428171],[1.1751587579379006,42.717985899294966],[1.0664033201660104,42.77893894694735],[0.856392819640984,42.8266413320666],[0.6763838191909635,42.842542127106356],[0.6613830691534623,42.71268563428171],[0.6613830691534623,42.69148457422871],[0.5338766938346957,42.696784839241964],[0.47762388119406296,42.69943497174859],[0.3876193809690527,42.71268563428171],[0.3538676933846716,42.71268563428171],[0.32386619330966937,42.696784839241964],[0.29761488074403886,42.68353417670883],[0.26386319315966134,42.696784839241964],[0.22636131806590498,42.71268563428171],[0.18135906795340162,42.73123656182809],[0.08385419270963723,42.71268563428171],[0.0013500675033775167,42.696784839241964],[-0.047402370118501125,42.696784839241964],[-0.07365368268413164,42.71268563428171],[-0.3136656832841602,42.85049252462623],[-0.39616980849041994,42.80809040452023],[-0.5611780589029429,42.794839741987104],[-0.6699334966748296,42.87699384969248],[-0.7261863093154624,42.91939596979849],[-0.7599379968998434,42.9617980899045],[-0.9924496224811215,42.96974848742437],[-1.25121256062803,43.04925246262313],[-1.303715185759284,43.094304715235765],[-1.3674683734186672,43.04130206510325],[-1.4162208110405494,43.04660233011651],[-1.4537226861343022,43.083704185209264],[-1.397469873493673,43.1817590879544],[-1.4012200610030483,43.2241612080604],[-1.4087204360217989,43.255962798139905],[-1.7274863743187119,43.295714785739285],[-1.78748937446872,43.35136756837842]]],[[[-1.5737286864343183,46.232061603080155],[-1.4949747487374339,46.25326266313316],[-1.4424721236061764,46.20821041052053],[-1.5062253112655597,46.192309615480774],[-1.5737286864343183,46.232061603080155]]],[[[-1.4049702485124236,46.18170908545427],[-1.3187159357967886,46.20026001300065],[-1.2737136856842817,46.1631581579079],[-1.3337166858342897,46.1419570978549],[-1.4049702485124236,46.18170908545427]]]]}},{"type":"Feature","properties":{"territory_id":"FR-05","country_code":"FR","country_name":"France","display_name":"Central and Alpine France","strategic_centre":"Lyon","centre":[4.84,45.76],"boundary_status":"administrative-comparison-draft","admin_source":"NUTS 2024 level 3","source_region_count":19},"geometry":{"type":"Polygon","coordinates":[[[1.4039201960098033,46.21086054302715],[1.4151707585379292,46.34601730086504],[1.5126756337816936,46.4149207460373],[1.7264363218160952,46.399019950997555],[1.7751887594379738,46.452022601130054],[1.8351917595879819,46.44672233611681],[2.1689584479223996,46.422871143557174],[2.281464073203665,46.42022101105056],[2.3414670733536695,46.502375118755936],[2.585229261463077,46.54477723886194],[2.5814790739537017,46.61103055152758],[2.600230011500578,46.65078253912696],[2.720236011800594,46.73028651432571],[2.7839891994599775,46.727636381819096],[2.9452472623631216,46.79653982699135],[3.0315015750787566,46.793889694484726],[3.0615030751537624,46.84954247712386],[3.069003450172513,47.0218010900545],[3.0315015750787566,47.064203210160514],[2.975248762438124,47.26031301565078],[2.8814940747037383,47.33981699084954],[2.926496324816245,47.43522176108806],[2.8739936996849877,47.52002600130007],[2.888994449722489,47.55182759137957],[2.975248762438124,47.57037851892595],[3.099004950247515,47.58097904895245],[3.155257762888148,47.525326266313314],[3.3390169508475473,47.48557427871394],[3.481524076203815,47.50147507375369],[3.507775388769442,47.53592679633982],[3.7215360768038437,47.4087204360218],[3.8152907645382292,47.3875193759688],[3.8677933896694867,47.42462123106155],[3.8752937646882373,47.37956897844892],[3.946547327366371,47.38486924346218],[3.9952997649882533,47.32126606330317],[4.107805390269515,47.33981699084954],[4.074053702685138,47.40342017100855],[4.119055952797645,47.45377268863443],[4.126556327816395,47.51207560378019],[4.336566828341422,47.79298964948248],[4.265313265663288,47.85924296214811],[4.291564578228915,47.92549627481374],[4.325316265813296,47.95729786489325],[4.542827141357073,47.973198659933],[4.584079203960201,48.02355117755888],[4.704085204260217,48.020901045052256],[4.790339516975852,47.99969998499925],[4.801590079503978,47.96789839491974],[4.85034251712586,47.94934746737337],[4.85034251712586,47.90429521476074],[4.917845892294618,47.90164508225411],[4.981599079954002,47.82214110705536],[4.962848142407125,47.79298964948248],[4.93284664233212,47.777088854442724],[4.970348517425876,47.69758487924396],[5.165358267913398,47.663133156657835],[5.259112955647787,47.586279313965704],[5.3753687684384275,47.604830241512076],[5.439121956097807,47.623381169058455],[5.480374018700935,47.59157957897895],[5.484124206210318,47.53327666383319],[5.397869893494679,47.469673483674185],[5.4428721436071825,47.3981199059953],[5.491624581229068,47.37956897844892],[5.517875893794695,47.305365268263415],[5.58537926896345,47.25766288314416],[5.697884894244716,47.265613280664034],[5.810390519525981,47.14370718535927],[5.776638831941604,47.04035201760088],[5.949147457372874,46.9793989699485],[6.024151207560379,46.862793139656986],[6.1854092704635235,46.783289164458225],[6.170408520426022,46.743537176858844],[6.0916545827291415,46.69318465923296],[6.0654032701635145,46.618980949047454],[6.136656832841645,46.55802790139507],[6.0654032701635145,46.4149207460373],[6.155407770388521,46.369868493424676],[6.125406270313519,46.31686584329216],[6.110405520276018,46.25326266313316],[5.982899144957251,46.205560278013905],[5.956647832391624,46.13135656782839],[6.14040702035102,46.147257362868146],[6.2904145207260385,46.22941147057353],[6.297914895744789,46.24796239811991],[6.219160958047908,46.311565578278916],[6.31291564578229,46.3937196859843],[6.519175958797945,46.452022601130054],[6.819190959547981,46.42817140857043],[6.781689084454229,46.34866743337167],[6.852942647132359,46.27446372318616],[6.800440022001105,46.15520776038802],[6.890444522226112,46.118105905295266],[6.894194709735494,46.05450272513626],[6.946697334866748,46.049202460123006],[7.044202210110512,45.92199609980499],[6.969198459923,45.86369318465923],[6.822941147057357,45.82659132956648],[6.80419020951048,45.778888944447225],[6.837941897094858,45.70203510175509],[6.987949397469876,45.63843192159608],[7.0067003350167525,45.51122556127807],[7.104205210260517,45.46882344117206],[7.175458772938654,45.391969598479925],[7.119205960298018,45.323066153307664],[7.107955397769892,45.238261913095656],[6.97669883494175,45.20646032301615],[6.871693584679235,45.13490674533727],[6.770438521926103,45.15345767288365],[6.63168158407921,45.11105555277764],[6.507925396269819,45.103105155257765],[6.459172958647933,45.06070303515176],[6.260413020651036,45.12695634781739],[6.211660583029158,45.01830091504576],[6.316665833291665,44.98914945747288],[6.354167708385425,44.928196409820494],[6.346667333366675,44.85929296464823],[6.13290664533227,44.85664283214161],[6.016650832541629,44.82749137456873],[5.934146707335373,44.75858792939647],[5.832891644582233,44.75328766438322],[5.802890144507231,44.705585279263964],[5.817890894544732,44.68438421921096],[5.791639581979105,44.660533026651336],[5.652882644132212,44.64198209910496],[5.607880394019702,44.55452772638632],[5.641632081604087,44.512125606280314],[5.619130956547828,44.482974148707434],[5.4691234561728095,44.49092454622731],[5.4691234561728095,44.43262163108155],[5.4428721436071825,44.416720836041804],[5.47662383119156,44.35046752337617],[5.6153807690384525,44.32131606580329],[5.671633581679089,44.26036301815091],[5.675383769188464,44.19145957297865],[5.5891294564728256,44.1861593079654],[5.499124956247819,44.11460573028651],[5.3491174558728005,44.2073603680184],[5.2028601430071575,44.22061103055153],[5.135356767838395,44.28421421071054],[5.015350767538379,44.29746487324366],[5.03035151757588,44.376968848442424],[4.9778488924446265,44.416720836041804],[4.925346267313369,44.40082004100205],[4.895344767238367,44.358417920896045],[4.929096454822744,44.27891394569728],[4.85784289214461,44.24711235561778],[4.7678383919196,44.31336566828342],[4.651582579128959,44.329266463323165],[4.647832391619584,44.270963548177406],[4.4940747037351905,44.339866993349666],[4.419070953547681,44.292164608230415],[4.3853192659633,44.339866993349666],[4.336566828341422,44.33721686084304],[4.257812890644537,44.270963548177406],[4.126556327816395,44.329266463323165],[4.062803140157012,44.32396619830992],[4.059052952647637,44.414070703535174],[3.9990499524976286,44.45912295614781],[3.8977948897444925,44.387569378468925],[3.9615480774038723,44.25506275313766],[3.8752937646882373,44.135806790339515],[3.7927896394819776,44.13315665783289],[3.669033451672586,44.18085904295215],[3.6202810140507076,44.12785639281964],[3.5715285764288254,44.11990599529977],[3.4515225761288093,44.13050652532627],[3.372768638431925,44.17025851292565],[3.275263763188164,44.09075453772689],[3.4402720136006835,44.02185109255463],[3.3577678883944237,43.91319565978299],[3.264013200660038,43.886694334716736],[3.2190109505475313,43.817790889544476],[3.069003450172513,43.82839141957098],[3.054002700135012,43.701185059252964],[2.933996699834996,43.69588479423972],[2.9152457622881194,43.730336516825844],[2.8364918245912314,43.75418770938547],[2.7389869493474706,43.73298664933247],[2.6527326366318356,43.76478823941197],[2.573978698934951,43.838991949597485],[2.555227761388071,43.88139406970349],[2.5364768238411948,43.91849592479624],[2.4877243862193126,44.02185109255463],[2.3377168858442943,44.117255862793144],[2.1352067603380185,44.1967598379919],[1.9889494474723755,44.14905745287265],[1.9139456972848663,44.1967598379919],[1.9626981349067485,44.26831341567078],[1.89519475973799,44.28686434321716],[1.8801940097004888,44.292164608230415],[1.883944197209864,44.339866993349666],[1.8539426971348583,44.475023751187564],[1.89519475973799,44.496224811240566],[2.0677033851692634,44.57572878643932],[2.172708635431775,44.581029051452575],[2.2064603230161524,44.6154807740387],[2.1427071353567726,44.705585279263964],[2.1577078853942737,44.80894044702235],[2.0977048852442657,44.87519375968799],[2.0639531976598846,44.97589879493975],[2.131456572828643,44.994449722486124],[2.1052052602630162,45.05540277013851],[2.17645882294115,45.09780489024451],[2.202710135506777,45.22501125056253],[2.3377168858442943,45.325716285814295],[2.3752187609380506,45.40787039351967],[2.510225511275568,45.38666933346667],[2.510225511275568,45.47942397119856],[2.513975698784943,45.527126356317815],[2.468973448672436,45.5986799339967],[2.5214760738036937,45.67023351167558],[2.4914745737286914,45.73648682434122],[2.292714635731791,45.67553377668884],[2.0527026351317588,45.7550377518876],[1.8989449472473652,45.69938496924846],[1.8539426971348583,45.80539026951348],[1.8351917595879819,45.815990799539975],[1.763938196909848,45.85044252212611],[1.6476823841192108,45.86104305215261],[1.5501775088754464,45.94584729236462],[1.5239261963098194,46.07570378518926],[1.4039201960098033,46.21086054302715]]]}},{"type":"Feature","properties":{"territory_id":"FR-06","country_code":"FR","country_name":"France","display_name":"Mediterranean France","strategic_centre":"Marseille","centre":[5.37,43.2964],"boundary_status":"administrative-comparison-draft","admin_source":"NUTS 2024 level 3","source_region_count":12},"geometry":{"type":"MultiPolygon","coordinates":[[[[1.6889344467223388,43.27451372568628],[1.8051902595129796,43.35666783339167],[1.8351917595879819,43.40437021851093],[1.8539426971348583,43.43087154357718],[1.89519475973799,43.41762088104405],[1.9139456972848663,43.412320616030804],[2.030201510075507,43.43617180859043],[2.150207510375523,43.39641982099105],[2.27771388569429,43.44147207360368],[2.5664783239162006,43.422921146057305],[2.6527326366318356,43.478573928696434],[2.6227311365568298,43.57132856642832],[2.6489824491224603,43.65083254162708],[2.7652382619130975,43.6216810840542],[2.8964948247412394,43.65613280664033],[2.933996699834996,43.69588479423972],[3.054002700135012,43.701185059252964],[3.069003450172513,43.82839141957098],[3.2190109505475313,43.817790889544476],[3.264013200660038,43.886694334716736],[3.3577678883944237,43.91319565978299],[3.4402720136006835,44.02185109255463],[3.275263763188164,44.09075453772689],[3.372768638431925,44.17025851292565],[3.4515225761288093,44.13050652532627],[3.5715285764288254,44.11990599529977],[3.6202810140507076,44.12785639281964],[3.669033451672586,44.18085904295215],[3.7927896394819776,44.13315665783289],[3.8752937646882373,44.135806790339515],[3.9615480774038723,44.25506275313766],[3.8977948897444925,44.387569378468925],[3.9990499524976286,44.45912295614781],[4.059052952647637,44.414070703535174],[4.062803140157012,44.32396619830992],[4.126556327816395,44.329266463323165],[4.257812890644537,44.270963548177406],[4.336566828341422,44.33721686084304],[4.3853192659633,44.339866993349666],[4.419070953547681,44.292164608230415],[4.4940747037351905,44.339866993349666],[4.647832391619584,44.270963548177406],[4.651582579128959,44.329266463323165],[4.7678383919196,44.31336566828342],[4.85784289214461,44.24711235561778],[4.929096454822744,44.27891394569728],[4.895344767238367,44.358417920896045],[4.925346267313369,44.40082004100205],[4.9778488924446265,44.416720836041804],[5.03035151757588,44.376968848442424],[5.015350767538379,44.29746487324366],[5.135356767838395,44.28421421071054],[5.2028601430071575,44.22061103055153],[5.3491174558728005,44.2073603680184],[5.499124956247819,44.11460573028651],[5.5891294564728256,44.1861593079654],[5.675383769188464,44.19145957297865],[5.671633581679089,44.26036301815091],[5.6153807690384525,44.32131606580329],[5.47662383119156,44.35046752337617],[5.4428721436071825,44.416720836041804],[5.4691234561728095,44.43262163108155],[5.4691234561728095,44.49092454622731],[5.619130956547828,44.482974148707434],[5.641632081604087,44.512125606280314],[5.607880394019702,44.55452772638632],[5.652882644132212,44.64198209910496],[5.791639581979105,44.660533026651336],[5.817890894544732,44.68438421921096],[5.802890144507231,44.705585279263964],[5.832891644582233,44.75328766438322],[5.934146707335373,44.75858792939647],[6.016650832541629,44.82749137456873],[6.13290664533227,44.85664283214161],[6.346667333366675,44.85929296464823],[6.354167708385425,44.928196409820494],[6.316665833291665,44.98914945747288],[6.211660583029158,45.01830091504576],[6.260413020651036,45.12695634781739],[6.459172958647933,45.06070303515176],[6.507925396269819,45.103105155257765],[6.63168158407921,45.11105555277764],[6.676683834191714,45.02890144507225],[6.747937396869844,44.997099854992754],[6.762938146907352,44.90169508475424],[6.871693584679235,44.851342567128356],[6.999199959998002,44.83809190459523],[7.029201460073004,44.7400370018501],[7.066703335166764,44.71353567678384],[7.062953147657389,44.687034351717585],[6.946697334866748,44.65523276163808],[6.935446772338622,44.58632931646582],[6.8604430221511095,44.52802640132007],[6.924196209810496,44.435271763588176],[6.886694334716736,44.361068053402676],[7.017950897544878,44.23916195809791],[7.370468523426176,44.12255612780639],[7.670483524176213,44.17290864543227],[7.715485774288716,44.06160308015401],[7.512975648782444,43.87344367218361],[7.53172658632932,43.78333916695835],[7.441722086104306,43.748887444372215],[7.437971898594931,43.748887444372215],[7.42297114855743,43.73828691434572],[7.415470773538679,43.72503625181259],[7.156707835391771,43.645532276613835],[7.119205960298018,43.576628831441575],[6.972948647432375,43.53952697634882],[6.931696584829247,43.481224061203065],[6.845442272113608,43.420271013550675],[6.747937396869844,43.4017200860043],[6.627931396569835,43.30101505075254],[6.676683834191714,43.255962798139905],[6.657932896644837,43.2241612080604],[6.616680834041709,43.1817590879544],[6.429171458572931,43.149957497874894],[6.339166958347924,43.10225511275564],[6.215410770538533,43.104905245262266],[6.14040702035102,43.05985299264963],[5.971648582429125,43.09695484774239],[5.836641832091608,43.07045352267613],[5.671633581679089,43.179108955447774],[5.390369518475929,43.2029601480074],[5.364118205910302,43.2241612080604],[5.352867643382176,43.316915845792295],[5.3228661433071665,43.34606730336517],[5.071603580179016,43.33281664083204],[4.944097204860245,43.42557127856393],[4.85784289214461,43.40967048352418],[4.869093454672736,43.35136756837842],[4.827841392069608,43.335466773338666],[4.599079953997702,43.3593179658983],[4.572828641432075,43.3805190259513],[4.5803290164508255,43.422921146057305],[4.527826391319568,43.449422471123555],[4.231561578078907,43.46002300115006],[4.137806890344521,43.49182459122956],[4.100305015250765,43.55542777138857],[3.8977948897444925,43.51037551877594],[3.5152757637881926,43.287764388219415],[3.3765188259413,43.27451372568628],[3.241512075603783,43.2135606780339],[3.0727536376818883,43.03070153507676],[3.0427521376068825,42.83724186209311],[3.050252512625633,42.56692834641732],[3.084004200210014,42.543077153857695],[3.1252562628131457,42.51127556377819],[3.1740087004350244,42.43442172108605],[2.926496324816245,42.46622331116556],[2.7239861993099694,42.41322066103305],[2.633981699084959,42.349617480874045],[2.555227761388071,42.34166708335417],[2.262713135656785,42.426471323566176],[2.026451322566132,42.36816840842042],[1.89519475973799,42.45297264863243],[1.8539426971348583,42.46357317865893],[1.8351917595879819,42.46887344367218],[1.7301865093254705,42.49272463623181],[1.7264363218160952,42.503325166258314],[1.7864393219661032,42.5748787439372],[1.8351917595879819,42.5854792739637],[1.8539426971348583,42.590779538976946],[1.89519475973799,42.598729936496824],[1.9514475723786227,42.61198059902995],[2.015200760038006,42.65968298414921],[2.1652082604130243,42.66498324916246],[2.150207510375523,42.696784839241964],[2.1239561978098926,42.71268563428171],[2.0677033851692634,42.74448722436122],[1.9514475723786227,42.74978748937447],[1.8876943847192393,42.80809040452023],[1.970198509925499,42.87434371718586],[1.9626981349067485,42.948547427371366],[1.9964498224911296,42.96974848742437],[1.9514475723786227,43.08635431771589],[1.9214460723036169,43.123456172808645],[1.8539426971348583,43.14730736536827],[1.8351917595879819,43.15260763038152],[1.737686884344221,43.189709485474275],[1.7151857592879693,43.2241612080604],[1.6889344467223388,43.27451372568628]],[[1.9401970098504968,42.455622781139056],[1.981449072453625,42.437071853592684],[2.00395019750988,42.45032251612581],[1.9776988849442496,42.49802490124506],[1.9401970098504968,42.455622781139056]]],[[[6.1854092704635235,42.996249812490625],[6.204160208010407,43.006850342517126],[6.212017743744337,42.99990951928549],[6.215410770538533,43.009500475023756],[6.234161708085409,43.014800740037],[6.24166208310416,43.02275113755688],[6.24916245812291,43.01745087254363],[6.245412270613535,42.996249812490625],[6.222911145557283,42.99094954747737],[6.219160958047906,42.993599679984],[6.200410020501032,42.97504875243762],[6.1854092704635235,42.996249812490625]]],[[[6.361668083404176,43.006850342517126],[6.402920146007304,43.03335166758338],[6.4366718335916815,43.01215060753038],[6.4104205210260545,42.98034901745088],[6.361668083404176,43.006850342517126]]],[[[8.574278713935698,42.38141907095355],[8.664283214160712,42.437071853592684],[8.671783589179462,42.51127556377819],[8.72053602680134,42.543077153857695],[8.825541277063856,42.601380069003454],[9.028051402570135,42.651732586629336],[9.136806840342018,42.725936296814844],[9.31306565328267,42.69943497174859],[9.335566778338922,42.747137356867846],[9.320566028301421,42.83989199459973],[9.343067153357673,42.959147957397875],[9.403070153507677,43.0042002100105],[9.444322216110812,42.98829941497075],[9.463073153657689,42.94589729486474],[9.48557427871394,42.80809040452023],[9.459322966148314,42.67293364668234],[9.526826341317069,42.543077153857695],[9.53432671633582,42.37081854092705],[9.53432671633582,42.339016950847544],[9.553077653882696,42.129656482824146],[9.418070903545178,41.9573978698935],[9.403070153507677,41.85934296714836],[9.399319965998302,41.83019150957548],[9.391819590979551,41.68973448672433],[9.31306565328267,41.6128806440322],[9.320566028301421,41.5916795839792],[9.346817340867048,41.575778788939445],[9.283064153207661,41.51747587379369],[9.219310965548281,41.37701885094255],[9.110555527776391,41.39821991099555],[9.08805440272014,41.443272163608185],[8.863043152157609,41.52542627131356],[8.791789589479478,41.5916795839792],[8.866793339666991,41.684434221711086],[8.731786589329474,41.75333766688335],[8.75053752687635,41.83019150957548],[8.773038651932602,41.896444822241115],[8.623031151557583,41.94149707485374],[8.709285464273215,42.05810290514526],[8.589279463973206,42.16410820541027],[8.596779838991957,42.22771138556928],[8.653032651632586,42.27806390319516],[8.604280214010707,42.339016950847544],[8.574278713935698,42.38141907095355]]]]}},{"type":"Feature","properties":{"territory_id":"GB-01","country_code":"GB","country_name":"United Kingdom","display_name":"Scotland","strategic_centre":"Edinburgh","centre":[-3.1892,55.9533],"boundary_status":"administrative-comparison-draft","admin_source":"NUTS 2021 level 2","source_region_count":6},"geometry":{"type":"MultiPolygon","coordinates":[[[[-8.620331016550825,57.813140657032854],[-8.609080454022699,57.83964198209911],[-8.564078203910192,57.83699184959248],[-8.560328016400817,57.7866393319666],[-8.620331016550825,57.813140657032854]]],[[[-7.671533576678833,56.80344017200861],[-7.667783389169458,56.829941497074856],[-7.630281514075701,56.83259162958148],[-7.6077803890194495,56.800790039501976],[-7.656532826641328,56.78753937696885],[-7.671533576678833,56.80344017200861]]],[[[-7.562778138906943,56.95714785739287],[-7.517775888794439,56.99954997749887],[-7.502775138756935,57.012800640032005],[-7.42402120106005,57.04725236261813],[-7.412770638531924,56.99954997749887],[-7.409020451022549,56.97834891744587],[-7.431521576078801,56.954497724886245],[-7.491524576228809,56.954497724886245],[-7.559027951397567,56.93064653232662],[-7.562778138906943,56.95714785739287]]],[[[-7.5477773888694415,56.89619480974049],[-7.529026451322565,56.91209560478024],[-7.4877743887194335,56.90679533976699],[-7.472773638681932,56.885594279713985],[-7.5215260763038145,56.86969348467424],[-7.5477773888694415,56.89619480974049]]],[[[-7.517775888794439,57.60643032151608],[-7.480274013700683,57.656782839141954],[-7.386519325966297,57.640882044102206],[-7.34151707585379,57.670033501675086],[-7.247762388119405,57.67533376668834],[-7.184009200460022,57.73363668183409],[-7.1502575128756405,57.68328416420822],[-7.071503575178756,57.670033501675086],[-7.071503575178756,57.63558177908895],[-7.16900845042252,57.476573828691436],[-7.22526126306315,57.47922396119806],[-7.199009950497523,57.40237011850593],[-7.266513325666281,57.39706985349268],[-7.255262763138155,57.34406720336017],[-7.195259762988147,57.29901495074754],[-7.262763138156906,57.23276163808191],[-7.229011450572525,57.10555527776389],[-7.292764638231908,57.06580329016451],[-7.304015200760034,57.10025501275064],[-7.34151707585379,57.10290514525727],[-7.397769888494423,57.13205660283015],[-7.431521576078801,57.23276163808191],[-7.405270263513174,57.381169058452926],[-7.34151707585379,57.40237011850593],[-7.34151707585379,57.41827091354568],[-7.397769888494423,57.44212210610531],[-7.375268763438168,57.50042502125106],[-7.390269513475673,57.56137806890345],[-7.491524576228809,57.5772788639432],[-7.517775888794439,57.60643032151608]]],[[[-7.281514075703782,57.77338866943347],[-7.247762388119405,57.794589729486475],[-7.195259762988147,57.78133906695335],[-7.217760888044399,57.74953747687385],[-7.281514075703782,57.77338866943347]]],[[[-7.139006950347515,58.017200860043005],[-7.131506575328764,58.02515125756288],[-7.056502825141255,58.03310165508276],[-7.05275263763188,58.04900245012251],[-7.112755637781888,58.10200510025501],[-7.094004700235008,58.17620881044053],[-7.030251512575628,58.23451172558628],[-6.876493824691231,58.19740987049353],[-6.880244012200606,58.25571278563928],[-6.805240262013097,58.24246212310616],[-6.820241012050602,58.287514375718786],[-6.561478073903693,58.364368218410924],[-6.246462323116152,58.50482524126207],[-6.197709885494273,58.47302365118256],[-6.178958947947397,58.41737086854343],[-6.208960448022399,58.335216760838044],[-6.280214010700533,58.287514375718786],[-6.381469073453669,58.162958147907396],[-6.370218510925543,58.03310165508276],[-6.456472823641178,58.00130006500325],[-6.463973198659932,57.958897944897245],[-6.550227511375567,57.91914595729787],[-6.651482574128703,57.91914595729787],[-6.681484074203709,57.911195559777994],[-6.658982949147454,57.87409370468524],[-6.67023351167558,57.86084304215211],[-6.782739136956845,57.88999449972499],[-6.763988199409969,57.823741187059355],[-6.985249262463121,57.738936946847346],[-7.056502825141255,57.79193959697985],[-7.075253762688131,57.72568628431422],[-7.1240062003100135,57.74953747687385],[-7.075253762688131,57.78928946447323],[-7.094004700235008,57.81844092204611],[-7.049002450122504,57.826391319565985],[-6.876493824691231,57.911195559777994],[-6.880244012200606,57.92709635481774],[-6.992749637481872,57.958897944897245],[-7.049002450122504,57.958897944897245],[-7.139006950347515,58.017200860043005]]],[[[-7.056502825141255,57.903245162258116],[-6.992749637481872,57.92709635481774],[-6.9777488874443705,57.903245162258116],[-7.015250762538123,57.87409370468524],[-7.056502825141255,57.903245162258116]]],[[[-6.996499824991247,56.50397519875994],[-6.947747387369365,56.527826391319564],[-6.883994199709985,56.51987599379969],[-6.8727436371818555,56.53312665633282],[-6.808990449522472,56.541077053852696],[-6.816490824541226,56.48807440372019],[-6.876493824691231,56.48807440372019],[-6.895244762238111,56.445672283614186],[-6.928996449822488,56.445672283614186],[-6.966498324916245,56.461573078653934],[-6.996499824991247,56.50397519875994]]],[[[-6.790239511975596,56.53312665633282],[-6.752737636881843,56.56757837891895],[-6.7264863243162125,56.53312665633282],[-6.752737636881843,56.50397519875994],[-6.790239511975596,56.53312665633282]]],[[[-6.733986699334963,56.58082904145208],[-6.681484074203709,56.60203010150508],[-6.6664833241662045,56.55432771638582],[-6.700235011750586,56.54902745137257],[-6.733986699334963,56.58082904145208]]],[[[-6.722736136806837,57.45272263613181],[-6.576478823941194,57.56137806890345],[-6.4339716985849265,57.553427671383574],[-6.381469073453669,57.632931646582335],[-6.32521626081304,57.66738336916846],[-6.178958947947397,57.571978598929945],[-6.107705385269259,57.407670383519175],[-6.025201260063,57.42357117855893],[-6.017700885044249,57.330816540827044],[-5.980199009950496,57.29901495074754],[-5.8376918845942285,57.26986349317466],[-5.503925196259811,57.3679183959198],[-5.758937946897344,57.3679183959198],[-5.8189409470473485,57.407670383519175],[-5.845192259612979,57.47922396119806],[-5.833941697084853,57.53222661133057],[-5.710185509275462,57.571978598929945],[-5.773938696934845,57.64618230911546],[-5.75143757187859,57.707135356767836],[-5.785189259462971,57.823741187059355],[-5.717685884294212,57.84759237961899],[-5.631431571578577,57.813140657032854],[-5.601430071503572,57.892644632231615],[-5.485174258712934,57.87674383719186],[-5.2676633831691575,57.91914595729787],[-5.278913945697283,57.96684834241712],[-5.40642032101605,58.064903245162256],[-5.312665633281661,58.10995549777489],[-5.327666383319162,58.23186159307966],[-5.158907945397267,58.27956397819891],[-5.151407570378517,58.40677033851693],[-5.091404570228509,58.52337616880844],[-5.0164008200409995,58.58962948147408],[-4.716385819290963,58.565778288914444],[-4.663883194159705,58.50747537376869],[-4.543877193859689,58.56312815640782],[-4.382619130956545,58.512775638781946],[-4.0488524426221275,58.5816790839542],[-3.8763438171908575,58.5710785539277],[-3.6363318165908254,58.6134806740337],[-3.426321316065799,58.60818040902045],[-3.3363168158407888,58.65323266163308],[-3.1713085654282693,58.63203160158008],[-3.0700535026751297,58.61878093904696],[-3.1038051902595107,58.52072603630182],[-3.081304065203259,58.44387219360968],[-3.1263063153157624,58.372318615930794],[-3.1713085654282693,58.35111755587779],[-3.940097004850241,57.977448872443624],[-4.0488524426221275,57.850242512125604],[-3.898844942247109,57.813140657032854],[-3.898844942247109,57.77338866943347],[-4.2138606930346505,57.52692634631732],[-4.431371568578427,57.495124756237814],[-4.183859192959645,57.48982449122457],[-4.026351317565876,57.59317965898295],[-3.8913445672283586,57.59052952647633],[-3.737586879343965,57.63558177908895],[-3.7075853792689593,57.65413270663534],[-3.65133256662833,57.66208310415521],[-3.606330316515823,57.63558177908895],[-3.5875793789689467,57.63558177908895],[-3.482574128706432,57.70183509175459],[-3.35131756587829,57.72303615180759],[-3.1713085654282693,57.688584429221464],[-3.118805940297012,57.67798389919496],[-2.800040002000099,57.69653482674134],[-2.5150257512875633,57.670033501675086],[-2.080004000200006,57.69388469423471],[-1.933746687334363,57.670033501675086],[-1.8249912495624763,57.58522926146307],[-1.7987399369968458,57.45272263613181],[-2.027501375068752,57.25131256562828],[-2.0762538126906307,57.11350567528376],[-2.233761688084403,56.87764388219411],[-2.4250212510625495,56.75573778688934],[-2.522526126306314,56.5834791739587],[-2.7362868143407155,56.472173608680436],[-3.0513025651282533,56.45892294614731],[-3.1713085654282693,56.40062003100155],[-3.2763138156907807,56.35026751337567],[-3.1713085654282693,56.37941897094855],[-2.8937946897344844,56.45097254862743],[-2.8112905645282247,56.43507175358768],[-2.841292064603227,56.36086804340217],[-2.672533626681332,56.318465923296166],[-2.6050302515125736,56.27341367068354],[-2.698784939246959,56.220411020551026],[-2.8075403770188494,56.18860943047153],[-2.9650482524126183,56.20451022551128],[-3.1375568778438883,56.117055852792646],[-3.1713085654282693,56.08260413020651],[-3.182559127956395,56.066703335166764],[-3.400070003500172,56.02165108255413],[-3.5725786289314456,56.05345267263363],[-3.677583879193957,56.05080254012701],[-3.8013400670033484,56.10645532276614],[-3.857592879643981,56.11175558777939],[-3.8200910045502248,56.09850492524626],[-3.7150857542877134,56.037551877593884],[-3.516325816290813,56.00310015500775],[-3.426321316065799,55.99514975748788],[-3.1713085654282693,55.98189909495475],[-3.0775538776938802,55.94744737236862],[-2.916295814790736,55.98189909495475],[-2.845042252112602,56.04550227511376],[-2.770038501925093,56.06140307015351],[-2.6462823141157017,56.05345267263363],[-2.3650182509125415,55.944797239862],[-2.1587579378968904,55.91829591479574],[-2.0350017500875026,55.812290614530724],[-1.847492374618728,55.65858292914646],[-1.8324916245812268,55.650632531626584],[-1.6374818740937016,55.552577628881444],[-1.5212260613030608,55.205410270513525],[-1.4612230611530563,55.07555377768888],[-1.363718185909292,54.94304715235762],[-1.3487174358717908,54.86089304465223],[-1.457472873643681,54.80259012950648],[-1.5587279363968172,54.88209410470524],[-1.674983749187458,54.89799489974499],[-1.821241062053101,54.905945297264864],[-1.9037451872593607,54.847642382119105],[-2.0125006250312474,54.86089304465223],[-2.215010750537523,54.791989599479976],[-2.3125156257812876,54.791989599479976],[-2.4137706885344237,54.847642382119105],[-2.552527626381316,54.818490924546225],[-2.5937796889844478,54.879443972198615],[-2.5675283764188173,54.927146357317866],[-2.597529876493823,54.964248212410624],[-2.4962748137406834,55.06760338016901],[-2.650032501625077,55.139156957847895],[-2.6912845642282086,55.18950947547378],[-2.8600430021501033,55.10735536776839],[-3.0250512525626263,55.04640232011601],[-3.058802940147004,54.98809940497025],[-3.1713085654282693,54.96689834491725],[-3.557577878893941,54.974848742437125],[-3.602580129006448,54.88209410470524],[-3.812590629531474,54.85294264713236],[-3.9963498174908736,54.7734386719336],[-4.071353567678383,54.79993999699985],[-4.138856942847141,54.7840392019601],[-4.247612380619028,54.84499224961248],[-4.390119505975296,54.879443972198615],[-4.405120256012797,54.84234211710586],[-4.356367818390918,54.752237611880595],[-4.367618380919044,54.70983549177459],[-4.4126206310315474,54.68863443172159],[-4.682634131706582,54.8052402620131],[-4.828891444572225,54.85294264713236],[-4.926396319815989,54.818490924546225],[-4.937646882344115,54.7946397319866],[-4.885144257212858,54.68068403420171],[-4.93389669483474,54.65948297414871],[-5.012650632531624,54.7734386719336],[-5.1626581329066425,54.90064503225162],[-5.173908695434768,54.974848742437125],[-5.128906445322265,55.00930046502325],[-5.087654382719133,54.99869993499675],[-5.050152507625377,54.92449622481124],[-5.005150257512874,54.91919595979799],[-5.038901945097251,54.99869993499675],[-5.050152507625377,55.03845192259613],[-4.997649882494123,55.128556427821394],[-4.8963948197409835,55.205410270513525],[-4.862643132156606,55.23191159557978],[-4.8326416320816,55.32996649832492],[-4.746387319365965,55.4121206060303],[-4.682634131706582,55.44127206360318],[-4.641382069103454,55.46247312365618],[-4.66013300665033,55.57112855642782],[-4.682634131706582,55.581729086454324],[-4.798889944497223,55.63738186909346],[-4.8963948197409835,55.70363518175909],[-4.858892944647231,55.767238361918096],[-4.888894444722233,55.87589379468974],[-4.8701435071753565,55.939496974848744],[-4.82514125706285,55.95804790239512],[-4.682634131706582,55.94214710735537],[-4.5063753187659366,55.923596179808996],[-4.356367818390918,55.873243662183114],[-4.393869693484671,55.88914445722286],[-4.4726236311815555,55.92624631231561],[-4.5063753187659366,55.92889644482224],[-4.682634131706582,55.98454922746137],[-4.757637881894091,56.008400420021005],[-4.85139256962848,56.00045002250113],[-4.866393319665981,56.07200360018001],[-4.75013750687534,56.20451022551128],[-4.877643882194107,56.06935346767338],[-4.960148007400367,55.92624631231561],[-5.038901945097251,55.88119405970299],[-5.061403070153506,55.79108955447772],[-5.290164508225409,55.88649432471624],[-5.320166008300411,56.02960148007401],[-5.383919195959795,56.01105055252763],[-5.40642032101605,55.91829591479574],[-5.365168258412918,55.7778388919446],[-5.462673133656679,55.64003200160008],[-5.541427071353564,55.39621981099055],[-5.635181759087953,55.32466623331167],[-5.755187759387965,55.340567028351416],[-5.758937946897344,55.42272113605681],[-5.631431571578577,55.738086904345224],[-5.66143307165358,55.95539776988849],[-5.57892894644732,56.1753587679384],[-5.608930446522322,56.28666433321666],[-5.436421821091052,56.47747387369368],[-5.361418070903543,56.60998049902496],[-5.357667883394168,56.61263063153158],[-5.357667883394168,56.615280764038204],[-5.361418070903543,56.617930896544834],[-5.361418070903543,56.62323116155808],[-5.372668633431669,56.62323116155808],[-5.66143307165358,56.530476523826195],[-5.916445822291113,56.586129306465324],[-5.972698634931746,56.67093354667733],[-6.0702035101755065,56.73718685934297],[-5.826441322066103,56.83789189459473],[-5.8376918845942285,56.9385969298465],[-5.717685884294212,57.13205660283015],[-5.713935696784837,57.13470673533676],[-5.713935696784837,57.137356867843394],[-5.717685884294212,57.140007000350025],[-5.717685884294212,57.14265713285664],[-5.721436071803588,57.14530726536327],[-5.728936446822338,57.14530726536327],[-5.96894844742237,57.06580329016451],[-5.995199759987997,57.158557927896396],[-6.272713635681782,57.17445872293615],[-6.4077203860192995,57.25926296314816],[-6.486474323716184,57.3467173358668],[-6.636481824091202,57.37586879343968],[-6.722736136806837,57.45272263613181]]],[[[-6.711485574278711,56.983649182459125],[-6.662733136656829,56.991599579979],[-6.651482574128703,56.954497724886245],[-6.703985199259961,56.946547327366375],[-6.711485574278711,56.983649182459125]]],[[[-6.658982949147454,56.59142957147857],[-6.613980699034951,56.636481824091206],[-6.527726386319312,56.67623381169059],[-6.448972448622428,56.692134606730335],[-6.456472823641178,56.66828341417071],[-6.501475073753685,56.62058102905145],[-6.568978448922444,56.586129306465324],[-6.628981449072452,56.57552877643882],[-6.658982949147454,56.59142957147857]]],[[[-6.512725636281811,55.68243412170609],[-6.448972448622428,55.844092204610234],[-6.340217010850541,55.894444722236116],[-6.32521626081304,55.844092204610234],[-6.148957447872391,55.931546577328874],[-6.107705385269259,55.862643132156606],[-6.055202760138005,55.92624631231561],[-5.991449572478622,55.952747637381876],[-5.9501975098754905,56.037551877593884],[-5.781439071953596,56.114405720286015],[-5.725186259312963,56.18065903295165],[-5.683934196709831,56.18065903295165],[-5.702685134256711,56.09850492524626],[-5.9501975098754905,55.8202410120506],[-5.987699384969247,55.796389819490976],[-6.092704635231758,55.82289114455723],[-6.028951447572375,55.679783989199464],[-6.115205760288013,55.63738186909346],[-6.283964198209908,55.58437921896095],[-6.32521626081304,55.594979748987456],[-6.317715885794286,55.63738186909346],[-6.272713635681782,55.67183359167959],[-6.33271663583179,55.727486374318715],[-6.298964948247409,55.7778388919446],[-6.336466823341166,55.78048902445123],[-6.430221511075551,55.700985049252466],[-6.512725636281811,55.68243412170609]]],[[[-6.445222261113052,56.334366718335914],[-6.396469823491174,56.35821791089555],[-6.373968698434918,56.33966698334917],[-6.4077203860192995,56.30256512825642],[-6.445222261113052,56.334366718335914]]],[[[-6.4339716985849265,57.00750037501875],[-6.343967198359916,57.05520276013801],[-6.253962698134906,57.023401170058506],[-6.276463823191158,56.954497724886245],[-6.317715885794286,56.93594679733987],[-6.370218510925543,56.954497724886245],[-6.4339716985849265,57.00750037501875]]],[[[-6.392719635981798,56.28931446572329],[-6.340217010850541,56.33966698334917],[-6.167708385419267,56.337016850842545],[-6.100205010250509,56.35556777838892],[-6.103955197759884,56.37146857342867],[-6.186459322966147,56.37146857342867],[-6.13395669783489,56.445672283614186],[-6.081454072703632,56.46422321116056],[-6.085204260213008,56.48277413870694],[-6.235211760588026,56.46422321116056],[-6.250212510625531,56.490724536226814],[-6.2239611980599,56.511925596279816],[-6.317715885794286,56.53577678883944],[-6.30646532326616,56.60203010150508],[-6.103955197759884,56.64708235411771],[-5.946447322366115,56.52252612630632],[-5.800190009500472,56.511925596279816],[-5.680184009200456,56.46687334366719],[-5.653932696634829,56.42977148857443],[-5.766438321916095,56.337016850842545],[-5.845192259612979,56.31581579078954],[-5.886444322216107,56.347617380869046],[-5.946447322366115,56.32111605580279],[-5.987699384969247,56.318465923296166],[-6.04395219760988,56.29461473073654],[-6.085204260213008,56.29991499574979],[-6.137706885344265,56.28931446572329],[-6.2164608230411496,56.28931446572329],[-6.283964198209908,56.268113405670285],[-6.392719635981798,56.28931446572329]]],[[[-6.280214010700533,56.03225161258063],[-6.257712885644281,56.05080254012701],[-6.2427121356067765,56.085254262713136],[-6.152707635381766,56.13030651532577],[-6.137706885344265,56.11970598529926],[-6.193959697984898,56.06140307015351],[-6.186459322966147,56.04285214260713],[-6.2239611980599,56.00045002250113],[-6.276463823191158,56.00045002250113],[-6.280214010700533,56.03225161258063]]],[[[-6.280214010700533,58.20271013550678],[-6.201460073003648,58.24776238811941],[-6.152707635381766,58.25571278563928],[-6.160208010400517,58.21331066553328],[-6.253962698134906,58.178858942947144],[-6.280214010700533,58.20271013550678]]],[[[-6.2164608230411496,56.888244412220615],[-6.212710635531774,56.90679533976699],[-6.160208010400517,56.914745737286864],[-6.137706885344265,56.94919745987299],[-6.107705385269259,56.92534626731337],[-6.122706135306764,56.86704335216761],[-6.2164608230411496,56.888244412220615]]],[[[-6.193959697984898,59.08520426021301],[-6.163958197909892,59.12495624781239],[-6.130206510325515,59.119655982799145],[-6.137706885344265,59.07460373018651],[-6.193959697984898,59.08520426021301]]],[[[-5.77018850942547,55.679783989199464],[-5.7326866343317135,55.708935446772344],[-5.717685884294212,55.68508425421271],[-5.743937196859839,55.62943147157358],[-5.77018850942547,55.679783989199464]]],[[[-5.590179508975446,56.49337466873344],[-5.541427071353564,56.50397519875994],[-5.481424071203559,56.54637731886595],[-5.462673133656679,56.51987599379969],[-5.485174258712934,56.51722586129307],[-5.511425571278561,56.47747387369368],[-5.537676883844188,56.48542427121356],[-5.567678383919194,56.472173608680436],[-5.590179508975446,56.49337466873344]]],[[[-5.38766938346917,55.63738186909346],[-5.342667133356667,55.69038451922596],[-5.263913195659782,55.71688584429222],[-5.181409070453519,55.68773438671934],[-5.136406820341016,55.63738186909346],[-5.091404570228509,55.46247312365618],[-5.200160008000399,55.43597179858993],[-5.312665633281661,55.47307365368269],[-5.38766938346917,55.63738186909346]]],[[[-4.986399319965997,55.71688584429222],[-4.982649132456622,55.72483624181209],[-4.9301465073253645,55.75133756687835],[-4.93389669483474,55.69038451922596],[-4.982649132456622,55.708935446772344],[-4.986399319965997,55.71688584429222]]],[[[-4.94139706985349,55.76458822941147],[-4.9301465073253645,55.7990399519976],[-4.885144257212858,55.804340217010854],[-4.881394069703482,55.76193809690484],[-4.94139706985349,55.76458822941147]]],[[[-3.433821691084553,58.87584379218961],[-3.400070003500172,58.92089604480224],[-3.313815690784537,58.93679683984199],[-3.280064003200156,58.923546177308864],[-3.280064003200156,58.90234511725586],[-3.1713085654282693,58.857292864643235],[-3.152557627881393,58.828141407070355],[-3.118805940297012,58.8440422021101],[-3.081304065203259,58.82549127456373],[-3.1713085654282693,58.780439021951096],[-3.1900595029751457,58.77778888944447],[-3.2500625031251538,58.79898994949748],[-3.2913145657282854,58.77778888944447],[-3.328816440822038,58.817540877043854],[-3.3663183159157946,58.83609180459023],[-3.373818690934545,58.86259312965649],[-3.433821691084553,58.87584379218961]]],[[[-3.355067753387665,58.979198959948],[-3.35131756587829,59.09580479023951],[-3.325066253312663,59.13025651282564],[-3.2013100655032716,59.148807440372025],[-3.1713085654282693,59.14085704285215],[-3.0400520026001274,59.08520426021301],[-3.036301815090752,59.01630081504075],[-2.9237961898094866,59.000400020001],[-2.890044502225109,58.97124856242812],[-2.803790189509474,58.99774988749438],[-2.7325366268313402,58.96594829741487],[-2.7325366268313402,58.95004750237512],[-2.875043752187608,58.88114405720286],[-2.950047502375117,58.74598729936497],[-3.010050502525125,58.809590479523976],[-2.9387969398469913,58.87584379218961],[-2.9800490024501194,58.95004750237512],[-3.1713085654282693,58.91559577978899],[-3.2013100655032716,58.91294564728237],[-3.2350617530876526,58.9473973698685],[-3.355067753387665,58.979198959948]]],[[[-3.118805940297012,59.17265863293165],[-3.0775538776938802,59.19915995799791],[-3.047552377618878,59.18325916295815],[-2.9650482524126183,59.177958897944904],[-2.976298814940744,59.16205810290515],[-2.950047502375117,59.119655982799145],[-3.0063003150157463,59.11170558527927],[-3.1113055652782613,59.15410770538527],[-3.118805940297012,59.17265863293165]]],[[[-3.036301815090752,59.31841592079604],[-2.976298814940744,59.34491724586229],[-2.9575478773938677,59.310465523276164],[-2.901295064753235,59.29986499324966],[-2.9050452522626102,59.27336366818341],[-2.927546377318862,59.283964198209915],[-2.9837991899594947,59.26011300565028],[-3.0250512525626263,59.27866393319666],[-3.036301815090752,59.31841592079604]]],[[[-2.9537976898844924,59.15940797039852],[-2.927546377318862,59.18325916295815],[-2.8975448772438597,59.17000850042503],[-2.916295814790736,59.11435571778589],[-2.9537976898844924,59.15940797039852]]],[[[-2.9350467523376125,59.034851742587136],[-2.901295064753235,59.07195359767989],[-2.856292814640728,59.05605280264014],[-2.8375418770938516,59.07725386269314],[-2.803790189509474,59.06930346517326],[-2.830041502075101,59.01895094754738],[-2.9350467523376125,59.034851742587136]]],[[[-2.916295814790736,59.34756737836892],[-2.890044502225109,59.389969498474926],[-2.8600430021501033,59.350217510875545],[-2.886294314715734,59.31841592079604],[-2.916295814790736,59.34756737836892]]],[[[-2.8937946897344844,59.254812740637036],[-2.8487924396219775,59.283964198209915],[-2.8150407520376,59.24156207810391],[-2.8712935646782327,59.23626181309066],[-2.8937946897344844,59.254812740637036]]],[[[-2.8112905645282247,59.175308765438274],[-2.781289064453219,59.19120956047803],[-2.7887894394719694,59.23361168058403],[-2.758787939396967,59.24951247562379],[-2.7175358767938356,59.2309615480774],[-2.755037751887592,59.19385969298465],[-2.758787939396967,59.148807440372025],[-2.7887894394719694,59.14085704285215],[-2.8112905645282247,59.175308765438274]]],[[[-2.710035501775085,59.20181009050452],[-2.7025351267563344,59.21771088554428],[-2.6462823141157017,59.24951247562379],[-2.638781939096951,59.2309615480774],[-2.698784939246959,59.18060903045152],[-2.710035501775085,59.20181009050452]]],[[[-2.698784939246959,59.08520426021301],[-2.6650332516625816,59.119655982799145],[-2.635031751587576,59.087854392719635],[-2.6425321266063264,59.06930346517326],[-2.6875343767188333,59.06665333266663],[-2.698784939246959,59.08520426021301]]],[[[-2.6612830641532064,59.15145757287864],[-2.650032501625077,59.17265863293165],[-2.6012800640031983,59.14350717535877],[-2.6050302515125736,59.12230611530577],[-2.5600280014000667,59.119655982799145],[-2.5412770638531903,59.090504525226265],[-2.6012800640031983,59.07195359767989],[-2.62378118905945,59.12495624781239],[-2.6612830641532064,59.15145757287864]]],[[[-2.6275313765688253,59.24421221061053],[-2.597529876493823,59.27071353567679],[-2.6050302515125736,59.28661433071654],[-2.552527626381316,59.29986499324966],[-2.537526876343815,59.26806340317016],[-2.492524626231308,59.27071353567679],[-2.5075253762688092,59.24156207810391],[-2.5900295014750725,59.21771088554428],[-2.6275313765688253,59.24421221061053]]],[[[-2.466273313665681,59.29191459572979],[-2.45127256362818,59.31576578828941],[-2.4100205010250484,59.32636631831592],[-2.4212710635531742,59.26541327066354],[-2.466273313665681,59.29191459572979]]],[[[-2.4587729386469306,59.35286764338217],[-2.4325216260813,59.38201910095505],[-2.402520126006298,59.387319365968295],[-2.3875193759687967,59.350217510875545],[-2.4250212510625495,59.339616980849044],[-2.4587729386469306,59.35286764338217]]],[[[-2.1100055002750118,60.132006600330016],[-2.0500025001250037,60.161158057902895],[-2.0350017500875026,60.142607130356524],[-2.0612530626531296,60.105505275263766],[-2.1100055002750118,60.132006600330016]]],[[[-1.7574878743937177,60.34136706835342],[-1.7424871243562166,60.357267863393176],[-1.6862343117155838,60.344017200860044],[-1.716235811790586,60.30426521326066],[-1.7574878743937177,60.34136706835342]]],[[[-1.6937346867343344,60.25391269563478],[-1.689984499224959,60.298964948247416],[-1.674983749187458,60.30161508075404],[-1.3749687484374178,60.30161508075404],[-1.352467623381166,60.386419320966056],[-1.363718185909292,60.40762038101906],[-1.3862193109655436,60.354617730886545],[-1.4462223111155517,60.365218260913046],[-1.4124706235311741,60.39966998349918],[-1.4649732486624316,60.47387369368469],[-1.5812290614530689,60.492424621231066],[-1.5849792489624441,60.508325416270814],[-1.4162208110405494,60.6116805840292],[-1.3224661233061639,60.61963098154908],[-1.3449672483624155,60.49772488624431],[-1.3262163108155391,60.45267263363168],[-1.2362118105905253,60.48712435621781],[-1.1574578728936409,60.39966998349918],[-1.1237061853092634,60.41557077853893],[-1.05995299764988,60.35991799589979],[-1.1349567478373892,60.344017200860044],[-1.0937046852342576,60.306915345767294],[-1.1987099354967725,60.22211110555528],[-1.0824541227061317,60.16645832291615],[-1.05995299764988,60.12935646782339],[-1.0974548727436328,60.113455672783644],[-1.1424571228561398,60.15850792539627],[-1.2024601230061478,60.11610580529027],[-1.2849642482124075,59.890844542227114],[-1.3712185609280425,59.901445072253615],[-1.277463873193657,60.11875593779689],[-1.3149657482874098,60.19825991299565],[-1.378718935946793,60.208860443022154],[-1.4762238111905575,60.15850792539627],[-1.674983749187458,60.23271163558178],[-1.6937346867343344,60.25391269563478]]],[[[-1.656232811640578,59.53042652132606],[-1.6412320616030769,59.55692784639233],[-1.59622981149057,59.554277713885696],[-1.603730186509324,59.51982599129957],[-1.6524826241312027,59.50922546127306],[-1.656232811640578,59.53042652132606]]],[[[-1.2024601230061478,60.606380319015955],[-1.1874593729686467,60.635531776588834],[-1.1424571228561398,60.65673283664184],[-1.1237061853092634,60.72828641432072],[-1.0149507475373731,60.72828641432072],[-0.9849492474623709,60.66998349917496],[-1.0187009350467484,60.63818190909546],[-1.026201310065499,60.587829391469576],[-1.0037001850092473,60.5798789939497],[-1.0412020601030036,60.49507475373769],[-1.0674533726686306,60.48712435621781],[-1.1162058102905128,60.500375018750944],[-1.1349567478373892,60.48447422371119],[-1.172458622931142,60.50302515125756],[-1.191209560478022,60.54277713885695],[-1.1837091854592714,60.5692784639232],[-1.2024601230061478,60.606380319015955]]],[[[-1.0487024351217542,60.13995699784989],[-1.0412020601030036,60.163808190409526],[-0.999949997499872,60.16645832291615],[-0.9886994349717462,60.134656732836646],[-1.0299514975748743,60.11610580529027],[-1.0487024351217542,60.13995699784989]]],[[[-1.0224511225561237,60.354617730886545],[-0.9549477473873651,60.3811190559528],[-0.9436971848592393,60.354617730886545],[-0.999949997499872,60.325466273313666],[-1.0224511225561237,60.354617730886545]]],[[[-0.9774488724436203,60.68853442672134],[-0.9586979348967404,60.74418720936047],[-0.9324466223311134,60.781289064453226],[-0.9511975598779898,60.79453972698635],[-0.8686934346717301,60.84224211210561],[-0.7861893094654704,60.828991449572484],[-0.7974398719935962,60.8104405220261],[-0.7786889344467198,60.78393919695985],[-0.8124406220310973,60.78393919695985],[-0.8161908095404726,60.7362368118406],[-0.8649432471623548,60.70443522176109],[-0.8724436221811054,60.68058402920146],[-0.9099454972748617,60.68853442672134],[-0.939946997349864,60.67528376418821],[-0.9774488724436203,60.68853442672134]]],[[[-0.9511975598779898,60.61433071653583],[-0.913695684784237,60.64348217410871],[-0.8911945597279818,60.62758137906896],[-0.8311915595779773,60.63023151157558],[-0.8236911845592267,60.606380319015955],[-0.7824391219560951,60.603730186509324],[-0.7974398719935962,60.566628331416574],[-0.8311915595779773,60.587829391469576],[-0.8724436221811054,60.587829391469576],[-0.8799439971998559,60.56397819890995],[-0.9099454972748617,60.57192859642983],[-0.9511975598779898,60.61433071653583]]]]}},{"type":"Feature","properties":{"territory_id":"GB-02","country_code":"GB","country_name":"United Kingdom","display_name":"Northern England","strategic_centre":"Manchester","centre":[-2.2453,53.4794],"boundary_status":"administrative-comparison-draft","admin_source":"NUTS 2021 level 2","source_region_count":11},"geometry":{"type":"Polygon","coordinates":[[[-3.617580879043949,54.51107555377769],[-3.5838291914595715,54.617080854042705],[-3.568828441422067,54.65153257662884],[-3.4488224411220543,54.75488774438722],[-3.3888194409720462,54.87149357467874],[-3.3063153157657865,54.89004450222511],[-3.2575628781439043,54.945697284864245],[-3.1713085654282693,54.935096754837744],[-3.118805940297012,54.927146357317866],[-3.1113055652782613,54.964248212410624],[-3.058802940147004,54.98809940497025],[-3.0250512525626263,55.04640232011601],[-2.8600430021501033,55.10735536776839],[-2.6912845642282086,55.18950947547378],[-2.650032501625077,55.139156957847895],[-2.4962748137406834,55.06760338016901],[-2.597529876493823,54.964248212410624],[-2.5675283764188173,54.927146357317866],[-2.5937796889844478,54.879443972198615],[-2.552527626381316,54.818490924546225],[-2.4137706885344237,54.847642382119105],[-2.3125156257812876,54.791989599479976],[-2.215010750537523,54.791989599479976],[-2.0125006250312474,54.86089304465223],[-1.9037451872593607,54.847642382119105],[-1.821241062053101,54.905945297264864],[-1.674983749187458,54.89799489974499],[-1.5587279363968172,54.88209410470524],[-1.457472873643681,54.80259012950648],[-1.3487174358717908,54.86089304465223],[-1.2437121856092759,54.723086154307715],[-1.23246162308115,54.71778588929446],[-1.2287114355717748,54.71778588929446],[-1.217460873043649,54.712485624281214],[-1.2137106855342736,54.70983549177459],[-1.2099604980248984,54.70983549177459],[-1.1987099354967725,54.70453522676134],[-1.1949597479873972,54.70188509425471],[-1.1949597479873972,54.68863443172159],[-1.1987099354967725,54.685984299214965],[-1.1987099354967725,54.68068403420171],[-1.1837091854592714,54.65948297414871],[-1.1612080604030162,54.64623231161558],[-1.1649582479123914,54.64358217910896],[-1.1649582479123914,54.625031251562575],[-1.1612080604030162,54.62238111905596],[-1.1574578728936409,54.61443072153608],[-1.1649582479123914,54.60913045652283],[-1.1687084354217667,54.60383019150957],[-1.1987099354967725,54.5852792639632],[-1.206210310515523,54.58262913145657],[-1.2287114355717748,54.5852792639632],[-1.2137106855342736,54.579978998949954],[-1.206210310515523,54.579978998949954],[-1.1987099354967725,54.58262913145657],[-1.1649582479123914,54.60118005900296],[-1.1537076853842656,54.60118005900296],[-1.1537076853842656,54.606480324016204],[-1.1499574978748903,54.617080854042705],[-1.1537076853842656,54.627681384069206],[-1.1387069353467645,54.63033151657583],[-1.1387069353467645,54.63828191409571],[-1.1274563728186386,54.63563178158908],[-1.1124556227811375,54.627681384069206],[-1.086204310215507,54.61973098654933],[-1.0749537476873812,54.62238111905596],[-1.05995299764988,54.617080854042705],[-1.0524526226311295,54.617080854042705],[-1.0412020601030036,54.60913045652283],[-1.0374518725936284,54.606480324016204],[-1.0299514975748743,54.60383019150957],[-1.026201310065499,54.60118005900296],[-1.0149507475373731,54.598529926496326],[-1.0037001850092473,54.59322966148308],[-0.9849492474623709,54.59057952897645],[-0.9661983099154945,54.5852792639632],[-0.9586979348967404,54.5852792639632],[-0.9474473723686145,54.587929396469825],[-0.939946997349864,54.587929396469825],[-0.9211960598029876,54.5852792639632],[-0.8986949347467359,54.57202860143008],[-0.8724436221811054,54.569378468923446],[-0.853692684634229,54.57202860143008],[-0.8311915595779773,54.56672833641682],[-0.8236911845592267,54.56142807140357],[-0.8086904345217221,54.558777938896945],[-0.7899394969748457,54.56142807140357],[-0.7899394969748457,54.558777938896945],[-0.5499274963748171,54.45807290364519],[-0.3849192459622941,54.267263363168155],[-0.20116005800289827,54.15065753287665],[-0.1299064953247644,54.116205810290516],[-0.1936596829841477,54.03935196759838],[-0.17490874543726775,53.98369918495925],[-0.15615780789039135,53.922746137306866],[0.07260363018151139,53.65773288664433],[-0.08865443272163276,53.641832091604584],[-0.2499124956247769,53.73458672933647],[-0.4186709335466752,53.718685934296715],[-0.5386769338466877,53.71073553677684],[-0.6249312465623262,53.729286464323216],[-0.6811840592029554,53.71603580179009],[-0.6999349967498354,53.68423421171059],[-0.6286814340717015,53.708085404270214],[-0.5236761838091866,53.68158407920396],[-0.2949147457372838,53.71073553677684],[0.016350817540878637,53.525226261313065],[-0.0624031201560058,53.51197559877994],[-0.12240612030601383,53.44042202110106],[-0.20866043302164883,53.49342467123356],[-0.20116005800289827,53.56762838141907],[-0.2986649332466591,53.60473023651183],[-0.33991699584979074,53.564978248912446],[-0.4336716835841763,53.557027851392576],[-0.4186709335466752,53.51992599629982],[-0.4936746837341843,53.47222361118056],[-0.6099304965248216,53.458972948647435],[-0.6399319965998274,53.50932546627331],[-0.7186859342967118,53.51727586379319],[-0.7974398719935962,53.45632281614081],[-0.7561878093904681,53.32911645582279],[-0.7749387469373445,53.26021301065053],[-0.6849342467123343,53.23371168558428],[-0.7336866843342129,53.1939596979849],[-0.7111855592779612,53.08530426521327],[-0.7899394969748457,53.01110055502775],[-0.7786889344467198,52.976648832441626],[-0.8199409970498479,52.96074803740187],[-0.9811990599529956,52.828241412070604],[-1.1237061853092634,52.812340617030856],[-1.2024601230061478,52.79113955697785],[-1.2249612480623995,52.79378968948448],[-1.2624631231561558,52.812340617030856],[-1.266213310665531,52.87329366468323],[-1.3487174358717908,52.85739286964348],[-1.4087204360217989,52.812340617030856],[-1.5399769988499408,52.75933796689834],[-1.59622981149057,52.70103505175259],[-1.689984499224959,52.73813690684534],[-1.61498074903745,52.79378968948448],[-1.61498074903745,52.83619180959048],[-1.8324916245812268,52.907745387269365],[-1.8287414370718515,52.955447772388624],[-1.7724886244312188,53.021701085054254],[-1.8062403120155963,53.119755987799394],[-1.8662433121656044,53.1833591679584],[-1.9862493124656204,53.21251062553128],[-2.0350017500875026,53.20191009550477],[-2.1362568128406387,53.1727586379319],[-2.245012250612529,53.09325466273314],[-2.357517875893791,53.061453072653634],[-2.380019000950046,52.99784989249463],[-2.537526876343815,52.955447772388624],[-2.698784939246959,52.995199759988],[-2.725036251812586,52.9845992299615],[-2.845042252112602,53.00845042252113],[-2.9050452522626102,53.10385519275964],[-2.961298064903243,53.140957047852396],[-2.9387969398469913,53.17805890294515],[-2.9537976898844924,53.207210360518026],[-3.0850542527126343,53.254912745637284],[-3.1113055652782613,53.29731486574329],[-3.1713085654282693,53.363568178408926],[-3.1863093154657705,53.3821191059553],[-3.1713085654282693,53.390069503475175],[-3.0550527526376285,53.43512175608781],[-2.927546377318862,53.30791539576979],[-2.7512875643782166,53.31586579328967],[-2.826291314565726,53.331766588329415],[-2.9537976898844924,53.3715185759288],[-3.010050502525125,53.437771888594426],[-3.092554627731385,53.5490774538727],[-3.0663033151657544,53.60473023651183],[-2.9575478773938677,53.69748487424371],[-2.916295814790736,53.72663633181659],[-2.8337916895844764,53.721336066803346],[-2.856292814640728,53.737236861843094],[-3.010050502525125,53.73988699434972],[-3.058802940147004,53.776988849442475],[-3.047552377618878,53.87504375218761],[-3.0138006900345005,53.922746137306866],[-2.8825441272063586,53.98369918495925],[-2.912545627281361,54.03405170258513],[-2.8187909395469752,54.11090554527726],[-2.8487924396219775,54.15065753287665],[-2.8712935646782327,54.1771588579429],[-2.9837991899594947,54.15330766538327],[-3.036301815090752,54.21691084554228],[-3.09630481524076,54.15065753287665],[-3.1488074403720177,54.09235461773089],[-3.1713085654282693,54.09765488274414],[-3.265063253162655,54.116205810290516],[-3.242562128106403,54.15065753287665],[-3.208810440522022,54.211610580529026],[-3.205060253012647,54.23546177308866],[-3.2313115655782774,54.259312965648284],[-3.2875643782189066,54.20366018300915],[-3.3888194409720462,54.25666283314166],[-3.433821691084553,54.35206760338017],[-3.617580879043949,54.51107555377769]],[[-1.2287114355717748,54.5852792639632],[-1.2437121856092759,54.59057952897645],[-1.2474623731186547,54.59057952897645],[-1.23246162308115,54.5852792639632],[-1.2287114355717748,54.5852792639632]],[[-1.2624631231561558,54.57202860143008],[-1.2587129356467806,54.57202860143008],[-1.2587129356467806,54.587929396469825],[-1.2624631231561558,54.57202860143008]],[[-1.2587129356467806,54.587929396469825],[-1.25121256062803,54.59057952897645],[-1.2549627481374053,54.59057952897645],[-1.2587129356467806,54.587929396469825]]]}},{"type":"Feature","properties":{"territory_id":"GB-03","country_code":"GB","country_name":"United Kingdom","display_name":"Midlands","strategic_centre":"Birmingham","centre":[-1.9025,52.48],"boundary_status":"administrative-comparison-draft","admin_source":"NUTS 2021 level 2","source_region_count":6},"geometry":{"type":"Polygon","coordinates":[[[-3.9250962548127397,52.560578028901446],[-3.853842692134606,52.5976798839942],[-3.812590629531474,52.66923346167309],[-3.606330316515823,52.71163558177909],[-3.5950797539876973,52.812340617030856],[-3.4788239411970565,52.86534326716336],[-3.373818690934545,52.89184459222962],[-3.3063153157657865,52.936896844842245],[-3.1713085654282693,52.95809790489525],[-3.118805940297012,52.96604830241512],[-3.1413070653532635,53.07735386769339],[-3.1713085654282693,53.119755987799394],[-3.1900595029751457,53.148907445372274],[-3.298814940747036,53.18865943297165],[-3.385069253462671,53.302615130756536],[-3.3625681284064193,53.35296764838242],[-3.1713085654282693,53.28671433571679],[-3.0850542527126343,53.254912745637284],[-2.9537976898844924,53.207210360518026],[-2.9387969398469913,53.17805890294515],[-2.961298064903243,53.140957047852396],[-2.9050452522626102,53.10385519275964],[-2.845042252112602,53.00845042252113],[-2.725036251812586,52.9845992299615],[-2.698784939246959,52.995199759988],[-2.537526876343815,52.955447772388624],[-2.380019000950046,52.99784989249463],[-2.357517875893791,53.061453072653634],[-2.245012250612529,53.09325466273314],[-2.1362568128406387,53.1727586379319],[-2.0350017500875026,53.20191009550477],[-1.9862493124656204,53.21251062553128],[-1.8662433121656044,53.1833591679584],[-1.8062403120155963,53.119755987799394],[-1.7724886244312188,53.021701085054254],[-1.8287414370718515,52.955447772388624],[-1.8324916245812268,52.907745387269365],[-1.61498074903745,52.83619180959048],[-1.61498074903745,52.79378968948448],[-1.689984499224959,52.73813690684534],[-1.59622981149057,52.70103505175259],[-1.5399769988499408,52.75933796689834],[-1.4087204360217989,52.812340617030856],[-1.3487174358717908,52.85739286964348],[-1.266213310665531,52.87329366468323],[-1.2624631231561558,52.812340617030856],[-1.2249612480623995,52.79378968948448],[-1.2024601230061478,52.79113955697785],[-1.1237061853092634,52.812340617030856],[-0.9811990599529956,52.828241412070604],[-0.8199409970498479,52.96074803740187],[-0.7786889344467198,52.976648832441626],[-0.7899394969748457,53.01110055502775],[-0.7111855592779612,53.08530426521327],[-0.7336866843342129,53.1939596979849],[-0.6849342467123343,53.23371168558428],[-0.7749387469373445,53.26021301065053],[-0.7561878093904681,53.32911645582279],[-0.7974398719935962,53.45632281614081],[-0.7186859342967118,53.51727586379319],[-0.6399319965998274,53.50932546627331],[-0.6099304965248216,53.458972948647435],[-0.4936746837341843,53.47222361118056],[-0.4186709335466752,53.51992599629982],[-0.4336716835841763,53.557027851392576],[-0.33991699584979074,53.564978248912446],[-0.2986649332466591,53.60473023651183],[-0.20116005800289827,53.56762838141907],[-0.20866043302164883,53.49342467123356],[-0.12240612030601383,53.44042202110106],[-0.0624031201560058,53.51197559877994],[0.016350817540878637,53.525226261313065],[0.09510475523776662,53.498724936246816],[0.1663583179159005,53.47222361118056],[0.34636731836592105,53.215160758037904],[0.3351167558377952,53.10385519275964],[0.1663583179159005,53.01375068753438],[0.09510475523776662,52.95279763988199],[0.05385269263463499,52.915695784789236],[0.09510475523776662,52.89184459222962],[0.24886244312216022,52.812340617030856],[0.2713635681784119,52.812340617030856],[0.23761188059403437,52.761988099404974],[0.17010850542527578,52.73813690684534],[0.09510475523776662,52.724886244312216],[0.07260363018151139,52.72223611180559],[0.02760138006900803,52.67188359417971],[-0.032401620081000004,52.66128306415321],[-0.33616680834041546,52.66923346167309],[-0.4936746837341843,52.64008200410021],[-0.4824241212060585,52.58442922146108],[-0.4149207460372999,52.579128956447825],[-0.3474173708685413,52.46782339116956],[-0.48992449622480905,52.37241862093104],[-0.46367318365917853,52.32206610330517],[-0.5199259962998113,52.31146557327867],[-0.5536776838841924,52.261113055652785],[-0.6361818090904521,52.26906345317266],[-0.6699334966748296,52.19485974298715],[-0.6886844342217096,52.19485974298715],[-0.7036851842592107,52.192209610480525],[-0.8724436221811054,52.11535576778839],[-0.8424421221061031,52.07295364768238],[-0.8724436221811054,52.041152057602886],[-0.9061953097654865,52.03055152757638],[-0.9886994349717462,52.07560378018901],[-1.0974548727436328,52.05175258762938],[-1.1162058102905128,52.01465073253663],[-1.191209560478022,51.980199009950496],[-1.2737136856842817,51.988149407470374],[-1.303715185759284,52.057052852642634],[-1.2812140607030322,52.11800590029502],[-1.3337166858342897,52.1683584179209],[-1.3749687484374178,52.10210510525526],[-1.4724736236811822,52.096804840242015],[-1.5474773738686913,51.98284914245713],[-1.6074803740186994,51.961648082404125],[-1.6674833741687038,51.988149407470374],[-1.674983749187458,52.03585179258963],[-1.7687384369218435,52.11270563528177],[-1.8324916245812268,52.07825391269564],[-1.847492374618728,52.067653382669135],[-1.8437421871093527,52.017300865043254],[-1.9149957497874865,52.038501925096256],[-2.0350017500875026,52.0226011300565],[-2.128756437821888,52.009350467523376],[-2.1625081254062692,52.041152057602886],[-2.1925096254812715,51.998749937496875],[-2.271263563178156,51.969598479924],[-2.3500175008750404,52.0226011300565],[-2.4812740637031823,52.00670033501675],[-2.45127256362818,51.900695034751735],[-2.650032501625077,51.826491324566234],[-2.6800340017000828,51.728436421821094],[-2.6650332516625816,51.63833191659583],[-2.7175358767938356,51.585329266463326],[-3.081304065203259,51.50317515875794],[-3.1713085654282693,51.42367118355918],[-3.1863093154657705,51.407770388519424],[-3.4788239411970565,51.391869593479676],[-3.557577878893941,51.407770388519424],[-3.6363318165908254,51.468723436171814],[-3.4788239411970565,51.51377568878444],[-3.37006850342517,51.505825291264564],[-3.238811940597028,51.55352767638382],[-3.1713085654282693,51.54822741137057],[-3.118805940297012,51.545577278863945],[-3.09630481524076,51.59857992899645],[-2.98754937746887,51.63568178408921],[-2.9912995649782452,51.70458522926147],[-3.0550527526376285,51.77613880694035],[-3.156307815390768,51.815890794539726],[-3.3363168158407888,51.78938946947348],[-3.4225711285564238,51.826491324566234],[-3.4788239411970565,51.80794039701985],[-3.591329566478322,51.75493774688735],[-3.662583129156456,51.78408920446022],[-3.7713385669283426,51.76288814440722],[-3.8050902545127236,51.786739336966846],[-3.726336316815839,51.88214410720536],[-3.6588329416470806,52.03585179258963],[-3.748837441872091,52.13390669533477],[-3.748837441872091,52.25581279063954],[-3.7300865043252145,52.319415970798545],[-3.6738336916845817,52.35121756087804],[-3.7600880044002167,52.44132206610331],[-3.748837441872091,52.48902445122256],[-3.812590629531474,52.48902445122256],[-3.853842692134606,52.549977498874945],[-3.9250962548127397,52.560578028901446]]]}},{"type":"Feature","properties":{"territory_id":"GB-04","country_code":"GB","country_name":"United Kingdom","display_name":"Southern England and London","strategic_centre":"London","centre":[-0.1275,51.5072],"boundary_status":"administrative-comparison-draft","admin_source":"NUTS 2021 level 2","source_region_count":12},"geometry":{"type":"MultiPolygon","coordinates":[[[[-1.9562478123906182,50.98904945247263],[-1.8324916245812268,50.99964998249912],[-1.6824841242062085,50.954597729886494],[-1.629981499074951,50.965198259912995],[-1.61498074903745,51.028801440072],[-1.6674833741687038,51.2063603180159],[-1.5512275613780666,51.26201310065504],[-1.4987249362468091,51.32826641332066],[-1.5474773738686913,51.40247012350618],[-1.528726436321815,51.45547277363868],[-1.5737286864343183,51.487274363718186],[-1.5849792489624441,51.52437621881094],[-1.603730186509324,51.519075953797696],[-1.6824841242062085,51.58797939896995],[-1.6824841242062085,51.69133456672834],[-1.7049852492624602,51.7814390719536],[-1.6374818740937016,51.93514675733787],[-1.6674833741687038,51.988149407470374],[-1.6074803740186994,51.961648082404125],[-1.5474773738686913,51.98284914245713],[-1.4724736236811822,52.096804840242015],[-1.3749687484374178,52.10210510525526],[-1.3337166858342897,52.1683584179209],[-1.2812140607030322,52.11800590029502],[-1.303715185759284,52.057052852642634],[-1.2737136856842817,51.988149407470374],[-1.191209560478022,51.980199009950496],[-1.1162058102905128,52.01465073253663],[-1.0974548727436328,52.05175258762938],[-0.9886994349717462,52.07560378018901],[-0.9061953097654865,52.03055152757638],[-0.8724436221811054,52.041152057602886],[-0.8424421221061031,52.07295364768238],[-0.8724436221811054,52.11535576778839],[-0.7036851842592107,52.192209610480525],[-0.6886844342217096,52.19485974298715],[-0.6699334966748296,52.19485974298715],[-0.6361818090904521,52.26906345317266],[-0.5536776838841924,52.261113055652785],[-0.5199259962998113,52.31146557327867],[-0.46367318365917853,52.32206610330517],[-0.48992449622480905,52.37241862093104],[-0.3474173708685413,52.46782339116956],[-0.4149207460372999,52.579128956447825],[-0.4824241212060585,52.58442922146108],[-0.4936746837341843,52.64008200410021],[-0.33616680834041546,52.66923346167309],[-0.032401620081000004,52.66128306415321],[0.02760138006900803,52.67188359417971],[0.07260363018151139,52.72223611180559],[0.09510475523776662,52.724886244312216],[0.17010850542527578,52.73813690684534],[0.23761188059403437,52.761988099404974],[0.2713635681784119,52.812340617030856],[0.3838691934596774,52.81499074953748],[0.5526276313815721,52.97134856742837],[0.9276463823191179,52.973998699934995],[1.0101505075253812,52.97134856742837],[1.1751587579379006,52.947497374868746],[1.3476673833691706,52.918345917295866],[1.5614280714035722,52.812340617030856],[1.6739336966848377,52.743437171858595],[1.737686884344221,52.64273213660683],[1.7414370718535963,52.531426571328566],[1.7264363218160952,52.40687034351718],[1.5539276963848216,52.08620431021551],[1.34016700835042,51.95369768488425],[1.0551527576378845,51.95104755237762],[1.2426621331066592,51.93779688984449],[1.2464123206160345,51.85034251712585],[1.1226561328066431,51.786739336966846],[1.002650132506627,51.80529026451323],[0.8451422571128582,51.7814390719536],[0.8226411320566065,51.728436421821094],[0.9276463823191179,51.74698734936747],[0.9463973198659978,51.72313615680784],[0.9463973198659978,51.67278363918196],[0.9276463823191179,51.630381519075954],[0.5901295064753285,51.630381519075954],[0.8601430071503593,51.60653032651633],[0.8226411320566065,51.5402770138507],[0.7813890694534749,51.52437621881094],[0.6276313815690813,51.53232661633082],[0.5826291314565744,51.51112555627782],[0.5151257562878158,51.53232661633082],[0.3876193809690527,51.45547277363868],[0.21136056802840386,51.489924496224816],[0.19260963048152746,51.489924496224816],[0.1551077553877711,51.51377568878444],[0.0988549427471419,51.516425821291065],[0.008850442522128077,51.505825291264564],[-0.0811540577028822,51.50847542377119],[-0.11115555777788444,51.51112555627782],[-0.1486574328716408,51.48462423121156],[-0.17115855792789247,51.48197409870494],[-0.1861593079653936,51.468723436171814],[-0.197409870493523,51.468723436171814],[-0.2161608080403994,51.47137356867843],[-0.22741137056852523,51.48462423121156],[-0.23866193309665107,51.489924496224816],[-0.22366118305914995,51.47137356867843],[-0.197409870493523,51.46607330366518],[-0.18990949547477243,51.46342317115856],[-0.17115855792789247,51.47932396619831],[-0.1299064953247644,51.48462423121156],[-0.10740537026850916,51.50847542377119],[-0.024901245062249444,51.48462423121156],[0.09510475523776662,51.505825291264564],[0.12510625531276887,51.51112555627782],[0.21886094304715442,51.47932396619831],[0.36511825591279745,51.44752237611881],[0.45887294364718656,51.45547277363868],[0.5226261313065699,51.48197409870494],[0.6613830691534623,51.460773038651936],[0.6051302565128296,51.407770388519424],[0.6276313815690813,51.37596879843993],[0.7663883194159737,51.439571978598934],[0.8901445072253651,51.41307065353268],[0.9276463823191179,51.370668533426674],[0.9501475073753731,51.34681734086705],[1.2426621331066592,51.378618930946544],[1.4151707585379292,51.35741787089354],[1.385169258462927,51.304415220761044],[1.3776688834441764,51.1533576678834],[1.0176508825441317,51.02615130756538],[0.961398069903499,50.92809640482024],[0.9276463823191179,50.92014600730037],[0.856392819640984,50.92279613980699],[0.7738886944347243,50.92809640482024],[0.6426321316065824,50.86714335716786],[0.39136956847842796,50.82474123706186],[0.24136206810340965,50.73993699684985],[0.09510475523776662,50.771738586929345],[-0.039901995099750565,50.7982399119956],[-0.2161608080403994,50.82739136956848],[-0.6849342467123343,50.7770388519426],[-0.793689684484221,50.72933646682334],[-0.8986949347467359,50.774388719435976],[-0.9324466223311134,50.84329216460823],[-0.973698684934245,50.7876393819691],[-1.0224511225561237,50.832691634581735],[-1.0787039351967564,50.78233911695585],[-1.1162058102905128,50.84329216460823],[-1.1574578728936409,50.78498924946247],[-1.363718185909292,50.88039401970099],[-1.4762238111905575,50.92279613980699],[-1.4649732486624316,50.906895344767236],[-1.3412170608530403,50.840642032101606],[-1.3262163108155391,50.819440972048604],[-1.3299664983249144,50.800890044502225],[-1.4199709985499247,50.76908845442272],[-1.524976248812436,50.7558377918896],[-1.5662283114155677,50.72138606930346],[-1.674983749187458,50.734636731836595],[-1.6937346867343344,50.73728686434322],[-1.7837391869593446,50.78233911695585],[-1.8437421871093527,50.917495874793744],[-1.9562478123906182,50.98904945247263]]],[[[-1.5512275613780666,50.676333816690835],[-1.5212260613030608,50.70813540677034],[-1.352467623381166,50.73993699684985],[-1.3187159357967886,50.7664383219161],[-1.2699634981749064,50.76378818940947],[-1.217460873043649,50.734636731836595],[-1.1087054352717622,50.72138606930346],[-1.0937046852342576,50.67368368418421],[-1.1687084354217667,50.6418820941047],[-1.1837091854592714,50.59682984149208],[-1.25121256062803,50.580929046452326],[-1.3074653732686592,50.578278913945695],[-1.3899694984749225,50.625981299064954],[-1.4462223111155517,50.6418820941047],[-1.4874743737186833,50.665733286664334],[-1.5512275613780666,50.676333816690835]]]]}},{"type":"Feature","properties":{"territory_id":"GB-05","country_code":"GB","country_name":"United Kingdom","display_name":"Wales","strategic_centre":"Cardiff","centre":[-3.1791,51.4816],"boundary_status":"administrative-comparison-draft","admin_source":"NUTS 2021 level 2","source_region_count":5},"geometry":{"type":"MultiPolygon","coordinates":[[[[-6.377718885944294,49.94489724486225],[-6.362718135906793,49.96874843742187],[-6.2614630731536565,49.96874843742187],[-6.283964198209908,49.91044552227612],[-6.328966448322415,49.93694684734237],[-6.351467573378667,49.923696184809245],[-6.377718885944294,49.94489724486225]]],[[[-5.6914345717285855,50.06150307515376],[-5.657682884144204,50.164858242912146],[-5.533926696334813,50.20991049552478],[-5.425171258562926,50.20726036301815],[-5.286414320716034,50.26821341067053],[-5.057652882644131,50.44047202360118],[-5.001400070003498,50.541177058852945],[-4.798889944497223,50.607430371518575],[-4.585129256462821,50.7770388519426],[-4.547627381369065,50.92809640482024],[-4.513875693784687,51.01555077753888],[-4.352617630881543,50.99169958497925],[-4.255112755637779,51.03145157257863],[-4.221361068053401,51.071203560178006],[-4.2063603180159,51.190459522976155],[-3.722586129306464,51.23286164308216],[-3.4788239411970565,51.216960848042405],[-3.313815690784537,51.17985899294965],[-3.1713085654282693,51.1957597879894],[-3.0700535026751297,51.2063603180159],[-3.0250512525626263,51.227561378068906],[-2.9912995649782452,51.32031601580079],[-2.961298064903243,51.37596879843993],[-2.8112905645282247,51.476673833691684],[-2.6800340017000828,51.47932396619831],[-2.7025351267563344,51.50847542377119],[-2.672533626681332,51.545577278863945],[-2.5337766888344397,51.67808390419521],[-2.6650332516625816,51.63833191659583],[-2.6800340017000828,51.728436421821094],[-2.650032501625077,51.826491324566234],[-2.45127256362818,51.900695034751735],[-2.4812740637031823,52.00670033501675],[-2.3500175008750404,52.0226011300565],[-2.271263563178156,51.969598479924],[-2.1925096254812715,51.998749937496875],[-2.1625081254062692,52.041152057602886],[-2.128756437821888,52.009350467523376],[-2.0350017500875026,52.0226011300565],[-1.9149957497874865,52.038501925096256],[-1.8437421871093527,52.017300865043254],[-1.847492374618728,52.067653382669135],[-1.8324916245812268,52.07825391269564],[-1.7687384369218435,52.11270563528177],[-1.674983749187458,52.03585179258963],[-1.6674833741687038,51.988149407470374],[-1.6374818740937016,51.93514675733787],[-1.7049852492624602,51.7814390719536],[-1.6824841242062085,51.69133456672834],[-1.6824841242062085,51.58797939896995],[-1.603730186509324,51.519075953797696],[-1.5849792489624441,51.52437621881094],[-1.5737286864343183,51.487274363718186],[-1.528726436321815,51.45547277363868],[-1.5474773738686913,51.40247012350618],[-1.4987249362468091,51.32826641332066],[-1.5512275613780666,51.26201310065504],[-1.6674833741687038,51.2063603180159],[-1.61498074903745,51.028801440072],[-1.629981499074951,50.965198259912995],[-1.6824841242062085,50.954597729886494],[-1.8324916245812268,50.99964998249912],[-1.9562478123906182,50.98904945247263],[-1.8437421871093527,50.917495874793744],[-1.7837391869593446,50.78233911695585],[-1.6937346867343344,50.73728686434322],[-1.7424871243562166,50.72138606930346],[-1.8324916245812268,50.713435671783586],[-1.9299964998249877,50.70283514175709],[-2.0350017500875026,50.71873593679684],[-1.9599979998999935,50.65778288914446],[-1.9749987499374946,50.60213010650533],[-2.3837691884594214,50.63128156407821],[-2.492524626231308,50.59682984149208],[-2.770038501925093,50.70813540677034],[-2.946297314865742,50.71873593679684],[-3.1713085654282693,50.68428421421071],[-3.2313115655782774,50.67368368418421],[-3.3625681284064193,50.6206810340517],[-3.445072253612679,50.65778288914446],[-3.5088254412720623,50.51732586629332],[-3.5500775038751904,50.42457122856143],[-3.5088254412720623,50.3795189759488],[-3.628831441572075,50.29736486824341],[-3.6550827541377053,50.223161158057906],[-3.7075853792689593,50.20726036301815],[-3.8425921296064764,50.23111155557778],[-3.9325966298314903,50.307965398269914],[-4.033851692584626,50.29736486824341],[-4.123856192809637,50.347717385869295],[-4.191359567978395,50.3795189759488],[-4.18760938046902,50.42457122856143],[-4.217610880544026,50.474923746187315],[-4.221361068053401,50.337116855842794],[-4.341367068353414,50.358317915895796],[-4.720136006800338,50.33181659082955],[-4.8101405070253485,50.22846142307115],[-4.990149507475373,50.16750837541878],[-5.0426521326066265,50.17545877293865],[-5.087654382719133,50.03235161758088],[-5.192659632981648,49.97404870243513],[-5.29766488324416,50.058852942647135],[-5.481424071203559,50.117155857792895],[-5.593929696484821,50.05355267763389],[-5.6914345717285855,50.06150307515376]]],[[[-5.301415070753535,51.89009450472524],[-5.11390569528476,51.96694834741737],[-5.057652882644131,52.019950997549884],[-4.873893694684732,52.02525126256313],[-4.6788839441972065,52.125956297814895],[-4.498874943747186,52.1471573578679],[-4.2401120056002775,52.250512525626284],[-4.120106005300261,52.35916795839792],[-4.045102255112752,52.512875643782195],[-3.9325966298314903,52.55262763138157],[-4.063853192659629,52.54467723386169],[-4.120106005300261,52.60298014900745],[-4.112605630281511,52.64008200410021],[-4.0676033801690075,52.685134256712836],[-4.060103005150253,52.706335316765845],[-4.082604130206509,52.74608730436522],[-4.142607130356517,52.8070403520176],[-4.123856192809637,52.84944247212361],[-4.157607880394018,52.90509525476274],[-4.228861443072152,52.915695784789236],[-4.397619880994046,52.88919445972299],[-4.46887344367218,52.86004300215011],[-4.495124756237811,52.83354167708386],[-4.502625131256561,52.79908995449773],[-4.525126256312813,52.7858392919646],[-4.596379818990947,52.82029101455073],[-4.735136756837839,52.78848942447122],[-4.75013750687534,52.80174008700435],[-4.720136006800338,52.85209260463023],[-4.65263263163158,52.90244512225611],[-4.573878693934695,52.936896844842245],[-4.517625881294062,52.944847242362115],[-4.363868193409669,53.02965148257413],[-4.341367068353414,53.058802940147004],[-4.333866693334663,53.11710585529276],[-4.225111255562776,53.17805890294515],[-4.1951097554877705,53.20986049302465],[-4.131356567828387,53.23371168558428],[-4.0676033801690075,53.23106155307765],[-4.007600380018999,53.24696234811741],[-3.8650932546627317,53.294664733236665],[-3.835091754587726,53.32911645582279],[-3.617580879043949,53.29201460073004],[-3.4788239411970565,53.32911645582279],[-3.3625681284064193,53.35296764838242],[-3.385069253462671,53.302615130756536],[-3.298814940747036,53.18865943297165],[-3.1900595029751457,53.148907445372274],[-3.1713085654282693,53.119755987799394],[-3.1413070653532635,53.07735386769339],[-3.118805940297012,52.96604830241512],[-3.1713085654282693,52.95809790489525],[-3.3063153157657865,52.936896844842245],[-3.373818690934545,52.89184459222962],[-3.4788239411970565,52.86534326716336],[-3.5950797539876973,52.812340617030856],[-3.606330316515823,52.71163558177909],[-3.812590629531474,52.66923346167309],[-3.853842692134606,52.5976798839942],[-3.9250962548127397,52.560578028901446],[-3.853842692134606,52.549977498874945],[-3.812590629531474,52.48902445122256],[-3.748837441872091,52.48902445122256],[-3.7600880044002167,52.44132206610331],[-3.6738336916845817,52.35121756087804],[-3.7300865043252145,52.319415970798545],[-3.748837441872091,52.25581279063954],[-3.748837441872091,52.13390669533477],[-3.6588329416470806,52.03585179258963],[-3.726336316815839,51.88214410720536],[-3.8050902545127236,51.786739336966846],[-3.7713385669283426,51.76288814440722],[-3.662583129156456,51.78408920446022],[-3.591329566478322,51.75493774688735],[-3.4788239411970565,51.80794039701985],[-3.4225711285564238,51.826491324566234],[-3.3363168158407888,51.78938946947348],[-3.156307815390768,51.815890794539726],[-3.0550527526376285,51.77613880694035],[-2.9912995649782452,51.70458522926147],[-2.98754937746887,51.63568178408921],[-3.09630481524076,51.59857992899645],[-3.118805940297012,51.545577278863945],[-3.1713085654282693,51.54822741137057],[-3.238811940597028,51.55352767638382],[-3.37006850342517,51.505825291264564],[-3.4788239411970565,51.51377568878444],[-3.6363318165908254,51.468723436171814],[-3.7150857542877134,51.48462423121156],[-3.8163408170408495,51.59062953147658],[-3.8875943797189834,51.61713085654283],[-4.1951097554877705,51.542927146357314],[-4.292614630731535,51.58002900145007],[-4.273863693184655,51.62773138656933],[-4.131356567828387,51.63833191659583],[-4.052602630131503,51.70458522926147],[-4.172608630431519,51.662183109155464],[-4.303865193259661,51.67808390419521],[-4.401370068503422,51.75493774688735],[-4.5926296314815716,51.739036951847595],[-4.671383569178456,51.71783589179459],[-4.74263713185659,51.654232711635586],[-4.978898944947243,51.60653032651633],[-5.192659632981648,51.71783589179459],[-5.185159257962894,51.75228761438072],[-5.117655882794136,51.7920396019801],[-5.136406820341016,51.845042252112606],[-5.282664133206659,51.86624331216561],[-5.301415070753535,51.89009450472524]]],[[[-4.686384319215957,53.284064203210164],[-4.686384319215957,53.30791539576979],[-4.65263263163158,53.32381619080954],[-4.573878693934695,53.28936446822341],[-4.555127756387815,53.37416870843542],[-4.573878693934695,53.400670033501676],[-4.5063753187659366,53.40862043102155],[-4.427621381069052,53.429821491074556],[-4.29636481824091,53.41392069603481],[-4.281364068203409,53.37681884094205],[-4.228861443072152,53.35826791339567],[-4.202610130506521,53.294664733236665],[-4.116355817790886,53.31851592579629],[-4.056352817640878,53.30791539576979],[-4.086354317715884,53.26286314315716],[-4.2138606930346505,53.2045602280114],[-4.217610880544026,53.186009300465024],[-4.337616880844038,53.13035651782589],[-4.438871943597178,53.15685784289215],[-4.46137306865343,53.18070903545177],[-4.5063753187659366,53.186009300465024],[-4.498874943747186,53.207210360518026],[-4.555127756387815,53.24696234811741],[-4.611380569028448,53.24431221561078],[-4.6188809440471985,53.27611380569029],[-4.686384319215957,53.284064203210164]]],[[[-2.466273313665681,50.522626131306566],[-2.4475223761188047,50.578278913945695],[-2.406270313515673,50.551777588879446],[-2.4400220011000506,50.512025601280065],[-2.466273313665681,50.522626131306566]]]]}},{"type":"Feature","properties":{"territory_id":"GB-06","country_code":"GB","country_name":"United Kingdom","display_name":"Northern Ireland","strategic_centre":"Belfast","centre":[-5.93,54.5964],"boundary_status":"administrative-comparison-draft","admin_source":"NUTS 2021 level 2","source_region_count":1},"geometry":{"type":"MultiPolygon","coordinates":[[[[-5.976448822441121,55.05700285014251],[-5.96894844742237,54.99074953747687],[-5.803940197009847,54.84234211710586],[-5.736436821841089,54.83969198459923],[-5.702685134256711,54.79993999699985],[-5.740187009350464,54.73633681684085],[-5.867693384669231,54.68863443172159],[-5.912695634781738,54.64888244412221],[-5.856442822141105,54.63298164908245],[-5.75143757187859,54.67273363668184],[-5.548927446372318,54.654182709135455],[-5.5264263213160625,54.617080854042705],[-5.4401720086004275,54.47662383119156],[-5.473923696184809,54.386519325966304],[-5.503925196259811,54.34411720586029],[-5.533926696334813,54.36266813340667],[-5.571428571428569,54.405070253512676],[-5.537676883844188,54.45542277113856],[-5.556427821391068,54.51637581879094],[-5.6726836341817055,54.5746787339367],[-5.6914345717285855,54.53757687884394],[-5.631431571578577,54.47927396369819],[-5.6464323216160786,54.45807290364519],[-5.623931196559827,54.39181959097955],[-5.552677633881693,54.34146707335367],[-5.563928196409819,54.28581429071454],[-5.623931196559827,54.25136256812841],[-5.830191509575478,54.25136256812841],[-5.882694134706732,54.211610580529026],[-5.893944697234858,54.15065753287665],[-5.905195259762987,54.102955147757385],[-6.047702385119255,54.03405170258513],[-6.268963448172407,54.102955147757385],[-6.595229761488071,54.04465223261163],[-6.655232761638079,54.07115355767789],[-6.647732386619328,54.15065753287665],[-6.643982199109953,54.17980899044952],[-6.775238761938095,54.211610580529026],[-6.797739886994346,54.21426071303566],[-6.865243262163105,54.33086654332717],[-7.019000950047499,54.41567078353918],[-7.187759387969397,54.33881694084704],[-7.199009950497523,54.299064953247665],[-7.1502575128756405,54.23281164058203],[-7.217760888044399,54.211610580529026],[-7.2702635131756566,54.15065753287665],[-7.360268013400667,54.124156207810394],[-7.555277763888192,54.134756737836895],[-7.600280014000699,54.15065753287665],[-7.701535076753835,54.20101005050253],[-7.829041452072602,54.211610580529026],[-7.870293514675733,54.27786389319466],[-8.027801390069502,54.357367868393425],[-8.06155307765388,54.375918795939796],[-8.147807390369515,54.45542277113856],[-8.027801390069502,54.52432621631082],[-7.997799889994496,54.54022701135057],[-7.859042952147604,54.53492674633732],[-7.70528526426321,54.60913045652283],[-7.742787139356967,54.617080854042705],[-7.847792389619478,54.64093204660233],[-7.900295014750736,54.68068403420171],[-7.836541827091352,54.72838641932097],[-7.742787139356967,54.70983549177459],[-7.559027951397567,54.752237611880595],[-7.454022701135056,54.86354317715886],[-7.446522326116302,54.935096754837744],[-7.4165208260413,54.94834741737087],[-7.397769888494423,55.011950597529875],[-7.34151707585379,55.05170258512926],[-7.255262763138155,55.06760338016901],[-7.1502575128756405,55.043752187609385],[-7.041502075103754,55.06230311515576],[-6.947747387369365,55.1815590779539],[-6.748987449372468,55.1709585479274],[-6.625231261563076,55.205410270513525],[-6.478973948697433,55.24251212560628],[-6.118955947797389,55.2133606680334],[-6.0964548227411335,55.205410270513525],[-6.03270163508175,55.157707885394274],[-6.04395219760988,55.06495324766239],[-5.976448822441121,55.05700285014251]]],[[[-6.1564578228911415,55.30876543827192],[-6.193959697984898,55.24251212560628],[-6.208960448022399,55.27166358317916],[-6.197709885494273,55.314065703285166],[-6.1564578228911415,55.30876543827192]]],[[[-6.2239611980599,55.290214510725534],[-6.272713635681782,55.27961398069904],[-6.283964198209908,55.30081504075204],[-6.265213260663032,55.32996649832492],[-6.231461573078651,55.322016100805044],[-6.2239611980599,55.290214510725534]]]]}},{"type":"Feature","properties":{"territory_id":"GR-01","country_code":"GR","country_name":"Greece","display_name":"Northern Greece","strategic_centre":"Thessaloniki","centre":[22.9347,40.6403],"boundary_status":"administrative-comparison-draft","admin_source":"NUTS 2024 level 3","source_region_count":21},"geometry":{"type":"MultiPolygon","coordinates":[[[[19.3523176158808,39.85319265963298],[19.386069303465177,39.877043852192614],[19.43107155357768,39.847892394619734],[19.393569678483928,39.82669133456673],[19.3523176158808,39.85319265963298]]],[[[19.543577178858946,39.895594779738985],[19.58482924146208,39.91679583979199],[19.607330366518333,39.88234411720586],[19.57357867893395,39.85584279213961],[19.543577178858946,39.895594779738985]]],[[[19.637331866593335,39.73658682934147],[19.671083554177713,39.78428921446073],[19.7198359917996,39.79753987699385],[19.787339366968354,39.816090804540224],[19.91484574228712,39.7922396119806],[19.862343117155866,39.67033351667583],[19.95609780489025,39.482174108705436],[20.068603430171514,39.431821591079554],[20.07985399269964,39.39736986849343],[19.896094804740244,39.44507225361268],[19.817340867043356,39.566978348917445],[19.7198359917996,39.65973298664933],[19.637331866593335,39.73658682934147]]],[[[20.00860043002151,39.69153457672884],[20.20361018050903,39.65178258912945],[20.301115055752796,39.72598629931497],[20.301115055752796,39.8134406720336],[20.391119555977802,39.789589479473975],[20.406120306015303,39.85319265963298],[20.323616180809047,39.98569928496425],[20.387369368468427,40.001600080004],[20.443622181109063,40.06785339266963],[20.466123306165315,40.06785339266963],[20.612380619030958,40.078453922696134],[20.679883994199713,40.107605380269014],[20.721136056802848,40.27721386069304],[20.777388869443477,40.34876743837192],[20.796139806990354,40.43357167858393],[20.85239261963099,40.47332366618331],[20.949897494874747,40.475973798689935],[21.054902745137262,40.61643082154108],[21.047402370118512,40.67473373668683],[20.972398619931,40.77278863943197],[20.97989899494975,40.85494274713736],[21.118655932796642,40.85494274713736],[21.242412120606033,40.873493674683736],[21.501175058752942,40.91059552977649],[21.58742937146858,40.87084354217711],[21.69618480924047,40.93444672233612],[21.786189309465477,40.93179658982949],[21.90994549727487,41.082854142707134],[21.928696434821745,41.10140507025351],[22.003700185009258,41.13055652782639],[22.056202810140512,41.151757587879395],[22.138706935346775,41.133206660333016],[22.217460873043656,41.17030851542577],[22.311215560778045,41.13055652782639],[22.333716685834297,41.11995599779989],[22.58122906145308,41.12525626281314],[22.607480374018706,41.12525626281314],[22.66748337416871,41.18620931046552],[22.708735436771846,41.151757587879395],[22.749987499374974,41.1729586479324],[22.749987499374974,41.191509575478776],[22.757487874393725,41.2259612980649],[22.757487874393725,41.30281514075704],[22.779988999449976,41.326666333316666],[22.798739936996853,41.33991699584979],[22.87749387469374,41.33991699584979],[22.92624631231562,41.33726686334317],[23.181259062953153,41.32401620081004],[23.29376468823442,41.39821991099555],[23.346267313365672,41.374368718435925],[23.507525376268816,41.4035201760088],[23.623781189059457,41.37701885094255],[23.7550377518876,41.4035201760088],[23.916295814790743,41.469773488674434],[23.950047502375128,41.45387269363468],[23.97254862743138,41.44592229611481],[24.05130256512826,41.45652282614131],[24.05880294014701,41.52277613880694],[24.107555377768897,41.54397719885994],[24.1525576278814,41.53337666883344],[24.186309315465778,41.52542627131356],[24.250062503125164,41.565178258912944],[24.31756587829392,41.520126006300316],[24.501325066253315,41.55722786139307],[24.523826191309574,41.5598779938997],[24.610080504025206,41.43797189859493],[24.696334816740844,41.41677083854193],[24.72258612930647,41.40882044102205],[24.782589129456476,41.36111805590279],[24.835091754587737,41.39556977848893],[24.913845692284617,41.400870043502174],[24.962598129906503,41.384969248462426],[25.180109005450277,41.31076553827691],[25.225111255562787,41.26571328566428],[25.315115755787794,41.23921196059803],[25.570128506425327,41.31341567078354],[25.705135256762844,41.30016500825042],[25.81764088204411,41.33991699584979],[25.907645382269116,41.30811540577029],[25.94889744487225,41.32136606830342],[26.11390569528477,41.35846792339617],[26.17765888294415,41.43267163358168],[26.166408320416025,41.55722786139307],[26.140157007850398,41.5916795839792],[26.08390419520977,41.65263263163158],[26.08390419520977,41.70828541427071],[26.173908695434775,41.742737136856846],[26.35766788339418,41.710935546777336],[26.586429321466078,41.5916795839792],[26.61643082154108,41.382319115955795],[26.620181009050455,41.36641832091605],[26.60893044652233,41.36376818840942],[26.54517725886295,41.334616730836544],[26.383919195959805,41.26306315315766],[26.346417320866053,41.24451222561128],[26.346417320866053,41.24186209310466],[26.32766638331917,41.13055652782639],[26.32016600830042,41.10140507025351],[26.331416570828544,41.03515175758788],[26.338916945847295,40.95564778238912],[26.338916945847295,40.95299764988249],[26.12140607030352,40.754237711885594],[26.09890494524727,40.74893744687235],[26.031401570078508,40.73038651932597],[26.020151007550382,40.78868943447172],[25.952647632381627,40.83639181959098],[25.633881694084707,40.862893144657235],[25.55137756887845,40.862893144657235],[25.33386669333467,40.939746987349366],[25.1763588179409,40.942397119856],[25.13885694284715,40.96094804740237],[25.13885694284715,40.99009950497525],[25.06010300515026,40.9953997699885],[24.962598129906503,40.942397119856],[24.812590629531485,40.85759287964398],[24.636331816590832,40.87084354217711],[24.501325066253315,40.95564778238912],[24.396319815990807,40.929146457322865],[24.328816440822045,40.88674433721686],[24.291314565728293,40.81254062703135],[24.1525576278814,40.74893744687235],[24.13005650282515,40.73833691684584],[24.03630181509076,40.72243612180609],[23.950047502375128,40.75158757937897],[23.867543377168865,40.77808890444523],[23.766288314415725,40.756887844392224],[23.702535126756345,40.687984399219964],[23.7550377518876,40.63233161658083],[23.901295064753242,40.53957697884894],[23.83004150207511,40.49982499124956],[23.85629281464074,40.42297114855743],[23.931296564828244,40.38586929346467],[23.950047502375128,40.38586929346467],[24.010050502525132,40.388519425971296],[24.006300315015757,40.31431571578579],[23.89379468973449,40.31431571578579],[23.87879393969699,40.36201810090505],[23.743787189359473,40.34346717335867],[23.702535126756345,40.30371518575929],[23.740037001850098,40.23746187309366],[23.950047502375128,40.12350617530876],[23.97254862743138,40.11025551277564],[23.998799939997006,40.00690034501725],[23.950047502375128,39.97774888744437],[23.923796189809494,39.95919795989799],[23.818790939546986,40.022801140057005],[23.751287564378224,40.13410670533527],[23.64628231411571,40.21891094554728],[23.428771438571935,40.26926346317316],[23.312515625781295,40.224211210560526],[23.005000250012507,40.351417570878546],[22.899994999749993,40.380569028451426],[22.824991249562487,40.48392419620981],[22.96374818740938,40.534276713835695],[22.92624631231562,40.629681484074204],[22.873743687184366,40.629681484074204],[22.727486374318723,40.51307565378269],[22.68248412420622,40.52897644882244],[22.663733186659336,40.49187459372969],[22.592479623981205,40.45742287114356],[22.65248262413121,40.35671783589179],[22.58122906145308,40.19770988549428],[22.554977748887453,40.136756837841894],[22.58122906145308,40.05195259762988],[22.58872943647183,40.02810140507025],[22.663733186659336,39.97509875493775],[22.701235061753096,39.95124756237812],[22.73873693684685,39.87174358717936],[22.84749237461874,39.79488974448722],[22.896244812240617,39.64648232411621],[22.914995749787494,39.6040802040102],[22.7612380619031,39.51397569878494],[22.708735436771846,39.42122106105305],[22.618730936546832,39.39736986849343],[22.656232811640585,39.32051602580129],[22.58122906145308,39.278113905695285],[22.543727186359327,39.25691284564228],[22.554977748887453,39.16945847292365],[22.506225311265567,39.12970648532426],[22.25871293564679,39.27281364068203],[22.146207310365526,39.11645582279114],[22.063703185159262,39.095254762738136],[22.03370168508426,39.047552377618885],[21.962448122406123,39.03695184759238],[21.93994699734987,39.06610330516526],[21.842442122106114,39.142957147857395],[21.74493724686235,39.113805690284515],[21.72993649682485,39.1747587379369],[21.662433121656086,39.25161258062903],[21.489924496224816,39.22511125556278],[21.396169808490427,39.1641582079104],[21.373668683434175,39.1747587379369],[21.268663433171668,39.12175608780439],[21.1261563078154,39.11910595529777],[21.099904995249766,39.08730436521826],[21.107405370268516,39.044902245112254],[21.077403870193514,39.03430171508575],[21.03240162008101,39.018400920046005],[20.81489074453723,39.08995449772489],[20.76613830691535,38.97599879994],[20.73613680684035,38.96539826991349],[20.687384369218464,39.055502775138756],[20.499874993749692,39.209210460523025],[20.47737386869344,39.27546377318866],[20.46237311865594,39.27281364068203],[20.3461173058653,39.28606430321516],[20.301115055752796,39.31521576078804],[20.229861493074658,39.42652132606631],[20.25236261813091,39.50337516875844],[20.151107555377777,39.52192609630482],[20.177358867943404,39.61203060153008],[20.13610680534027,39.64648232411621],[20.00860043002151,39.69153457672884]]],[[[20.121106055302768,39.21451072553628],[20.17360868043403,39.2277613880694],[20.20361018050903,39.18800940047002],[20.151107555377777,39.1853592679634],[20.121106055302768,39.21451072553628]]],[[[23.196259812990654,40.15265763288164],[23.3725186259313,40.16060803040152],[23.563778188909453,39.96714835741787],[23.395019750987558,39.953897694884745],[23.196259812990654,40.15265763288164]]],[[[24.508825441272073,40.658832941647084],[24.55757787889395,40.754237711885594],[24.643832191609583,40.7966398319916],[24.696334816740844,40.78073903695185],[24.737586879343972,40.76748837441872],[24.782589129456476,40.67208360418021],[24.767588379418974,40.6084804240212],[24.696334816740844,40.5872793639682],[24.64758237911896,40.57402870143507],[24.508825441272073,40.658832941647084]]],[[[25.44262213110656,40.446822341117056],[25.603880194009704,40.52102605130257],[25.720136006800345,40.46272313615681],[25.585129256462828,40.388519425971296],[25.44262213110656,40.446822341117056]]]]}},{"type":"Feature","properties":{"territory_id":"GR-02","country_code":"GR","country_name":"Greece","display_name":"Southern Greece and Athens","strategic_centre":"Athens","centre":[23.7281,37.9842],"boundary_status":"administrative-comparison-draft","admin_source":"NUTS 2024 level 3","source_region_count":26},"geometry":{"type":"MultiPolygon","coordinates":[[[[20.33861693084655,38.18360918045902],[20.406120306015303,38.31876593829691],[20.466123306165315,38.33731686584329],[20.507375368768443,38.34791739586979],[20.57112855642783,38.43537176858843],[20.631131556577834,38.292264613230664],[20.717385869293473,38.22866143307165],[20.796139806990354,38.098804940247014],[20.754887744387226,38.07230361518076],[20.53362668133407,38.10675533776689],[20.466123306165315,38.20746037301865],[20.44737236861844,38.233961698084904],[20.413620681034054,38.175658782939145],[20.33861693084655,38.18360918045902]]],[[[20.544877243862196,38.58112905645282],[20.601130056502832,38.79048952447623],[20.661133056652837,38.84614230711536],[20.713635681784098,38.854092704635235],[20.724886244312223,38.68183409170459],[20.7586379318966,38.63943197159858],[20.544877243862196,38.58112905645282]]],[[[20.604880244012207,38.477773888694436],[20.668633431671587,38.49897494874744],[20.706135306765347,38.43007150357518],[20.68363418170909,38.38501925096255],[20.604880244012207,38.477773888694436]]],[[[20.62738136906846,37.860293014650736],[20.702385119255965,37.905345267263364],[20.897394869743493,37.79668983449172],[20.957397869893498,37.72778638931947],[20.893644682234118,37.722486124306215],[20.84489224461224,37.66153307665383],[20.80739036951848,37.65888294414721],[20.709885494274722,37.73573678683934],[20.664883244162212,37.79668983449172],[20.62738136906846,37.860293014650736]]],[[[20.668633431671587,38.361168058402924],[20.73613680684035,38.387669383469174],[20.7586379318966,38.32671633581679],[20.709885494274722,38.30551527576379],[20.668633431671587,38.361168058402924]]],[[[20.679883994199713,38.53077653882694],[20.69863493174659,38.5784789239462],[20.7286364318216,38.57582879143958],[20.7286364318216,38.525476273813695],[20.679883994199713,38.53077653882694]]],[[[20.732386619330974,38.814340717035854],[20.773638681934102,38.86999349967498],[20.769888494424727,38.933596679834],[20.97989899494975,38.938896944847244],[21.058652932646638,38.880594029701484],[21.077403870193514,38.883244162208115],[21.156157807890402,38.89384469223461],[21.152407620381027,38.986599329966495],[21.107405370268516,39.044902245112254],[21.099904995249766,39.08730436521826],[21.1261563078154,39.11910595529777],[21.268663433171668,39.12175608780439],[21.373668683434175,39.1747587379369],[21.396169808490427,39.1641582079104],[21.489924496224816,39.22511125556278],[21.662433121656086,39.25161258062903],[21.72993649682485,39.1747587379369],[21.74493724686235,39.113805690284515],[21.842442122106114,39.142957147857395],[21.93994699734987,39.06610330516526],[21.962448122406123,39.03695184759238],[22.03370168508426,39.047552377618885],[22.063703185159262,39.095254762738136],[22.146207310365526,39.11645582279114],[22.25871293564679,39.27281364068203],[22.506225311265567,39.12970648532426],[22.554977748887453,39.16945847292365],[22.543727186359327,39.25691284564228],[22.58122906145308,39.278113905695285],[22.656232811640585,39.32051602580129],[22.618730936546832,39.39736986849343],[22.708735436771846,39.42122106105305],[22.7612380619031,39.51397569878494],[22.914995749787494,39.6040802040102],[23.09125456272814,39.49807490374519],[23.26751337566879,39.31521576078804],[23.342517125856297,39.19330966548328],[23.30876543827192,39.14825741287064],[23.20001000050003,39.10585529276464],[23.076253812690638,39.095254762738136],[23.080004000200013,39.142957147857395],[23.125006250312524,39.11910595529777],[23.203760188009404,39.16680834041702],[23.181259062953153,39.238361918095904],[23.117505875293773,39.29931496574829],[22.952497624881246,39.344367218360915],[22.92624631231562,39.29931496574829],[22.828741437071862,39.27281364068203],[22.824991249562487,39.219810990549526],[22.85499274963749,39.16680834041702],[22.97124856242813,39.103205160258014],[23.005000250012507,39.03165158257913],[23.03500175008751,39.02370118505925],[23.016250812540633,39.00250012500625],[22.989999499975006,38.954797739887],[22.813740687034354,38.88854442722136],[22.749987499374974,38.87529376468824],[22.607480374018706,38.90444522226112],[22.58122906145308,38.89384469223461],[22.562478123906203,38.88589429471474],[22.554977748887453,38.851442572128605],[22.58122906145308,38.83819190959548],[22.599979998999956,38.82759137956898],[22.68998449922497,38.84349217460873],[22.86249312465624,38.76398819940997],[23.03500175008751,38.74808740437022],[23.106255312765647,38.63678183909195],[23.20001000050003,38.671233561678086],[23.30876543827192,38.63413170658533],[23.312515625781295,38.56522826141307],[23.357517875893798,38.525476273813695],[23.327516375818796,38.50162508125406],[23.545027251362576,38.50162508125406],[23.60503025151258,38.47512375618781],[23.631281564078208,38.51487574378719],[23.601280064003205,38.562578128906445],[23.515025751287567,38.59437971898595],[23.188759437971903,38.83554177708886],[23.076253812690638,38.84349217460873],[23.016250812540633,38.87794389719486],[22.94874743737187,38.83819190959548],[22.84749237461874,38.83289164458223],[22.851242562128114,38.85939296964848],[23.061253062653137,38.938896944847244],[23.1287564378219,39.00250012500625],[23.312515625781295,39.03430171508575],[23.421271063553185,38.94684734236712],[23.47377368868444,38.83819190959548],[23.61253062653133,38.76133806690335],[23.71378568928447,38.75338766938347],[23.7550377518876,38.71098554927747],[23.88629431471574,38.66858342917146],[23.950047502375128,38.67388369418471],[24.047552377618885,38.68183409170459],[24.13005650282515,38.65533276663833],[24.133806690334524,38.5890794539727],[24.1525576278814,38.57582879143958],[24.21631081554078,38.525476273813695],[24.186309315465778,38.408870443522176],[24.26131306565329,38.218060903045156],[24.34756737836892,38.16240812040602],[24.501325066253315,38.149157457872896],[24.576328816440828,38.120006000300016],[24.5500775038752,37.992799639981996],[24.501325066253315,37.955697784889246],[24.43382169108456,38.003400170008504],[24.355067753387672,37.97689884494225],[24.291314565728293,38.07495374768739],[24.21631081554078,38.08820441022051],[24.178808940447027,38.218060903045156],[24.1525576278814,38.25781289064453],[24.107555377768897,38.27636381819091],[24.017550877543883,38.39296964848242],[23.950047502375128,38.39561978098905],[23.672533626681343,38.4009200460023],[23.65378268913446,38.35321766088305],[23.69128456422822,38.33996699834992],[23.950047502375128,38.27636381819091],[24.05130256512826,38.196859842992154],[24.05880294014701,38.15180759037952],[23.99504975248763,38.07760388019401],[24.013800690034508,37.926546327316366],[24.06630331516576,37.79668983449172],[24.055052752637636,37.693334666733335],[24.010050502525132,37.664183209160456],[23.950047502375128,37.70658532926646],[23.818790939546986,37.79668983449172],[23.781289064453226,37.809940497024854],[23.7550377518876,37.85499274963748],[23.672533626681343,37.94244712235612],[23.567528376418828,37.955697784889246],[23.462523126156313,37.88414420721036],[23.41002050102506,37.897394869743486],[23.413770688534434,37.92124606230311],[23.47377368868444,37.93979698984949],[23.455022751137562,37.96364818240912],[23.477523876193814,37.99014950747537],[23.571278563928203,37.992799639981996],[23.59752987649383,38.01665083254163],[23.522526126306325,38.040502025101254],[23.38001900095005,37.97689884494225],[23.181259062953153,37.95039751987599],[23.03500175008751,37.88414420721036],[23.162508125406276,37.7940397019851],[23.12125606280315,37.73043652182609],[23.162508125406276,37.711885594279714],[23.16625831291565,37.62973148657433],[23.20001000050003,37.597929896494826],[23.33126656332817,37.539626981349066],[23.357517875893798,37.558177908895445],[23.33126656332817,37.62443122156108],[23.398769938496933,37.627081354067705],[23.383769188459432,37.54492724636232],[23.428771438571935,37.51312565628282],[23.49627481374069,37.52637631881594],[23.477523876193814,37.48662433121656],[23.518775938796942,37.44157207860393],[23.42502125106256,37.41242062103105],[23.26751337566879,37.3965198259913],[23.16625831291565,37.29316465823291],[23.072503625181263,37.364718235911795],[23.106255312765647,37.44687234361718],[23.005000250012507,37.470723536176806],[22.952497624881246,37.52107605380269],[22.84749237461874,37.52107605380269],[22.779988999449976,37.58202910145507],[22.73873693684685,37.5740787039352],[22.764988249412475,37.393869693484675],[22.896244812240617,37.21366068303415],[22.903745187259368,37.12885644282214],[22.95624781239062,37.105005250262515],[22.982499124956256,37.046702335116755],[23.072503625181263,36.802890144507224],[23.04250212510626,36.651832591629585],[23.1287564378219,36.543177158857944],[23.15125756287815,36.45307265363268],[23.106255312765647,36.45042252112606],[23.031251562578134,36.50342517125856],[22.95624781239062,36.50077503875194],[22.772488624431226,36.776388819440974],[22.656232811640585,36.79758987949398],[22.58122906145308,36.77108855442772],[22.524976248812443,36.68363418170909],[22.483724186209315,36.58822941147057],[22.498724936246816,36.46632331616581],[22.47247362368119,36.42127106355318],[22.367468373418674,36.50077503875194],[22.359967998399924,36.67303365168259],[22.25871293564679,36.84794239711986],[22.146207310365526,36.91684584229212],[22.12745637281865,37.01225061253063],[22.056202810140512,37.0202010100505],[21.94744737236862,36.97514875743787],[21.943697184859246,36.79228961448072],[21.891194559727992,36.74193709685484],[21.793689684484228,36.8002400120006],[21.688684434221713,36.76578828941447],[21.69618480924047,36.930096504825244],[21.58742937146858,37.05465273263663],[21.57242862143108,37.12885644282214],[21.59492974648733,37.200410020501025],[21.677433871693587,37.29051452572629],[21.681184059202963,37.37796889844492],[21.54242712135607,37.55552777638882],[21.317415870793546,37.66948347417371],[21.287414370718544,37.76753837691885],[21.231161558077908,37.79668983449172],[21.114905745287267,37.85499274963748],[21.1261563078154,37.92389619480974],[21.25366268313416,37.974248712435624],[21.351167558377924,38.10145507275364],[21.381169058452926,38.204810240512025],[21.60243012150608,38.14650732536627],[21.718685934296722,38.218060903045156],[21.7674383719186,38.29756487824391],[21.857442872143615,38.332016600830045],[21.999949997499883,38.313465673283666],[22.1499574978749,38.218060903045156],[22.37121856092805,38.14120706035302],[22.58122906145308,38.090854542727136],[22.629981499074958,38.080254012700635],[22.881244062203116,37.934496724836244],[22.96374818740938,37.96894844742237],[22.873743687184366,38.02990149507475],[22.888744437221867,38.04845242262113],[22.959997999900004,38.07230361518076],[23.117505875293773,38.06170308515426],[23.203760188009404,38.10410520526027],[23.177508875443777,38.157107855392766],[23.13625681284065,38.1703585179259],[23.005000250012507,38.2127606380319],[22.952497624881246,38.18360918045902],[22.896244812240617,38.218060903045156],[22.78373918695935,38.23661183059153],[22.7762388119406,38.27636381819091],[22.66748337416871,38.37441872093605],[22.607480374018706,38.358517925896294],[22.58122906145308,38.30551527576379],[22.569978498924954,38.28696434821741],[22.43872193609681,38.427421371068554],[22.367468373418674,38.342617130856546],[22.243712185609283,38.35586779338967],[22.176208810440528,38.332016600830045],[22.067453372668638,38.387669383469174],[21.951197559877997,38.4009200460023],[21.849942497124864,38.37441872093605],[21.74493724686235,38.33996699834992],[21.613680684034208,38.34526726336317],[21.516175808790443,38.30816540827041],[21.351167558377924,38.39561978098905],[21.276163808190418,38.32671633581679],[21.17490874543728,38.30816540827041],[21.118655932796642,38.342617130856546],[21.114905745287267,38.44067203360168],[21.077403870193514,38.51752587629382],[21.058652932646638,38.51487574378719],[21.021151057552885,38.52017600880044],[21.00990049502476,38.61558077903895],[20.97989899494975,38.66328316415821],[20.912395619780995,38.687134356717834],[20.86739336966849,38.785189259462975],[20.773638681934102,38.76133806690335],[20.732386619330974,38.814340717035854]]],[[[20.878643932196617,38.63413170658533],[20.927396369818496,38.657982899144955],[20.968648432421624,38.63413170658533],[20.934896744837246,38.61293064653233],[20.878643932196617,38.63413170658533]]],[[[21.07365368268414,38.40622031101555],[21.07365368268414,38.43272163608181],[21.10365518275914,38.43537176858843],[21.114905745287267,38.4009200460023],[21.099904995249766,38.39296964848242],[21.07365368268414,38.40622031101555]]],[[[21.72993649682485,36.757837891894596],[21.748687434371725,36.76313815690784],[21.786189309465477,36.74988749437472],[21.77493874693735,36.71013550677534],[21.748687434371725,36.71278563928196],[21.72993649682485,36.757837891894596]]],[[[22.892494624731242,36.320566028301414],[22.944997249862496,36.37621881094055],[23.076253812690638,36.264913245662285],[23.106255312765647,36.24106205310265],[23.05750287514376,36.206610330516526],[23.038751937596885,36.137706885344265],[22.922496124806244,36.1827591379569],[22.903745187259368,36.264913245662285],[22.892494624731242,36.320566028301414]]],[[[23.09125456272814,37.27461373068653],[23.132506625331274,37.28256412820641],[23.173758687934402,37.24811240562028],[23.132506625331274,37.23221161058053],[23.09125456272814,37.27461373068653]]],[[[23.26751337566879,35.88329416470823],[23.31626581329067,35.89124456222811],[23.327516375818796,35.838241912095604],[23.29376468823442,35.84089204460223],[23.26751337566879,35.88329416470823]]],[[[23.275013750687542,37.33291664583229],[23.32376618830942,37.35676783839192],[23.357517875893798,37.338216910845546],[23.327516375818796,37.309065453272666],[23.275013750687542,37.33291664583229]]],[[[23.305015250762544,37.67743387169359],[23.342517125856297,37.71983599179959],[23.383769188459432,37.70923546177309],[23.350017500875047,37.66948347417371],[23.305015250762544,37.67743387169359]]],[[[23.395019750987558,39.16150807540377],[23.470023501175064,39.20126006300315],[23.53377668883445,39.17740887044352],[23.470023501175064,39.14030701535077],[23.395019750987558,39.16150807540377]]],[[[23.41002050102506,37.76488824441222],[23.567528376418828,37.76488824441222],[23.522526126306325,37.69068453422671],[23.48127406370319,37.674783739186964],[23.41002050102506,37.76488824441222]]],[[[23.42502125106256,37.33291664583229],[23.485024251212565,37.364718235911795],[23.537526876343826,37.34881744087205],[23.485024251212565,37.31436571828591],[23.42502125106256,37.33291664583229]]],[[[23.608780439021956,39.124406220311016],[23.740037001850098,39.13765688284414],[23.792539626981352,39.09260463023151],[23.687534376718844,39.06875343767189],[23.608780439021956,39.124406220311016]]],[[[23.845042252112613,36.84794239711986],[23.89379468973449,36.86649332466624],[23.92754637731887,36.8214410720536],[23.882544127206366,36.81879093954698],[23.845042252112613,36.84794239711986]]],[[[23.848792439621988,39.1641582079104],[23.931296564828244,39.238361918095904],[23.950047502375128,39.24366218310916],[23.99504975248763,39.16150807540377],[23.950047502375128,39.15885794289714],[23.87129356467824,39.153557677883896],[23.848792439621988,39.1641582079104]]],[[[23.905045252262617,37.470723536176806],[23.923796189809494,37.48662433121656],[23.950047502375128,37.481324066203314],[23.968798439922004,37.45747287364368],[23.950047502375128,37.452172608630434],[23.923796189809494,37.4495224761238],[23.905045252262617,37.470723536176806]]],[[[24.032551627581384,39.317865893294666],[24.06630331516576,39.36026801340067],[24.10380519025952,39.344367218360915],[24.081304065203263,39.29401470073503],[24.032551627581384,39.317865893294666]]],[[[24.10380519025952,37.674783739186964],[24.126306315315773,37.741037051852594],[24.148807440372025,37.75958797939897],[24.1525576278814,37.722486124306215],[24.122556127806398,37.67213360668033],[24.10380519025952,37.674783739186964]]],[[[24.133806690334524,39.36026801340067],[24.1525576278814,39.4159207960398],[24.190059502975153,39.413270663533176],[24.178808940447027,39.373518675933795],[24.1525576278814,39.362918145907294],[24.133806690334524,39.36026801340067]]],[[[24.20131006550328,36.8002400120006],[24.250062503125164,36.816140807040355],[24.26881344067204,36.7896394819741],[24.235061753087663,36.757837891894596],[24.20131006550328,36.8002400120006]]],[[[24.22381119055953,37.9821991099555],[24.24631231561579,38.02990149507475],[24.27631381569079,38.02725136256813],[24.27631381569079,37.97954897744887],[24.22381119055953,37.9821991099555]]],[[[24.265063253162666,37.531676583829196],[24.295064753237668,37.65093254662733],[24.38506925346268,37.68008400420021],[24.38506925346268,37.6058802940147],[24.306315315765794,37.531676583829196],[24.265063253162666,37.531676583829196]]],[[[24.313815690784544,38.83554177708886],[24.351317565878297,38.864693234661736],[24.396319815990807,38.83554177708886],[24.358817940897048,38.814340717035854],[24.313815690784544,38.83554177708886]]],[[[24.31756587829392,36.67038351917596],[24.343817190859546,36.718085904295215],[24.415070753537684,36.718085904295215],[24.501325066253315,36.77108855442772],[24.5500775038752,36.8320416020801],[24.587579378968954,36.8214410720536],[24.5200760038002,36.678333916695834],[24.501325066253315,36.67568378418921],[24.366318315915798,36.651832591629585],[24.31756587829392,36.67038351917596]]],[[[24.351317565878297,37.31966598329917],[24.373818690934556,37.4283214160708],[24.43382169108456,37.47867393369668],[24.467573378668938,37.38326916345817],[24.351317565878297,37.31966598329917]]],[[[24.392569628481432,37.15800790039502],[24.501325066253315,37.20306015300765],[24.54257712885645,37.14740737036852],[24.493824691234565,37.11030551527576],[24.392569628481432,37.15800790039502]]],[[[24.437571878593936,38.891194559727985],[24.456322816140812,38.96539826991349],[24.501325066253315,38.97334866743337],[24.673833691684592,38.7772388619431],[24.58382919145958,38.76133806690335],[24.5500775038752,38.8302415120756],[24.501325066253315,38.85939296964848],[24.437571878593936,38.891194…62152 tokens truncated…4094,69.46187162687455],[32.420124201242025,69.46524878141435],[32.4309243092431,69.47200309049386],[32.44892448924489,69.4888888631927],[32.45612456124561,69.49226601773246],[32.47052470524708,69.49564317227222],[32.49572495724959,69.49057744046257],[32.52092520925211,69.48888886319268],[32.52812528125281,69.48888886319268],[32.53172531725317,69.49226601773248],[32.53172531725318,69.49564317227222],[32.53532535325355,69.5074632131614],[32.53532535325355,69.5091517904313],[32.556925569255704,69.50577463589151],[32.589325893258945,69.48551170865291],[32.603726037260365,69.48382313138302],[32.643326433264356,69.49733174954211],[32.66492664926652,69.50239748135174],[32.68652686526867,69.50239748135175],[32.790927909279105,69.48888886319268],[32.84852848528489,69.49226601773248],[32.877328773287736,69.49057744046254],[32.89892898928992,69.48213455411317],[32.826928269282675,69.45849447233482],[32.790927909279105,69.44329727690585],[32.76932769327695,69.41459146331786],[32.891728917289186,69.46187162687457],[32.988929889298916,69.47538024503363],[33.086130861308625,69.47538024503366],[32.862928629286294,69.36562272249124],[32.83772837728379,69.3318511770936],[32.81972819728199,69.31834255893456],[32.805328053280526,69.30483394077547],[32.81252812528126,69.30145678623569],[32.82332823328236,69.3014567862357],[32.834128341283424,69.30314536350559],[32.855728557285566,69.31158824985502],[32.862928629286316,69.31158824985499],[32.873728737287394,69.311588249855],[32.88452884528846,69.31158824985502],[32.88812888128882,69.311588249855],[32.89532895328955,69.31496540439475],[32.90612906129061,69.32509686801406],[32.92412924129243,69.34873694979242],[32.95292952929529,69.37744276338042],[32.97092970929711,69.38757422699972],[32.98892988929891,69.39432853607926],[33.29493294932949,69.44329727690585],[33.31653316533166,69.45174016325527],[33.327333273332755,69.45174016325527],[33.34893348933491,69.43823154509624],[33.363333633336346,69.43485439055642],[33.377733777337795,69.43654296782634],[33.42093420934211,69.4483630087155],[33.446134461344634,69.44667443144563],[33.49653496534967,69.43147723601669],[33.52533525335256,69.4281000814769],[33.503735037350374,69.4027714224287],[33.47493474934751,69.39432853607926],[33.438934389343906,69.3875742269997],[33.41373413734139,69.37237703157076],[33.435334353343535,69.37237703157076],[33.496534965349674,69.37913134065032],[33.46773467734679,69.35717983614187],[33.40293402934032,69.32678544528396],[33.377733777337795,69.30821109531526],[33.345333453334554,69.29639105442607],[33.262532625326266,69.2913253226164],[33.23373233732337,69.26937381810794],[33.25533255332553,69.26937381810794],[33.276932769327715,69.27275097264771],[33.29853298532987,69.27781670445735],[33.30573305733056,69.28288243626702],[33.39933399333996,69.2913253226164],[33.44613446134463,69.28794816807667],[33.47493474934751,69.26937381810792],[33.38493384933849,69.24911089086936],[33.33813338133382,69.24742231359946],[33.31653316533166,69.24235658178983],[33.29493294932951,69.22884796363076],[33.37053370533707,69.23560227271028],[33.40653406534065,69.22884796363076],[33.406534065340644,69.20858503639217],[33.4389343893439,69.21196219093193],[33.474934749347504,69.22209365455122],[33.510935109351095,69.22547080909102],[33.54333543335434,69.20858503639217],[33.510935109351095,69.18494495461381],[33.39213392133922,69.15117340921617],[33.31653316533165,69.1190904410884],[33.291332913329136,69.11233613200885],[33.233732337323374,69.1089589774691],[33.15813158131581,69.09545035931004],[33.10773107731078,69.09207320477026],[33.0609306093061,69.08363031842083],[33.02493024930252,69.0583016593726],[33.01773017730179,69.03803873213401],[33.01053010530106,69.00764434127612],[33.01413014130142,68.97556137314837],[33.02493024930251,68.95529844590978],[33.03933039330395,68.97724995041823],[33.04653046530468,69.03466157759424],[33.06453064530646,69.0583016593726],[33.11133111331114,69.07518743207143],[33.22653226532268,69.07687600934132],[33.320133201332034,69.09713893657992],[33.3777337773378,69.09713893657991],[33.42813428134281,69.10389324565944],[33.449734497345,69.1292219047077],[33.45693456934569,69.14104194559687],[33.471334713347154,69.15117340921617],[33.56133561335614,69.18156780007405],[33.56493564935649,69.18832210915357],[33.575735757357585,69.19845357277286],[33.57573575735759,69.21365076820182],[33.56493564935651,69.2423565817898],[33.568535685356856,69.24573373632957],[33.57573575735759,69.25248804540911],[33.57933579335793,69.25586519994889],[33.57573575735759,69.26093093175854],[33.57213572135723,69.26768524083805],[33.56853568535686,69.27275097264771],[33.5649356493565,69.26937381810794],[33.561335613356135,69.28625959080676],[33.5649356493565,69.29301389988632],[33.57213572135723,69.3048339407755],[33.593735937359384,69.32003113620443],[33.618936189361904,69.32847402255383],[33.72333723337235,69.33691690890326],[33.73413734137341,69.3318511770936],[33.74133741337414,69.3234082907442],[33.737737377373776,69.31496540439478],[33.734137341373426,69.3098996725851],[33.72333723337235,69.30483394077551],[33.74133741337414,69.30652251804536],[33.77733777337775,69.31665398166466],[33.795337953379544,69.31665398166466],[33.81333813338134,69.311588249855],[33.834938349383506,69.30821109531522],[33.856538565385655,69.30652251804536],[33.87453874538747,69.311588249855],[33.86733867338674,69.31665398166466],[33.86013860138601,69.32509686801406],[33.852938529385305,69.33860548617315],[34.13734137341373,69.32509686801406],[34.42174421744217,69.31158824985502],[34.41454414544146,69.2930138998863],[34.4469444694447,69.28288243626702],[34.540545405454054,69.26937381810794],[34.583745837458395,69.27275097264771],[34.60534605346056,69.26937381810794],[34.64854648546486,69.25248804540908],[34.6629466294663,69.24911089086935],[34.98334983349836,69.22884796363076],[34.976149761497624,69.22209365455122],[34.961749617496196,69.20351930458254],[34.95454954549547,69.19507641823311],[34.97254972549726,69.1933878409632],[34.990549905499044,69.20183072731261],[35.01215012150125,69.21365076820184],[35.03015030150303,69.22209365455126],[35.08775087750879,69.225470809091],[35.11655116551166,69.2237822318211],[35.14175141751417,69.2153393454717],[35.14535145351454,69.20858503639217],[35.145351453514536,69.20183072731264],[35.14175141751417,69.19676499550297],[35.14535145351453,69.19169926369335],[35.15615156151563,69.18325637734392],[35.170551705517056,69.18156780007406],[35.181351813518155,69.18325637734392],[35.195751957519576,69.18832210915356],[35.2137521375214,69.19507641823307],[35.228152281522824,69.20520788185242],[35.24255242552425,69.21196219093193],[35.26415264152643,69.21533934547169],[35.246152461524616,69.2356022727103],[35.177751777517784,69.25755377721876],[35.1489514895149,69.26937381810794],[35.18135181351815,69.27950528172721],[35.271352713527136,69.27106239537783],[35.3289532895329,69.27612812718748],[35.80775807758079,69.19676499550297],[35.87255872558725,69.19507641823311],[35.922959229592294,69.18156780007406],[35.966159661596635,69.17650206826438],[35.9949599495995,69.1663706046451],[36.020160201602025,69.15286198648603],[36.041760417604195,69.1359762137872],[36.05616056160562,69.12753332743776],[36.066960669606715,69.12753332743779],[36.09576095760958,69.13259905924744],[36.25056250562506,69.11064755473895],[36.27216272162722,69.0988275138498],[36.264962649626526,69.07856458661121],[36.311763117631195,69.0583016593726],[36.516965169651705,69.02959584578456],[36.689766897669,68.98231568222788],[36.70416704167041,68.98062710495802],[36.71496714967151,68.98062710495802],[36.729367293672944,68.9789385276881],[36.740167401674036,68.97218421860859],[36.75096750967509,68.96205275498926],[36.75456754567546,68.95867560044952],[36.76536765367655,68.95529844590976],[36.79056790567907,68.9502327141001],[36.840968409684116,68.94516698229044],[37.0137701377014,68.89450966419398],[37.02817028170281,68.88268962330478],[37.04257042570428,68.87424673695541],[37.09657096570969,68.86073811879636],[37.19017190171901,68.85060665517705],[37.208172081720825,68.8455409233674],[37.222572225722274,68.8337208824782],[37.233372333723324,68.82021226431914],[37.24417244172444,68.80839222342998],[37.262172621726215,68.80332649162031],[37.3089730897309,68.79994933708055],[37.355773557735574,68.78981787346125],[37.373773737737395,68.78306356438173],[37.409774097740986,68.76111205987324],[37.434974349743484,68.75435775079372],[37.452974529745326,68.74422628717444],[37.463774637746376,68.74253770990454],[37.49977499774999,68.74084913263465],[37.52497524975251,68.73578340082501],[37.571775717757205,68.73578340082501],[37.57897578975792,68.73409482355513],[37.58617586175861,68.72396335993581],[37.67977679776799,68.71383189631652],[37.70137701377014,68.70370043269725],[37.73017730177301,68.68512608272852],[37.81297812978131,68.66148600095015],[37.94617946179464,68.60069721923439],[37.98937989379895,68.5703028283765],[38.02538025380255,68.55341705567766],[38.03978039780399,68.54328559205838],[38.04698046980471,68.53484270570894],[38.061380613806136,68.51626835574025],[38.0649806498065,68.50951404666074],[38.090180901809006,68.50107116031131],[38.14778147781479,68.49938258304144],[38.176581765817666,68.49600542850165],[38.201782017820186,68.48418538761247],[38.20538205382056,68.4824968103426],[38.208982089820886,68.47911965580283],[38.208982089820886,68.47236534672331],[38.20898208982089,68.46392246037391],[38.21618216182164,68.46054530583412],[38.31698316983171,68.44703668767508],[38.33138331383316,68.4419709558654],[38.34938349383495,68.41833087408706],[38.392583925839254,68.39975652411835],[38.38898388983891,68.34234489694232],[38.424984249842524,68.33727916513268],[38.42858428584289,68.34234489694232],[38.43218432184324,68.3490992060219],[38.43578435784357,68.3558535151014],[38.442984429844316,68.35923066964116],[38.45018450184502,68.3558535151014],[38.46458464584646,68.34741062875197],[38.47178471784719,68.34403347421225],[38.493384933849356,68.34234489694232],[38.71658716587165,68.29168757884585],[38.7669876698767,68.28999900157595],[38.70578705787058,68.31195050608444],[38.604986049860514,68.33221343332306],[38.53298532985333,68.35585351510142],[38.511385113851134,68.36598497872065],[38.51138511385114,68.37611644234],[38.53658536585366,68.37780501960988],[38.5869858698587,68.35923066964116],[38.615786157861585,68.3642964014508],[38.59778597785979,68.38118217414964],[38.61218612186122,68.38793648322915],[38.63738637386374,68.38455932868939],[38.66258662586626,68.37949359687977],[38.75978759787599,68.33727916513268],[38.792187921879226,68.3288362787833],[38.903789037890384,68.3170162378941],[38.925389253892554,68.31026192881458],[38.94698946989471,68.30013046519528],[38.950589505895074,68.28662184703622],[38.92898928989292,68.27649038341691],[38.954189541895445,68.26635891979761],[39.033390333903355,68.25116172436867],[39.25299252992531,68.17011001541431],[39.357393573935745,68.14984708817569],[39.519395193951944,68.07554968830088],[39.60939609396094,68.06372964741169],[39.688596885968884,68.06204107014182],[39.7389973899739,68.04853245198275],[39.80019800198003,68.05190960652251],[39.813961114020906,68.04948878925643],[39.798948685502864,67.9930722991293],[38.69667862223549,66.07192782389721],[38.55458554585547,66.05432269625129],[38.24138241382414,66.0712084689501],[37.928179281792836,66.08809424164893],[37.82017820178203,66.11173432342731],[37.65457654576549,66.12355436431648],[37.546575465754664,66.14550586882494],[37.438574385743856,66.19278603238166],[37.359373593735945,66.20460607327082],[37.272972729727314,66.2299347323191],[36.88776887768879,66.28565778222521],[36.83016830168302,66.28396920495531],[36.75096750967509,66.29578924584449],[36.63216632166322,66.28734635949507],[36.52416524165241,66.30085497765413],[36.40536405364055,66.2941006685746],[36.27576275762758,66.32111790489276],[36.02376023760237,66.34138083213134],[35.77175771757718,66.36164375936991],[35.6709567095671,66.38697241841815],[35.559355593555935,66.38697241841815],[35.379353793537945,66.41736680927607],[35.314553145531484,66.45620408648337],[35.22455224552247,66.46971270464245],[35.18135181351815,66.4815327455316],[34.88614886148863,66.59973315442339],[34.80334803348034,66.61324177258247],[34.72414724147243,66.59466742261374],[34.64494644946451,66.56427303175587],[34.565745657456574,66.54232152724737],[34.529745297453,66.53725579543774],[34.47934479344796,66.53725579543776],[34.43254432544329,66.54738725905705],[34.396543965439655,66.59297884534388],[34.36774367743678,66.61155319531258],[34.35694356943572,66.63012754528128],[34.392943929439305,66.64532474071024],[34.42174421744219,66.6470133179801],[34.475744757447586,66.63688185436081],[34.50454504545047,66.63857043163071],[34.526145261452626,66.64870189525],[34.52254522545226,66.65714478159938],[34.50454504545047,66.66221051340905],[34.49014490144902,66.65883335886927],[34.49734497344974,66.65207904978976],[34.46854468544685,66.64532474071024],[34.28494284942849,66.67234197702837],[34.212942129421286,66.67234197702838],[34.20214202142022,66.67403055429824],[34.18414184141841,66.68416201791754],[34.17334173341734,66.68753917245729],[34.16974169741698,66.68416201791754],[34.140941409414104,66.67065339975846],[34.13014130141304,66.6689648224886],[34.115741157411584,66.66896482248859],[34.09054090540906,66.67234197702835],[34.13374133741336,66.69767063607658],[34.15174151741518,66.71455640877542],[34.16254162541625,66.73481933601401],[34.16254162541625,66.74326222236343],[34.15894158941589,66.75339368598273],[34.15534155341555,66.763525149602],[34.15534155341555,66.76859088141167],[34.140941409414104,66.77365661322132],[34.13734137341374,66.77027945868156],[34.13374133741336,66.76014799506225],[34.12654126541266,66.74832795417305],[34.10854108541084,66.72806502693447],[34.090540905409064,66.71286783150555],[34.06894068940691,66.70104779061637],[34.04374043740438,66.69429348153683],[34.04014040140401,66.69429348153683],[34.02934029340296,66.69935921334645],[34.022140221402225,66.70104779061637],[34.018540185401875,66.69767063607658],[34.0149401494015,66.6892277497272],[34.01134011340114,66.68753917245728],[33.94653946539467,66.68416201791754],[33.92853928539287,66.68922774972718],[33.91773917739179,66.69429348153682],[33.896138961389624,66.70949067696576],[33.885338853388525,66.71455640877541],[33.87093870938711,66.71455640877542],[33.86733867338674,66.70949067696576],[33.86733867338674,66.70104779061637],[33.86013860138602,66.69429348153682],[33.831338313383135,66.69598205880672],[33.813338133381336,66.71117925423563],[33.788137881378816,66.75170510871286],[33.762937629376296,66.76690230414178],[33.708937089370885,66.7854766541105],[33.68373683736838,66.79898527226955],[33.66933669336695,66.80573958134909],[33.64053640536406,66.80067384953944],[33.62973629736297,66.80573958134909],[33.61893618936191,66.81418246769852],[33.593735937359384,66.83106824039733],[33.58653586535866,66.81924819950812],[33.59013590135903,66.80911673588884],[33.60453604536045,66.79054238592012],[33.561335613356135,66.80405100407921],[33.53973539735398,66.81587104496838],[33.525335253352544,66.83106824039733],[33.51813518135183,66.80236242680934],[33.55053550535507,66.78041092230087],[33.626136261362625,66.74832795417306],[33.60093600936011,66.75508226325262],[33.55053550535508,66.77534519049121],[33.52533525335255,66.78209949957072],[33.53253532535325,66.77196803595143],[33.546935469354715,66.7618365723321],[33.55773557735577,66.75339368598273],[33.57213572135723,66.74832795417306],[33.57213572135723,66.74157364509357],[33.55053550535508,66.74326222236343],[33.510935109351095,66.763525149602],[33.48933489334893,66.76859088141167],[33.503735037350374,66.75508226325259],[33.53973539735397,66.73988506782366],[33.557735577355764,66.72806502693447],[33.51813518135182,66.72468787239472],[33.48213482134822,66.72975360420438],[33.10053100531008,66.85808547671544],[32.8449284492845,66.97628588560724],[32.81972819728198,66.99148308103621],[32.80532805328053,67.01005743100488],[32.79812798127984,67.03032035824349],[32.80172801728017,67.0488947082122],[32.816128161281625,67.06409190364116],[32.85212852128521,67.07422336726042],[32.93132931329313,67.07928909907008],[32.967329673296746,67.09110913995926],[32.93132931329315,67.09955202630869],[32.8089280892809,67.09110913995924],[32.77292772927733,67.09279771722916],[32.736927369273694,67.09955202630869],[32.63612636126363,67.13332357170634],[32.45612456124561,67.13501214897623],[32.43452434524346,67.13838930351598],[32.39492394923951,67.1569636534847],[32.38412384123842,67.16034080802444],[32.32652326523265,67.15865223075454],[32.29772297722977,67.15527507621482],[32.26892268922692,67.14683218986539],[32.2509225092251,67.14514361259552],[32.189721897218995,67.1535864989449],[32.07452074520745,67.14176645805573],[32.04212042120423,67.1434550353256],[31.94491944919449,67.1654065398341],[31.908919089190896,67.16878369437389],[31.876518765187654,67.16540653983408],[31.85131851318513,67.1535864989449],[31.926919269192688,67.15358649894493],[31.923319233192334,67.14683218986539],[31.912519125191263,67.1248806853569],[32.09252092520928,67.11981495354725],[32.20412204122042,67.13501214897624],[32.23292232922329,67.13332357170634],[32.261722617226184,67.1248806853569],[32.304923049230496,67.09786344903877],[32.34452344523447,67.08435483087973],[32.35892358923591,67.07084621272068],[32.340923409234115,67.07591194453032],[32.322923229232295,67.07760052180019],[32.290522905229075,67.07760052180019],[32.315723157231595,67.06071474910138],[32.3481234812348,67.0573375945616],[32.38412384123842,67.05733759456159],[32.420124201242025,67.05396044002184],[32.50292502925029,67.03032035824351],[32.53172531725318,67.01512316281453],[32.549725497254975,66.99992596738558],[32.55692556925569,66.98979450376629],[32.549725497254975,66.97628588560723],[32.53172531725318,66.95771153563852],[32.50652506525066,66.94926864928911],[32.42372423724237,66.95602295836866],[32.391323913239155,66.95433438109875],[32.416524165241675,66.94589149474935],[32.474124741247415,66.94589149474936],[32.4957249572496,66.93238287659027],[32.48132481324813,66.92731714478063],[32.47412474124741,66.92731714478063],[32.47772477724777,66.91043137208182],[32.46332463324634,66.90029990846251],[32.420124201242025,66.8918570221131],[32.42012420124205,66.88510271303356],[32.52812528125281,66.88510271303358],[32.54612546125463,66.8834141357637],[32.59292592925931,66.85808547671544],[32.65412654126541,66.84119970401662],[32.67572675726756,66.82769108585757],[32.664926649266505,66.80911673588888],[32.70452704527045,66.79560811772978],[32.891728917289186,66.78209949957073],[32.90612906129061,66.7753451904912],[32.91692916929171,66.76859088141168],[32.92772927729277,66.75170510871283],[32.9349293492935,66.74157364509354],[32.92052920529207,66.73650791328389],[32.81252812528126,66.7365079132839],[32.76932769327695,66.74157364509354],[32.974529745297474,66.69091632699708],[33.18333183331834,66.69260490426693],[33.309333093330935,66.65545620432952],[33.3237332373324,66.64532474071024],[33.32013320133203,66.63012754528128],[33.287732877328786,66.63181612255117],[33.226532265322675,66.64532474071024],[33.15453154531545,66.65376762705962],[33.12213122131223,66.65039047251986],[33.1041310413104,66.63181612255117],[33.093330933309346,66.61155319531255],[33.06453064530646,66.59804457715354],[33.03573035730358,66.59129026807399],[33.01053010530106,66.59297884534388],[32.97452974529748,66.60142173169328],[32.938529385293855,66.60311030896314],[32.866528665286666,66.59804457715353],[32.90252902529026,66.57440449537515],[33.1041310413104,66.57609307264505],[33.093330933309346,66.58453595899445],[33.1041310413104,66.59466742261374],[33.12213122131223,66.59804457715354],[33.19413194131943,66.59635599988361],[33.20493204932048,66.59804457715353],[33.22293222932231,66.60479888623306],[33.21933219332195,66.60648746350293],[33.21933219332195,66.61661892712225],[33.226532265322675,66.61830750439209],[33.2589325893259,66.6183075043921],[33.42453424534247,66.59297884534386],[33.449734497345,66.57271591810526],[33.464134641346426,66.55920729994624],[33.46773467734679,66.55583014540645],[33.48213482134821,66.55076441359678],[33.52533525335255,66.54063294997749],[33.536135361353615,66.53556721816787],[33.50013500135003,66.52205860000878],[33.19413194131943,66.57947022718479],[33.15453154531545,66.56933876356553],[33.16173161731618,66.5710273408354],[33.172531725317285,66.56765018629562],[33.17973179731796,66.56258445448597],[33.1869318693187,66.55583014540645],[33.16893168931691,66.55583014540643],[33.165331653316535,66.55583014540645],[33.11853118531187,66.55076441359678],[33.07173071730719,66.5575187226763],[33.02853028530285,66.54569868178714],[32.967329673296746,66.54063294997748],[32.94212942129423,66.52881290908832],[32.9889298892989,66.51192713638947],[33.04653046530466,66.50686140457985],[33.10413104131041,66.51023855911961],[33.17973179731796,66.5305014863582],[33.20493204932048,66.53387864089797],[33.23013230132301,66.53219006362808],[33.28773287732878,66.52205860000878],[33.29853298532987,66.51868144546903],[33.30213302133024,66.51361571365938],[33.30213302133023,66.50854998184974],[33.30213302133024,66.50348425004007],[33.30573305733058,66.49841851823041],[33.32733327333276,66.48659847734126],[33.35613356133561,66.47984416826172],[33.50733507335073,66.46464697283278],[33.536135361353615,66.4714012819123],[33.57933579335793,66.49504136369067],[33.60093600936011,66.50179567277021],[33.62253622536227,66.49166420915088],[33.63333633336333,66.47477843645207],[33.626136261362625,66.46971270464245],[33.608136081360804,66.46802412737254],[33.58653586535866,66.4595812410231],[33.62253622536227,66.45113835467374],[33.705337053370535,66.44438404559419],[33.73413734137341,66.42580969562546],[33.68373683736838,66.4139896547363],[33.56493564935651,66.41905538654593],[33.51453514535146,66.4055467683869],[33.5541355413554,66.39372672749771],[33.644136441364424,66.37852953206877],[33.67293672936731,66.35657802756029],[33.629736297362975,66.34475798667111],[33.47493474934751,66.34982371848078],[33.38853388533886,66.34475798667108],[33.34173341733418,66.3346265230518],[33.30933309333094,66.31605217308312],[33.48213482134822,66.3143635958132],[33.59733597335975,66.32956079124216],[33.618936189361904,66.32787221397228],[33.63333633336333,66.32111790489273],[33.64053640536406,66.31436359581323],[33.618936189361904,66.30929786400357],[33.870938709387104,66.26708343225648],[33.888938889388896,66.25864054590708],[33.888938889388896,66.25188623682759],[33.88173881738817,66.24513192774803],[33.88173881738817,66.23837761866848],[33.89973899738999,66.22824615504922],[33.914139141391416,66.23331188685884],[33.93213932139321,66.24175477320827],[33.94653946539467,66.2485090822878],[33.97173971739718,66.25188623682759],[34.0869408694087,66.2485090822878],[34.10134101341015,66.24682050501791],[34.11934119341194,66.24175477320827],[34.15174151741518,66.22318042323957],[34.166141661416624,66.22149184596967],[34.16254162541627,66.21304895962027],[34.155341553415546,66.20460607327084],[34.148141481414825,66.19785176419131],[34.15174151741519,66.18940887784188],[34.16254162541626,66.18603172330214],[34.23094230942312,66.17758883695272],[34.26334263342633,66.16745737333342],[34.27774277742778,66.16576879606356],[34.32814328143283,66.16408021879366],[34.49734497344975,66.11680005523695],[34.53694536945368,66.08978281891882],[34.529745297453,66.10329143707789],[34.551345513455146,66.0931599734586],[34.56934569345694,66.06783131441036],[34.60894608946091,66.05769985079105],[34.634146341463435,66.03405976901269],[34.655746557465584,66.02899403720308],[34.666546665466655,66.02392830539343],[34.71334713347134,65.99691106907527],[34.72414724147243,65.98846818272585],[34.716947169471695,65.9749595645668],[34.69894698946991,65.9665166782174],[34.65934659346596,65.95300806005832],[34.67374673746739,65.9445651737089],[34.68814688146881,65.93949944189927],[34.71694716947168,65.93274513281975],[34.70254702547027,65.92767940101008],[34.695346953469546,65.91923651466067],[34.69534695346953,65.90910505104137],[34.70614706147063,65.90572789650162],[34.72414724147243,65.90741647377149],[34.75654756547568,65.91754793739081],[34.77814778147783,65.91923651466067],[34.78534785347856,65.91754793739081],[34.80334803348034,65.90741647377149],[34.810548105481075,65.90572789650162],[34.83934839348394,65.9074164737715],[34.84654846548466,65.90572789650163],[34.853748537485394,65.90066216469195],[34.85734857348576,65.89221927834252],[34.86454864548646,65.87871066018349],[34.85374853748539,65.87195635110398],[34.82494824948251,65.84325053751596],[34.83934839348393,65.828053342087],[34.853748537485394,65.82467618754724],[34.893348933489335,65.82974191935688],[34.90054900549007,65.82298761027734],[34.896948969489706,65.80947899211829],[34.893348933489335,65.79597037395925],[34.88614886148863,65.78921606487968],[34.868148681486815,65.78415033307003],[34.871748717487186,65.77401886945076],[34.88254882548827,65.7621988285616],[34.89334893348934,65.75544451948204],[34.92934929349295,65.74024732405312],[34.968949689496895,65.72842728316392],[34.9509495094951,65.71829581954462],[34.94014940149401,65.70816435592532],[34.92574925749258,65.7014100468458],[34.90054900549006,65.70647577865546],[34.7709477094771,65.77570744672066],[34.70614706147062,65.79765895122912],[34.688146881468796,65.8094789921183],[34.68094680946812,65.77908460126041],[34.68094680946811,65.76895313764113],[34.68454684546848,65.76726456037122],[34.691746917469175,65.73180443770369],[34.68814688146881,65.72842728316392],[34.70614706147063,65.72167297408438],[34.74574745747458,65.7199843968145],[34.75654756547568,65.71323008773497],[34.74934749347494,65.70141004684581],[34.73134731347315,65.6929671604964],[34.695346953469546,65.68621285141685],[34.702547025470274,65.67776996506745],[34.72774727747279,65.669327078718],[34.738547385473844,65.66257276963852],[34.742147421474215,65.65581846055899],[34.752947529475314,65.63893268786015],[34.770947709477106,65.61022687427216],[34.77814778147782,65.59671825611305],[34.767347673476735,65.58827536976365],[34.73494734947353,65.583209637954],[34.73854738547386,65.5443723607467],[34.70614706147063,65.52073227896835],[34.66294662946629,65.5055350835394],[34.634146341463435,65.4869607335707],[34.64854648546486,65.48527215630081],[34.67014670146702,65.48020642449117],[34.68094680946811,65.46838638360201],[34.680946809468104,65.45318918817303],[34.66294662946629,65.44474630182364],[34.634146341463435,65.44474630182364],[34.54774547745479,65.45825491998268],[34.51174511745118,65.45487776544294],[34.493744937449385,65.44136914728385],[34.51174511745118,65.41097475642599],[34.490144901449014,65.4075976018862],[34.46854468544686,65.4092861791561],[34.44694446944471,65.41435191096572],[34.42894428944291,65.42279479731515],[34.418144181441825,65.42279479731515],[34.40014400144003,65.41772906550553],[34.38574385743856,65.41435191096573],[34.36774367743678,65.41941764277537],[34.371343713437135,65.41266333369586],[34.37854378543788,65.40759760188622],[34.392943929439305,65.3974661382669],[34.36774367743678,65.3924004064573],[34.317343173431745,65.3974661382669],[34.295742957429574,65.38564609737773],[34.443344433444345,65.3704489019488],[34.46134461344613,65.36369459286925],[34.47934479344796,65.3484973974403],[34.47934479344796,65.33161162474148],[34.46134461344613,65.31641442931252],[34.47214472144723,65.28939719299443],[34.47934479344796,65.28095430664501],[34.49734497344975,65.27588857483535],[34.526145261452626,65.27926572937515],[34.53694536945369,65.27588857483535],[34.52254522545226,65.2606913794064],[34.55134551345514,65.25393707032688],[34.616146161461614,65.25393707032687],[34.64134641346414,65.24042845216783],[34.60534605346055,65.22691983400875],[34.634146341463435,65.22691983400875],[34.64854648546487,65.223542679469],[34.68094680946811,65.19990259769065],[34.68094680946812,65.18301682499182],[34.66654666546666,65.17795109318217],[34.648546485464855,65.17795109318217],[34.62694626946272,65.17288536137252],[34.63774637746378,65.16444247502308],[34.67374673746739,65.15093385686404],[34.66294662946629,65.12729377508569],[34.68094680946812,65.11378515692664],[34.767347673476735,65.10703084784706],[34.77454774547748,65.10027653876756],[34.767347673476735,65.08676792060848],[34.74574745747458,65.06650499336989],[34.75294752947531,65.05468495248073],[34.78894788947889,65.05130779794099],[34.81774817748178,65.04286491159154],[34.799747997479976,65.02091340708304],[34.77454774547746,65.01247052073366],[34.74574745747458,65.00571621165413],[34.72054720547206,64.99727332530472],[34.70254702547027,64.98038755260589],[34.74574745747458,64.97701039806611],[34.778147781477834,64.96687893444681],[34.80694806948071,64.9483045844781],[34.83574835748359,64.92128734815999],[34.8429484294843,64.91791019362023],[34.87174871748718,64.91791019362023],[34.87174871748718,64.91453303908047],[34.86814868148683,64.9111558845407],[34.87534875348754,64.90102442092139],[34.87534875348755,64.88920438003224],[34.87894878948791,64.88413864822257],[34.893348933489335,64.87569576187317],[34.9077490774908,64.86556429825387],[34.92574925749258,64.85880998917435],[34.94374943749437,64.85712141190443],[34.93294932949331,64.8419242164755],[34.91134911349115,64.82672702104657],[34.87174871748717,64.80308693926821],[34.842948429484295,64.7929554756489],[34.785347853478555,64.7845125892995],[34.75654756547568,64.7743811256802],[34.79974799747999,64.75580677571149],[34.81054810548109,64.7541181984416],[34.814148141481404,64.75918393025125],[34.88254882548828,64.7558067757115],[34.92934929349295,64.76593823933077],[34.94734947349475,64.77100397114043],[34.97614976149763,64.77100397114043],[35.00855008550088,64.74398673482233],[34.968949689496895,64.72710096212349],[34.92934929349295,64.72203523031384],[34.88254882548827,64.71865807577407],[34.853748537485394,64.71359234396441],[34.83574835748359,64.70514945761502],[34.832148321483245,64.69839514853548],[34.91134911349116,64.66293502586794],[34.936549365493676,64.63591778954984],[34.97254972549726,64.62578632593053],[34.97614976149764,64.61227770777145],[34.929349293492955,64.59201478053286],[34.88614886148864,64.58188331691359],[34.84654846548466,64.5599318124051],[34.810548105481075,64.55824323513521],[34.80694806948071,64.55655465786533],[34.75654756547567,64.5599318124051],[34.742147421474215,64.55655465786536],[34.77454774547747,64.55655465786533],[34.78534785347856,64.54811177151593],[34.79974799747998,64.54642319424605],[34.83214832148324,64.53122599881708],[34.850148501485016,64.52784884427734],[34.911349113491156,64.52784884427734],[34.92934929349296,64.52447168973755],[34.97254972549726,64.50420876249896],[35.008550085500865,64.49407729887967],[34.99774997749979,64.4721257943712],[34.95454954549547,64.4518628671326],[35.01575015750158,64.4231570535446],[35.05535055350555,64.41640274446506],[35.120151201512016,64.4012055490361],[35.13455134551347,64.3910740854168],[35.15975159751599,64.38094262179754],[35.27855278552786,64.3758768899879],[35.30735307353074,64.3724997354481],[35.321753217532184,64.36236827182881],[35.30735307353074,64.34379392186011],[35.32895328953291,64.32859672643114],[35.328953289532905,64.31339953100223],[35.346953469534704,64.29651375830339],[35.4117541175412,64.2863822946841],[35.46575465754659,64.30664522192271],[35.53775537755379,64.32184241735163],[35.58815588155884,64.32184241735163],[35.6169561695617,64.34041676732035],[35.59895598955991,64.37081115817821],[35.58815588155884,64.38094262179754],[35.57375573755738,64.39445123995657],[35.56655566555664,64.40627128084579],[35.58095580955811,64.41133701265544],[35.638556385563874,64.38431977633729],[35.724957249572505,64.35899111728908],[35.81135811358116,64.34210534459022],[35.86175861758619,64.32184241735162],[35.89415894158942,64.29651375830339],[35.88695886958871,64.2678079447154],[35.901359013590145,64.25598790382622],[35.933759337593386,64.2475450174768],[35.94815948159481,64.23910213112738],[35.958959589595906,64.22897066750808],[35.966159661596635,64.20870774026947],[35.976959769597705,64.1985762766502],[36.00576005760059,64.19351054484056],[36.02736027360273,64.20533058572973],[36.05976059760598,64.21883920388879],[36.08856088560888,64.2070191629996],[36.12096120961209,64.19519912211045],[36.16056160561607,64.17324761760193],[36.18576185761859,64.15467326763324],[36.228962289622906,64.13609891766457],[36.236162361623634,64.12427887677536],[36.22536225362255,64.11414741315608],[36.210962109621114,64.10401594953677],[36.22176221762218,64.07531013594875],[36.25776257762579,64.06517867232945],[36.2829628296283,64.04660432236075],[36.27216272162722,64.03647285874148],[36.26496264962651,64.02465281785227],[36.2937629376294,64.00945562242333],[36.365763657636606,64.00101273607392],[36.419764197642,63.99594700426427],[36.45936459364594,63.98243838610523],[36.4809648096481,63.97230692248593],[36.50616506165062,63.97061834521606],[36.55656556565567,63.97230692248591],[36.57816578165782,63.96892976794616],[36.617766177661785,63.95542114978711],[36.639366393663956,63.9520439952473],[36.65016650166501,63.94866684070758],[36.68256682566826,63.92840391346897],[36.70416704167042,63.92502675892919],[36.76896768967691,63.94022395435815],[36.79056790567907,63.93853537708827],[36.80856808568086,63.93178106800873],[36.83736837368375,63.91489529530991],[36.85896858968591,63.91151814077015],[36.8769687696877,63.91489529530991],[36.91656916569167,63.928403913468955],[36.93456934569347,63.93178106800873],[36.956169561695624,63.92671533619909],[36.99216992169923,63.90476383169062],[37.01017010170102,63.8980095226111],[37.16857168571688,63.894632368071306],[37.19377193771939,63.89125521353157],[37.21177211772118,63.87943517264237],[37.2477724777248,63.8473522045146],[37.254972549725494,63.842286472704956],[37.26217262172622,63.84059789543509],[37.272972729727314,63.827089277276016],[37.280172801728014,63.82202354546636],[37.290972909729106,63.818646390926595],[37.3931154922508,63.79995003121095],[31.800230865404064,54.052121654535895],[31.782917829178306,54.04516115284554],[31.77211772117722,54.04853830738532],[31.761317613176146,54.06035834827449],[31.754117541175415,54.07555554370342],[31.746917469174697,54.08568700732272],[31.73611736117363,54.09412989367215],[31.725317253172534,54.0975070482119],[31.69651696516965,54.09750704821189],[31.667716677166773,54.102572780021546],[31.581315813158145,54.12959001633967],[31.530915309153105,54.13803290268906],[31.50571505715059,54.14309863449873],[31.480514805148065,54.156607252657814],[31.325713257132573,54.22921607526273],[31.311313113131146,54.244413270691695],[31.300513005130057,54.2731190842797],[31.29331293312933,54.33053071145571],[31.286112861128636,54.347416484154536],[31.275312753127537,54.355859370503964],[31.260912609126105,54.36430225685338],[31.250112501125017,54.37612229774253],[31.2249122491225,54.42846819310889],[31.210512105121065,54.44873112034749],[31.178111781117817,54.453796852157154],[31.16731167311673,54.4673054703162],[31.09531095310953,54.47912551120538],[31.062910629106312,54.49263412936446],[31.088110881108836,54.53653713838139],[31.138511385113887,54.58212872466821],[31.16731167311673,54.62096600187552],[31.127711277112777,54.64122892911413],[31.10611106111062,54.668246165432265],[31.019710197101972,54.67331189724189],[30.998109981099816,54.671623319972014],[30.994509945099463,54.69019766994072],[30.98010980109803,54.705394865369676],[30.828908289082904,54.771249378895085],[30.785707857078602,54.7796922652445],[30.77130771307713,54.786446574324046],[30.764107641076407,54.80164376975298],[30.76770767707678,54.830349583340976],[30.78930789307893,54.84723535603981],[30.81090810908112,54.86074397419887],[30.825308253082536,54.8776297468977],[30.828908289082904,54.902958405945945],[30.81810818108181,54.918155601374906],[30.814508145081447,54.928287064994166],[30.83970839708397,54.938418528613475],[30.900909009090107,54.94686141496291],[30.9189091890919,54.95361572404244],[30.936909369093716,54.973878651281005],[30.929709297092977,54.98569869217019],[30.91530915309153,54.99583015578948],[30.908109081090828,55.012715928488326],[30.911709117091192,55.02453596937749],[30.933309333093348,55.026224546647406],[30.98010980109803,55.01947023756783],[31.005310053100548,55.022847392107614],[31.005310053100555,55.043110319346205],[30.994509945099455,55.06675040112458],[30.98010980109803,55.087013328363135],[30.9729097290973,55.09376763744268],[30.96930969309694,55.1022105237921],[30.9729097290973,55.10896483287163],[30.98010980109803,55.115719141951146],[30.983709837098395,55.12585060557046],[30.983709837098385,55.13091633738009],[30.980109801098017,55.13429349191989],[30.976509765097656,55.13935922372953],[30.9729097290973,55.14104780099941],[30.96210962109624,55.142736378269284],[30.95850958509586,55.144424955539165],[30.95850958509586,55.149490687348816],[30.96210962109624,55.15793357369825],[30.958509585095868,55.16299930550788],[30.947709477094776,55.171442191857295],[30.9009090090901,55.1917051190959],[30.886508865088675,55.205213737254944],[30.86850868508685,55.242362437192384],[30.85770857708578,55.254182478081546],[30.82170821708218,55.26431394170083],[30.803708037080387,55.27275682805026],[30.792907929079295,55.28626544620931],[30.796507965079655,55.30483979617803],[30.81090810908112,55.32341414614675],[30.846908469084696,55.350431382464876],[30.90450904509046,55.375760041513104],[30.918909189091885,55.387580082402266],[30.91890918909189,55.40784300964088],[30.904509045090467,55.42135162779993],[30.89010890108901,55.43317166868912],[30.882908829088308,55.45174601865782],[30.886508865088675,55.46863179135664],[30.911709117091192,55.48045183224582],[30.91890918909189,55.492271873135],[30.915309153091528,55.493960450404906],[30.900909009090107,55.49902618221454],[30.91890918909189,55.53448630488208],[30.911709117091192,55.571635004819484],[30.908109081090828,55.57838931389904],[30.886508865088675,55.60034081840748],[30.846908469084703,55.61047228202678],[30.803708037080394,55.60202939567738],[30.77130771307714,55.59189793205808],[30.742507425074248,55.59358650932794],[30.713707137071367,55.62735805472561],[30.702907029070314,55.64255525015458],[30.692106921069204,55.65268671377388],[30.68130681306815,55.65606386831362],[30.63810638106381,55.65437529104374],[30.61650616506165,55.657752445583526],[30.594905949059495,55.664506754663044],[30.584105841058424,55.67970395009198],[30.584105841058427,55.688146836441405],[30.58770587705877,55.696589722790804],[30.591305913059127,55.70503260914023],[30.58770587705877,55.71854122729928],[30.580505805058074,55.7252955363788],[30.56970569705698,55.73036126818847],[30.47970479704799,55.75400134996685],[30.46890468904689,55.76244423631624],[30.47250472504726,55.77088712266564],[30.476104761047615,55.77933000901508],[30.47610476104763,55.787772895364476],[30.468904689046905,55.79283862717412],[30.270902709027098,55.82998732711155],[30.252902529025306,55.83843021346095],[30.21690216902169,55.855315986159766],[30.198901989019905,55.85869314069954],[30.177301773017756,55.85193883162003],[30.13410134101341,55.82661017257176],[30.10530105301055,55.82154444076213],[29.98649986499865,55.84687309981039],[29.946899468994705,55.84856167708024],[29.90729907299073,55.8434959452706],[29.867698676986784,55.82998732711156],[29.846098460984624,55.813101554412725],[29.806498064980644,55.77088712266564],[29.781297812978128,55.7641328135861],[29.70929709297093,55.77426427720541],[29.684096840968415,55.77088712266564],[29.5868958689587,55.73880415453789],[29.50769507695077,55.684769681901635],[29.482494824948255,55.68139252736187],[29.46089460894609,55.68645825917154],[29.414094140941415,55.72698411364872],[29.363693636936375,55.75231277269693],[29.34929349293495,55.76582139085602],[29.34209342093422,55.787772895364476],[29.349293492934958,55.80297009079342],[29.3708937089371,55.83674163619108],[29.374493744937467,55.84687309981039],[29.381693816938167,55.870513181588734],[29.38529385293853,55.88064464520802],[29.39249392493926,55.88908753155744],[29.39969399693999,55.892464686097206],[29.406894068940684,55.89415326336709],[29.417694176941783,55.89753041790687],[29.424894248942508,55.899218995176724],[29.432094320943207,55.89921899517674],[29.43929439294394,55.90090757244662],[29.4428944289443,55.90766188152616],[29.43929439294394,55.91441619060569],[29.432094320943207,55.92454765422496],[29.414094140941415,55.93805627238403],[29.396093960939623,55.94818773600334],[29.3780937809378,55.95325346781299],[29.223292232922347,55.978582126861234],[29.194491944919463,55.99209074502029],[29.14409144091443,56.012353672258875],[29.09009090090902,56.022485135878185],[29.032490324903254,56.02417371314805],[28.982089820898207,56.01404224952876],[28.920889208892106,55.99209074502028],[28.859688596885974,55.976893549591345],[28.83448834488345,55.961696354162406],[28.830888308883093,55.938056272384046],[28.809288092880934,55.93467911784427],[28.733687336873377,55.94649915873346],[28.70488704887049,55.960007776892525],[28.69408694086943,55.98027070413108],[28.690486904869065,56.00391078590945],[28.679686796867973,56.02755086768784],[28.672486724867273,56.03768233130711],[28.636486364863657,56.066388144895114],[28.622086220862233,56.083273917593935],[28.611286112861134,56.0883396494036],[28.59328593285935,56.09171680394337],[28.539285392853945,56.09847111302289],[28.388083880838824,56.08833964940359],[28.366483664836665,56.0798967630542],[28.33408334083341,56.04950237219629],[28.31248312483126,56.04274806311677],[28.290882908829108,56.04612521765654],[28.269282692826952,56.057945258545715],[28.236882368823704,56.083273917593935],[28.168481684816868,56.125488349341026],[28.150481504815048,56.14237412203986],[28.16848168481687,56.16094847200854],[28.17928179281793,56.1845885537869],[28.182881828818296,56.20822863556526],[28.19368193681939,56.23186871734364],[28.200882008820095,56.24200018096291],[28.20808208082082,56.24875449004247],[28.215282152821544,56.255508799122],[28.218882188821905,56.27070599455092],[28.215282152821548,56.28083745817023],[28.175681756817564,56.3500691262354],[28.168481684816868,56.370332053474016],[28.164881648816504,56.39228355798249],[28.168481684816864,56.42774368065002],[28.164881648816504,56.43787514426931],[28.15768157681578,56.44631803061873],[28.103681036810368,56.48346673055616],[28.096480964809643,56.49190961690557],[28.092880928809308,56.50204108052486],[28.100081000810007,56.51386112141404],[28.125281252812528,56.52736973957312],[28.13248132481326,56.53581262592251],[28.12528125281252,56.54763266681169],[28.10728107281074,56.55438697589121],[28.028080280802815,56.5763384803997],[28.01008010080102,56.58815852128888],[27.995679956799563,56.60335571671782],[27.992079920799227,56.625307221226315],[27.992079920799227,56.66921023024323],[27.981279812798135,56.687784580211975],[27.884078840788423,56.72493328014937],[27.86607866078662,56.7435076301181],[27.87687876878769,56.75870482554703],[27.89847898478985,56.782344907325374],[27.920079200792006,56.805984989103756],[27.912879128791307,56.819493607262814],[27.891278912789147,56.829625070882116],[27.851678516785174,56.85495372993034],[27.830078300783015,56.86508519354967],[27.786877868778703,56.87183950262917],[27.743677436774362,56.865085193549646],[27.660876608766106,56.83975653450138],[27.642876428764282,56.84144511177128],[27.62847628476286,56.84482226631105],[27.650076500765014,56.8785938117087],[27.71487714877151,56.95795694339317],[27.718477184771842,56.96808840701247],[27.72207722077221,56.988351334251085],[27.722077220772213,56.99848279787035],[27.729277292772938,57.01030283875955],[27.747277472774734,57.032254343268015],[27.750877508775094,57.04238580688733],[27.743677436774362,57.067714465935566],[27.72207722077221,57.077845929554854],[27.696876968769686,57.08628881590428],[27.682476824768262,57.103174588603096],[27.70047700477005,57.11837178403203],[27.794077940779403,57.143700443080284],[27.822878228782283,57.158897638509245],[27.833678336783382,57.180849143017696],[27.840878408784107,57.2112435338756],[27.844478444784443,57.26696658378173],[27.840878408784107,57.29060666556008],[27.826478264782654,57.304115283719135],[27.808478084780862,57.31424674733844],[27.707677076770782,57.3480182927361],[27.693276932769322,57.35646117908549],[27.63927639276395,57.38854414721327],[27.534875348753495,57.41556138353142],[27.509675096750986,57.43075857896034],[27.513275132751346,57.44764435165916],[27.52407524075241,57.467907278897755],[27.524075240752403,57.491547360676115],[27.52767527675277,57.52869606061357],[27.351273512735137,57.527007483343645],[27.34407344073441,57.53882752423283],[27.33687336873371,57.55402471966178],[27.329673296732974,57.5709104923606]]],[[[27.801278012780134,59.99908460645193],[27.808478084780862,60.00921607007123],[27.808478084780862,60.02103611096041],[27.819278192781923,60.03116757457971],[27.840878408784107,60.02610184277005],[27.869678696786966,60.0142818018809],[27.88407884078842,60.010904647341114],[27.891278912789147,60.004150338261574],[27.891278912789147,59.99570745191213],[27.87327873278733,59.994018874642265],[27.81927819278192,59.98219883375311],[27.804878048780495,59.988953142832635],[27.801278012780134,59.99908460645193]]],[[[28.424084240842408,60.36044014220682],[28.427684276842772,60.36550587401646],[28.452884528845296,60.367194451286366],[28.46368463684638,60.365505874016485],[28.48528485284854,60.3621287194767],[28.503285032850336,60.35368583312727],[28.514085140851417,60.34693152404775],[28.514085140851428,60.34186579223812],[28.51768517685179,60.338488637698354],[28.521285212852153,60.333422905888725],[28.524885248852485,60.33173432861884],[28.524885248852485,60.324980019539275],[28.517685176851792,60.31315997865011],[28.503285032850332,60.31147140138023],[28.481684816848173,60.32160286499953],[28.47088470884711,60.33004575134892],[28.467284672846752,60.335111483158606],[28.460084600846017,60.338488637698354],[28.452884528845292,60.34017721496822],[28.44208442084423,60.343554369508],[28.424084240842408,60.36044014220682]]],[[[28.542885428854305,60.34693152404775],[28.546485464854673,60.34862010131765],[28.557285572855736,60.3452429467779],[28.56808568085682,60.343554369508006],[28.57528575285752,60.34862010131765],[28.57888578885789,60.348620101317664],[28.586085860858617,60.34017721496822],[28.59328593285935,60.338488637698354],[28.60408604086041,60.34017721496824],[28.611286112861137,60.33680006042843],[28.62208622086223,60.33004575134892],[28.683286832868333,60.29965136049103],[28.71208712087122,60.29458562868139],[28.715687156871574,60.29289705141152],[28.722887228872313,60.28783131960188],[28.71568715687158,60.28445416506211],[28.70488704887049,60.27938843325245],[28.69768697686979,60.272634124172924],[28.69768697686979,60.26419123782351],[28.694086940869422,60.26081408328375],[28.672486724867273,60.26419123782351],[28.658086580865813,60.26419123782351],[28.64728647286475,60.2658798150934],[28.625686256862565,60.27094554690306],[28.56808568085683,60.29289705141151],[28.55008550085501,60.303028515030846],[28.54288542885431,60.316537133189875],[28.54288542885431,60.326668596809185],[28.546485464854673,60.333422905888696],[28.54648546485467,60.3418657922381],[28.542885428854305,60.34693152404775]]],[[[28.557285572855733,60.61203815541937],[28.5608856088561,60.62892392811817],[28.575285752857525,60.64243254627724],[28.589685896858985,60.64580970081699],[28.604086040860416,60.64580970081702],[28.618486184861865,60.63905539173751],[28.622086220862233,60.62892392811817],[28.629286292862933,60.617103887229],[28.63288632886329,60.60190669180006],[28.600486004860045,60.57657803275182],[28.575285752857525,60.57995518729159],[28.5608856088561,60.595152382720535],[28.557285572855733,60.61203815541937]]],[[[29.65889658896589,60.02610184277005],[29.669696696966984,60.02779042003992],[29.712897128971296,60.02103611096041],[29.788497884978852,59.99739602918206],[29.792097920979227,59.99401887464228],[29.799297992979945,59.990641720102516],[29.799297992979945,59.98557598829289],[29.79569795697958,59.98388741102296],[29.79209792097922,59.97882167921331],[29.788497884978852,59.975444524673556],[29.734497344973448,59.99570745191216],[29.72729727297274,60.0007731837218],[29.716497164971663,60.005838915531456],[29.698496984969864,60.010904647341114],[29.65889658896589,60.02610184277005]]],[[[32.337323373233744,67.12488068535691],[32.3409234092341,67.13670072624608],[32.355323553235536,67.13838930351599],[32.37332373323733,67.13670072624606],[32.387723877238784,67.13163499443644],[32.40932409324094,67.11981495354725],[32.40572405724058,67.1063063353882],[32.39492394923952,67.09955202630869],[32.36612366123662,67.11137206719785],[32.35532355323553,67.11306064446771],[32.34452344523447,67.1164377990075],[32.337323373233744,67.12488068535691]]],[[[33.975339753397556,69.36899987703103],[33.98253982539825,69.3808199179202],[33.99693996939971,69.38757422699973],[34.029340293402946,69.39432853607926],[34.122941229412305,69.40614857696843],[34.216542165421664,69.40783715423834],[34.40734407344076,69.3521141043322],[34.382143821438234,69.3419826407129],[34.025740257402596,69.35380268160206],[33.98613986139862,69.3622455679515],[33.975339753397556,69.36899987703103]]],[[[35.50535505355055,65.0952108069579],[35.50535505355056,65.12053946600615],[35.523355233552344,65.1441795477845],[35.55935559355595,65.14924527959417],[35.60255602556026,65.15431101140383],[35.64935649356494,65.1543110114038],[35.663756637566394,65.16781962956286],[35.68535685356856,65.17119678410262],[35.732157321573226,65.17288536137251],[35.78615786157864,65.1644424750231],[35.81495814958151,65.15431101140383],[35.82935829358294,65.1239166205459],[35.86175861758619,65.08001361152898],[35.865358653586554,65.0766364569892],[35.85455854558547,65.06481641610004],[35.84375843758436,65.06819357063979],[35.81855818558185,65.09014507514824],[35.81855818558186,65.0952108069579],[35.80775807758079,65.10871942511697],[35.79695796957971,65.11378515692662],[35.79335793357933,65.10027653876756],[35.78615786157864,65.08001361152895],[35.78255782557827,65.07325930244943],[35.782557825578266,65.06819357063978],[35.804158041580436,65.05975068429038],[35.84015840158404,65.05130779794096],[35.858158581585826,65.04455348886142],[35.865358653586554,65.03104487070237],[35.865358653586554,65.01247052073366],[35.85815858158584,65.00402763438423],[35.847358473584734,64.99896190257458],[35.83655836558368,64.99051901622519],[35.82215822158222,64.98376470714565],[35.80055800558006,64.978698975336],[35.764557645576474,64.96350177990705],[35.74295742957428,64.96181320263719],[35.72855728557287,64.97363324352635],[35.72855728557287,64.98545328441556],[35.72495724957249,65.00065047984451],[35.721357213572134,65.01415909800353],[35.72495724957249,65.02597913889271],[35.71055710557108,65.02766771616258],[35.688956889568914,65.03442202524215],[35.65295652956531,65.03442202524214],[35.60255602556026,65.0377991797819],[35.562955629556306,65.05130779794099],[35.5269552695527,65.07325930244944],[35.50535505355055,65.0952108069579]]],[[[35.854558545585476,64.40289412630604],[35.883358833588346,64.4130255899253],[35.91935919359193,64.4130255899253],[35.94455944559445,64.40458270357588],[35.96615966159662,64.3944512399566],[36.03096030960311,64.37249973544813],[36.04536045360453,64.36067969455893],[36.03456034560347,64.34210534459024],[36.00576005760058,64.33366245824081],[35.97335973359734,64.33197388097092],[35.95175951759518,64.34041676732035],[35.897758977589774,64.37418831271798],[35.86895868958689,64.38094262179754],[35.858158581585826,64.38769693087706],[35.854558545585476,64.40289412630604]]],[[[35.89055890558907,65.04117633432166],[35.90135901359014,65.0479306434012],[35.92655926559266,65.05468495248073],[35.95535955359554,65.05468495248071],[35.96255962559627,65.05468495248073],[35.97335973359734,65.05637352975059],[35.99495994959949,65.05468495248073],[36.00576005760058,65.05299637521085],[36.0129601296013,65.05130779794096],[36.02376023760238,65.04624206613133],[36.02736027360274,65.03611060251201],[36.01656016560168,65.0293562934325],[36.00576005760058,65.02597913889271],[35.95535955359554,65.02597913889271],[35.91935919359193,65.02091340708306],[35.90495904959051,65.02260198435297],[35.90135901359014,65.02597913889271],[35.897758977589774,65.03273344797223],[35.89055890558907,65.04117633432166]]],[[[35.940959409594115,65.15431101140379],[35.94455944559446,65.16781962956286],[35.94815948159482,65.1813282477219],[35.966159661596635,65.18808255680148],[35.99135991359916,65.19145971134121],[35.99135991359916,65.18301682499182],[35.998559985599854,65.18470540226168],[36.00936009360095,65.18301682499182],[36.02376023760237,65.17795109318217],[36.03816038160383,65.16950820683273],[36.0489604896049,65.16613105229298],[36.05616056160563,65.16275389775322],[36.05976059760599,65.15937674321346],[36.07056070560704,65.15768816594355],[36.192961929619315,65.1559995886737],[36.210962109621114,65.15768816594357],[36.25056250562506,65.15937674321346],[36.26136261362615,65.1543110114038],[36.236162361623634,65.14586812505439],[36.200162001620015,65.13911381597485],[36.13536135361356,65.13742523870499],[36.09936099360994,65.13067092962545],[36.074160741607415,65.13067092962547],[36.07416074160742,65.12729377508569],[36.066960669606715,65.12560519781582],[36.04536045360454,65.12729377508569],[36.03096030960311,65.13067092962547],[36.023760237602374,65.13235950689534],[35.95175951759518,65.14586812505438],[35.940959409594115,65.15431101140379]]],[[[36.44136441364416,64.91622161635036],[36.466564665646665,64.93479596631906],[36.538565385653875,64.92804165723953],[36.56736567365676,64.90271299819126],[36.632166321663234,64.90440157546116],[36.65376653766537,64.92804165723953],[36.696966969669724,64.93986169812871],[36.76176761767619,64.94999316174801],[36.808568085680854,64.9584360480974],[36.81576815768159,64.97532182079622],[36.80136801368013,64.99389617076494],[36.82296822968233,65.02091340708306],[36.83016830168301,65.03104487070237],[36.86256862568626,65.06481641610002],[36.866168661686636,65.0766364569892],[36.862568625686265,65.11378515692662],[36.819368193681974,65.13067092962547],[36.81936819368196,65.14755670232427],[36.89856898568989,65.15093385686404],[36.94896948969492,65.15937674321347],[36.97776977769778,65.166131052293],[37.006570065700664,65.17288536137252],[37.06057060570607,65.16781962956284],[37.12897128971288,65.15768816594355],[37.21897218972191,65.14080239324473],[37.323373233732354,65.11378515692662],[37.398973989739915,65.10196511603742],[37.49977499775001,65.06988214790968],[37.56457564575647,65.0479306434012],[37.62217622176224,65.04286491159155],[37.67257672576728,65.03611060251201],[37.704977049770484,65.0175362525433],[37.71577715777158,64.99727332530472],[37.7049770497705,64.9770103980661],[37.71937719377196,64.9584360480974],[37.79497794977951,64.92128734816],[38.00430065592391,64.8651835340187],[37.75944659077781,64.43842783215452],[37.74817748177483,64.4417314035133],[37.6869768697687,64.43159993989401],[37.654576545765494,64.4113370126554],[37.650976509765115,64.38769693087706],[37.62937629376297,64.37756546725777],[37.600576005760075,64.37756546725778],[37.557375573755735,64.3843197763373],[37.51417514175142,64.38600835360718],[37.47457474574746,64.38263119906742],[37.38457384573845,64.36067969455894],[37.33777337773378,64.34041676732035],[37.287372873728735,64.35223680820954],[37.121771217712194,64.39445123995657],[37.056970569705705,64.44341998078319],[36.83376833768338,64.59370335780275],[36.78336783367834,64.63929494408958],[36.7437674376744,64.68150937583664],[36.69696696966972,64.70852661215476],[36.64296642966432,64.71865807577407],[36.56016560165602,64.71696949850418],[36.53856538565387,64.75242962117173],[36.516965169651705,64.76931539387056],[36.527765277652776,64.791266898379],[36.52056520565207,64.80308693926821],[36.513365133651355,64.82503844377668],[36.502565025650256,64.835169907396],[36.55656556565567,64.82334986650679],[36.570965709657116,64.83010417558634],[36.49536495364956,64.8503671028249],[36.47376473764738,64.86556429825386],[36.45936459364596,64.88751580276234],[36.44136441364416,64.91622161635036]]],[[[39.71019710197104,68.16842143814442],[39.7209972099721,68.17348716995406],[39.771397713977144,68.17011001541431],[39.792997929979315,68.16504428360466],[39.83897225030963,68.14348027916127],[39.82431231143988,68.08838844005507],[39.79299792997933,68.11776412004794],[39.78219782197823,68.12789558366724],[39.7209972099721,68.1582899745251],[39.71019710197104,68.16842143814442]]]]}},{"type":"Feature","properties":{"territory_id":"RU-03","country_code":"RU","country_name":"Russia","display_name":"Central Russia and Moscow","strategic_centre":"Moscow","centre":[37.6178,55.7558],"boundary_status":"pass-1-provisional","admin_source":"Pass 1 strategic partition"},"geometry":{"type":"MultiPolygon","coordinates":[[[[31.246512465124663,53.015129018217095],[31.268112681126805,53.028637636376146],[31.318513185131852,53.07591779993287],[31.32931329313295,53.07929495447262],[31.35451354513546,53.0826721090124],[31.36531365313652,53.089426418091925],[31.365313653136532,53.09955788171123],[31.36531365313653,53.1096893453305],[31.361713617136193,53.119820808949804],[31.361713617136193,53.12150938621971],[31.361713617136186,53.13332942710888],[31.379713797137985,53.18229816793545],[31.41571415714156,53.1991839406343],[31.462514625146273,53.19918394063431],[31.512915129151313,53.194118208824655],[31.53451534515347,53.19411820882465],[31.574115741157414,53.207626826983734],[31.592115921159206,53.21100398152348],[31.6137161371614,53.2093154042536],[31.674916749167487,53.195806786094536],[31.69291692916929,53.192429631554766],[31.739717397174005,53.19242963155477],[31.757717577175782,53.18736389974513],[31.768517685176853,53.16878954977641],[31.779317793177945,53.12826369529924],[31.79731797317973,53.11306649987028],[31.80811808118083,53.1096893453305],[31.844118441184406,53.11137792260042],[31.854918549185495,53.109689345330516],[31.908919089190896,53.09111499536181],[31.93051930519305,53.087737840822044],[31.955719557195575,53.08942641809194],[31.9809198091981,53.09786930444133],[32.00972009720098,53.09955788171123],[32.08172081720818,53.082672109012414],[32.1177211772118,53.0809835317425],[32.1249212492125,53.08436068628229],[32.15372153721537,53.09618072717145],[32.18972189721899,53.09955788171123],[32.19692196921969,53.09786930444133],[32.20052200522005,53.09786930444132],[32.204122041220415,53.09955788171124],[32.20772207722078,53.10462361352089],[32.20772207722078,53.11644365441007],[32.21132211322115,53.12150938621971],[32.21492214922151,53.12488654075947],[32.26892268922691,53.12488654075947],[32.29412294122943,53.140083736188416],[32.31932319323196,53.162035240696895],[32.35172351723517,53.180609590665604],[32.387723877238784,53.187363899745115],[32.405724057240576,53.192429631554766],[32.42372423724237,53.20424967244394],[32.45612456124562,53.23633264057171],[32.47052470524708,53.25490699054043],[32.477724777247765,53.27516991777903],[32.456124561245616,53.27854707231879],[32.44892448924488,53.2886785359381],[32.45612456124562,53.30049857682726],[32.481324813248136,53.3055643086369],[32.50652506525066,53.297121422287496],[32.53892538925391,53.29543284501761],[32.56772567725679,53.29880999955739],[32.59652596525968,53.30894146317671],[32.59292592925932,53.31231861771642],[32.58212582125822,53.32076150406588],[32.57852578525785,53.324138658605605],[32.65052650526505,53.334270122224915],[32.66492664926652,53.330892967685145],[32.682926829268304,53.32751581314539],[32.697326973269746,53.32582723587549],[32.718927189271916,53.334270122224915],[32.70452704527045,53.366353090352696],[32.71892718927191,53.43051902660823],[32.718927189271916,53.43896191295763],[32.70092700927009,53.46260199473602],[32.690126901269025,53.462601994736005],[32.65772657726577,53.45584768565646],[32.64692646926473,53.45753626292637],[32.64332643326435,53.46935630381554],[32.64692646926471,53.47948776743485],[32.65052650526505,53.48793065378425],[32.636126361263614,53.492996385593905],[32.618126181261836,53.494684962863765],[32.600126001260016,53.492996385593905],[32.59292592925931,53.486242076514365],[32.585725857258595,53.48455349924447],[32.57852578525786,53.486242076514365],[32.57132571325715,53.49299638559389],[32.55332553325534,53.511570735562586],[32.53172531725318,53.52170219918191],[32.481324813248136,53.535210817340946],[32.45252452524526,53.54703085823014],[32.4309243092431,53.56222805365907],[32.412924129241304,53.58249098089768],[32.40212402124021,53.60950821721579],[32.39852398523985,53.62808256718451],[32.39852398523985,53.63483687626404],[32.405724057240576,53.63990260807369],[32.481324813248136,53.661854112582176],[32.488524885248864,53.67029699893157],[32.488524885248864,53.68549419436053],[32.48132481324814,53.69224850344004],[32.463324633246344,53.70744569886902],[32.441724417244195,53.71420000794853],[32.420124201242025,53.715888585218416],[32.37332373323732,53.71420000794854],[32.3589235892359,53.71926573975818],[32.32652326523265,53.74628297607629],[32.290522905229075,53.76148017150523],[32.16452164521647,53.78174309874384],[32.1069210692107,53.80707175779207],[32.08532085320854,53.81044891233184],[31.872918729187287,53.776677366934194],[31.78651786517867,53.79356313963301],[31.74331743317432,53.79525171690289],[31.75411754117542,53.81889179868124],[31.793717937179366,53.857729075888564],[31.811718117181183,53.88305773493678],[31.826118261182614,53.940469362112815],[31.836918369183703,53.962420866621265],[31.840518405184078,53.96917517570083],[31.84051840518407,53.97761806205021],[31.84051840518407,53.984372371129744],[31.847718477184777,53.99281525747917],[31.822518225182254,54.04516115284554],[31.82251822518226,54.05022688465519],[31.822518225182254,54.05360403919494],[31.81531815318156,54.056981193734714],[31.80811808118083,54.05529261646484],[31.800230865404064,54.052121654535895],[37.3931154922508,63.79995003121095],[37.43857438574386,63.79162915460847],[37.53577535775358,63.80007204095791],[37.60777607776077,63.8152692363868],[37.61857618576187,63.840597895435074],[37.611376113761146,63.8574836681339],[37.61497614976151,63.88112374991225],[37.658176581765815,63.8980095226111],[37.719377193771955,63.90476383169062],[37.827378273782756,63.901386677150846],[37.8669786697867,63.916583872579764],[37.942579425794264,63.94022395435815],[37.98577985779858,63.94528968616777],[38.00018000180003,63.95542114978711],[38.072180721807236,64.01789850877275],[38.08658086580867,64.03478428147159],[38.086580865808656,64.05842436324996],[38.046980469804716,64.1479189585537],[38.02898028980292,64.16480473125256],[38.0037800378004,64.17831334941161],[37.94617946179463,64.20195343118995],[37.91377913779139,64.22052778115867],[37.902979029790316,64.23910213112738],[37.924579245792486,64.25767648109607],[38.0037800378004,64.27456225379493],[38.02538025380256,64.29482518103353],[38.0217802178022,64.3083337991926],[38.0037800378004,64.31677668554198],[37.949779497794985,64.32521957189138],[37.92457924579247,64.33872819005045],[37.910179101791016,64.34379392186011],[37.91737917379174,64.35223680820954],[37.928179281792836,64.35730254001922],[37.94257942579427,64.35899111728905],[37.9569795697957,64.36405684909873],[37.8309783097831,64.35899111728905],[37.79857798577988,64.37756546725778],[37.79857798577987,64.41809132173496],[37.80577805778058,64.42484563081447],[37.77697776977772,64.4332885171639],[37.75944659077781,64.43842783215452],[38.00430065592391,64.8651835340187],[38.04698046980471,64.85374425736468],[38.144181441814425,64.84361279374538],[38.255782557825604,64.84698994828514],[38.356583565835685,64.85205568009482],[38.38538385383853,64.84530137101525],[38.37458374583748,64.82334986650679],[38.36738367383674,64.80984124834774],[38.37458374583748,64.79802120745856],[38.396183961839625,64.78620116656937],[38.403384033840354,64.7743811256802],[38.36378363783638,64.78113543475973],[38.3277832778328,64.79633263018867],[38.29538295382954,64.80477551653807],[38.2629826298263,64.7845125892995],[38.244982449824505,64.78113543475973],[38.16218162181622,64.78788974383924],[38.086580865808656,64.78620116656937],[38.06498064980649,64.78113543475973],[38.03618036180362,64.76256108479102],[38.04698046980472,64.74398673482231],[38.11538115381155,64.7034608803451],[38.12618126181263,64.69670657126558],[38.12258122581228,64.6882636849162],[38.10818108181082,64.67813222129688],[38.09378093780939,64.67306648948724],[38.03978039780398,64.65786929405829],[38.046980469804716,64.64604925316912],[38.06138061380614,64.64436067589925],[38.07938079380796,64.64773783043901],[38.09378093780939,64.65449213951855],[38.11178111781117,64.65955787132818],[38.151381513815146,64.6663121804077],[38.16218162181622,64.67137791221737],[38.16938169381695,64.6848865303764],[38.16578165781658,64.7034608803451],[38.172981729817316,64.7169694985042],[38.18738187381874,64.72372380758374],[38.20538205382056,64.7254123848536],[38.24138241382415,64.7254123848536],[38.273782737827396,64.73216669393312],[38.33858338583386,64.75918393025125],[38.37458374583747,64.76087250752111],[38.439384393843945,64.74229815755241],[38.471784717847186,64.74398673482231],[38.493384933849335,64.76762681660065],[38.482584825848285,64.76931539387054],[38.42498424984251,64.79295547564888],[38.417784177841774,64.80308693926823],[38.41778417784179,64.81828413469718],[38.446584465844666,64.81828413469718],[38.464584645846465,64.80984124834774],[38.51138511385114,64.78788974383926],[38.62298622986231,64.76931539387054],[38.73818738187382,64.74736388936206],[38.817388173881746,64.74229815755243],[38.871388713887136,64.74060958028255],[38.92178921789219,64.7321666939331],[39.040590405904055,64.69670657126561],[39.14139141391415,64.66293502586792],[39.249392493924944,64.64604925316912],[39.30339303393034,64.6460492531691],[39.33219332193324,64.63929494408958],[39.3429934299343,64.62240917139076],[39.38259382593827,64.60721197596179],[39.44379443794438,64.58188331691359],[39.56619566195665,64.54473461697611],[39.73539735397355,64.55486608059543],[39.76059760597609,64.56162038967497],[39.74619746197462,64.57681758510394],[39.76779767797681,64.58188331691356],[39.82179821798217,64.58694904872323],[39.84339843398437,64.59370335780275],[39.900999009990095,64.60383482142204],[39.92259922599226,64.60383482142207],[39.904599045990466,64.62409774866063],[39.86499864998652,64.61903201685101],[39.81819818198185,64.60383482142204],[39.785797857978594,64.59708051234252],[39.79299792997932,64.61565486231122],[39.810998109981114,64.65955787132818],[39.82179821798218,64.67137791221735],[39.85059850598507,64.67644364402702],[39.89019890198904,64.66968933494745],[40.063000630006314,64.62240917139076],[40.08512592148754,64.61203142397908],[41.14388673935147,52.103302035044976],[35.44415444154441,50.70935921877045],[35.44415444154441,50.7102210448272],[35.447754477544784,50.73386112660557],[35.43695436954371,50.76256694019358],[35.429754297543,50.77269840381284],[35.41895418954189,50.77945271289241],[35.39375393753939,50.78789559924182],[35.379353793537945,50.79802706286112],[35.37575375753758,50.80815852648041],[35.37935379353794,50.81997856736959],[35.379353793537945,50.83348718552863],[35.36855368553685,50.845307226417816],[35.346953469534704,50.86388157638654],[35.339753397534,50.87570161727572],[35.33975339753401,50.89258738997455],[35.34335343353433,50.90440743086373],[35.343353433534325,50.91622747175291],[35.3289532895329,50.929736089911955],[35.31815318153181,50.9348018217216],[35.29295292952929,50.93817897626137],[35.2857528575286,50.944933285340916],[35.28215282152823,50.95506474896021],[35.28215282152823,50.96181905803972],[35.282152821528236,50.98208198527832],[35.278552785527864,50.992213448897616],[35.33255332553327,51.000656335247044],[35.346953469534704,51.00909922159644],[35.35415354153543,51.02598499429528],[35.34695346953469,51.03611645791457],[35.328953289532905,51.0428707669941],[35.307353073530756,51.04793649880374],[35.2749527495275,51.04962507607361],[35.20655206552067,51.03949361245433],[35.17415174151742,51.04118218972422],[35.14535145351454,51.05806796242305],[35.12375123751238,51.09183950782071],[35.09855098550987,51.18302268039436],[35.09135091350913,51.198219875823305],[35.076950769507704,51.2083513394426],[35.05895058950592,51.21172849398238],[35.037350373503756,51.210039916712475],[35.019350193501936,51.20497418490282],[34.99774997749979,51.20159703036307],[34.97974979749799,51.210039916712475],[34.9617496174962,51.215105648522126],[34.94734947349474,51.215105648522126],[34.90054900549007,51.196531298553424],[34.81774817748177,51.17457979404496],[34.74934749347494,51.16444833042564],[34.6737467374674,51.16782548496542],[34.6557465574656,51.1712026395052],[34.641346413464134,51.18133410312446],[34.634146341463435,51.19484272128354],[34.626946269462714,51.21172849398238],[34.62334623346234,51.22523711214142],[34.60894608946092,51.23367999849086],[34.576545765457674,51.23705715303059],[34.51174511745116,51.23030284395108],[34.47934479344796,51.237057153030605],[34.40734407344076,51.253942925729426],[34.37134371343715,51.2573200802692],[34.33534335343352,51.250565771189684],[34.299342993429946,51.23199142122095],[34.281342813428154,51.2269256894113],[34.25614256142564,51.230302843951065],[34.18774187741877,51.24887719391978],[34.24534245342454,51.27420585296804],[34.28494284942849,51.30122308928615],[34.31014310143102,51.334994634683795],[34.299342993429946,51.36876618008145],[34.281342813428154,51.362011871001926],[34.26334263342633,51.36201187100194],[34.248942489424905,51.36370044827179],[34.23094230942312,51.36707760281158],[34.21654216542165,51.373831911891095],[34.1949419494195,51.38565195278028],[34.184141841418416,51.3940948391297],[34.18054180541807,51.40253772547909],[34.18774187741878,51.40760345728876],[34.209342093420936,51.41098061182853],[34.21654216542165,51.41773492090806],[34.22014220142202,51.42786638452737],[34.216542165421664,51.43630927087675],[34.2129421294213,51.44475215722618],[34.212942129421286,51.45488362084548],[34.216542165421664,51.46501508446477],[34.223742237422385,51.48190085716359],[34.22734227342275,51.49372089805277],[34.223742237422385,51.51398382529137],[34.21654216542166,51.53255817526008],[34.20214202142023,51.54606679341913],[34.15894158941589,51.576461184277036],[34.151741517415196,51.583215493356555],[34.148141481414825,51.59334695697587],[34.14454144541447,51.61360988421443],[34.1409414094141,51.620364193293995],[34.12654126541267,51.62711850237351],[34.09054090540905,51.633872811453045],[34.07974079740799,51.64231569780244],[34.09054090540906,51.665955779580834],[34.12654126541267,51.681152975009745],[34.29934299342995,51.706481634058],[34.35694356943571,51.704793056788105],[34.37494374943751,51.708170211327875],[34.41454414544146,51.73687602491589],[34.4109441094411,51.77740187939306],[34.38574385743857,51.81792773387025],[34.37134371343715,51.82637062021968],[34.34614346143462,51.841567815648595],[34.32814328143283,51.850010701998016],[34.29574295742959,51.873650783776384],[34.2777427774278,51.8804050928559],[34.26334263342632,51.8804050928559],[34.245342453424534,51.875339361046265],[34.234542345423456,51.878716515586035],[34.234542345423456,51.880405092855895],[34.23094230942312,51.89391371101498],[34.22734227342274,51.89897944282465],[34.22374223742239,51.902356597364374],[34.20934209342094,51.9091109064439],[34.20214202142023,51.91248806098369],[34.16614166141662,51.94288245184157],[34.14454144541447,51.95132533819099],[34.097740977409785,51.951325338191005],[34.09774097740979,51.959768224540404],[34.1049410494105,51.974965419969344],[34.10134101341015,51.99185119266818],[34.079740797408,52.013802697176665],[34.06894068940691,52.03068846987548],[34.06174061740617,52.05095139711406],[34.06174061740617,52.08303436524183],[34.05814058140581,52.09992013794067],[34.0581405814058,52.104985869750315],[34.072540725407265,52.12862595152867],[34.07254072540727,52.138757415147964],[34.07254072540727,52.14888887876724],[34.065340653406544,52.15902034238654],[34.05454054540548,52.17084038327573],[34.04014040140402,52.18603757870469],[34.022140221402225,52.197857619593854],[33.957339573395735,52.22487485591198],[33.9429394293943,52.235006319531294],[33.91773917739178,52.27046644219882],[33.89973899738999,52.28566363762777],[33.860138601386026,52.3025494103266],[33.838538385383856,52.31436945121577],[33.82413824138243,52.33125522391462],[33.81693816938171,52.34476384207366],[33.80253802538027,52.35489530569296],[33.77733777337775,52.35996103750261],[33.73413734137342,52.361649614772475],[33.68733687336874,52.35658388296284],[33.60093600936011,52.3312552239146],[33.53253532535325,52.289040792167526],[33.51093510935109,52.28735221489765],[33.49293492934931,52.30254941032662],[33.50013500135004,52.34138668753386],[33.48213482134822,52.35827246023271],[33.464134641346426,52.353206728423054],[33.45333453334533,52.344763842073654],[33.4389343893439,52.33969811026402],[33.42093420934211,52.33800953299413],[33.40293402934032,52.34307526480378],[33.39933399333996,52.34476384207366],[33.3777337773378,52.35489530569296],[33.35973359733598,52.3582724602327],[33.29493294932951,52.35658388296284],[33.197731977319805,52.368403923852014],[33.18333183331834,52.36671534658214],[33.16533165331654,52.359961037502615],[33.14013140131402,52.339698110264],[33.12933129331293,52.33294380118448],[33.107731077310774,52.32787806937483],[33.10053100531008,52.32450091483505],[33.086130861308625,52.310992296676005],[33.07893078930789,52.30592656486635],[33.0717307173072,52.30423798759648],[33.05733057330574,52.30930371940613],[33.04653046530468,52.30930371940613],[33.02853028530285,52.30423798759648],[32.92772927729277,52.24682636042047],[32.90972909729098,52.24176062861083],[32.89172891728918,52.24176062861081],[32.859328593285944,52.25695782403977],[32.8449284492845,52.26202355584939],[32.816128161281625,52.2620235558494],[32.754927549275486,52.251892092230115],[32.72612726127261,52.251892092230136],[32.52812528125281,52.31605802848565],[32.481324813248136,52.30761514213621],[32.39492394923952,52.32618949210495],[32.355323553235536,52.3211237602953],[32.34092340923411,52.28735221489765],[32.34452344523448,52.27722075127834],[32.36252362523627,52.25526924676987],[32.36612366123663,52.24682636042047],[32.362523625236264,52.23669489680116],[32.35172351723517,52.22994058772164],[32.33732337323375,52.22487485591199],[32.32652326523265,52.21980912410234],[32.31932319323195,52.20123477413364],[32.30852308523086,52.14044599241785],[32.27612276122761,52.10329729248042],[32.23292232922331,52.081345787971955],[32.09612096120961,52.04081993349475],[32.07812078120782,52.03913135622488],[32.01692016920171,52.04926281984418],[31.9809198091981,52.04757424257431],[31.926919269192698,52.030688469875486],[31.90891908919091,52.028999892605576],[31.89091890918911,52.035754201685144],[31.88731887318875,52.050951397114055],[31.88731887318875,52.06952574708279],[31.883718837188386,52.08641151978163],[31.858518585185863,52.09992013794066],[31.826118261182607,52.10329729248043],[31.764917649176514,52.09992013794067],[31.764917649176514,52.13031452879855],[31.761317613176153,52.150577456037155],[31.750517505175058,52.16408607419619],[31.700117001170018,52.18603757870468],[31.68931689316895,52.19110331051434],[31.682116821168226,52.201234774133646],[31.678516785167858,52.21643196956256],[31.682116821168226,52.22994058772165],[31.68931689316895,52.2434492058807],[31.700117001170018,52.251892092230115],[31.682116821168226,52.256957824039766],[31.649716497164977,52.26033497857952],[31.631716317163193,52.26540071038917],[31.613716137161386,52.273843596738566],[31.595715957159577,52.28397506035787],[31.566915669156693,52.31099229667601],[31.581315813158156,52.31774660575554],[31.592115921159206,52.32787806937483],[31.602916029160294,52.34138668753388],[31.610116101161022,52.35489530569295],[31.606516065160662,52.371781078391784],[31.599315993159937,52.38360111928097],[31.592115921159206,52.392044005630375],[31.581315813158152,52.40217546924967],[31.584915849158506,52.4275041282979],[31.588515885158877,52.45789851915581],[31.58851588515887,52.48322717820403],[31.56691566915669,52.493358641823335],[31.552515525155254,52.501801528172784],[31.548915489154897,52.511932991792044],[31.55971559715599,52.52037587814145],[31.577715777157778,52.525441609951116],[31.563315633156353,52.537261650840286],[31.55971559715599,52.540638805380034],[31.574115741157414,52.54063880538005],[31.610116101161033,52.535573073570404],[31.624516245162454,52.537261650840286],[31.628116281162825,52.5473931144596],[31.6137161371614,52.559213155348765],[31.577715777157778,52.57778750531748],[31.56691566915669,52.58960754620667],[31.53451534515346,52.63013340068384],[31.491314913149125,52.66728210062125],[31.480514805148065,52.68247929605018],[31.548915489154897,52.70611937782852],[31.570515705157046,52.72469372779725],[31.570515705157053,52.76690815954432],[31.559715597155993,52.787171086782934],[31.548915489154904,52.79392539586245],[31.53811538115383,52.80067970494198],[31.523715237152373,52.812499745831175],[31.51651516515165,52.8276969412601],[31.51291512915132,52.84120555941915],[31.50571505715059,52.84964844576859],[31.480514805148065,52.85133702303846],[31.451714517145177,52.8564027548481],[31.419314193141933,52.869911373007156],[31.38691386913871,52.888485722975894],[31.36531365313652,52.90874865021447],[31.340113401134005,52.95771739104108],[31.322113221132213,52.97629174100979],[31.246512465124663,53.015129018217095]]],[[[38.69667862223549,66.07192782389721],[39.798948685502864,67.9930722991293],[39.945392076998104,66.2629168909348],[39.850598505985054,66.24513192774803],[39.81099810998111,66.22993473231908],[39.771397713977144,66.22486900050943],[39.7029970299703,66.20629465054074],[39.46539465394657,66.17927741422261],[39.38619386193864,66.14550586882494],[39.34299342993431,66.13537440520565],[39.06219062190624,66.10329143707789],[38.97218972189722,66.11173432342731],[38.95058950589508,66.10835716888751],[38.93618936189364,66.10160285980798],[38.69667862223549,66.07192782389721]]],[[[39.710197101971026,65.4481234563634],[39.71019710197103,65.47007496087187],[39.71739717397176,65.49540361992011],[39.7317973179732,65.52410943350813],[39.73899738997392,65.53930662893704],[39.749797497974974,65.55281524709613],[39.825398253982556,65.60684971973237],[39.980199801998026,65.65581846055896],[39.99658818662437,65.658060467958],[40.04078007965229,65.13595536003922],[39.872198721987225,65.27757715210524],[39.782197821978244,65.32316873839207],[39.74259742597428,65.35694028378974],[39.7209972099721,65.38058036556808],[39.71379713797139,65.40253187007654],[39.710197101971026,65.4481234563634]]],[[[39.825398253982556,64.67982079856678],[39.83259832598328,64.68995226218607],[39.85419854198543,64.69839514853545],[39.904599045990466,64.71021518942466],[39.98379983799839,64.71865807577407],[40.00180001800018,64.71865807577404],[40.01620016200163,64.71021518942466],[40.045000450004494,64.70008372580536],[40.077673020061845,64.70008372580537],[40.08254935098878,64.64247231542187],[40.07020070200702,64.64773783043901],[40.05580055800558,64.65280356224864],[40.02340023400234,64.65786929405829],[39.93699936999372,64.66293502586792],[39.91899918999191,64.66800075767759],[39.872198721987225,64.68319795310654],[39.854198541985426,64.68319795310654],[39.839798397984,64.68150937583667],[39.825398253982556,64.67982079856678]]],[[[39.94419944199442,64.72878953939338],[39.95139951399515,64.74229815755243],[39.98739987399875,64.74398673482233],[40.00180001800018,64.73723242574277],[39.98019980199803,64.72878953939338],[39.94419944199442,64.72878953939338]]],[[[40.03420034200343,64.76087250752111],[40.048600486004865,64.76931539387054],[40.07143976794284,64.77372648123612],[40.07280642184515,64.75758014908644],[40.03420034200343,64.76087250752111]]]]}},{"type":"Feature","properties":{"territory_id":"RU-04","country_code":"RU","country_name":"Russia","display_name":"Volga Russia","strategic_centre":"Nizhny Novgorod","centre":[44.0059,56.2965],"boundary_status":"pass-1-provisional","admin_source":"Pass 1 strategic partition"},"geometry":{"type":"MultiPolygon","coordinates":[[[[39.798948685502864,67.9930722991293],[39.813961114020906,68.04948878925643],[39.82899828998291,68.04684387471285],[39.839798397983984,68.0434667201731],[39.85059850598508,68.0417781429032],[39.85779857798581,68.04684387471285],[39.861398613986154,68.05697533833218],[39.85779857798578,68.05697533833218],[39.843398433984376,68.07048395649124],[39.82431231143988,68.08838844005507],[39.83897225030963,68.14348027916127],[39.86859868598686,68.12958416093711],[39.91179911799119,68.12282985185759],[39.92259922599226,68.11438696550816],[39.92259922599226,68.10087834734914],[39.92979929799299,68.08568115192017],[39.94419944199443,68.06710680195145],[39.990999909999125,68.02826952474416],[40.005400054000546,68.01982663839475],[40.019800198001974,68.016449483855],[40.0378003780038,68.01476090658511],[40.05940059400596,68.00969517477546],[40.07740077400774,68.0029408656959],[40.12060120601207,67.97085789756814],[40.14940149401494,67.9573492794091],[40.29340293402935,67.91344627039211],[40.2970029700297,67.91006911585238],[40.300603006030066,67.9050033840427],[40.30420304203042,67.90162622950295],[40.32580325803259,67.9066919613126],[40.34020340203403,67.90838053858249],[40.35100351003509,67.9066919613126],[40.3618036180362,67.90331480677284],[40.41220412204124,67.87460899318484],[40.419404194041945,67.86616610683544],[40.4050040500405,67.85265748867636],[40.37260372603727,67.8492803341366],[40.32220322203221,67.85096891140648],[40.32220322203223,67.84421460232696],[40.383403834038354,67.79862301604011],[40.466204662046636,67.76147431610268],[40.50220502205023,67.74965427521349],[40.538205382053825,67.75472000702317],[40.567005670056716,67.78342582061116],[40.56700567005673,67.78849155242082],[40.56340563405636,67.79524586150035],[40.559805598055995,67.80031159330998],[40.56340563405636,67.80706590238952],[40.574205742057416,67.8104430569293],[40.58860588605888,67.81213163419916],[40.6138061380614,67.81044305692932],[40.65340653406534,67.81382021146904],[40.67140671406716,67.8104430569293],[40.67860678606787,67.79355728423046],[40.685806858068595,67.7817372433413],[40.700207002070016,67.77329435699187],[40.732607326073264,67.76316289337254],[40.8010080100801,67.72770277070504],[40.84060840608408,67.72432561616529],[40.92340923409237,67.73445707978456],[40.96660966609668,67.72432561616529],[41.0170101701017,67.69730837984716],[41.03861038610387,67.67704545260854],[41.0530105301053,67.65340537083019],[41.05301053010531,67.61963382543252],[41.03141031410314,67.59937089819395],[41.00621006210062,67.58248512549515],[40.988209882098836,67.5639107755264],[40.988209882098836,67.55546788917702],[41.00621006210064,67.54364784828785],[41.01341013410135,67.5352049619384],[41.01341013410135,67.5284506528589],[41.009810098100985,67.52507349831913],[41.00621006210062,67.52000776650944],[41.006210062100614,67.5166306119697],[41.00621006210063,67.49130195292148],[41.002610026100264,67.4794819120323],[40.99900999009992,67.46766187114312],[41.06021060210602,67.46597329387322],[41.0890108901089,67.45921898479368],[41.11421114211144,67.44739894390452],[41.14661146611467,67.42375886212618],[41.150211502115035,67.42375886212615],[41.14661146611467,67.41193882123699],[41.13941139411396,67.39505304853816],[41.135811358113585,67.38492158491886],[41.1358113581136,67.33595284409223],[41.13221132211322,67.30893560777415],[41.121411214112165,67.28698410326567],[41.110611106111065,67.25321255786801],[41.139411394113964,67.23463820789931],[41.24381243812439,67.21268670339083],[41.26541265412654,67.22112958974023],[41.28701287012873,67.22957247608967],[41.30861308613086,67.23463820789928],[41.31941319413194,67.23126105335952],[41.34101341013411,67.22450674428],[41.355413554135524,67.2143752806607],[41.36261362613627,67.2042438170414],[41.3590135901359,67.19073519888234],[41.33741337413374,67.17047227164375],[41.337413374133746,67.16034080802444],[41.34461344613447,67.14852076713527],[41.380613806138065,67.13670072624608],[41.39141391413916,67.1248806853569],[41.38421384213843,67.10968348992799],[41.36621366213662,67.10124060357856],[41.351813518135216,67.0961748717689],[41.34101341013412,67.08773198541951],[41.3410134101341,67.04720613094231],[41.34821348213483,67.03032035824349],[41.35541355413554,67.02187747189406],[41.3590135901359,67.01343458554469],[41.34821348213483,67.00161454465548],[41.330213302133025,66.99823739011572],[41.305013050130505,67.00161454465551],[41.279812798127985,67.00161454465548],[41.26901269012692,66.9881059264964],[41.276212762127635,66.98135161741688],[41.29061290612909,66.97290873106749],[41.305013050130505,66.96277726744819],[41.305013050130505,66.94926864928908],[41.26901269012692,66.9019884857324],[41.179011790117904,66.80911673588886],[41.146611466114685,66.78885380865025],[41.042210422104255,66.7449507996333],[40.91620916209163,66.67234197702835],[40.86220862208623,66.65207904978976],[40.833408334083344,66.63181612255117],[40.81540815408155,66.6216846589319],[40.7938079380794,66.61493034985234],[40.761407614076155,66.60648746350293],[40.74340743407436,66.59804457715353],[40.7290072900729,66.58453595899444],[40.71820718207184,66.56933876356554],[40.71460714607147,66.55583014540643],[40.718207182071836,66.5490758363269],[40.71820718207183,66.54232152724737],[40.70380703807039,66.5288129090883],[40.67140671406716,66.51192713638947],[40.63540635406354,66.50686140457985],[40.6030060300603,66.49672994096055],[40.57780577805779,66.46802412737254],[40.567005670056716,66.45620408648338],[40.50580505805058,66.44100689105443],[40.44460444604448,66.40554676838688],[40.401404014040146,66.39372672749771],[40.30780307803079,66.38190668660854],[40.15660156601566,66.32956079124216],[40.08460084600847,66.28903493676498],[39.945392076998104,66.2629168909348],[39.798948685502864,67.9930722991293]]],[[[39.99658818662437,65.658060467958],[40.06660066600668,65.66763850144814],[40.27900279002791,65.7301158604338],[40.47340473404734,65.81285614665804],[40.63540635406354,65.93274513281972],[40.711007110071115,65.97158241002704],[40.79740797407976,65.99184533726562],[41.01701017010171,66.00704253269457],[41.107011070110694,66.03068261447294],[41.341013410134124,66.06276558260069],[41.40221402214025,66.08640566437907],[41.416614166141684,66.08978281891882],[41.43461434614347,66.09484855072849],[41.46341463414634,66.11848863250682],[41.4778147781478,66.12355436431648],[41.4958149581496,66.12862009612611],[41.55341553415535,66.1522601779045],[41.62181621816218,66.16576879606356],[41.64341643416435,66.17252310514309],[41.639816398164,66.18265456876237],[41.643416434164344,66.1894088778419],[41.654216542165436,66.19278603238165],[41.855818558185604,66.29578924584449],[42.02142021420215,66.41230107746641],[42.11862118621187,66.50517282730995],[42.15462154621548,66.52712433181847],[42.201422014220164,66.53219006362806],[42.36702367023671,66.51192713638947],[42.64422644226443,66.45282693194359],[42.662226622266225,66.44269546832432],[42.65862658626589,66.42580969562547],[42.5758257582576,66.40216961384712],[42.5470254702547,66.3852838411483],[42.748627486274856,66.3954153047676],[42.943029430294295,66.41905538654592],[43.126631266312685,66.42412111835559],[43.25263252632527,66.43594115924478],[43.30303303033032,66.42580969562547],[43.32463324633247,66.41061250019655],[43.34983349833499,66.3667094911796],[43.36783367833677,66.346446563941],[43.40743407434075,66.33293794578194],[43.511835118351215,66.32956079124214],[43.55503555035552,66.32280648216262],[43.65583655836559,66.2856577822252],[43.68463684636849,66.2653948549866],[43.69183691836921,66.23668904139859],[43.66663666636669,66.21811469142992],[43.50823508235083,66.18434314603225],[43.468634686346874,66.17083452787318],[43.43623436234365,66.14888302336473],[43.4218342183422,66.13537440520565],[43.407434074340756,66.12524294158635],[43.38943389433896,66.11680005523695],[43.37143371433715,66.1117343234273],[43.324633246332475,66.10666859161766],[43.303033030330305,66.10160285980798],[43.28863288632889,66.08978281891882],[43.33543335433356,66.06783131441034],[43.34263342633426,66.05938842806093],[43.35343353433536,66.04081407809223],[43.37503375033751,66.03743692355245],[43.41823418234183,66.0425026553621],[43.45063450634506,66.03743692355245],[43.475834758347574,66.0222397281235],[43.49743497434973,66.00028822361502],[43.51543515435157,65.97495956456679],[43.526235262352635,66.01886257358376],[43.522635226352264,66.0357483462826],[43.50103501035011,66.05263411898142],[43.41103411034113,66.06107700533082],[43.382233822338236,66.0712084689501],[43.41103411034111,66.09822570526822],[43.465034650346524,66.12693151885624],[43.47943479434795,66.1319972506659],[43.5190351903519,66.13706298247556],[43.562235622356255,66.14719444609483],[43.5838358383584,66.15057160063459],[43.63423634236343,66.15226017790447],[43.65583655836561,66.16239164152378],[43.67023670236701,66.17421168241296],[43.69183691836921,66.18265456876239],[43.71343713437136,66.18603172330214],[43.760237602376044,66.17758883695272],[43.8358383583836,66.18603172330215],[43.85383853838538,66.18096599149249],[43.893438934389366,66.15901448698399],[43.94743947439475,66.1404401370153],[43.98703987039872,66.10835716888752],[44.0446404464045,66.0813399325694],[44.05184051840518,66.07289704621998],[44.04824048240483,66.05601127352115],[44.04104041040413,66.04250265536211],[44.033840338403394,66.03574834628257],[44.026640266402666,66.02899403720306],[44.02664026640266,66.01548541904398],[44.04104041040411,65.9935339145355],[44.08784087840881,65.95976236913785],[44.16704167041672,65.88546496926301],[44.18144181441816,65.86351346475452],[44.19224192241924,65.9057278965016],[44.174241742417436,65.9344337100896],[44.14544145441454,65.95976236913785],[44.12384123841238,65.98846818272585],[44.12384123841238,66.01379684177411],[44.15264152641526,66.05769985079105],[44.159841598416,66.08640566437906],[44.14904149041488,66.10498001434777],[44.09864098640986,66.14212871428518],[44.084240842408434,66.15901448698402],[44.08064080640807,66.20629465054074],[44.09504095040951,66.26201770044685],[44.12384123841238,66.31436359581323],[44.15264152641525,66.35657802756029],[44.167041670416715,66.37346380025913],[44.210242102421034,66.40216961384712],[44.21744217442177,66.4139896547363],[44.23544235442356,66.44776120013395],[44.24624246242462,66.45451550921346],[44.3470434704347,66.50010709550031],[44.36144361443617,66.50854998184974],[44.37224372243722,66.52205860000878],[44.379443794437954,66.54569868178714],[44.386643866438675,66.60142173169326],[44.39384393843941,66.6216846589319],[44.42984429844297,66.64363616344033],[44.476644766447656,66.65545620432952],[44.56304563045632,66.6655876679488],[44.55224552245522,66.677407708838],[44.53064530645307,66.67740770883802],[44.509045090450904,66.67234197702837],[44.487444874448755,66.67571913156812],[44.465844658446606,66.69091632699704],[44.45144451444515,66.70104779061637],[44.433444334443365,66.73313075874412],[44.37944379443795,66.76352514960203],[44.365043650436505,66.78209949957073],[44.3758437584376,66.80573958134907],[44.4658446584466,66.81924819950812],[44.487444874448755,66.8445768585564],[44.48024480244805,66.893545599383],[44.491044910449126,66.90367706300228],[44.523445234452346,66.91887425843123],[44.498244982449826,66.922251412971],[44.49104491044912,66.93069429932041],[44.48744487444874,66.94251434020958],[44.480244802448034,66.95433438109876],[44.433444334443344,66.98304019468677],[44.42624426244262,66.99486023557596],[44.40824408244084,67.01174600827477],[44.37224372243721,67.03032035824349],[44.30384303843039,67.05564901729173],[44.31464314643147,67.07422336726044],[44.33624336243363,67.08435483087973],[44.357843578435784,67.09110913995924],[44.379443794437954,67.10461775811834],[44.2858428584286,67.08773198541954],[44.26424264242644,67.09448629449903],[44.24624246242463,67.1063063353882],[44.206642066420685,67.1248806853569],[44.17424174241743,67.13332357170634],[44.152641526415266,67.1434550353256],[44.095040950409505,67.15865223075456],[44.04104041040412,67.16709511710401],[43.98703987039873,67.16371796256422],[43.951039510395105,67.16371796256422],[43.91863918639188,67.16034080802444],[43.86823868238684,67.17216084891366],[43.81423814238145,67.17722658072327],[43.77463774637747,67.20424381704142],[43.76023760237604,67.22112958974023],[43.7638376383764,67.23801536243904],[43.767437674376765,67.27685263964635],[43.79263792637928,67.34270715317179],[43.86103861038611,67.42544743939601],[44.00144001440013,67.57573081641561],[44.0230402304023,67.6162566708928],[44.02304023040231,67.62469955724218],[44.02664026640266,67.64327390721091],[44.0230402304023,67.65678252536996],[44.03384033840339,67.67029114352901],[44.04104041040413,67.68042260714833],[44.04824048240483,67.6837997616881],[44.07344073440735,67.68717691622786],[44.08424084240845,67.68717691622786],[44.08784087840881,67.6821111844182],[44.09504095040953,67.6753568753387],[44.098640986409876,67.66860256625915],[44.09864098640988,67.66691398898928],[44.109441094410954,67.66691398898926],[44.127441274412746,67.67029114352901],[44.145441454414524,67.67873402987846],[44.15264152641527,67.69393122530738],[44.1418414184142,67.70743984346646],[44.12384123841238,67.71081699800621],[44.0770407704077,67.70743984346646],[44.06984069840702,67.71419415254597],[44.08064080640807,67.72939134797494],[44.109441094410954,67.75472000702315],[44.116641166411696,67.76485147064247],[44.12384123841238,67.7783600888015],[44.13104131041312,67.7918687069606],[44.13104131041312,67.80368874784976],[44.12384123841238,67.81719736600883],[44.11304113041131,67.82564025235821],[44.098640986409855,67.8323945614378],[44.0878408784088,67.84083744778718],[44.08424084240843,67.85096891140645],[44.084240842408434,67.86785468410532],[44.0878408784088,67.88474045680412],[44.09864098640987,67.89318334315354],[44.17784177841778,67.88980618861379],[44.19944199441995,67.89318334315352],[44.217442174421755,67.8999376522331],[44.249842498425,67.9185120022018],[44.26784267842681,67.92695488855118],[44.23544235442356,67.93877492944036],[44.1490414904149,67.92526631128132],[44.12384123841238,67.93370919763072],[44.138241382413845,67.97592362937782],[44.15624156241564,67.98098936118745],[44.19584195841959,67.98267793845734],[44.213842138421406,67.98943224753685],[44.19584195841961,67.99449797934649],[44.156241562415616,67.98943224753685],[44.13824138241383,67.9944979793465],[44.163441634416344,68.01138375204533],[44.33624336243364,68.05697533833215],[44.41184411844119,68.06372964741169],[44.40464404644047,68.0654182246816],[44.36144361443616,68.07048395649124],[44.307443074430736,68.0654182246816],[44.25704257042572,68.05528676106229],[44.21384213842141,68.04008956563332],[44.18144181441816,68.03671241109357],[44.17064170641706,68.05528676106229],[44.17424174241743,68.08568115192014],[44.18504185041851,68.1110098109684],[44.20304203042031,68.13633847001665],[44.20664206642067,68.14646993363594],[44.206642066420685,68.16335570633478],[44.20664206642067,68.17348716995407],[44.23544235442356,68.23258737439997],[44.24264242642428,68.25622745617832],[44.24264242642428,68.2781789606868],[44.22824228242283,68.29675331065548],[44.15984159841601,68.3355905878628],[43.742237422374245,68.47574250126306],[43.324633246332475,68.61420583739344],[43.292232922329234,68.63615734190194],[43.274232742327435,68.65810884641039],[43.31743317433174,68.6665517327598],[43.375033750337515,68.66824031002972],[43.47583475834759,68.6682403100297],[43.616236162361645,68.64122307371157],[43.6378363783638,68.63953449644171],[43.6918369183692,68.62433730101276],[43.74583745837458,68.61589441466333],[43.78543785437856,68.60576295104406],[43.80343803438035,68.59732006469464],[43.82143821438215,68.59225433288496],[43.864638646386474,68.58718860107531],[43.983439834398354,68.55172847840778],[44.23904239042391,68.53653128297884],[44.50904509045091,68.55341705567766],[44.96264962649628,68.5517284784078],[45.12536017682427,68.54859844364832],[45.96113020615314,68.40750773628119],[45.96705967059671,68.39637936957857],[45.97065970659708,68.38962506049907],[45.981459814598175,68.38287075141952],[46.00666006660069,68.37273928780024],[46.017460174601744,68.3642964014508],[46.02106021060212,68.35416493783151],[46.02466024660247,68.33221343332306],[46.02826028260286,68.32377054697363],[46.046260462604636,68.31870481516397],[46.07866078660788,68.31026192881458],[46.16506165061651,68.2697360743374],[46.22266222662228,68.2393416834795],[46.27666276662768,68.21401302443127],[46.29466294662949,68.21063586989146],[46.35226352263523,68.21401302443128],[46.366663666636676,68.21063586989146],[46.39546395463956,68.19712725173243],[46.42066420664207,68.19206151992279],[46.46026460264602,68.17011001541431],[46.53586535865357,68.13296131547692],[46.52146521465215,68.12114127458767],[46.48906489064889,68.11438696550817],[46.46026460264601,68.1110098109684],[46.5250652506525,68.11438696550817],[46.53946539465396,68.10763265642862],[46.546665466654666,68.09918977007924],[46.546665466654666,68.09243546099968],[46.5430654306543,68.08736972919003],[46.5430654306543,68.07723826557076],[46.546665466654666,68.0434667201731],[46.55026550265505,68.02995810201404],[46.55746557465577,68.01644948385496],[46.575465754657564,67.9978751338863],[46.59706597065972,67.987743670267],[46.61866618666187,67.98098936118745],[46.64026640266402,67.96916932029828],[46.64386643866439,67.96072643394884],[46.647466474664746,67.95228354759945],[46.65106651066511,67.94384066125001],[46.658266582665846,67.93708635217048],[46.67986679866801,67.91513484766202],[46.70146701467015,67.89149476588368],[46.705067050670515,67.88305187953426],[46.71226712267122,67.87460899318484],[46.723067230672314,67.84421460232696],[46.69786697866979,67.81719736600883],[46.661866618666174,67.80706590238952],[46.57186571865718,67.8087544796594],[46.50706507065073,67.81550878873895],[46.48906489064891,67.8188859432787],[46.44226442264423,67.81719736600883],[46.3738637386374,67.8188859432787],[46.211862118621184,67.80200017057986],[46.003060030600324,67.76822862518222],[45.6178561785618,67.74627712067375],[45.44865448654489,67.72939134797491],[45.35145351453515,67.7310799252448],[45.30825308253083,67.7125055752761],[45.304653046530476,67.69393122530738],[45.31905319053192,67.68548833895798],[45.33705337053371,67.68717691622786],[45.347853478534816,67.68548833895797],[45.351453514535166,67.66353683444949],[45.34785347853481,67.65002821629044],[45.340653406534074,67.62638813451206],[45.33705337053371,67.61456809362289],[45.31545315453155,67.59261658911441],[45.26145261452614,67.584173702765],[45.164251642516426,67.584173702765],[45.0958509585096,67.5639107755264],[45.02745027450275,67.53182780739866],[44.96624966249663,67.49130195292146],[44.91944919449196,67.440644634825],[44.92664926649266,67.42207028485625],[44.92304923049233,67.40518451215748],[44.915849158491596,67.38829873945865],[44.91224912249123,67.37141296675979],[44.923049230492325,67.3511500395212],[44.951849518495166,67.32075564866331],[45.056250562505625,67.28360694872588],[45.157051570515705,67.25490113513787],[45.221852218522216,67.23294963062942],[45.30825308253082,67.21099812612091],[45.40905409054091,67.19917808523176],[45.509855098551,67.1856694670727],[45.59265592655927,67.15865223075456],[45.639456394563936,67.10799491265809],[45.64665646656468,67.08435483087972],[45.66465664656646,67.06240332637122],[45.78345783457834,66.96784299925784],[45.797857978579806,66.94926864928911],[45.80505805058053,66.91887425843125],[45.823058230582326,66.89861133119263],[45.851858518585196,66.88679129030344],[45.96345963459635,66.86652836306486],[45.98865988659888,66.85808547671543],[46.013860138601395,66.83951112674673],[46.02466024660248,66.83275681766722],[46.04266042660429,66.83106824039733],[46.30186301863019,66.83951112674673],[46.4890648906489,66.87834840395405],[46.546665466654666,66.87834840395404],[46.57906579065793,66.87328267214438],[46.59706597065971,66.85808547671543],[46.60066600666009,66.83782254947687],[46.57906579065792,66.83275681766722],[46.55386553865541,66.83275681766722],[46.53226532265325,66.82769108585757],[46.49986499864999,66.79560811772977],[46.48186481864822,66.78378807684064],[46.39906399063992,66.75170510871286],[46.38106381063813,66.74832795417306],[46.406264062640645,66.74663937690322],[46.449464494644964,66.75508226325259],[46.48906489064892,66.76859088141168],[46.55026550265503,66.80236242680934],[46.58266582665829,66.81587104496838],[46.82746827468275,66.8445768585564],[46.92826928269283,66.84457685855638],[46.98226982269824,66.8631512085251],[47.02547025470255,66.85977405398535],[47.410674106741084,66.92900572205053],[47.45747457474577,66.92731714478063],[47.55827558275582,66.90536564027218],[47.57627576275763,66.8918570221131],[47.57267572675729,66.86483978579497],[47.57987579875799,66.86990551760464],[47.59067590675909,66.87665982668416],[47.60507605076051,66.8918570221131],[47.594275942759424,66.90705421754203],[47.5906759067591,66.91887425843122],[47.59427594275943,66.9323828765903],[47.60507605076054,66.94589149474935],[47.62307623076231,66.95940011290841],[47.67347673476736,66.98304019468677],[47.695076950769504,66.98810592649642],[47.72387723877238,67.0016145446555],[47.74187741877422,67.03032035824349],[47.74907749077491,67.065780480911],[47.74907749077491,67.12150353081717],[47.74547745477455,67.13163499443644],[47.73467734677347,67.14514361259552],[47.70227702277024,67.17216084891366],[47.695076950769504,67.18060373526305],[47.687876878768805,67.195800930692],[47.695076950769504,67.2042438170414],[47.77427774277742,67.2413925169788],[47.78867788677888,67.2515239805981],[47.79227792277925,67.26165544421741],[47.78867788677889,67.27347548510656],[47.7778777787778,67.29542698961507],[47.77787777877781,67.3004927214247],[47.7778777787778,67.31737849412353],[47.770677706777064,67.33595284409223],[47.77067770677707,67.33764142136215],[47.79227792277924,67.36128150314049],[47.90747907479077,67.40180735761767],[47.936279362793655,67.42375886212615],[47.94707947079471,67.44402178936474],[47.94347943479438,67.46597329387322],[47.921879218792185,67.4879247983817],[47.824678246782476,67.56053362098665],[47.813878138781405,67.58079654822522],[47.846278462784625,67.60105947546383],[48.008280082800844,67.65002821629044],[48.05148051480515,67.65171679356031],[48.098280982809825,67.63989675267113],[48.08748087480876,67.62976528905185],[48.08028080280803,67.61794524816264],[48.07308073080732,67.60443663000359],[48.073080730807305,67.59092801184455],[48.0946809468095,67.59261658911443],[48.112681126811296,67.60274805273369],[48.14868148681487,67.62807671178196],[48.20268202682026,67.65171679356031],[48.2206822068221,67.66353683444952],[48.25668256682568,67.68211118441819],[48.30708307083071,67.69055407076763],[48.36108361083613,67.68886549349772],[48.4438844388444,67.66860256625914],[48.487084870848726,67.66353683444949],[48.53028530285304,67.66860256625914],[48.65628656286564,67.71250557527611],[48.69948699486995,67.71588272981586],[48.742687426874284,67.70068553438689],[48.731887318873184,67.70068553438689],[48.72108721087212,67.70068553438693],[48.710287102871035,67.69899695711702],[48.703087030870314,67.69393122530738],[48.926289262892624,67.68717691622787],[48.99828998289984,67.66691398898928],[48.96228962289622,67.65340537083019],[48.994689946899484,67.6432739072109],[49.03429034290345,67.63483102086148],[49.07749077490775,67.6314538663217],[49.106291062910636,67.63989675267113],[49.077490774907744,67.65002821629044],[49.059490594905945,67.65340537083019],[49.04509045090454,67.6534053708302],[49.048690486904896,67.65678252536996],[49.05589055890559,67.67029114352898],[49.05949059490596,67.67366829806882],[48.96948969489696,67.69730837984716],[48.94068940689408,67.70068553438689],[48.92268922689229,67.70575126619656],[48.883088830888305,67.72939134797491],[48.85788857888579,67.73445707978455],[48.80388803888037,67.72770277070504],[48.77868778687787,67.72770277070504],[48.77148771487717,67.7412113888641],[48.782287822878224,67.75472000702317],[48.79668796687968,67.76316289337257],[48.80388803888039,67.77329435699187],[48.79668796687967,67.7901801296907],[48.79308793087932,67.83070598416786],[48.605484208420464,67.92330096505933],[48.76604555301165,67.89198028689908],[48.7966879668797,67.8779861477246],[48.84348843488437,67.86447752956553],[48.96948969489696,67.85096891140644],[48.97319927542014,67.85123561492486],[59.99999999999999,65.05862268021677],[59.999999999999986,51.98712317631251],[59.98559985599857,51.96821111088982],[59.98559985599857,51.953013915460865],[59.99639996399964,51.93612814276203],[59.99999999999999,51.93078098140741],[60.00000000000001,50.848684380957586],[59.97839978399785,50.84361864914795],[59.967599675996794,50.836864340068416],[59.960399603996045,50.83011003098889],[59.92079920799206,50.76256694019358],[59.913599135991376,50.745681167494745],[59.913599135991376,50.72541824025614],[59.92079920799206,50.6916466948585],[59.913599135991376,50.67307234488979],[59.90279902799027,50.65956372673074],[59.870398703987036,50.635923644952356],[59.85959859598598,50.6224150267933],[59.81639816398167,50.563314822347415],[59.773197731977326,50.53292043148952],[59.72639726397266,50.52785469967987],[59.67239672396723,50.52954327694976],[59.6219962199622,50.52447754514013],[59.585995859958615,50.505903195171406],[59.553595535955374,50.48395169066293],[59.52119521195213,50.47382022704363],[59.46719467194672,50.50759177244129],[59.44919449194494,50.52278896787024],[59.45279452794531,50.53798616329916],[59.47799477994781,50.55318335872811],[59.53559535595358,50.5464290496486],[59.56079560795608,50.55318335872812],[59.56439564395647,50.58020059504625],[59.54999549995502,50.585266326855894],[59.49959499594998,50.600463522284834],[59.47799477994781,50.6139721404439],[59.438394383943866,50.630857913142734],[59.38799387993882,50.630857913142734],[59.29079290792905,50.61566071771379],[59.27279272792729,50.61566071771378],[59.258392583925854,50.62072644952343],[59.24759247592477,50.62916933587283],[59.2367923679237,50.644366531301785],[59.21879218792189,50.657875149460835],[59.19719197191972,50.66294088127049],[58.927189271892736,50.678138076699426],[58.88758887588879,50.68826954031874],[58.811988119881214,50.72541824025615],[58.7939879398794,50.73723828114532],[58.78678786787872,50.74905832203449],[58.76878768787689,50.78282986743215],[58.74718747187473,50.79464990832133],[58.718387183871855,50.79296133105146],[58.689586895868956,50.78789559924182],[58.66438664386644,50.78958417651168],[58.64638646386464,50.801404217400886],[58.64278642786431,50.81491283555993],[58.64998649986501,50.853750112767244],[58.64278642786429,50.86388157638654],[58.58878588785886,50.86050442184677],[58.570785707857084,50.86388157638654],[58.559985599856034,50.87570161727572],[58.549185491854935,50.892587389974544],[58.54558545585456,50.911161739943246],[58.55278552785528,50.9246703581023],[58.570785707857084,50.93649039899148],[58.58518585185853,50.94831043988067],[58.59598595985962,50.96181905803974],[58.60318603186034,50.98039340800844],[58.595985959859604,51.02260783975549],[58.56358563585635,51.049625076073625],[58.52038520385205,51.06144511696281],[58.397983979839815,51.06313369423271],[58.376383763837666,51.06988800331222],[58.36918369183694,51.08170804420139],[58.36918369183694,51.09521666236047],[58.36558365583656,51.108725280519536],[58.354783547835495,51.12223389867857],[58.322383223832254,51.142496825917185],[58.30798307983082,51.149251134996724],[58.26838268382684,51.13405393956775],[58.24678246782467,51.13067678502798],[58.225182251822524,51.12392247594846],[58.21078210782109,51.10534812597975],[58.20358203582038,51.08339662147126],[58.18918189181892,51.064822271502585],[58.16758167581675,51.05469080788327],[58.138781387813886,51.05637938515316],[58.11358113581137,51.06482227150257],[58.09198091980923,51.07664231239175],[58.08838088380884,51.08001946693154],[58.08838088380884,51.08508519874114],[58.08838088380885,51.0918395078207],[58.08478084780849,51.096905239630324],[58.07758077580779,51.09859381690023],[58.00198001980022,51.090150930550806],[57.98757987579876,51.086773776011064],[57.95877958779588,51.076642312391755],[57.951579515795174,51.080019466931546],[57.93357933579336,51.09352808509059],[57.926379263792654,51.10028239417011],[57.91197911979121,51.103659548709864],[57.85797857978578,51.103659548709885],[57.839978399784,51.105348125979766],[57.79677796777968,51.12392247594846],[57.767977679776806,51.11885674413881],[57.75357753577539,51.09690523963034],[57.73557735577355,51.07326515785198],[57.72837728377286,51.037805035184455],[57.73917739177391,50.97026194438913],[57.73557735577355,50.93817897626138],[57.72117721177213,50.90947316267338],[57.68877688776888,50.89596454451429],[57.59517595175952,50.91622747175291],[57.55557555575556,50.917916049022786],[57.53397533975339,50.90947316267337],[57.519575195751955,50.89596454451429],[57.50877508775089,50.880767349085346],[57.49077490774909,50.86725873092629],[57.46917469174696,50.85881584457688],[57.44397443974441,50.857127267306986],[57.41877418774189,50.862192999116644],[57.3539735397354,50.885833080895],[57.335973359733586,50.89765312178417],[57.317973179731815,50.91285031721311],[57.31077310773109,50.929736089911955],[57.29637296372965,50.96519621257948],[57.289172891728924,50.98039340800844],[57.27117271172715,50.99727918070727],[57.25677256772566,51.005722067056666],[57.23877238772388,51.009099221596436],[57.213572135721364,51.01078779886632],[57.19917199171994,51.01754210794587],[57.18837188371886,51.03442788064469],[57.18117181171812,51.07326515785198],[57.16677166771668,51.09352808509059],[57.15597155971559,51.1002823941701],[57.13797137971381,51.09521666236046],[57.073170731707336,51.06988800331223],[57.02637026370263,51.0631336942327],[56.939969399694014,51.06819942604233],[56.91476914769148,51.06482227150257],[56.88956889568898,51.05637938515314],[56.86436864368645,51.05131365334352],[56.839168391683934,51.05131365334349],[56.813968139681414,51.05637938515314],[56.77796777967781,51.07664231239175],[56.759967599676,51.08001946693154],[56.734767347673476,51.07833088966164],[56.716767167671684,51.07326515785198],[56.69516695166955,51.06313369423269],[56.68076680766808,51.04962507607361],[56.68076680766809,51.031050726104915],[56.70236702367024,50.99896775797714],[56.70956709567096,50.98208198527832],[56.705967059670606,50.97026194438913],[56.68796687966881,50.96857336711927],[56.615966159661625,50.978704830738565],[56.597965979659804,50.98377056254822],[56.50796507965081,51.06651084877246],[56.479164791647904,51.07326515785197],[56.4467644676447,51.05637938515316],[56.43236432364324,51.04624792153386],[56.42156421564219,51.03273930337478],[56.421564215642164,51.01923068521574],[56.43236432364325,50.99052487162774],[56.432364323643235,50.977016253468655],[56.41436414364145,50.9635076353096],[56.36396363963641,50.95844190349996],[56.34956349563496,50.94831043988064],[56.34236342363425,50.91116173994326],[56.335163351633526,50.89596454451431],[56.317163171631734,50.88414450362512],[56.28836288362885,50.880767349085346],[56.25956259562599,50.88414450362511],[56.17316173161732,50.90947316267337],[56.158761587615885,50.90609600813359],[56.147961479614814,50.892587389974544],[56.137161371613736,50.86894730819618],[56.10116101161012,50.74736974476461],[56.07956079560796,50.72541824025614],[55.931959319593204,50.64605510857167],[55.766357663576656,50.58695490412577],[55.69435694356943,50.53798616329916],[55.658356583565855,50.52954327694975],[55.615156151561536,50.549806204188336],[55.58635586355865,50.57851201777633],[55.571955719557195,50.58864348139566],[55.52515525155252,50.60046352228482],[55.51435514355145,50.613972140443906],[55.50715507155073,50.63085791314273],[55.492754927549285,50.64605510857165],[55.467554675546744,50.65618657219096],[55.442354423544224,50.66125230400061],[55.41715417154171,50.66125230400062],[55.36675366753668,50.652809417651184],[55.348753487534864,50.65112084038132],[55.33075330753309,50.654497994921094],[55.30555305553057,50.66462945854037],[55.08235082350824,50.79633848559124],[55.0607506075061,50.823355721909344],[55.06435064350642,50.86219299911663],[55.04635046350465,50.88414450362512],[54.89514895148952,50.91285031721313],[54.862748627486276,50.93311324445173],[54.83034830348306,50.96013048076983],[54.81234812348126,50.971950521659046],[54.747547475474754,50.99221344889762],[54.70794707947082,51.01585353067596],[54.68634686346864,51.02429641702538],[54.66114661146616,51.027673571565124],[54.63954639546395,51.02767357156514],[54.55314553145533,51.010787798866325],[54.53514535145354,51.00403348978679],[54.52434524345244,50.99052487162774],[54.5459454594546,50.9533761716903],[54.535145351453544,50.943244708071006],[54.517145171451716,50.93649039899148],[54.502745027450295,50.928047512642074],[54.524345243452444,50.91622747175291],[54.58194581945821,50.90609600813359],[54.63954639546396,50.885833080895],[54.650346503465045,50.846995803687705],[54.64674646746468,50.83855291733829],[54.628746287462896,50.819978567369596],[54.625146251462525,50.81153568102015],[54.62874628746289,50.80309279467075],[54.646746467464695,50.792961331051465],[54.65034650346504,50.78620702197193],[54.65034650346505,50.76594409473332],[54.63954639546395,50.72879539479593],[54.63954639546395,50.70684389028744],[54.67194671946721,50.63423506768249],[54.67554675546757,50.60215209955469],[54.64674646746468,50.57344628596669],[54.59274592745928,50.54305189510881],[54.54954549545496,50.531231854219655],[54.54594545945461,50.53123185421964],[54.499144991449924,50.52278896787025],[54.477544775447775,50.52616612241],[54.45594455944561,50.53629758602929],[54.43434434344346,50.54811762691847],[54.39834398343985,50.57851201777633],[54.3839438394384,50.60046352228482],[54.38034380343806,50.61903787225353],[54.383943839438416,50.63930079949213],[54.40554405544057,50.68489238577897],[54.41274412744126,50.703466735747675],[54.41274412744127,50.74905832203449],[54.42354423544236,50.769321249273105],[54.47754477544777,50.81491283555993],[54.484744847448496,50.82504429917924],[54.488344883448825,50.835175762798514],[54.484744847448496,50.8453072264178],[54.477544775447775,50.853750112767244],[54.46314463144631,50.85881584457688],[54.41994419944201,50.86388157638654],[54.40914409144094,50.86894730819617],[54.39114391143911,50.880767349085346],[54.380343803438066,50.885833080895],[54.30114301143013,50.89427596724443],[54.27594275942761,50.90440743086373],[54.26154261542615,50.91791604902277],[54.247142471424716,50.93142466718183],[54.2327423274233,50.943244708071006],[54.19314193141932,50.95844190349995],[54.175141751417534,50.96857336711927],[54.14634146341465,50.992213448897616],[54.149941499415,51.00909922159644],[54.14634146341465,51.01923068521574],[54.139141391413915,51.02936214883505],[54.128341283412844,51.0428707669941],[54.12114121141212,51.08170804420141],[54.110341103411024,51.09521666236046],[54.092340923409246,51.10534812597975],[54.038340383403835,51.11041385778941],[54.01674016740169,51.11885674413881],[53.99513995139951,51.15262828953647],[53.973539735397374,51.166136907695545],[53.93753937539377,51.18639983493411],[53.90873908739088,51.189776989473906],[53.858338583385844,51.184711257664254],[53.67473674736749,51.220171380331784],[53.64953649536496,51.237057153030605],[53.64233642336424,51.25563150299931],[53.62793627936282,51.26745154388849],[53.59553595535956,51.289403048396956],[53.588335883358845,51.30460024382591],[53.591935919359194,51.32317459379461],[53.591935919359194,51.33837178922357],[53.57393573935741,51.353568984652526],[53.60993609936098,51.36370044827179],[53.61713617136173,51.37214333462122],[53.60993609936099,51.389029107320056],[53.59913599135994,51.397471993669456],[53.555935559355596,51.416046343638186],[53.455134551345495,51.44137500268642],[53.440734407344095,51.451506466305716],[53.419134191341925,51.47514654808407],[53.40833408334083,51.48358943443347],[53.3687336873369,51.49372089805277],[53.36513365133652,51.49372089805277],[53.347133471334736,51.50385236167207],[53.3219332193322,51.49540947532268],[53.30753307533075,51.493720898052764],[53.23193231932319,51.50047520713229],[53.2247322473225,51.498786629862416],[53.22113221132213,51.49709805259254],[53.21393213932139,51.49540947532268],[53.20673206732067,51.49709805259255],[53.19953199531999,51.5021637844022],[53.195931959319616,51.50722951621186],[53.18873188731888,51.512295248021495],[53.18153181531815,51.51398382529138],[53.167131671316724,51.51398382529137],[53.15273152731526,51.5122952480215],[53.149131491314954,51.50554093894194],[53.156331563315625,51.48696658897326],[53.03753037530375,51.49034374351302],[52.997929979299826,51.48021227989371],[52.987129871298706,51.473457970814195],[52.972729727297306,51.4633265071949],[52.958329583295836,51.45657219811537],[52.9439294392944,51.45319504357558],[52.92952929529296,51.454883620845465],[52.904329043290446,51.46501508446478],[52.88272882728828,51.46670366173468],[52.89712897128974,51.48527801170337],[52.875528755287554,51.49034374351302],[52.82152821528217,51.486966588973246],[52.810728107281086,51.49034374351302],[52.789127891278916,51.50554093894194],[52.77832778327784,51.508918093481725],[52.7639276392764,51.50554093894194],[52.75672756727568,51.49878662986241],[52.75312753127532,51.49034374351301],[52.74592745927461,51.48696658897326],[52.7207272072721,51.48527801170337],[52.709927099271,51.48190085716359],[52.69912699126993,51.47683512535393],[52.69192691926921,51.46839223900454],[52.68112681126812,51.45826077538525],[52.67032670326706,51.454883620845465],[52.66312663126633,51.463326507194886],[52.57672576725768,51.46670366173465],[52.55512555125552,51.45826077538525],[52.54432544325444,51.45994935265511],[52.52632526325264,51.46670366173466],[52.504725047250474,51.478523702623846],[52.49032490324903,51.49203232078289],[52.47952479524796,51.50554093894194],[52.472324723247254,51.51567240256125],[52.44352443524436,51.579838338816785],[52.378723787237874,51.66089004777118],[52.36432364323644,51.68959586135918],[52.35352353523536,51.730121715836354],[52.33552335523356,51.76389326123402],[52.306723067230685,51.77402472485333],[52.29232292322925,51.76558183850389],[52.2779227792278,51.735187447646005],[52.259922599226,51.723367406756836],[52.23112231122312,51.721678829486926],[52.17352173521735,51.72505598402672],[52.148321483214836,51.71661309767729],[52.13392133921341,51.70141590224835],[52.11232112321124,51.67102151139045],[52.09072090720911,51.659201470501266],[52.06552065520656,51.65413573869162],[52.0367203672037,51.65244716142176],[52.004320043200444,51.65413573869162],[51.97911979119792,51.66089004777117],[51.953919539195404,51.67102151139044],[51.92511925119251,51.67777582047001],[51.896318963189636,51.67946439773987],[51.867518675186766,51.67271008866035],[51.84951849518496,51.66089004777119],[51.82071820718209,51.63218423418318],[51.763117631176335,51.593346956975864],[51.76671766717669,51.56295256611794],[51.784717847178484,51.52918102072032],[51.78111781117812,51.49203232078289],[51.745117451174515,51.473457970814195],[51.69471694716948,51.454883620845465],[51.6479164791648,51.451506466305716],[51.62271622716228,51.48021227989373],[51.62271622716227,51.50385236167207],[51.619116191161915,51.51904955710102],[51.60831608316085,51.52749244345042],[51.58311583115831,51.53424675252996],[51.56151561515616,51.534246752529945],[51.543515435154355,51.52411528891068],[51.532715327153284,51.508918093481725],[51.51471514715148,51.4920323207829],[51.46071460714608,51.47514654808406],[51.37791377913779,51.46670366173468],[51.30591305913062,51.4717693935443],[51.27351273512736,51.49203232078289],[51.27351273512736,51.493720898052764],[51.262712627126284,51.50554093894194],[51.248312483124835,51.520738134370895],[51.23751237512378,51.535935329799855],[51.24111241112411,51.544378216149255],[51.338313383133844,51.55450967976857],[51.359913599136014,51.56126398884808],[51.37431374313744,51.57139545246739],[51.38151381513816,51.58659264789634],[51.38151381513817,51.61023272967467],[51.37071370713709,51.62880707964339],[51.35271352713528,51.63556138872292],[51.30951309513098,51.637249965992815],[51.28791287912882,51.64231569780245],[51.27711277112771,51.65244716142174],[51.2519125191252,51.67777582047001],[51.23391233912341,51.6862187068194],[51.212312123121244,51.681152975009766],[51.19071190711906,51.67439866593023],[51.16911169111691,51.669332934120575],[50.92430924309244,51.679464397739885],[50.89910899108992,51.68790728408927],[50.8847088470885,51.7047930567881],[50.8739087390874,51.721678829486926],[50.85950859508596,51.735187447646005],[50.83790837908379,51.74531891126532],[50.81990819908199,51.75207322034484],[50.76590765907659,51.75882752942436],[50.74430744307443,51.74194175672554],[50.747907479074804,51.70985878859776],[50.79470794707947,51.625429925103624],[50.79110791107912,51.59672411151562],[50.76590765907658,51.578149761546904],[50.71910719107191,51.56801829792761],[50.69750697506976,51.56632972065774],[50.67230672306725,51.568018297927594],[50.65790657906581,51.57646118427703],[50.67590675906761,51.59503553424574],[50.6939069390694,51.61192130694456],[50.68670686706867,51.615298461484336],[50.639906399064,51.61698703875422],[50.60030600306004,51.63556138872291],[50.58230582305824,51.63556138872291],[50.57870578705789,51.61360988421444],[50.575105751057514,51.588281225166206],[50.56070560705609,51.579838338816785],[50.54270542705427,51.578149761546904],[50.52470524705249,51.56632972065774],[50.52110521105212,51.55113252522877],[50.531905319053216,51.49203232078289],[50.52830528305285,51.470080816274404],[50.51750517505176,51.45994935265511],[50.50310503105032,51.45657219811537],[50.47790477904781,51.45319504357558],[50.470704707047084,51.43630927087676],[50.45630456304564,51.42617780725745],[50.43830438304383,51.4228006527177],[50.380703807038095,51.42111207544784],[50.36630366303663,51.41942349817793],[50.35910359103594,51.41266918909841],[50.36270362703627,51.40760345728876],[50.37350373503735,51.40084914820922],[50.377103771037724,51.397471993669456],[50.36270362703627,51.38734053005017],[50.34830348303483,51.38058622097061],[50.33750337503377,51.37214333462122],[50.34110341103411,51.353568984652526],[50.34830348303483,51.33499463468379],[50.34830348303484,51.32317459379461],[50.34110341103411,51.31304313017534],[50.32670326703268,51.302911666556035],[50.20790207902083,51.2657629666186],[50.02790027900281,51.24381146211013],[49.98829988299884,51.230302843951065],[49.84429844298443,51.15093971226658],[49.797497974979755,51.108725280519536],[49.77949779497798,51.101970971439975],[49.538295382953855,51.1002823941701],[49.459094590945895,51.11547958959906],[49.437494374943746,51.11210243505929],[49.42309423094234,51.101970971439975],[49.41229412294123,51.085085198741154],[49.40149401494018,51.066510848772445],[49.39429394293945,51.03442788064469],[49.383493834938356,51.01923068521573],[49.35829358293585,50.992213448897616],[49.347493474934765,50.96350763530961],[49.37269372693729,50.93986755353124],[49.405094050940505,50.91285031721313],[49.423094230942326,50.88245592635524],[49.40869408694087,50.848684380957586],[49.36909369093692,50.8267328764491],[49.282692826928276,50.803092794670754],[49.14229142291425,50.78114129016228],[49.102691026910286,50.75750120838392],[49.012690126901276,50.68320380850909],[48.829088290882915,50.595397790475175],[48.78588785887859,50.59033205866551],[48.73908739087393,50.597086367745064],[48.60948609486096,50.64774368584155],[48.584285842858435,50.649432263111436],[48.569885698857014,50.635923644952356],[48.57348573485735,50.617349294983654],[48.59868598685986,50.60721783136434],[48.64908649086491,50.60215209955471],[48.674286742867444,50.58020059504625],[48.67788677886778,50.54811762691847],[48.67428674286743,50.47888595885327],[48.70308703087031,50.335356890913275],[48.72828728287283,50.266125222848046],[48.77148771487717,50.21040217294194],[48.789487894878974,50.173253473004515],[48.78228782287824,50.13779335033697],[48.78228782287822,50.11077611401885],[48.85068850688506,50.097267495859796],[48.86508865088652,50.08544745497062],[48.87588875888759,50.070250259541666],[48.88668886688868,50.02972440506447],[48.88668886688867,50.019592941445175],[48.87948879488793,50.00946147782589],[48.861488614886156,49.992575705127045],[48.78588785887859,49.93347550068117],[48.68508685086852,49.89463822347387],[48.47988479884798,49.84398090537737],[48.46548465484657,49.83553801902798],[48.4438844388444,49.81527509178938],[48.42948429484295,49.81020935997972],[48.41868418684188,49.81189793724963],[48.361083610836126,49.83384944175806],[48.310683106831064,49.864243832615976],[48.30348303483035,49.86593240988585],[48.27468274682746,49.862555255346074],[48.23868238682388,49.86424383261598],[48.22788227882278,49.879441028044916],[48.2206822068221,49.90139253255339],[48.1990819908199,49.92503261433174],[48.15948159481598,49.94698411884023],[48.14868148681487,49.95542700518964],[48.14148141481416,49.963869891539034],[48.13068130681308,49.98413281877765],[48.1270812708127,49.99257570512707],[48.11268112681129,50.021281518715064],[48.105481054810554,50.04998733230306],[48.09468094680948,50.07869314589107],[48.07308073080732,50.10571038220919],[48.026280262802615,50.13103904125745],[48.0118801188012,50.142859082146636],[48.004680046800466,50.15636770030567],[48.001080010800116,50.16987631846473],[47.99387993879942,50.181696359353936],[47.95427954279543,50.20533644113229],[47.914679146791485,50.244173718339596],[47.875078750787516,50.266125222848046],[47.853478534785346,50.284699572816784],[47.80667806678066,50.32015969548432],[47.795877958779585,50.325225427293944],[47.7778777787778,50.330291159103616],[47.76707767077673,50.33704546818314],[47.759877598776,50.34717693180244],[47.74907749077491,50.36068554996148],[47.73467734677348,50.37081701358078],[47.69147691476917,50.386014209009716],[47.623076230762315,50.440048681645976],[47.597875978759795,50.451868722535146],[47.55827558275585,50.451868722535146],[47.511475114751164,50.4366715271062],[47.46827468274683,50.41134286805797],[47.43947439474397,50.38263705446997],[47.435874358743604,50.375882745390435],[47.407074070740705,50.33366831364335],[47.392673926739285,50.32353685002405],[47.32427324273243,50.304962500055346],[47.30627306273063,50.294831036436044],[47.295472954729554,50.27625668646734],[47.302673026730275,50.26274806830829],[47.3170731707317,50.25261660468899],[47.320673206732074,50.237419409260056],[47.31347313473137,50.22222221383111],[47.27747277472776,50.200270709322645],[47.26667266672668,50.18676209116355],[47.27387273872739,50.158056277575554],[47.327873278732795,50.10908753674897],[47.327873278732795,50.07362741408145],[47.309873098730996,50.04492160049342],[47.24507245072451,49.99257570512705],[47.17667176671769,49.946984118840234],[46.95706957069573,49.88450675985455],[46.921069210692124,49.86086667807621],[46.899468994689954,49.82034082359901],[46.83826838268383,49.5771856967359],[46.796175299566855,49.41814058367301],[41.14388673935147,52.103302035044976],[40.08512592148754,64.61203142397908],[40.109801098011,64.60045766688228],[40.15300153001531,64.57344043056418],[40.1818018180182,64.55824323513521],[40.21420214202144,64.55486608059542],[40.358203582035834,64.56162038967497],[40.372603726037255,64.5599318124051],[40.40140401404014,64.5498003487858],[40.48060480604807,64.5396688851665],[40.51660516605167,64.5413574624364],[40.53460534605347,64.55824323513521],[40.52740527405275,64.57850616237378],[40.51660516605167,64.59370335780275],[40.50220502205023,64.6089005532317],[40.491404914049156,64.6173434395811],[40.47340473404734,64.63591778954982],[40.44100441004412,64.70008372580536],[40.426604266042645,64.71359234396442],[40.41940419404196,64.71528092123428],[40.4158041580416,64.72203523031384],[40.41220412204123,64.72878953939338],[40.41220412204123,64.75074104390185],[40.4158041580416,64.75580677571149],[40.45180451804519,64.76762681660067],[40.47700477004771,64.76931539387054],[40.50220502205022,64.76424966206092],[40.52020520205205,64.75411819844159],[40.516605166051676,64.7743811256802],[40.491404914049156,64.78788974383926],[40.459004590045915,64.79802120745855],[40.437404374043744,64.80984124834774],[40.423004230042295,64.82672702104657],[40.379803798037976,64.92297592542987],[40.365403654036555,64.93817312085882],[40.34740347403474,64.95337031628776],[40.31140311403113,64.97532182079622],[40.29700297002969,64.98376470714565],[40.289802898029,64.99220759349505],[40.28260282602827,65.01247052073366],[40.27180271802717,65.02091340708307],[40.243002430024326,65.03611060251203],[40.13500135001352,65.06312783883016],[40.11340113401135,65.07494787971933],[40.04078007965229,65.13595536003922],[39.99658818662437,65.658060467958]]],[[[40.07143976794284,64.77372648123612],[40.109801098011,64.78113543475973],[40.221402214022135,64.7845125892995],[40.33300333003331,64.77269254841032],[40.3618036180362,64.75749535298138],[40.38700387003871,64.7355438484729],[40.401404014040146,64.71190376669453],[40.401404014040146,64.66293502586792],[40.4050040500405,64.65111498497876],[40.4050040500405,64.64267209862936],[40.39780397803978,64.62916348047027],[40.36900369003692,64.62747490320041],[40.32580325803258,64.63760636681971],[40.30420304203042,64.65111498497876],[40.28620286202864,64.67306648948724],[40.25380253802537,64.69839514853548],[40.20340203402034,64.72034665304396],[40.17460174601746,64.72878953939338],[40.145801458014574,64.73385527120301],[40.073800738007385,64.75749535298135],[40.07280642184515,64.75758014908644],[40.07143976794284,64.77372648123612]]],[[[40.077673020061845,64.70008372580537],[40.081000810008106,64.70008372580537],[40.14940149401494,64.71021518942466],[40.189001890018915,64.70852661215476],[40.22860228602286,64.70008372580536],[40.25380253802539,64.6882636849162],[40.264602646026475,64.67813222129686],[40.26820268202684,64.65618071678841],[40.300603006030066,64.63591778954984],[40.351003510035106,64.62072059412088],[40.39780397803977,64.61903201685101],[40.43020430204304,64.61227770777143],[40.44820448204483,64.60045766688228],[40.45180451804517,64.59032620326299],[40.455404554045536,64.58188331691359],[40.45900459004591,64.57850616237378],[40.46260462604628,64.57344043056418],[40.459004590045915,64.56837469875454],[40.433804338043394,64.56499754421476],[40.336603366033664,64.57344043056419],[40.19620196201963,64.57344043056418],[40.14580145801459,64.59201478053286],[40.13140131401314,64.61396628504136],[40.10980109801099,64.63085205774019],[40.08254935098878,64.64247231542187],[40.077673020061845,64.70008372580537]]],[[[42.42822428224283,66.75170510871286],[42.45342453424537,66.77365661322129],[42.503825038250405,66.77872234503096],[42.536225362253624,66.7753451904912],[42.583025830258336,66.77027945868156],[42.629826298263,66.75508226325259],[42.64422644226445,66.74157364509357],[42.66582665826658,66.72299929512484],[42.66942669426695,66.70104779061637],[42.680226802268045,66.68247344064764],[42.66942669426695,66.66727624521873],[42.64422644226443,66.6655876679488],[42.58302583025832,66.67909628610788],[42.482224822248256,66.70780209969588],[42.44262442624427,66.72975360420436],[42.42822428224283,66.75170510871286]]],[[[56.842768427684284,70.60672701585506],[56.9507695076951,70.58308693407668],[57.01197011970122,70.57633262499715],[57.02637026370265,70.5712668931875],[57.05517055170552,70.55775827502845],[57.073170731707336,70.55438112048864],[57.116371163711655,70.55775827502845],[57.19197191971922,70.54087250232959],[57.22077220772209,70.52567530690065],[57.20637206372065,70.51047811147174],[57.18837188371885,70.51047811147174],[57.10197101971019,70.53411819325008],[57.05517055170553,70.53918392505976],[57.03717037170372,70.54424965686937],[57.05877058770589,70.52905246144043],[57.11997119971202,70.51554384328139],[57.13797137971382,70.49696949331266],[57.06237062370626,70.50203522512231],[56.929169291692915,70.53242961598019],[56.89676896768971,70.55775827502845],[56.91476914769148,70.56451258410797],[56.92196921969222,70.56620116137783],[56.93276932769328,70.56620116137782],[56.914769147691466,70.57802120226705],[56.86076860768608,70.58477551134656],[56.842768427684284,70.60672701585506]]],[[[58.412384123841235,70.2605686755291],[58.43038430384306,70.27070013914837],[58.466384663846625,70.27070013914837],[58.82278822788229,70.21666566651213],[58.81558815588154,70.22679713013143],[58.7939879398794,70.24368290283026],[58.790387903879044,70.25381436644955],[58.77598775987761,70.2588800982592],[58.696786967869684,70.27914302549779],[58.671586715867164,70.29434022092676],[58.6607866078661,70.2994059527364],[58.52398523985243,70.33148892086415],[58.495184951849524,70.33148892086413],[58.52038520385205,70.34837469356296],[58.559985599856034,70.3466861162931],[58.63918639186391,70.33148892086415],[58.63198631986322,70.34499753902324],[58.649986499865015,70.35344042537263],[58.675186751867514,70.36019473445215],[58.7219872198722,70.36694904353168],[58.72918729187294,70.36863762080158],[58.739987399874025,70.37370335261124],[58.75438754387544,70.38721197077028],[58.761587615876195,70.3973434343896],[58.75438754387547,70.39903201165946],[58.74718747187473,70.40072058892935],[58.73998739987401,70.40747489800889],[58.73638736387365,70.4159177843583],[58.7327873278733,70.4159177843583],[58.729187291872925,70.41760636162815],[58.739987399873975,70.42773782524748],[58.74718747187473,70.43111497978724],[58.77598775987761,70.43449213432702],[58.873188731887325,70.43449213432699],[58.90198901989024,70.43955786613662],[58.98118981189815,70.46995225699457],[59.02439024390245,70.4800837206138],[59.04239042390424,70.46657510245477],[59.045990459904594,70.4547550615656],[59.06039060390607,70.44462359794629],[59.07839078390782,70.43786928886676],[59.121591215912176,70.43111497978725],[59.31599315993161,70.37201477534134],[59.351993519935185,70.35344042537263],[59.43839438394385,70.28758591184719],[59.46719467194674,70.27745444822793],[59.51039510395106,70.27238871641828],[59.531995319953225,70.26563440733877],[59.54279542795429,70.25381436644955],[59.53559535595358,70.21666566651214],[59.53559535595358,70.2082227801627],[59.55359553595539,70.19977989381333],[59.639996399964026,70.20146847108322],[59.70479704797047,70.17782838930482],[59.729997299973,70.17445123476507],[59.75159751597517,70.17445123476507],[59.765997659976605,70.1710740802253],[59.773197731977326,70.16263119387588],[59.776797767977705,70.14405684390717],[59.78399783997841,70.13223680301802],[59.79839798397983,70.12717107120832],[59.83799837998381,70.12717107120834],[59.92799927999282,70.09846525762033],[59.956799567995695,70.09846525762035],[59.999999999999986,70.10251784306806],[59.999999999999986,69.71916858837295],[59.97479974799751,69.7117810628172],[59.92079920799208,69.68814098103884],[59.92439924399244,69.6830752492292],[59.935199351993546,69.66787805380025],[59.913599135991376,69.66956663107014],[59.89919899198991,69.67800951741957],[59.891998919989234,69.686452403769],[59.88119881198812,69.69489529011838],[59.85239852398525,69.69827244465816],[59.76959769597695,69.69489529011837],[59.56439564395646,69.71515821735699],[59.57879578795789,69.73035541278591],[59.56799567995681,69.7421754536751],[59.54639546395464,69.7506183400245],[59.53559535595358,69.7590612263739],[59.54639546395464,69.77932415361249],[59.571595715957166,69.78270130815227],[59.60399603996042,69.78270130815227],[59.62199621996221,69.78776703996195],[59.621996219962185,69.80465281266076],[59.60399603996042,69.81816143081983],[59.47799477994778,69.86375301710666],[59.43119431194314,69.88908167615487],[59.39879398793988,69.89583598523441],[59.36639366393665,69.89414740796452],[59.30519305193052,69.88401594434522],[59.269192691926925,69.88908167615486],[59.236792367923684,69.89921313977419],[59.20799207992083,69.91103318066335],[59.17919179191793,69.91947606701281],[59.08199081990821,69.92116464428265],[58.93798937989381,69.94142757152127],[58.95238952389525,69.93129610790196],[58.97758977589778,69.9194760670128],[59.00639006390066,69.91103318066335],[59.05319053190534,69.90259029431395],[59.13239132391326,69.87388448072596],[59.11079110791109,69.86037586256688],[59.07839078390785,69.85699870802713],[59.01719017190172,69.86037586256688],[59.020790207902074,69.87388448072596],[59.00279002790029,69.87388448072598],[58.97758977589777,69.8789502125356],[58.95598955989563,69.887393098885],[58.95238952389525,69.89414740796455],[58.941589415894164,69.90596744885373],[58.898388983889845,69.9279189533622],[58.696786967869684,70.00221635323702],[58.57078570785707,70.07820233038177],[58.60318603186035,70.1136624530493],[58.58878588785888,70.11872818485894],[58.559985599856034,70.12379391666857],[58.54918549185495,70.13392538028786],[58.563585635856334,70.13392538028788],[58.61038610386105,70.14067968936745],[58.60318603186035,70.14574542117704],[58.59598595985962,70.1508111529867],[58.58518585185853,70.1524997302566],[58.57798577985781,70.15418830752645],[58.58158581585818,70.15925403933612],[58.58878588785888,70.17613981203496],[58.592385923859254,70.1812055438446],[58.574385743857434,70.18458269838433],[58.55638556385567,70.18289412111446],[58.54198541985422,70.17782838930482],[58.52038520385205,70.17445123476507],[58.516785167851694,70.17613981203495],[58.513185131851294,70.18627127565428],[58.50958509585099,70.18964843019401],[58.4951849518495,70.19302558473377],[58.45198451984521,70.19471416200363],[58.46278462784627,70.20653420289285],[58.491584915849145,70.21835424378203],[58.50238502385026,70.23017428467118],[58.48078480784811,70.23355143921096],[58.44838448384483,70.233551439211],[58.423184231842335,70.2403057482905],[58.412384123841235,70.2605686755291]]],[[[58.761587615876174,69.33860548617315],[58.78678786787872,69.34367121798277],[58.81558815588157,69.34029406344303],[59.15039150391505,69.25417662267901],[59.20079200792007,69.22884796363076],[59.193591935919365,69.225470809091],[59.18639186391866,69.21871650001144],[59.17919179191793,69.2153393454717],[59.19300758656595,69.2056191929784],[59.06431675206164,69.23990248713837],[59.06039060390606,69.24235658178983],[58.783187831878315,69.32678544528397],[58.761587615876174,69.33860548617315]]]]}},{"type":"Feature","properties":{"territory_id":"RU-05","country_code":"RU","country_name":"Russia","display_name":"Southern European Russia","strategic_centre":"Rostov-on-Don","centre":[39.7015,47.2357],"boundary_status":"pass-1-provisional","admin_source":"Pass 1 strategic partition"},"geometry":{"type":"MultiPolygon","coordinates":[[[[35.37575375753759,50.63423506768249],[35.390153901539044,50.646055108571666],[35.46935469354693,50.668006613080124],[35.44415444154441,50.68826954031873],[35.44415444154441,50.70935921877045],[41.14388673935147,52.103302035044976],[46.796175299566855,49.41814058367301],[46.773467734677354,49.33234199260291],[46.83106831068313,49.31883337444386],[46.97866978669788,49.24453597456905],[47.029070290702926,49.20232154282194],[47.03987039870398,49.14997564745559],[47.02187021870219,49.09762975208922],[46.97866978669788,49.04697243399275],[46.928269282692845,49.004758002245694],[46.910269102691046,48.992937961356496],[46.88866888668886,48.981117920467305],[46.81306813068131,48.9541006841492],[46.77706777067773,48.93552633418047],[46.75546755467557,48.913574829672015],[46.61866618666187,48.670419702808914],[46.478264782647855,48.41206738051684],[46.47826478264784,48.41037880324697],[46.73026730267304,48.35127859880107],[46.978669786697886,48.29386697162507],[47.07947079470797,48.27529262165634],[47.09747097470976,48.265161158037046],[47.111871118711214,48.25165253987799],[47.11187111871123,48.241521076258685],[47.09747097470976,48.22294672628998],[47.090270902709015,48.21788099448035],[47.08307083070833,48.21112668540081],[47.075870758707595,48.20437237632129],[47.07947079470796,48.19592948997185],[47.10107101071012,48.18073229454293],[47.10827108271085,48.173977985463374],[47.11547115471155,48.153715058224805],[47.11187111871121,48.136829285525984],[47.10467104671047,48.11994351282714],[47.10467104671048,48.10136916285844],[47.11907119071191,48.08786054469936],[47.173071730717325,48.084483390159626],[47.19107191071911,48.07097477200054],[47.176671766717675,48.05240042203184],[47.13707137071373,48.02707176298361],[47.05787057870581,47.994988794855836],[47.04347043470434,47.98654590850641],[47.050670506705075,47.97472586761724],[47.12267122671227,47.91562566317134],[47.155071550715526,47.87678838596403],[47.15867158671589,47.871722654154375],[47.15507155071551,47.863279767804976],[47.15147151471516,47.85990261326521],[47.144271442714434,47.856525458725464],[47.13707137071374,47.849771149645896],[47.126271262712656,47.83288537694707],[47.11907119071191,47.819376758788025],[47.12267122671228,47.80755671789885],[47.14067140671407,47.79235952246989],[47.17307173071732,47.770408017961415],[47.36027360273605,47.68260199992752],[47.37467374673747,47.6859791544673],[47.381873818738214,47.70455350443599],[47.38907389073894,47.751833667992706],[47.389073890738935,47.8126224497085],[47.39267392673926,47.82613106786756],[47.410674106741084,47.836262531486845],[47.435874358743604,47.83457395421698],[47.64827648276483,47.765342286151785],[48.044280442804435,47.7704080179614],[48.11268112681128,47.74845651345296],[48.17388173881738,47.712996390785406],[48.36108361083613,47.49348134570067],[48.41148411484115,47.44620118214394],[48.43668436684368,47.42931540944512],[48.472684726847284,47.4208725230957],[48.50868508685089,47.41749536855594],[48.526685266852674,47.410741059476415],[48.53748537485376,47.39385528677758],[48.544685446854494,47.370215204999226],[48.695886958869615,47.101731419087876],[49.005490054900555,46.76908169692098],[48.94788947889479,46.72011295609439],[48.91548915489155,46.70322718339557],[48.76428764287643,46.68296425615696],[48.73908739087394,46.6897185652365],[48.7138871388714,46.728555842443804],[48.695886958869615,46.74544161514262],[48.677886778867794,46.757261656031794],[48.61668616686168,46.77077027419087],[48.55548555485556,46.76232738784145],[48.50508505085051,46.731932996983566],[48.47988479884799,46.68296425615696],[48.45468454684547,46.661012751648485],[48.47268472684727,46.65932417437862],[48.49428494284944,46.65425844256895],[48.53028530285304,46.63737266987014],[48.537485374853766,46.62724120625082],[48.54108541085413,46.61373258809178],[48.54828548285483,46.598535392662825],[48.56268562685628,46.59178108358329],[48.54108541085412,46.56814100180495],[48.57348573485734,46.558009538185644],[48.66348663486635,46.55800953818565],[48.706687066870685,46.55125522910611],[48.7318873188732,46.53436945640729],[48.75708757087571,46.51241795189882],[48.81828818288185,46.478646406501156],[48.84348843488438,46.478646406501156],[48.86868868688688,46.48202356104092],[48.89748897488976,46.48202356104094],[48.919089190891924,46.4735806746915],[48.95868958689587,46.44487486110349],[49.03429034290343,46.40434900662632],[49.228692286922865,46.32836302948161],[49.264692646926484,46.29290290681407],[49.297092970929725,46.27432855684534],[49.30429304293041,46.26250851595618],[49.297092970929725,46.2523770523369],[49.282692826928276,46.25068847506699],[49.26469264692648,46.25744278414652],[49.25029250292505,46.26757424776583],[49.23229232292323,46.272639979575466],[49.19629196291966,46.277705711385124],[49.16029160291604,46.291214329544175],[49.142291422914255,46.30978867951291],[49.16749167491677,46.32836302948161],[49.14949149491498,46.33511733856113],[49.138691386913884,46.330051606751475],[49.120691206912106,46.30641152497313],[49.088290882908844,46.29459148408395],[49.07749077490775,46.286148597734524],[49.08109081090811,46.272639979575466],[49.07029070290704,46.26757424776583],[49.06669066690668,46.26419709322606],[49.059490594905945,46.2523770523369],[49.08829088290884,46.25068847506698],[49.106291062910636,46.240557011447706],[49.113491134911364,46.220294084209115],[49.1206912069121,46.15950530249332],[49.113491134911364,46.15106241614393],[49.0918909189092,46.162882457033106],[49.08469084690848,46.1713253433825],[49.070290702907045,46.19158827062111],[49.05949059490595,46.19665400243076],[49.04149041490417,46.19665400243076],[49.03429034290343,46.18821111608133],[49.027090270902704,46.179768229731934],[49.019890198902,46.17639107519217],[48.994689946899484,46.17132534338252],[48.9550895508955,46.14937383887403],[48.93348933489336,46.14261952979451],[48.93348933489335,46.135865220714976],[48.951489514895144,46.11222513893663],[48.955089550895515,46.10715940712696],[48.951489514895144,46.098716520777536],[48.94068940689409,46.08858505715825],[48.933489334893345,46.0852079026185],[48.926289262892624,46.090273634428144],[48.922689226892295,46.112225138936616],[48.91548915489157,46.1324880661752],[48.89748897488976,46.147685261604146],[48.87948879488795,46.156128147953574],[48.883088830888305,46.14261952979451],[48.886688866888676,46.12235660255593],[48.88668886688867,46.10715940712698],[48.87228872288724,46.117290870746274],[48.85428854288543,46.14093095252462],[48.83988839888401,46.14937383887402],[48.83268832688327,46.142619529794494],[48.85068850688506,46.12573375709568],[48.8686886868869,46.100405098047446],[48.87588875888758,46.07845359353897],[48.8578885788858,46.073387861729316],[48.843488434884364,46.086896479888374],[48.83268832688328,46.10715940712697],[48.81828818288185,46.12404517982579],[48.793087930879324,46.12742233436557],[48.818288182881844,46.1037822525872],[48.829088290882915,46.08689647988835],[48.82548825488255,46.06663355264979],[48.81828818288184,46.05650208903049],[48.80748807488075,46.05650208903049],[48.800288002880016,46.06494497537992],[48.79668796687968,46.076765016269086],[48.78228782287823,46.09702794350766],[48.74628746287465,46.11897944801615],[48.7138871388714,46.12911091163545],[48.70308703087031,46.11560229347636],[48.6958869588696,46.11560229347637],[48.68508685086853,46.12235660255592],[48.677886778867794,46.12066802528602],[48.66708667086672,46.10715940712697],[48.66708667086673,46.10209367531732],[48.66708667086672,46.0953393662378],[48.66348663486635,46.09027363442815],[48.65628656286563,46.08689647988835],[48.62748627486275,46.08689647988836],[48.64188641886421,46.08014217080884],[48.67428674286743,46.073387861729316],[48.68868688686889,46.06663355264979],[48.721087210872135,46.03117342998225],[48.72468724687246,46.02441912090271],[48.72828728287283,46.019353389093084],[48.72108721087213,46.00922192547379],[48.710287102871035,45.99740188458461],[48.69948699486994,45.99233615277495],[48.685086850868515,45.98895899823518],[48.67068670686709,45.98389326642552],[48.64908649086491,45.97038464826647],[48.6490864908649,45.96363033918695],[48.652686526865274,45.96025318464717],[48.656286562865624,45.95687603010743],[48.67788677886779,45.96869607099661],[48.699486994869936,45.97207322553635],[48.73908739087393,45.97038464826648],[48.753487534875354,45.96531891645682],[48.753487534875354,45.95349887556765],[48.75348753487535,45.94167883467848],[48.742687426874284,45.92310448470976],[48.7426874268743,45.91466159836033],[48.749887498875005,45.90621871201093],[48.75708757087571,45.90284155747116],[48.75708757087573,45.887644362042195],[48.78228782287822,45.858938548454205],[48.79308793087932,45.8403641984855],[48.775087750877525,45.850495662104805],[48.76428764287644,45.85218423937468],[48.74268742687429,45.8403641984855],[48.72108721087213,45.83867562121563],[48.7138871388714,45.831921312136096],[48.717487174871756,45.81334696216737],[48.695886958869615,45.82854415759632],[48.68508685086852,45.848807084834924],[48.69228692286924,45.86907001207351],[48.710287102871035,45.882578630232544],[48.69228692286925,45.88089005296268],[48.67788677886779,45.88595578477234],[48.65628656286563,45.90284155747116],[48.64908649086491,45.904530134741016],[48.64188641886422,45.907907289280814],[48.63828638286384,45.909595866550696],[48.63108631086312,45.90959586655068],[48.62748627486274,45.912973021090465],[48.6238862388624,45.924793061979635],[48.62028620286204,45.929858793789286],[48.595085950859534,45.958564607377305],[48.57348573485736,45.97038464826647],[48.55548555485556,45.9670074937267],[48.5230852308523,45.95349887556765],[48.5158851588516,45.94674456648812],[48.50868508685088,45.93999025740859],[48.49428494284945,45.939990257408596],[48.47628476284763,45.94167883467848],[48.46548465484656,45.939990257408596],[48.45828458284582,45.93154737105917],[48.43308433084333,45.91635017563022],[48.40068400684007,45.8792014756928],[48.39348393483936,45.86738143480365],[48.37908379083792,45.875824321153026],[48.36468364683648,45.875824321153026],[48.35748357483575,45.86907001207351],[48.36108361083612,45.85724997118434],[48.37548375483754,45.85387281664456],[48.407884078840794,45.85218423937467],[48.41508415084153,45.84374135302527],[48.400684006840066,45.83529846667585],[48.303483034830336,45.8403641984855],[48.28908289082893,45.83698704394573],[48.28548285482856,45.82854415759631],[48.285482854828565,45.815035539437275],[48.285482854828565,45.799838344008315],[48.27828278282784,45.786329725849264],[48.27108271082713,45.77957541676972],[48.24948249482494,45.77113253042031],[48.23508235082353,45.76775537588054],[48.22428224282243,45.76775537588055],[48.22068220682208,45.7643782213408],[48.22428224282243,45.75086960318171],[48.22788227882279,45.7424267168323],[48.23508235082352,45.73398383048288],[48.24228242282423,45.725540944133485],[48.24228242282423,45.71034374870454],[48.217082170821726,45.725540944133485],[48.181081810818114,45.73904956229253],[48.14868148681487,45.74411529410217],[48.13428134281345,45.72385236686361],[48.091080910809126,45.74918102591184],[48.08028080280804,45.75086960318173],[48.06228062280624,45.74580387137206],[48.04428044280446,45.727229521403366],[48.02628026280263,45.72216378959371],[48.01908019080193,45.71878663505396],[48.01188011880121,45.712032325974405],[48.008280082800844,45.70021228508522],[48.001080010800116,45.70527801689488],[47.99027990279907,45.71709805778405],[47.986679866798674,45.72047521232384],[47.98307983079832,45.7238523668636],[47.97587975879759,45.72891809867323],[47.96867968679689,45.73229525321301],[47.96147961479617,45.732295253213],[47.95427954279543,45.72891809867323],[47.95067950679507,45.725540944133485],[47.92907929079291,45.722163789593694],[47.918279182791856,45.71540948051417],[47.89667896678968,45.693457976005696],[47.893078930789336,45.69683513054549],[47.88587885878861,45.71034374870452],[47.87507875078751,45.722163789593715],[47.86067860678609,45.7238523668636],[47.849878498785,45.71709805778405],[47.846278462784625,45.70696659416478],[47.846278462784646,45.67994935784665],[47.835478354783575,45.65968643060805],[47.835478354783575,45.64955496698876],[47.85347853478535,45.64280065790923],[47.846278462784625,45.63098061702005],[47.83907839078392,45.62253773067064],[47.82827828278284,45.614094844321194],[47.81747817478177,45.60734053524168],[47.7778777787778,45.652932121528515],[47.770677706777064,45.66644073968757],[47.76347763477636,45.68163793511653],[47.75267752677527,45.690080821465955],[47.72027720277203,45.69683513054547],[47.7166771667717,45.70021228508522],[47.70947709477095,45.70865517143465],[47.70587705877059,45.71034374870453],[47.69867698676986,45.70865517143465],[47.69507695076951,45.70527801689488],[47.691476914769176,45.703589439625006],[47.68787687876881,45.70358943962501],[47.67707677076772,45.70527801689488],[47.66987669876698,45.70527801689488],[47.66627666276667,45.706966594164776],[47.65907659076593,45.71372090324431],[47.65187651876521,45.72047521232382],[47.64827648276484,45.73398383048289],[47.644676446764464,45.74073813956244],[47.63387633876341,45.75086960318173],[47.619476194761944,45.75931248953113],[47.60507605076052,45.76437822134079],[47.579875798757996,45.77113253042031],[47.55827558275583,45.7711325304203],[47.55107551075511,45.7626896440709],[47.554675546755476,45.7441152941022],[47.56547565475657,45.74073813956243],[47.579875798757996,45.74411529410218],[47.59067590675909,45.74411529410218],[47.590675906759095,45.74073813956244],[47.60507605076051,45.71878663505396],[47.60507605076051,45.71709805778406],[47.612276122761244,45.71372090324431],[47.619476194761944,45.7137209032443],[47.62667626676268,45.70865517143465],[47.623076230762315,45.69683513054549],[47.62307623076232,45.68839224419606],[47.626676266762665,45.678260780576785],[47.62667626676268,45.671506471497224],[47.6158761587616,45.66812931695748],[47.60867608676088,45.66812931695748],[47.60507605076052,45.6647521624177],[47.60867608676088,45.65968643060804],[47.61227612276125,45.65462069879838],[47.60867608676087,45.63942350336946],[47.623076230762315,45.630980617020036],[47.6626766267663,45.622537730670636],[47.644676446764464,45.592143339812736],[47.644676446764464,45.578634721653685],[47.6518765187652,45.55837179441507],[47.62667626676267,45.55837179441508],[47.615876158761615,45.570191835304264],[47.59787597875978,45.60734053524169],[47.587075870758724,45.625914885210406],[47.54027540275405,45.66644073968757],[47.529475294752956,45.66981789422734],[47.48267482674828,45.66812931695748],[47.4718747187472,45.67319504876712],[47.45747457474577,45.688392244196045],[47.43227432274324,45.695146553275606],[47.435874358743625,45.703589439625006],[47.44667446674467,45.712032325974405],[47.453874538745396,45.71709805778407],[47.4646746467465,45.71878663505396],[47.504275042750436,45.71709805778405],[47.479074790747916,45.73060667594314],[47.425074250742504,45.73398383048289],[47.41427414274145,45.747492448641964],[47.40707407074073,45.75086960318171],[47.396273962739635,45.75255818045161],[47.385473854738564,45.750869603181705],[47.378273782737836,45.74073813956244],[47.38187381873819,45.733983830482885],[47.41067410674108,45.7137209032443],[47.41427414274144,45.70865517143465],[47.41067410674109,45.695146553275606],[47.41427414274145,45.690080821465955],[47.421474214742155,45.68332651238641],[47.42867428674289,45.676572203306876],[47.43227432274323,45.674883626037],[47.4430744307443,45.67657220330688],[47.446674466744675,45.676572203306876],[47.453874538745396,45.671506471497224],[47.464674646746495,45.65968643060805],[47.46827468274683,45.65462069879839],[47.515075150751514,45.64955496698878],[47.53307533075331,45.64448923517912],[47.5510755107551,45.62760346248028],[47.547475474754755,45.62084915340074],[47.55107551075512,45.61071768978146],[47.55827558275583,45.59889764889228],[47.569075690756904,45.57356898984403],[47.572675726757275,45.56681468076451],[47.57267572675728,45.55837179441508],[47.56907569075692,45.55330606260545],[47.554675546755476,45.54486317625603],[47.551075510755126,45.541486021716246],[47.543875438754384,45.53642028990663],[47.52227522275224,45.54992890806568],[47.5078750787508,45.57188041257417],[47.5078750787508,45.59383191708264],[47.49347493474935,45.58538903073321],[47.49347493474935,45.57188041257416],[47.49707497074972,45.56512610349463],[47.500675006750086,45.55837179441507],[47.52587525875259,45.52460024901745],[47.536675366753705,45.50771447631862],[47.536675366753684,45.50602589904872],[47.533075330753334,45.50602589904872],[47.50067500675007,45.48069724000049],[47.497074970749715,45.47056577638119],[47.497074970749715,45.43848280825341],[47.49707497074971,45.43003992190402],[47.47907479074791,45.42159703555459],[47.41787417874178,45.426662767364235],[47.39267392673927,45.423285612824486],[47.38187381873821,45.4114655719353],[47.39627396273963,45.40471126285576],[47.44307443074431,45.401334108316014],[47.45747457474575,45.39795695377622],[47.46107461074614,45.3912026446967],[47.453874538745396,45.38107118107741],[47.44667446674469,45.37431687199786],[47.43227432274324,45.369251140188226],[47.428674286742876,45.367562562918344],[47.42507425074251,45.364185408378574],[47.42147421474216,45.35743109929904],[47.396273962739635,45.32028239936165],[47.385473854738564,45.30001947212304],[47.37827378273783,45.28144512215434],[47.378273782737836,45.20208199046985],[47.3710737107371,45.18519621777103],[47.35667356673568,45.185196217771015],[47.33867338673389,45.191950526850555],[47.31347313473138,45.19701625866019],[47.29547295472953,45.1868847950409],[47.28467284672849,45.16662186780231],[47.273872738727384,45.121030281515495],[47.25947259472597,45.08557015884793],[47.252272522725235,45.065307231609346],[47.227072270722715,45.03322426348158],[47.212672126721294,44.991009831734516],[47.20187201872021,44.970746904495904],[47.18027180271804,44.97750121357544],[47.16587165871659,44.96736974995617],[47.15507155071551,44.94879539998744],[47.144271442714434,44.928532472748856],[47.14067140671407,44.93866393636812],[47.12627126271264,44.95048397725734],[47.11187111871122,44.958926863606735],[47.09747097470976,44.95554970906696],[47.09747097470975,44.94710682271755],[47.111871118711214,44.86943226830294],[47.083070830708344,44.817086372936586],[47.079470794707966,44.800200600237744],[47.07947079470797,44.785003404808805],[47.07227072270724,44.7850034048088],[47.05787057870581,44.803577754777535],[47.021870218702205,44.84241503198484],[47.01467014670148,44.85761222741376],[47.01107011070113,44.901515236430726],[47.0038700387004,44.92177816366932],[46.98946989469895,44.91502385458976],[46.98226982269825,44.8930723500813],[46.99306993069931,44.869432268302944],[47.00387003870039,44.84748076379446],[47.01107011070113,44.830594991095644],[47.00387003870041,44.817086372936586],[46.971469714697164,44.78331482753893],[46.96066960669609,44.76474047757023],[46.94266942669426,44.77487194118953],[46.92466924669248,44.77149478664977],[46.88866888668887,44.75123185941116],[46.86706867068672,44.741100395791875],[46.85626856268565,44.72590320036293],[46.84186841868419,44.70901742766409],[46.831068310683115,44.69719738677491],[46.791467914679146,44.70564027312435],[46.766267662676626,44.68200019134595],[46.74466744667447,44.65329437775795],[46.723067230672314,44.654982955027876],[46.7158671586716,44.63809718232903],[46.708667086670886,44.57055409153373],[46.712267122671236,44.56717693699393],[46.71946719467195,44.55873405064454],[46.72306723067233,44.55029116429511],[46.71946719467196,44.545225432485466],[46.70866708667089,44.54522543248545],[46.69426694266942,44.54353685521559],[46.68346683466837,44.53847112340594],[46.679866798668,44.52833965978664],[46.683466834668366,44.50638815527816],[46.6978669786698,44.465862300800964],[46.70146701467017,44.445599373562395],[46.71226712267123,44.43209075540331],[46.73386733867342,44.415204982704495],[46.75906759067594,44.40000778727556],[46.77346773467736,44.39494205546591],[46.816668166681666,44.39494205546593],[46.84186841868418,44.398319210005674],[46.85266852668528,44.398319210005674],[47.00387003870039,44.36792481914778],[47.02547025470257,44.35948193279838],[47.04347043470437,44.3459733146393],[47.05427054270543,44.32739896467059],[47.068670686706874,44.283495955653656],[47.07947079470797,44.26492160568494],[47.090270902709015,44.2514129875259],[47.10467104671049,44.23621579209694],[47.12267122671228,44.222707173937884],[47.137071370713734,44.21764144212824],[47.1478714787148,44.21426428758846],[47.165871658716576,44.20413282396916],[47.180271802718046,44.20244424669929],[47.19107191071911,44.20919855577882],[47.20907209072093,44.22608432847763],[47.22347223472235,44.231150060287284],[47.24507245072451,44.2125757103186],[47.26667266672666,44.16867270130163],[47.28827288272885,44.09268672415692],[47.31707317073172,44.05722660148936],[47.33507335073352,44.04034082879057],[47.34947349473496,44.03189794244114],[47.35667356673568,44.02007790155196],[47.38547385473857,43.955911965296416],[47.410674106741084,43.925517574438516],[47.42507425074252,43.908631801739666],[47.42867428674288,43.884991719961334],[47.432274322743254,43.87654883361193],[47.4538745387454,43.87148310180228],[47.461074610746124,43.859663060913114],[47.461074610746124,43.85122017456366],[47.44667446674469,43.82926867005519],[47.44307443074431,43.81913720643592],[47.4538745387454,43.82251436097567],[47.46827468274683,43.82589151551544],[47.48267482674827,43.824202938245556],[47.489874898749,43.81576005189614],[47.50427504275044,43.780299929228626],[47.50427504275044,43.77016846560933],[47.497074970749715,43.765102733799665],[47.46827468274684,43.760037001990014],[47.45747457474575,43.75497127018036],[47.450274502745046,43.74652838383096],[47.44307443074431,43.738085497481535],[47.43227432274324,43.716133992973056],[47.453874538745396,43.68911675665497],[47.45027450274503,43.68236244757543],[47.44307443074431,43.67729671576577],[47.435874358743604,43.673919561226],[47.428674286742876,43.66885382941634],[47.40707407074071,43.63677086128859],[47.39267392673927,43.606376470430696],[47.37827378273784,43.616507934049984],[47.374673746737464,43.619885088589776],[47.36747367473675,43.61988508858976],[47.367473674736736,43.60299931589094],[47.371073710737114,43.579359234112545],[47.37827378273783,43.55909630687398],[47.389073890738935,43.550653420524554],[47.40347403474036,43.54389911144503],[47.40347403474037,43.527013338746194],[47.40347403474036,43.51181614331727],[47.42507425074252,43.50337325696785],[47.45027450274503,43.5185704523968],[47.46467464674649,43.55234199779445],[47.47547475474755,43.59286785227164],[47.475474754747545,43.63001655220906],[47.47907479074792,43.64352517036812],[47.48267482674829,43.65365663398739],[47.489874898749,43.662099520336824],[47.50067500675007,43.67223098395613],[47.5078750787508,43.685739602115184],[47.50427504275044,43.71444541570318],[47.5078750787508,43.72626545659235],[47.52227522275224,43.748216961100844],[47.53307533075332,43.775234197418975],[47.54027540275405,43.80394001100698],[47.543875438754384,43.83264582459498],[47.54027540275404,43.854597329103456],[47.543875438754384,43.864728792722744],[47.554675546755476,43.878237410881816],[47.587075870758724,43.8985003381204],[47.59427594275943,43.901877492660155],[47.62667626676268,43.90018891539029],[47.65187651876521,43.89681176085051],[47.67707677076772,43.888368874501104],[47.702277022770225,43.87486025634204],[47.644676446764464,43.8292686700552],[47.60147601476015,43.765102733799665],[47.5438754387544,43.62832797493916],[47.51867518675186,43.52025902966667],[47.48987489874901,43.46284740249066],[47.48267482674828,43.42232154801347],[47.48267482674828,43.3801071162664],[47.497074970749715,43.34633557086875],[47.489874898749,43.329449798169925],[47.486274862748644,43.31087544820123],[47.49347493474935,43.29567825277229],[47.50787507875081,43.29230109823251],[47.53307533075332,43.32100691182053],[47.55467554675548,43.32607264363016],[47.56907569075692,43.33451552997957],[47.576275762757646,43.32944979816992],[47.58347583475837,43.32100691182053],[47.587075870758724,43.31256402547112],[47.587075870758724,43.29905540731203],[47.57987579875801,43.29230109823251],[47.57627576275764,43.28723536642287],[47.56547565475658,43.26866101645416],[47.547475474754755,43.25684097556497],[47.51867518675187,43.243332357405905],[47.50427504275044,43.234889471056505],[47.486274862748644,43.212937966548026],[47.48267482674827,43.20280650292872],[47.489874898749015,43.18085499842024],[47.48627486274865,43.172412112070845],[47.47907479074792,43.160592071181675],[47.47907479074791,43.1487720302925],[47.482674826748294,43.13864056667319],[47.48267482674828,43.12682052578401],[47.475474754747545,43.11837763943459],[47.46107461074613,43.10486902127552],[47.453874538745396,43.099803289465875],[47.453874538745396,43.08122893949718],[47.46107461074612,43.02044015778138],[47.52947529475295,42.96133995333551],[47.590675906759095,42.94276560336679],[47.59787597875978,42.93094556247761],[47.60507605076051,42.91743694431855],[47.623076230762315,42.90561690342938],[47.698676986769875,42.866779626222076],[47.702277022770225,42.86171389441243],[47.70947709477096,42.838073812634065],[47.71307713077133,42.83300808082441],[47.70947709477097,42.82287661720512],[47.71667716677169,42.773907876378516],[47.71667716677169,42.75702210367971],[47.72027720277203,42.75702210367971],[47.7166771667717,42.7468906400604],[47.71667716677169,42.73675917644111],[47.71667716677168,42.69623332196391],[47.72747727477276,42.66246177656626],[47.75267752677528,42.63713311751802],[47.83907839078394,42.605050149390244],[47.867878678786816,42.58478722215166],[47.939879398794,42.48178400868883],[47.99387993879942,42.41930664970316],[48.02268022680226,42.392289413385036],[48.08028080280803,42.36189502252716],[48.0946809468095,42.35007498163796],[48.2206822068221,42.17446294557017],[48.249482494824946,42.145757131982165],[48.28548285482856,42.120428472933924],[48.30348303483036,42.10354270023509],[48.310683106831085,42.08159119572662],[48.31428314283146,42.05963969121812],[48.325083250832506,42.039376763979554],[48.38628386283865,41.9363735505167],[48.41508415084152,41.91442204600823],[48.46188461884621,41.90091342784917],[48.50868508685089,41.894159118769636],[48.55188551885518,41.87558476880093],[48.57708577085772,41.845190377943034],[48.58068580685808,41.84519037794303],[48.530285302853045,41.787778750767025],[48.4618846188462,41.72023565997172],[48.45468454684548,41.71516992816207],[48.41148411484116,41.627363910128174],[48.393483934839374,41.598658096540156],[48.3718837188372,41.58008374657146],[48.28548285482856,41.539557892094265],[48.231482314823154,41.50578634669661],[48.20268202682026,41.493966305807426],[48.08748087480877,41.477080533108605],[48.05508055080551,41.461883337679666],[48.03348033480336,41.43317752409166],[48.0010800108001,41.362257278756594],[47.97947979479796,41.35212581513729],[47.95427954279543,41.35550296967706],[47.94347943479437,41.34706008332765],[47.93627936279364,41.33186288789869],[47.92907929079291,41.313288537929985],[47.91467914679148,41.29977991977093],[47.90027900279003,41.293025610691394],[47.89307893078933,41.282894147072106],[47.88947889478896,41.262631219833516],[47.893078930789336,41.242368292594904],[47.90027900279003,41.22885967443586],[47.89307893078933,41.21872821081657],[47.871478714787145,41.20859674719726],[47.82827828278284,41.19846528357796],[47.8138781387814,41.1967767063081],[47.74547745477455,41.19339955176832],[47.72387723877239,41.1950881290382],[47.695076950769504,41.20690816992739],[47.64107641076413,41.22717109716598],[47.62307623076231,41.22885967443585],[47.601476014760166,41.2237939426262],[47.56907569075691,41.20521959265749],[47.54747547475475,41.20521959265751],[47.52947529475295,41.21703963354667],[47.50067500675007,41.24574544713469],[47.47907479074793,41.25249975621421],[47.37467374673747,41.25925406529374],[47.367473674736736,41.2626312198335],[47.34587345873459,41.267696951643174],[47.26667266672666,41.30315707431069],[47.252272522725235,41.31666569246976],[47.24147241472415,41.338617196978234],[47.241472414724136,41.39096309234459],[47.23787237872381,41.41629175139282],[47.230672306723086,41.428111792282],[47.201872018720195,41.45681760587002],[47.19467194671948,41.4669490694893],[47.19107191071911,41.477080533108605],[47.18747187471877,41.485523419458026],[47.18027180271804,41.49227772853755],[47.17667176671769,41.49396630580744],[47.158671586715876,41.50409776942673],[47.15147151471517,41.5176063875858],[47.1478714787148,41.53449216028463],[47.14067140671407,41.55306651025333],[47.12627126271264,41.566575128412396],[47.10827108271085,41.569952282952165],[47.086670866708694,41.56657512841239],[47.06867068670687,41.561509396602744],[47.029070290702926,41.55644366479309],[47.02547025470255,41.556443664793086],[47.01107011070115,41.575018014761824],[47.003870038700406,41.605412405619695],[46.97866978669789,41.63580679647759],[46.92826928269283,41.66788976460535],[46.917469174691746,41.681398382764414],[46.91386913869139,41.68815269184395],[46.90666906669069,41.70672704181265],[46.90306903069032,41.713481350892195],[46.89226892268923,41.716858505431965],[46.86346863468634,41.72023565997171],[46.85266852668528,41.72192423724162],[46.834668346683486,41.730367123591016],[46.76986769867699,41.77595870987786],[46.759067590675926,41.78777875076704],[46.75546755467557,41.80128736892608],[46.74466744667447,41.840124646133376],[46.74106741067411,41.85194468702256],[46.73386733867342,41.85194468702258],[46.71586715867159,41.83843606886351],[46.70866708667089,41.83505891432374],[46.6978669786698,41.8283046052442],[46.658266582665846,41.82155029616468],[46.636666366663654,41.81648456435504],[46.60426604266044,41.79453305984656],[46.58626586265862,41.786090173497136],[46.56826568265684,41.786090173497136],[46.55026550265504,41.79791021438631],[46.54306543065431,41.81479598708514],[46.55026550265503,41.855321841562336],[46.54306543065431,41.87389619153106],[46.525065250652524,41.88233907788045],[46.47826478264784,41.88740480969011],[46.45306453064532,41.88571623242023],[46.431464314643186,41.89078196422988],[46.40626406264065,41.91442204600823],[46.38106381063814,41.924553509627536],[46.32346323463236,41.92961924143719],[46.29466294662948,41.938062127786594],[46.251462514625175,41.97689940499387],[46.22266222662229,41.993785177692715],[46.215462154621555,41.995473754962596],[46.20466204662048,41.9954737549626],[46.19746197461975,41.9954737549626],[46.190261902619035,41.993785177692715],[46.12906129061293,41.98365371407342],[46.10026100261005,41.98534229134329],[46.075060750607534,41.993785177692715],[46.067860678606806,42.0157366822012],[46.057060570605735,42.020802414010845],[46.04626046260465,42.01742525947107],[46.028260282602844,42.017425259471075],[46.017460174601744,42.020802414010845],[46.003060030600324,42.03093387763013],[45.9958599585996,42.03262245490001],[45.98505985059851,42.03262245490002],[45.97425974259745,42.0241795685506],[45.967059670596726,42.02249099128072],[45.949059490594934,42.02249099128072],[45.934659346593456,42.02924530036026],[45.923859238592414,42.03937676397954],[45.89505895058951,42.09172265934593],[45.880658806588094,42.10185412296521],[45.81225812258123,42.11536274112427],[45.70065700657008,42.17277436830028],[45.6610566105661,42.18628298645934],[45.632256322563215,42.20148018188829],[45.62145621456216,42.22512026366664],[45.73665736657367,42.448012463291164],[45.74025740257404,42.46996396779965],[45.740257402574024,42.47165254506952],[45.69705697056973,42.50711266773706],[45.621456214562166,42.530752749515415],[45.535055350553506,42.54088421313471],[45.4810548105481,42.54257279040458],[45.39825398253984,42.52399844043589],[45.355053550535516,42.52062128589612],[45.322653226532296,42.53075274951541],[45.3118531185312,42.540884213134696],[45.30105301053014,42.55945856310342],[45.293852938529405,42.57296718126249],[45.28305283052831,42.58647579942154],[45.18585185851858,42.67428181745545],[45.157051570515705,42.692856167424154],[45.124651246512485,42.702987631043456],[45.10305103051031,42.701299053773575],[45.07425074250745,42.691167590154265],[45.067050670506724,42.6877904356145],[45.04905049050492,42.68610185834464],[45.031050310503105,42.68947901288439],[45.01305013050132,42.69454474469403],[44.90144901449013,42.75364494913993],[44.858248582485835,42.758710680949584],[44.8330483304833,42.733382021901335],[44.82584825848258,42.71818482647239],[44.79704797047972,42.670904662915675],[44.782647826478275,42.61687019027943],[44.771847718477204,42.61011588119991],[44.76104761047612,42.6185587675493],[44.735847358473606,42.677658971995214],[44.72504725047251,42.691167590154265],[44.69624696246966,42.71480767193263],[44.67824678246783,42.72325055828204],[44.64224642246425,42.73844775371099],[44.63864638646387,42.740136330980874],[44.60264602646027,42.74857921733028],[44.55944559445596,42.753644949139925],[44.509045090450925,42.75026779460016],[44.48024480244802,42.74351348552063],[44.4010440104401,42.713119094662744],[44.36144361443617,42.70298763104345],[44.271442714427145,42.70298763104345],[44.24984249842499,42.68272470380485],[44.2318423184232,42.65401889021683],[44.21024210242104,42.63882169478791],[44.19584195841958,42.6286902311686],[44.185041850418514,42.62700165389873],[44.1490414904149,42.6185587675493],[44.05544055440556,42.61518161300955],[44.01224012240123,42.59998441758059],[43.99783997839979,42.58985295396131],[43.97263972639726,42.56452429491308],[43.95823958239584,42.55439283129377],[43.94023940239405,42.55270425402391],[43.92223922239223,42.55945856310341],[43.90783907839079,42.56621287218296],[43.88623886238865,42.57972149034201],[43.84663846638467,42.58647579942155],[43.79623796237962,42.589852953961305],[43.74943749437494,42.598295840310726],[43.724237242372425,42.62531307662883],[43.72423724237244,42.65401889021685],[43.7530375303753,42.67428181745545],[43.78903789037892,42.69285616742416],[43.810638106381084,42.71649624920251],[43.79983799838,42.74689064006041],[43.78183781837819,42.75364494913992],[43.75663756637567,42.76377641275922],[43.66303663036632,42.780662185458056],[43.6450364503645,42.78910507180745],[43.601836018360196,42.82456519447502],[43.58743587435875,42.83638523536419],[43.519035190351914,42.86002531714255],[43.47943479434795,42.866779626222076],[43.38583385833859,42.887042553460674],[43.19503195031951,42.92756840793786],[43.17343173431735,42.93432271701738],[43.155431554315555,42.94276560336678],[43.047430474304754,43.01706300324164],[43.00063000630007,43.042391662289866],[42.98982989829898,43.05252312590917],[42.99342993429934,43.069408898607996],[43.00063000630007,43.08460609403693],[43.00063000630007,43.098114712196],[42.91422914229142,43.12175479397436],[42.88542885428856,43.13526341213341],[42.85662856628568,43.15552633937202],[42.831428314283166,43.16903495753107],[42.79182791827919,43.175789266610586],[42.752227522275234,43.177477843880496],[42.705427054270565,43.16565780299131],[42.6730267302673,43.16565780299131],[42.65502655026552,43.16059207118167],[42.629826298263,43.14201772121296],[42.61542615426154,43.13695198940332],[42.59742597425975,43.14032914394305],[42.53622536225361,43.165657802991326],[42.50742507425076,43.18085499842024],[42.478624786247885,43.201117925658856],[42.42462424624248,43.229823739246854],[42.36342363423635,43.2348894710565],[42.356223562235634,43.236578048326386],[42.187021870218715,43.22475800743721],[42.158221582215816,43.21969227562755],[42.154621546215495,43.21800369835768],[42.07542075420756,43.1859207302299],[42.043020430204315,43.180854998420244],[42.01062010620106,43.18254357569013],[41.97821978219784,43.18929788476968],[41.949419494194956,43.19942934838897],[41.92061920619207,43.206183657468486],[41.888218882188816,43.20618365746851],[41.81981819818199,43.201117925658835],[41.787417874178736,43.202806502928716],[41.72261722617227,43.21800369835768],[41.68661686616867,43.21969227562755],[41.614616146161474,43.21293796654802],[41.57861578615788,43.2146265438179],[41.549815498155006,43.22644658470707],[41.50661506615067,43.26021813010474],[41.48141481414814,43.27203817099391],[41.42741427414276,43.283858211883086],[41.413014130141306,43.29061252096263],[41.40221402214024,43.300743984581906],[41.39141391413914,43.324384066360295],[41.380613806138065,43.33451552997957],[41.351813518135195,43.34295841632899],[41.279812798127985,43.332826952709695],[41.2438124381244,43.34464699359888],[41.211412114121146,43.36322134356756],[41.179011790117904,43.37504138445678],[41.14661146611467,43.3801071162664],[41.04221042210423,43.36997565264712],[41.01341013410135,43.37504138445678],[40.876608766087664,43.45609309341115],[40.844208442084444,43.46960171157018],[40.739807398074,43.49493037061844],[40.68940689406895,43.52363618420644],[40.682206822068224,43.52870191601611],[40.653406534065354,43.538833379635385],[40.61380613806139,43.535456225095636],[40.55260552605527,43.51181614331728],[40.52020520205203,43.50506183423773],[40.48060480604806,43.50843898877751],[40.23220232202324,43.5759820795728],[40.163801638016395,43.57598207957281],[40.09540095400954,43.56247346141372],[40.073800738007385,43.550653420524554],[40.05940059400596,43.535456225095636],[39.990999909999125,43.40712435258454],[39.98739987399877,43.38855000261584],[39.9837998379984,43.38855000261584],[39.962199621996234,43.39192715715558],[39.93339933399335,43.40712435258453],[39.91179911799119,43.42569870255322],[39.89739897398974,43.4493387843316],[39.88299882998831,43.47635602064972],[39.86859868598685,43.49493037061844],[39.84699846998471,43.51012756604736],[39.75699756997571,43.5455876887149],[39.73539735397356,43.56078488414387],[39.71739717397176,43.567539193223375],[39.713797137971405,43.572604925033026],[39.70659706597067,43.582736388652336],[39.69939699396994,43.60468789316081],[39.69219692196924,43.61313077951021],[39.67419674196743,43.62326224312952],[39.63459634596348,43.63508228401869],[39.62019620196201,43.645213747637996],[39.573395733957334,43.68911675665497],[39.45819458194583,43.77016846560931],[39.38979389793901,43.84615444275403],[39.32859328593287,43.89681176085051],[39.116191161911615,44.02345505609173],[39.08739087390877,44.04540656060018],[39.06219062190624,44.0758009514581],[39.044190441904426,44.08762099234726],[39.02259022590227,44.092686724156906],[39.0117901179012,44.10112961050633],[38.99018990189901,44.13490115590396],[38.97938979389796,44.148409774063055],[38.96138961389615,44.15685266041246],[38.93618936189364,44.16360696949197],[38.8929889298893,44.16867270130163],[38.87498874988751,44.173738433111275],[38.856988569885715,44.183869896730585],[38.77418774187744,44.261544451145156],[38.75978759787599,44.27336449203435],[38.738187381873836,44.281807378383775],[38.698586985869866,44.29193884200308],[38.59418594185942,44.33246469648027],[38.30978309783098,44.366236241877914],[38.2989829898299,44.378056282767076],[38.28818288182883,44.38481059184661],[38.21618216182162,44.38649916911648],[38.176581765817666,44.406762096355095],[38.15138151381515,44.43715648721297],[38.13338133381333,44.469239455340755],[38.10818108181083,44.496256691658886],[38.072180721807236,44.51651961889747],[38.061380613806136,44.5249625052469],[38.05778057780577,44.55873405064454],[38.04338043380435,44.56042262791441],[38.010980109801096,44.55197974156498],[38.00018000180004,44.55535689610477],[37.985779857798576,44.5637997824542],[37.94617946179463,44.59757132785183],[37.92817928179285,44.60601421420125],[37.920979209792115,44.61445710055066],[37.924579245792486,44.61783425509042],[37.93177931779318,44.6212114096302],[37.93537935379354,44.62796571870973],[37.93537935379354,44.63472002778927],[37.931779317793165,44.63809718232904],[37.874178741787425,44.68875450042552],[37.86337863378633,44.69719738677491],[37.84537845378455,44.70057454131469],[37.79857798577987,44.72252604582314],[37.776977769777716,44.72928035490269],[37.79137791377913,44.70564027312435],[37.809378093780936,44.68706592315561],[37.823778237782385,44.668491573186905],[37.820178201782035,44.648228645948315],[37.79857798577987,44.63472002778927],[37.76977769777699,44.63303145051938],[37.73737737377375,44.63640860505914],[37.70857708577085,44.64147433686878],[37.658176581765815,44.66173726410739],[37.632976329763295,44.66849157318691],[37.60057600576008,44.66849157318693],[37.582575825758255,44.65667153229773],[37.575375753757555,44.65498295502786],[37.56817568175683,44.65667153229773],[37.53577535775358,44.665114418647136],[37.52137521375215,44.671868727726704],[37.510575105751066,44.67524588226644],[37.499774997749995,44.66849157318691],[37.47817478174784,44.67693445953631],[37.46377463774639,44.690443077695384],[37.452974529745326,44.70395169585443],[37.43497434974349,44.717460314013515],[37.38457384573846,44.73603466398223],[37.37017370173704,44.74785470487141],[37.352173521735246,44.77824909572929],[37.31617316173163,44.84579218652459],[37.2909729097291,44.86774369103307],[37.29097290972911,44.874498000112595],[37.31257312573126,44.891383772811416],[37.305373053730534,44.90995812278013],[37.28737287372874,44.92853247274885],[37.190171901719026,44.99100983173453],[37.164971649716506,44.99776414081404],[37.150571505715085,44.999452718083916],[37.13617136171362,45.00451844989357],[37.121771217712194,45.009584181703225],[37.107371073710745,45.01971564532252],[37.0677706777068,45.02984710894182],[37.03537035370355,45.04842145891052],[36.948969489694925,45.06530723160935],[36.840968409684116,45.109210240626275],[36.797767977679804,45.11427597243593],[36.77976779767798,45.11258739516607],[36.740167401674036,45.10245593154676],[36.71856718567188,45.10076735427687],[36.70056700567005,45.10414450881667],[36.64296642966432,45.127784590595006],[36.59256592565927,45.16493329053242],[36.585365853658544,45.171687599611936],[36.58176581765819,45.180130485961364],[36.57816578165782,45.186884795040896],[36.57816578165782,45.19363910412042],[36.585365853658544,45.20208199046984],[36.59616596165964,45.2054591450096],[36.70776707767078,45.20208199046985],[36.72936729367294,45.2054591450096],[36.76536765367655,45.22403349497833],[36.786967869678705,45.23078780405785],[36.79776797767981,45.23247638132773],[36.83016830168302,45.23078780405785],[36.84096840968411,45.23247638132773],[36.85536855368554,45.242607844947024],[36.87696876968769,45.24598499948681],[36.93456934569346,45.267936503995266],[36.95256952569525,45.27637939034468],[36.96336963369635,45.28313369942422],[36.96696966969671,45.29157658577364],[36.97056970569707,45.30339662666282],[36.96696966969671,45.31183951301221],[36.956169561695624,45.31859382209173],[36.948969489694925,45.32028239936165],[36.941769417694196,45.316905244821875],[36.79056790567907,45.29157658577364],[36.779767797677984,45.30001947212304],[36.765367653676556,45.320282399361645],[36.75816758167581,45.34054532660023],[36.75816758167583,45.35405394475931],[36.77616776167762,45.36418540837858],[36.786967869678705,45.34898821294965],[36.79416794167943,45.32534813117127],[36.80136801368014,45.3135280902821],[36.812168121681225,45.31690524482186],[36.812168121681225,45.32534813117127],[36.80856808568086,45.33716817206047],[36.81216812168123,45.34729963567974],[36.819368193681946,45.3523653674894],[36.83016830168302,45.35743109929905],[36.848168481684844,45.36080825383883],[36.848168481684844,45.36756256291835],[36.815768157681596,45.367562562918344],[36.8049680496805,45.370939717458114],[36.78336783367835,45.38782549015693],[36.76896768967691,45.38782549015693],[36.75816758167582,45.38444833561717],[36.74736747367476,45.381071181077395],[36.72936729367295,45.37093971745813],[36.68976689766899,45.332102440250814],[36.66816668166684,45.32703670844116],[36.66816668166684,45.34054532660021],[36.68256682566826,45.36587398564847],[36.704167041670416,45.3912026446967],[36.83376833768338,45.44354854006306],[36.848168481684844,45.43341707644377],[36.862568625686265,45.431728499173886],[36.876968769687686,45.431728499173886],[36.89496894968951,45.43003992190402],[37.06777067770679,45.35405394475929],[37.107371073710745,45.34223390387009],[37.132571325713265,45.34054532660022],[37.139771397713986,45.33547959479057],[37.13257132571326,45.32534813117127],[37.11817118171183,45.31521666755198],[37.114571145711466,45.3135280902821],[37.1109711097111,45.303396626662824],[37.107371073710745,45.276379390344694],[37.107371073710745,45.27131365853504],[37.096570965709674,45.26793650399526],[37.07137071370716,45.26624792672539],[37.064170641706426,45.261182194915726],[37.06777067770679,45.25105073129643],[37.071370713707154,45.242607844947024],[37.07857078570786,45.23923069040723],[37.089370893708946,45.23754211313738],[37.1109711097111,45.23923069040725],[37.16857168571688,45.25105073129644],[37.21537215372154,45.25105073129644],[37.2369723697237,45.25611646310608],[37.24417244172442,45.26793650399525],[37.254972549725494,45.276379390344694],[37.31977319773199,45.271313658535036],[37.30177301773021,45.286510853963996],[37.27297272972733,45.29495374031338],[37.21537215372153,45.30001947212304],[37.18657186571867,45.298330894853166],[37.17217172171724,45.30001947212304],[37.16137161371615,45.30677378120257],[37.15417154171542,45.320282399361645],[37.15777157771578,45.32534813117127],[37.34857348573488,45.32703670844118],[37.37017370173704,45.32197097663151],[37.380973809738094,45.30677378120257],[37.39537395373956,45.31690524482186],[37.431374313743135,45.32197097663151],[37.4457744577446,45.330413862980905],[37.46017460174602,45.34054532660022],[37.50337503375036,45.36080825383881],[37.51777517775179,45.369251140188226],[37.51777517775179,45.360808253838826],[37.50337503375036,45.33379101752069],[37.51417514175142,45.33716817206046],[37.53577535775357,45.34561105840987],[37.54297542975431,45.34729963567975],[37.55377553775541,45.345611058409865],[37.57537575375756,45.342233903870095],[37.58257582575826,45.34054532660021],[37.593375933759354,45.33885674933033],[37.600576005760075,45.33210244025082],[37.60777607776077,45.321970976631526],[37.60777607776078,45.31352809028209],[37.600576005760075,45.30677378120256],[37.58977589775899,45.30339662666282],[37.56817568175682,45.30001947212305],[37.58977589775899,45.28988800850374],[37.60777607776077,45.29664231758326],[37.62217622176222,45.31352809028209],[37.63657636576366,45.33379101752069],[37.636576365763666,45.32872528571105],[37.64377643776439,45.32197097663151],[37.64737647376476,45.315216667551994],[37.65097650976512,45.31352809028209],[37.66177661776618,45.31183951301221],[37.66537665376655,45.31183951301222],[37.672576725767264,45.30846235847246],[37.70857708577085,45.30001947212305],[37.71937719377195,45.30001947212305],[37.730177301773026,45.301708049392914],[37.73737737377374,45.30677378120257],[37.73737737377374,45.31015093574234],[37.73017730177302,45.315216667552],[37.71577715777158,45.328725285711045],[37.70857708577086,45.33379101752069],[37.7049770497705,45.337168172060466],[37.701377013770156,45.337168172060466],[37.701377013770156,45.347299635679725],[37.7049770497705,45.35067679021952],[37.71577715777159,45.35405394475929],[37.71577715777159,45.35743109929905],[37.71937719377196,45.35743109929905],[37.73737737377374,45.37431687199788],[37.7409774097741,45.3827597583473],[37.74457744577447,45.38951406742683],[37.748177481774825,45.39457979923648],[37.758977589775895,45.39457979923648],[37.758977589775895,45.401334108316],[37.74817748177484,45.39964553104613],[37.73017730177302,45.3912026446967],[37.71577715777158,45.38951406742682],[37.72297722977231,45.41484272647506],[37.71577715777158,45.42666276736423],[37.70857708577086,45.43679423098354],[37.70137701377016,45.45705715822214],[37.71577715777158,45.45368000368237],[37.733777337773375,45.44692569460284],[37.74457744577447,45.44354854006306],[37.74457744577446,45.45030284914259],[37.72657726577268,45.45705715822214],[37.70137701377015,45.479008662730635],[37.6869768697687,45.484074394540244],[37.6869768697687,45.49420585815954],[37.70137701377016,45.54317459898616],[37.70137701377017,45.56343752622473],[37.69417694176943,45.568503258034376],[37.679776797768,45.57356898984404],[37.668976689766914,45.578634721653685],[37.658176581765815,45.58032329892357],[37.650976509765115,45.585389030733225],[37.64377643776439,45.603963380701906],[37.63657636576365,45.60734053524169],[37.62217622176223,45.60058622616217],[37.62217622176223,45.58538903073321],[37.63657636576367,45.570191835304264],[37.66177661776617,45.56681468076451],[37.661776617766186,45.558371794415095],[37.643776437764394,45.55330606260545],[37.63657636576366,45.553306062605465],[37.63657636576366,45.54486317625603],[37.64017640176402,45.541486021716246],[37.64377643776439,45.53473171263673],[37.64737647376476,45.52628882628732],[37.64737647376475,45.51784593993791],[37.65097650976512,45.5178459399379],[37.65097650976512,45.516157362668025],[37.65457654576548,45.512780208128234],[37.65457654576547,45.507714476318625],[37.65457654576549,45.504337321778834],[37.64737647376475,45.504337321778834],[37.64377643776439,45.50433732177885],[37.64017640176402,45.50433732177885],[37.64017640176401,45.45536858095223],[37.62937629376297,45.42835134463414],[37.61857618576187,45.418219881014835],[37.60777607776078,45.41653130374496],[37.593375933759354,45.423285612824486],[37.586175861758626,45.43172849917389],[37.58617586175862,45.443548540063055],[37.593375933759354,45.47732008546072],[37.59337593375935,45.509403053588514],[37.58617586175861,45.56850325803439],[37.58617586175861,45.60058622616217],[37.59337593375936,45.636046348829694],[37.600576005760075,45.652932121528515],[37.60777607776078,45.66306358514783],[37.6257762577626,45.66812931695748],[37.632976329763295,45.66137500787795],[37.62937629376296,45.649554966988774],[37.61497614976151,45.64280065790921],[37.64017640176402,45.636046348829694],[37.650976509765115,45.62422630794051],[37.67257672576728,45.60902911251156],[37.67977679776801,45.61071768978146],[37.68337683376834,45.627603462480295],[37.69777697776979,45.62422630794052],[37.701377013770156,45.622537730670636],[37.701377013770156,45.63435777155983],[37.694176941769435,45.63942350336947],[37.68337683376833,45.64111208063933],[37.67617676176764,45.64955496698878],[37.66537665376655,45.663063585147825],[37.66537665376655,45.669817894227336],[37.67257672576728,45.671506471497224],[37.76257762577626,45.725540944133485],[37.802178021780236,45.74073813956243],[37.816578165781664,45.744115294102194],[37.8309783097831,45.75255818045161],[37.841778417784184,45.772821107690184],[37.859778597785976,45.80659265308784],[37.874178741787425,45.8403641984855],[37.902979029790316,45.95012172102787],[37.917379173791744,45.99064757550506],[37.93897938979391,46.02104196636296],[37.97137971379716,46.039616316331674],[38.03618036180362,46.056502089030474],[38.09018090180903,46.05987924357025],[38.09738097380975,46.05819066630036],[38.086580865808656,46.05312493449071],[38.04698046980471,46.03792773906178],[38.03978039780398,46.03455058452201],[38.03258032580326,46.024419120902714],[38.054180541805444,46.032862007252135],[38.0649806498065,46.032862007252135],[38.075780757807586,46.024419120902714],[38.072180721807236,46.014287657283425],[38.05058050580508,45.99233615277496],[38.04698046980471,45.982204689155665],[38.04338043380435,45.96025318464717],[38.04698046980471,45.95349887556765],[38.0649806498065,45.95012172102787],[38.07938079380796,45.95181029829778],[38.079380793807964,45.94674456648811],[38.07938079380796,45.9298587937893],[38.07218072180723,45.90959586655068],[38.05418054180544,45.88933293931211],[38.01458014580145,45.85724997118434],[38.00018000180003,45.831921312136096],[38.01458014580145,45.818412693977024],[38.03978039780399,45.81672411670715],[38.06138061380614,45.82685558032645],[38.04698046980472,45.84036419848552],[38.05058050580508,45.85556139391445],[38.0757807578076,45.88257863023255],[38.097380973809756,45.939990257408596],[38.09738097380974,45.95012172102787],[38.10818108181082,45.95687603010741],[38.12258122581227,45.972073225536356],[38.129781297813,45.99064757550506],[38.14058140581406,46.029484852712365],[38.1477814778148,46.04130489360152],[38.15498154981552,46.048059202681074],[38.16218162181622,46.059879243570265],[38.16218162181623,46.10209367531732],[38.16578165781659,46.120668025286015],[38.18738187381874,46.12742233436557],[38.208982089820886,46.132488066175206],[38.22698226982271,46.13755379798485],[38.24858248582487,46.14093095252462],[38.27378273782738,46.135865220714976],[38.320583205832065,46.09365078896793],[38.35298352983532,46.081830748078744],[38.41058410584105,46.04637062541118],[38.42858428584287,46.03792773906178],[38.446584465844666,46.034550584522],[38.482584825848285,46.032862007252135],[38.493384933849335,46.032862007252135],[38.5149851498515,46.037927739061786],[38.52578525785259,46.03961631633166],[38.540185401854025,46.032862007252135],[38.55098550985511,46.03117342998225],[38.55818558185583,46.032862007252135],[38.565385653856545,46.04299347087144],[38.572585725857266,46.06494497537992],[38.57618576185762,46.086896479888374],[38.572585725857266,46.105470829857104],[38.558185581855845,46.11560229347637],[38.29898298982991,46.218605506939234],[38.28458284582845,46.2321141250983],[38.28098280982812,46.255754206876645],[38.270182701827025,46.27432855684535],[38.252182521825226,46.28783717500442],[38.21618216182163,46.30641152497313],[38.12258122581227,46.37733177030819],[38.086580865808656,46.39590612027691],[38.06858068580687,46.40097185208658],[37.98937989379895,46.40266042935644],[37.982179821798226,46.40097185208656],[37.974979749797505,46.39421754300701],[37.978579785797876,46.38239750211785],[38.0109801098011,46.37226603849855],[38.01818018180183,46.36888888395878],[37.996579965799675,46.353691688529835],[37.97137971379715,46.36213457487927],[37.90657906579065,46.41110331570583],[37.86337863378634,46.45500632472282],[37.848978489784905,46.46344921107224],[37.827378273782756,46.476957829231274],[37.81297812978131,46.505663642819286],[37.802178021780236,46.539435188216935],[37.77697776977772,46.58671535177364],[37.766177661776624,46.617109742631555],[37.75537755377553,46.64581555621956],[37.730177301773004,46.66270132891839],[37.73017730177302,46.66945563799791],[37.733777337773375,46.66945563799791],[37.73737737377374,46.671144215267795],[37.73737737377374,46.67452136980756],[37.73737737377375,46.67620994707742],[37.769777697776995,46.662701328918374],[37.80937809378094,46.639061247140035],[37.85257852578528,46.62217547444121],[37.88137881378813,46.62892978352073],[37.92457924579247,46.61542116536166],[37.98217982179822,46.617109742631555],[38.03618036180362,46.628929783520725],[38.06858068580687,46.64581555621956],[38.10458104581048,46.67620994707743],[38.122581225812255,46.68634141069674],[38.14418144181441,46.69140714250639],[38.19458194581946,46.69140714250639],[38.212582125821264,46.69647287431604],[38.230582305823084,46.70491576066543],[38.262982629826304,46.72855584244379],[38.27018270182703,46.73193299698357],[38.280982809828124,46.725178687904034],[38.288182881828824,46.71167006974497],[38.29178291782919,46.70660433793531],[38.30618306183063,46.68296425615697],[38.31338313383134,46.67620994707745],[38.46098460984609,46.647504133489434],[38.57618576185763,46.65425844256896],[38.59058590585907,46.65932417437862],[38.59778597785979,46.677898524347306],[38.58698586985869,46.69647287431604],[38.56538565385654,46.70998149247509],[38.554585545855474,46.71673580155462],[38.51498514985149,46.731932996983566],[38.471784717847186,46.74375303787275],[38.428584285842874,46.745441615142624],[38.388983889838904,46.73193299698358],[38.38898388983891,46.725178687904055],[38.381783817838205,46.71335864701487],[38.378183781837826,46.70829291520522],[38.37458374583748,46.72855584244379],[38.370983709837105,46.74375303787275],[38.36738367383675,46.755573078761934],[38.37458374583748,46.76232738784145],[38.39618396183963,46.77414742873063],[38.40338403384036,46.77921316054028],[38.40338403384036,46.789344624159575],[38.39978399783999,46.811296128668054],[38.40338403384036,46.82142759228737],[38.414184141841424,46.83324763317654],[38.43578435784358,46.84675625133559],[38.457384573845765,46.856887714954894],[38.47538475384756,46.86195344676453],[38.55458554585548,46.84844482860547],[38.572585725857266,46.85013340587536],[38.608586085860885,46.860264869494635],[38.69138691386914,46.86364202403441],[38.7129871298713,46.86870775584406],[38.766987669876706,46.88728210581277],[38.80298802988031,46.894036414892284],[38.82098820988211,46.9041678785116],[38.84618846188463,46.93118511482974],[38.864188641886415,46.9430051557189],[38.88218882188823,46.9463823102587],[38.918189181891826,46.94300515571891],[38.93618936189364,46.94807088752854],[38.9577895778958,46.95651377387796],[38.990189901899015,46.97846527838645],[39.03699036990372,47.013925401053974],[39.058590585905876,47.022368287403395],[39.06579065790658,47.02743401921303],[39.07659076590767,47.0324997510227],[39.08739087390875,47.0324997510227],[39.09819098190982,47.02912259648293],[39.105391053910566,47.01730255559375],[39.116191161911615,47.01223682378409],[39.1269912699127,47.01392540105397],[39.1377913779138,47.01899113286361],[39.1449914499145,47.02405686467327],[39.15219152191523,47.02574544194317],[39.260192601926036,47.00885966924435],[39.281792817928185,47.012236823784086],[39.288992889928934,47.027434019213054],[39.29619296192962,47.069648450960095],[39.303393033930355,47.08484564638906],[39.32499324993251,47.09835426454809],[39.36819368193682,47.10679715089753],[39.38979389793901,47.11524003724694],[39.3537935379354,47.13043723267589],[39.32859328593286,47.128748655406014],[39.306993069930705,47.11186288270719],[39.281792817928185,47.08822280092883],[39.26379263792641,47.096665687278225],[39.260192601926036,47.10679715089753],[39.274592745927464,47.135502964485546],[39.252992529925315,47.14056869629518],[39.249392493924944,47.147323005374716],[39.25299252992532,47.181094550772364],[39.25659256592567,47.18953743712177],[39.26379263792639,47.19122601439167],[39.27459274592746,47.19122601439167],[39.28179281792819,47.196291746201325],[39.2817928179282,47.20473463255072],[39.2817928179282,47.235129023408604],[39.26379263792639,47.26045768245686],[39.227792277922795,47.26721199153639],[39.18459184591848,47.26890056880625],[39.15579155791559,47.27903203242556],[39.1377913779138,47.27396630061591],[39.11979119791198,47.27734345515569],[39.10179101791019,47.28409776423521],[39.08739087390876,47.28578634150507],[39.0729907299073,47.28240918696534],[39.04779047790478,47.26721199153638],[39.04059040590406,47.26552341426651],[39.0117901179012,47.25370337337735],[38.97578975789759,47.257080527917076],[38.94338943389434,47.25201479610743],[38.92898928989292,47.22162040524956],[38.93258932589328,47.20135747801094],[38.93618936189363,47.18953743712177],[38.932589325893275,47.18447170531212],[38.88578885788859,47.18109455077237],[38.87498874988751,47.17602881896271],[38.860588605886086,47.16927450988319],[38.84618846188463,47.16420877807355],[38.82818828188284,47.162520200803684],[38.77058770587706,47.16420877807356],[38.72018720187203,47.1507001599145],[38.68418684186844,47.14732300537473],[38.64458644586446,47.137191541755406],[38.62658626586267,47.135502964485546],[38.554585545855474,47.135502964485546],[38.558185581855845,47.13043723267589],[38.558185581855845,47.12874865540601],[38.56178561785618,47.12537150086623],[38.56898568985691,47.12199434632646],[38.56898568985691,47.11524003724694],[38.54378543785438,47.11524003724692],[38.51858518585187,47.11861719178671],[38.49338493384934,47.128748655406014],[38.47898478984792,47.142257273565065],[38.49338493384935,47.14901158264458],[38.51138511385114,47.17096308715306],[38.522185221852226,47.17602881896272],[38.529385293852954,47.18278312804225],[38.5509855098551,47.209800364360376],[38.558185581855845,47.21824325070977],[38.59418594185942,47.230063291598945],[38.77418774187743,47.24526048702789],[38.78858788587886,47.25032621883756],[38.80658806588069,47.262146259726734],[38.8209882098821,47.27565487788579],[38.820988209882096,47.28578634150508],[38.810188101881025,47.28747491877499],[38.80298802988031,47.28072060969543],[38.788587885878854,47.26214625972673],[38.78138781387815,47.25876910518699],[38.77418774187744,47.25876910518699],[38.756187561875635,47.25876910518698],[38.594185941859415,47.24188333248815],[38.554585545855474,47.23006329159896],[38.51858518585186,47.21148894163025],[38.50058500585008,47.18109455077237],[38.493384933849335,47.17602881896271],[38.486184861848606,47.174340241692846],[38.471784717847186,47.16927450988319],[38.46098460984609,47.16252020080368],[38.45738457384575,47.152388737184374],[38.450184501845015,47.14056869629521],[38.42858428584287,47.133814387215665],[38.26658266582667,47.118617191786704],[38.22338223382235,47.10848572816741],[38.21618216182162,47.10341999635775],[38.20178201782019,47.1304372326759],[38.19818198181983,47.16252020080368],[38.20178201782019,47.19291459166154],[38.22338223382234,47.214866096170034],[38.24138241382414,47.22330898251943],[38.26298262982628,47.23175186886885],[38.28458284582845,47.24188333248815],[38.29898298982991,47.25539195064721],[38.30258302583028,47.275654877885785],[38.291782917829174,47.28747491877499],[38.27738277382775,47.29254065058461],[38.25938259382594,47.29254065058461],[38.21978219782199,47.289163496044864],[38.20178201782019,47.29085207331473],[38.187381873818744,47.30098353693404],[38.19098190981911,47.31618073236298],[38.20178201782019,47.334755082331704],[38.234182341823406,47.36177231864982],[38.25938259382593,47.393855286777566],[38.2629826298263,47.4208725230957],[38.25938259382593,47.49348134570068],[38.273782737827396,47.52725289109834],[38.29178291782919,47.56271301376585],[38.320583205832065,47.59141882735387],[38.35298352983532,47.6066160227828],[38.561785617856174,47.626878950021386],[38.586985869858694,47.63363325910092],[38.60498604986052,47.64545329999012],[38.64458644586446,47.67415911357812],[38.66258662586626,47.68260199992752],[38.67698676986772,47.6859791544673],[38.7129871298713,47.675847690848],[38.73458734587348,47.67753626811787],[38.74538745387454,47.69273346354683],[38.75258752587528,47.73494789529388],[38.77058770587708,47.78053948158072],[38.79578795787959,47.819376758788025],[38.831788317883195,47.848082572376036],[38.87858878588787,47.86159119053511],[39.036990369903734,47.856525458725464],[39.04059040590406,47.85652545872545],[39.09459094590946,47.83288537694707],[39.11259112591127,47.827819645137446],[39.134191341913436,47.82950822240733],[39.1737917379174,47.836262531486845],[39.32139321393215,47.846393995106155],[39.33939339393397,47.84301684056637],[39.37179371793718,47.82781964513747],[39.393393933939336,47.82275391332778],[39.41499414994153,47.82275391332778],[39.45819458194584,47.8311967996772],[39.479794797947996,47.82613106786755],[39.50859508595088,47.822753913327794],[39.56979569795699,47.83119679967718],[39.60219602196023,47.82950822240733],[39.69939699396994,47.81093387243861],[39.73539735397355,47.815999604248276],[39.76059760597607,47.83288537694707],[39.77499774997751,47.85821403599534],[39.78219782197824,47.88691984958334],[39.78219782197823,47.89367415866287],[39.778597785977865,47.90718277682194],[39.77859778597788,47.913937085901466],[39.77859778597787,47.922379972250866],[39.78939789397896,47.93757716767983],[39.79299792997932,47.94602005402923],[39.79659796597966,47.961217249458166],[39.792997929979315,47.971348713077475],[39.77859778597787,47.993300217585954],[39.77139771397714,48.003431681205235],[39.76059760597607,48.010185990284775],[39.76059760597608,48.01525172209443],[39.7677976779768,48.02369460844383],[39.77859778597786,48.02876034025348],[39.83259832598328,48.03551464933301],[39.839798397984,48.035514649332995],[39.84339843398436,48.037203226602884],[39.84339843398436,48.04564611295232],[39.82899828998291,48.076040503810184],[39.83259832598328,48.09968058558854],[39.84339843398436,48.11994351282715],[39.893798937989395,48.18242087181281],[39.911799117991194,48.197618067241756],[39.96219962199624,48.221258149020116],[39.97659976599766,48.23476676717917],[39.99099990999911,48.25334111714788],[39.99459994599945,48.27360404438646],[39.980199801998026,48.2904898170853],[39.95859958599588,48.293866971625086],[39.904599045990466,48.28035835346599],[39.886598865988674,48.27866977619612],[39.8145981459815,48.30737558978412],[39.88299882998832,48.346212866991436],[39.9009990099901,48.36141006242037],[39.92259922599226,48.37660725784932],[39.915399153991565,48.385050144198736],[39.90819908199084,48.3985587623578],[39.89739897398974,48.423887421406015],[39.86499864998652,48.469479007692854],[39.85419854198543,48.476233316772415],[39.84339843398436,48.48298762585193],[39.84339843398436,48.499873398550754],[39.854198541985426,48.499873398550754],[39.86499864998652,48.501561975820636],[39.86859868598686,48.51000486217005],[39.868598685986846,48.513382016709805],[39.86499864998652,48.51675917124959],[39.86499864998652,48.52351348032912],[39.861398613986154,48.53026778940864],[39.854198541985426,48.55559644845689],[39.83619836198363,48.5741707984256],[39.80739807398074,48.5843022620449],[39.68859688596887,48.594433725664175],[39.67059670596705,48.58767941658464],[39.630996309963116,48.58767941658465],[39.64179641796419,48.61131949836301],[39.702997029970305,48.746405679953625],[39.71019710197104,48.75484856630305],[39.73539735397355,48.761602875382586],[39.74619746197461,48.77004576173198],[39.74979749797499,48.78186580262115],[39.76059760597607,48.79199726624044],[39.778597785977865,48.80719446166941],[39.80019800198002,48.815637348018804],[39.82539825398255,48.815637348018804],[39.93339933399336,48.78693153443079],[39.97659976599766,48.79030868897058],[40.01980019800198,48.81394877074894],[40.0378003780038,48.83083454344776],[40.05220052200522,48.849408893416474],[40.05220052200523,48.86967182065507],[40.03420034200342,48.884869016084004],[40.00900009000092,48.888246170623766],[39.99099990999912,48.8764261297346],[39.97299972999729,48.859540357035776],[39.951399513995135,48.85278604795624],[39.93699936999371,48.85616320249599],[39.91899918999191,48.87304897519481],[39.90819908199084,48.87811470700447],[39.89739897398974,48.87980328427437],[39.86139861398616,48.8764261297346],[39.78219782197823,48.888246170623766],[39.75699756997571,48.89500047970328],[39.746197461974624,48.9051319433226],[39.73899738997392,48.91864056148165],[39.72459724597247,48.93721491145038],[39.70659706597067,48.94903495233957],[39.68859688596889,48.95747783868896],[39.67419674196742,48.969297879578136],[39.68139681396814,49.01995519767462],[39.699396993969934,49.028398084024055],[39.749797497974974,49.026709506754145],[39.83259832598327,49.04528385672286],[39.86139861398617,49.04528385672286],[39.890198901989045,49.0419067021831],[39.90819908199082,49.04190670218311],[39.91899918999191,49.04697243399274],[39.92259922599226,49.05879247488193],[39.926199261992615,49.085809711200056],[39.92979929799298,49.101006906628974],[39.95139951399514,49.124646988407356],[39.980199801998026,49.14153276110619],[40.0378003780038,49.1685499974243],[40.05940059400596,49.18205861558337],[40.091800918009206,49.2175187382509],[40.109801098011005,49.22765020187019],[40.135001350013496,49.2360930882196],[40.142201422014246,49.24622455183891],[40.14220142201424,49.28168467450643],[40.156601566015674,49.31545621990408],[40.16020160201604,49.334030569872795],[40.14940149401494,49.34922776530175],[40.10260102601025,49.38468788796928],[40.06300063000632,49.4252137424465],[40.04140041400416,49.45560813330437],[40.03420034200344,49.48769110143212],[40.05580055800559,49.519774069559894],[40.07380073800737,49.5299055331792],[40.10980109801099,49.54510272860816],[40.12780127801278,49.558611346767194],[40.13140131401315,49.580562851275694],[40.11700117001171,49.58900573762508],[40.11700117001172,49.590694314894996],[40.016200162001645,49.60758008759381],[39.99819998199982,49.60758008759381],[39.972999729997305,49.60251435578416],[39.915399153991565,49.563677078576866],[39.890198901989045,49.55354561495754],[39.85779857798579,49.54510272860816],[39.82899828998291,49.54172557406838],[39.80019800198002,49.54172557406838],[39.782197821978244,49.54847988314791],[39.72819728197282,49.58056285127567],[39.688596885968884,49.59407146943475],[39.65259652596527,49.59913720124438],[39.62379623796239,49.612645819403426],[39.59859598595987,49.648105942071],[39.58059580595807,49.69032037381805],[39.569795697956984,49.71396045559641],[39.55899558995591,49.72409191921571],[39.49779497794979,49.72746907375548],[39.479794797947996,49.734223382835],[39.443794437944376,49.749420578263965],[39.407794077940785,49.744354846454314],[39.368193681936816,49.73253480556513],[39.32859328593287,49.72578049648559],[39.28899288992891,49.73253480556514],[39.26019260192605,49.74435484645431],[39.23859238592388,49.76461777369288],[39.180991809918126,49.85917810080633],[39.15579155791559,49.87437529623526],[39.11619116191163,49.864243832615976],[39.09819098190982,49.85242379172681],[39.06939069390694,49.82034082359903],[39.04779047790478,49.81020935997972],[39.033390333903355,49.80683220543997],[38.93618936189364,49.803455050900176],[38.91098910989112,49.82034082359902],[38.8857888578886,49.845669482647246],[38.853388533885344,49.86593240988585],[38.748987489874914,49.886195337124455],[38.687786877868774,49.913212573442564],[38.68058680586807,49.918278305252215],[38.67698676986772,49.92672119160164],[38.67338673386735,49.94360696430048],[38.66258662586626,49.96218131426917],[38.63738637386374,49.95711558245951],[38.630186301863034,49.95373842791973],[38.619386193861935,49.950361273380004],[38.5689856898569,49.95711558245951],[38.49698496984971,49.948672696110116],[38.46098460984609,49.95711558245951],[38.439384393843945,49.9672470460788],[38.421384213842146,49.97231277788848],[38.37458374583747,49.975689932428224],[38.356583565835685,49.980755664237876],[38.345783457834585,49.99257570512705],[38.313383133831344,50.04998733230307],[38.2989829898299,50.06011879592234],[38.28098280982811,50.061807373192245],[38.252182521825226,50.058430218652475],[38.19098190981911,50.06349595046213],[38.172981729817316,50.06011879592236],[38.16578165781658,50.029724405064485],[38.172981729817316,49.98413281877765],[38.16578165781658,49.9402298097607],[38.11898118981191,49.91996688252211],[38.10818108181081,49.91996688252211],[38.09018090180903,49.92840976887152],[38.079380793807964,49.93009834614139],[38.06498064980651,49.92672119160165],[38.02178021780219,49.90983541890282],[38.00018000180003,49.8997039552835],[37.996579965799675,49.90645826436304],[37.99657996579967,49.92165545979198],[37.978579785797876,49.9402298097607],[37.97857978579788,49.941918387030576],[37.94617946179463,49.97737850969812],[37.917379173791744,50.00270716874636],[37.88137881378813,50.02297009598496],[37.841778417784184,50.039855868683794],[37.762577625776274,50.06180737319223],[37.72657726577268,50.07869314589107],[37.632976329763295,50.1732534730045],[37.59697596975971,50.196893554782854],[37.589775897758976,50.203647863862386],[37.58977589775899,50.213779327481696],[37.58977589775898,50.225599368370865],[37.600576005760075,50.24923945014921],[37.600576005760075,50.2914538818963],[37.56817568175682,50.311716809134886],[37.48177481774818,50.340422622722876],[37.46377463774639,50.36575128177114],[37.449374493744955,50.399522827168795],[37.4349743497435,50.42485148621702],[37.41697416974171,50.431605795296555],[37.316173161731626,50.42316290894714],[37.28377283772837,50.41472002259774],[37.226172261722645,50.377571322660316],[37.19737197371977,50.36237412723136],[37.05337053370533,50.33535689091326],[36.98136981369813,50.3421111999928],[36.91296912969131,50.338734045453016],[36.84816848168484,50.323536850024055],[36.68256682566827,50.26105949103839],[36.66816668166683,50.25261660468899],[36.660966609666104,50.244173718339596],[36.64296642966432,50.222222213831124],[36.635766357663584,50.21377932748168],[36.61776617766179,50.20702501840216],[36.596165961659636,50.203647863862386],[36.570965709657116,50.20702501840216],[36.54936549365493,50.21209075021181],[36.53496534965351,50.220533636561214],[36.53136531365314,50.22897652291065],[36.53496534965351,50.23910798652994],[36.534965349653504,50.26105949103839],[36.53856538565387,50.26443664557817],[36.534965349653504,50.267813800117956],[36.52056520565207,50.27456810919747],[36.51336513365135,50.27625668646735],[36.48096480964811,50.281322418277],[36.452164521645216,50.29314245916618],[36.43056430564306,50.29651961370596],[36.408964089640904,50.304962500055346],[36.401764017640176,50.306651077325256],[36.38736387363875,50.306651077325256],[36.38016380163803,50.30327392278547],[36.36216362163623,50.291453881896295],[36.34056340563407,50.281322418277],[36.31536315363156,50.27456810919747],[36.29376293762939,50.27456810919747],[36.268562685626875,50.281322418277],[36.167761677616795,50.38432563173983],[36.142561425614275,50.39276851808928],[36.131761317613176,50.411342868057964],[36.10656106561067,50.421474331677274],[35.93015930159303,50.42991721802668],[35.83655836558368,50.42316290894715],[35.81855818558185,50.419785754407364],[35.80415804158042,50.41134286805795],[35.78615786157864,50.394457095359144],[35.77535775357754,50.38770278627962],[35.764557645576474,50.384325631739834],[35.74655746557465,50.384325631739834],[35.739357393573954,50.38094847720008],[35.721357213572134,50.36912843631091],[35.710557105571084,50.35561981815185],[35.69615696156961,50.345488354532534],[35.69255692556924,50.343799777262674],[35.67455674556746,50.340422622722876],[35.6529565295653,50.340422622722876],[35.63135631356315,50.34548835453254],[35.609756097561,50.35224266361209],[35.591755917559176,50.36068554996148],[35.57015570155702,50.375882745390435],[35.56295562955631,50.391079940819374],[35.56295562955631,50.4096542907881],[35.55575555755558,50.43329437256645],[35.54135541355415,50.450180145265286],[35.523355233552344,50.460311608884574],[35.50175501755019,50.46368876342434],[35.480154801548025,50.467065917964106],[35.44775447754477,50.47550880431349],[35.42615426154262,50.500837463361755],[35.379353793537945,50.6224150267933],[35.37575375753759,50.63423506768249]]],[[[47.62667626676268,43.96266627437594],[47.63747637476377,43.98124062434465],[47.66627666276665,43.9964378197736],[47.781477814778164,43.9947492425037],[47.813878138781405,43.999814974313345],[47.83907839078392,43.99981497431335],[47.84987849878499,43.99981497431335],[47.86067860678608,43.9947492425037],[47.8678786787868,43.991372087963946],[47.8678786787868,43.98461777888442],[47.763477634776365,43.92889472897829],[47.74547745477455,43.927206151708404],[47.70947709477097,43.935649038057804],[47.69507695076951,43.93733761532769],[47.68427684276845,43.93902619259759],[47.680676806768076,43.95084623348678],[47.673476734767355,43.950846233486764],[47.65547655476556,43.94240334713735],[47.641076410764136,43.94409192440723],[47.63387633876342,43.95253481075664],[47.62667626676268,43.96266627437594]]],[[[47.914679146791485,45.62253773067064],[47.91827918279185,45.63266919428994],[47.92907929079293,45.636046348829694],[47.93627936279364,45.6360463488297],[47.94707947079471,45.64448923517912],[47.9578795787958,45.65124354425864],[47.96147961479617,45.63942350336948],[47.96147961479617,45.62422630794051],[47.96507965079653,45.605651957971816],[47.97947979479796,45.583700453463344],[47.983079830798324,45.563437526224725],[47.98307983079832,45.549928908065674],[47.99027990279905,45.53642028990663],[47.99747997479976,45.52122309447767],[47.99747997479976,45.467188621841416],[47.997479974799745,45.45368000368237],[47.99747997479975,45.451991426412484],[47.997479974799745,45.44861427187271],[47.99027990279905,45.44861427187271],[47.98307983079832,45.45368000368235],[47.97947979479795,45.45536858095225],[47.961479614796175,45.475631508190844],[47.94347943479438,45.49927158996918],[47.92907929079291,45.53473171263673],[47.91827918279185,45.57019183530428],[47.91827918279185,45.57863472165368],[47.9146791467915,45.59552049435251],[47.91827918279185,45.60902911251156],[47.914679146791485,45.62253773067064]]]]}},{"type":"Feature","properties":{"territory_id":"SE-01","country_code":"SE","country_name":"Sweden","display_name":"Southern Sweden","strategic_centre":"Malmo","centre":[13.0358,55.6058],"boundary_status":"administrative-comparison-draft","admin_source":"NUTS 2024 level 3","source_region_count":6},"geometry":{"type":"MultiPolygon","coordinates":[[[[10.978148907445373,58.87319365968298],[10.996899844992257,58.90234511725586],[11.038151907595385,58.90234511725586],[11.056902845142261,58.8440422021101],[10.978148907445373,58.87319365968298]]],[[[11.120656032801648,58.91294564728237],[11.146907345367275,59.02955147757388],[11.22191109555478,59.07990399519976],[11.244412220611032,59.09315465773289],[11.293164658232918,59.09845492274614],[11.326916345817295,59.11170558527927],[11.360668033401673,59.07990399519976],[11.461923096154813,58.9897994899745],[11.465673283664188,58.894394719735985],[11.544427221361076,58.88114405720286],[11.656932846642334,58.91559577978899],[11.709435471773595,59.02955147757388],[11.76193809690485,59.07990399519976],[11.788189409470476,59.20181009050452],[11.825691284564236,59.23891194559728],[11.956947847392371,59.23891194559728],[12.069453472673636,59.19385969298465],[12.106955347767396,59.24951247562379],[12.204460223011154,59.24951247562379],[12.5344767238362,59.12230611530577],[12.579478973948703,59.119655982799145],[12.650732536626833,59.175308765438274],[12.725736286814346,59.148807440372025],[12.740737036851847,59.13820691034552],[12.77073853692685,59.07990399519976],[12.89449472473624,58.828141407070355],[13.029501475073758,58.78308915445773],[13.254512725636289,58.730086504325214],[13.389519475973806,58.743337166858346],[13.348267413370671,58.8228411420571],[13.412020601030058,58.93944697234862],[13.595779788989454,59.05605280264014],[14.008300415020756,59.02955147757388],[14.158307915395774,59.050752537626884],[14.297064853242667,59.01365068253413],[14.300815040752042,58.93679683984199],[14.37956897844893,58.88114405720286],[14.375818790939555,58.838741937096856],[14.462073103655186,58.77513875693785],[14.484574228711438,58.71948597429872],[14.574578728936451,58.68503425171259],[14.675833791689591,58.73538676933847],[14.777088854442724,58.645282264113206],[14.619580979048955,58.45447272363619],[14.417070853542683,58.18680934046702],[14.477073853692687,58.13115655782789],[14.597079853992703,58.09935496774839],[14.855842792139612,58.08875443772189],[14.908345417270866,58.13645682284114],[14.979598979949003,58.141757087854394],[15.069603480174017,58.006600330016504],[15.017100855042756,57.977448872443624],[14.99834991749588,57.91649582479124],[15.054602730136509,57.83169158457923],[15.12210610530527,57.72833641682084],[15.422121106055307,57.70448522426122],[15.613380669033454,57.61438071903595],[15.605880294014703,57.55872793639682],[15.639631981599088,57.50837541877094],[15.594629731486577,57.44742237111856],[15.538376918845948,57.46067303365169],[15.50462523126157,57.439471973598685],[15.512125606280321,57.32816640832041],[15.46712335616781,57.27781389069453],[15.515875793789697,57.2009600480024],[15.808390419520983,57.00485024251213],[15.830891544577234,56.95714785739287],[15.774638731936605,56.917395869793495],[15.557127856392825,56.917395869793495],[15.527126356317822,56.8140407020351],[15.38836941847093,56.771638581929096],[15.407120356017806,56.68948447422372],[15.354617730886552,56.530476523826195],[15.362118105905303,56.48277413870694],[15.572128606430326,56.49602480124007],[15.78588929446473,56.36086804340217],[15.860893044652236,56.32111605580279],[16.048402420121008,56.32111605580279],[15.984649232461628,56.20451022551128],[15.857142857142861,56.09850492524626],[15.815890794539733,56.103805190259514],[15.789639481974106,56.143557177858895],[15.763388169408472,56.066703335166764],[15.665883294164715,56.09850492524626],[15.699634981749092,56.1647582379119],[15.587129356467827,56.191259562978146],[15.34336716835842,56.132956647832394],[15.268363418170914,56.1647582379119],[14.71708585429272,56.154157707885396],[14.694584729236468,56.11970598529926],[14.758337916895847,56.034901745087254],[14.705835291764593,56.00310015500775],[14.642082104105206,56.005750287514374],[14.54457722886145,56.06140307015351],[14.353317665883296,55.95539776988849],[14.210810540527028,55.80699034951748],[14.207060353017653,55.708935446772344],[14.353317665883296,55.54197709885494],[14.180809040452026,55.38296914845742],[14.064553227661385,55.38296914845742],[13.918295914795742,55.430671533576685],[13.667033351667591,55.42007100355018],[13.352017600880046,55.340567028351416],[13.029501475073758,55.38296914845742],[12.946997349867495,55.40947047352368],[12.905745287264367,55.56052802640132],[13.029501475073758,55.63738186909346],[13.048252412620634,55.64268213410671],[13.05950297514876,55.669183459172956],[13.05200260013001,55.69303465173259],[13.029501475073758,55.708935446772344],[12.916995849792492,55.75398769938497],[12.913245662283117,55.825541277063856],[12.819490974548735,55.85999299964999],[12.804490224511227,55.902395119755994],[12.725736286814346,55.98454922746137],[12.571978598929952,56.14620731036552],[12.50447522376119,56.281364068203416],[12.725736286814346,56.23896194809741],[12.789489474473726,56.23631181559078],[12.811990599529985,56.27076353817691],[12.725736286814346,56.36086804340217],[12.650732536626833,56.392669633481674],[12.635731786589332,56.41917095854793],[12.725736286814346,56.46687334366719],[12.841992099604987,56.43507175358768],[12.898244912245616,56.4483224161208],[12.935746787339369,56.541077053852696],[12.901995099754991,56.617930896544834],[12.841992099604987,56.655032751637584],[12.725736286814346,56.655032751637584],[12.631981599079957,56.74513725686285],[12.586979348967454,56.83259162958148],[12.369468473423673,56.92269613480674],[12.343217160858046,57.00750037501875],[12.204460223011154,57.12145607280364],[12.22321116055803,57.15325766288315],[12.114455722786147,57.23806190309516],[12.15945797289865,57.304315215760795],[12.084454222711138,57.3467173358668],[12.110705535276772,57.3891194559728],[12.095704785239263,57.43152157607881],[12.054452722636135,57.439471973598685],[12.001950097504881,57.359967998399924],[11.923196159807993,57.3997199859993],[11.923196159807993,57.56137806890345],[11.840692034601737,57.68063403170159],[11.735686784339222,57.71243562178109],[11.784439221961101,57.77868893444672],[11.71318565928297,57.86614330716536],[11.814440722036103,58.104655232761644],[11.739436971848598,58.08875443772189],[11.739436971848598,58.027801390069506],[11.679433971698586,57.974798739937],[11.555677783889202,57.958897944897245],[11.43192159607981,58.14440722036102],[11.473173658682938,58.221261063053156],[11.536926846342318,58.2159607980399],[11.551927596379826,58.24246212310616],[11.409420471023559,58.31401570078504],[11.43192159607981,58.3829191459573],[11.375668783439174,58.38821941097055],[11.319415970798545,58.343167158357915],[11.251912595629783,58.37761888094405],[11.281914095704792,58.462423121156064],[11.266913345667291,58.61878093904696],[11.203160158007904,58.663833191659585],[11.176908845442277,58.75128756437822],[11.240662033101657,58.83079153957698],[11.161908095404776,58.838741937096856],[11.120656032801648,58.91294564728237]]],[[[11.563178158907952,57.78133906695335],[11.608180409020456,57.78928946447323],[11.70568528426422,57.74953747687385],[11.649432471623584,57.69653482674134],[11.563178158907952,57.78133906695335]]],[[[11.578178908945453,57.86614330716536],[11.619430971548582,57.903245162258116],[11.66068303415171,57.88999449972499],[11.626931346567332,57.85554277713886],[11.578178908945453,57.86614330716536]]],[[[11.728186409320472,57.64353217660883],[11.799439971998602,57.656782839141954],[11.833191659582987,57.61703085154258],[11.77693884694235,57.57992899644982],[11.728186409320472,57.64353217660883]]],[[[12.665733286664334,55.91564578228912],[12.710735536776845,55.92624631231561],[12.740737036851847,55.88384419220961],[12.688234411720593,55.88384419220961],[12.665733286664334,55.91564578228912]]],[[[12.830741537076861,55.40947047352368],[12.88699434971749,55.430671533576685],[12.920746037301868,55.398869943497175],[12.87949397469874,55.38296914845742],[12.830741537076861,55.40947047352368]]],[[[15.45212260613031,56.10115505775289],[15.50462523126157,56.132956647832394],[15.542127106355323,56.11970598529926],[15.508375418770946,56.085254262713136],[15.45212260613031,56.10115505775289]]],[[[15.575878793939701,56.103805190259514],[15.617130856542829,56.140907045352265],[15.650882544127214,56.12235611780589],[15.632131606580337,56.09055452772639],[15.575878793939701,56.103805190259514]]]]}},{"type":"Feature","properties":{"territory_id":"SE-02","country_code":"SE","country_name":"Sweden","display_name":"Central Sweden and Stockholm","strategic_centre":"Stockholm","centre":[18.0686,59.3294],"boundary_status":"administrative-comparison-draft","admin_source":"NUTS 2024 level 3","source_region_count":11},"geometry":{"type":"MultiPolygon","coordinates":[[[[11.69818490924547,59.5860793039652],[11.720686034301721,59.62053102655133],[11.919445972298618,59.70533526676334],[11.908195409770492,59.79808990449523],[11.840692034601737,59.84049202460123],[11.975698784939254,59.89614480724036],[12.178208910445527,59.89614480724036],[12.335716785839296,59.967698384919245],[12.493224661233064,60.09225461273064],[12.5344767238362,60.18765938296915],[12.50447522376119,60.31751587579379],[12.59822991149558,60.40497024851243],[12.601980099004955,60.51097554877744],[12.43322166108306,60.69913495674784],[12.395719785989307,60.741537076853845],[12.32446622331117,60.895244762238114],[12.234461723086156,61.009200460023],[12.66948347417371,61.05690284514226],[12.703235161758094,61.128456422821145],[12.725736286814346,61.14965748287415],[12.82324116205811,61.24241212060603],[12.856992849642488,61.3643182159108],[12.725736286814346,61.457072853642686],[12.579478973948703,61.55777788889445],[12.418220911045559,61.56837841892094],[12.14445722286115,61.7300365018251],[12.298214910745543,62.268013400670036],[12.60573028651433,62.21501075053753],[12.725736286814346,62.217660883044154],[12.800740037001852,62.217660883044154],[12.898244912245616,62.14610730536527],[12.954497724886252,62.12755637781889],[13.007000350017506,62.07190359517976],[13.029501475073758,62.06925346267314],[13.15325766288315,62.02950147507376],[13.284514225711291,62.04010200510026],[13.329516475823795,61.98444922246112],[13.243262163108163,61.92349617480875],[13.38576928846443,61.82809140457023],[13.562028101405076,61.65318265913296],[14.214560728036403,61.61608080404021],[14.390819540977056,61.571028551427574],[14.447072353617685,61.59487974398721],[14.495824791239563,61.64523226161308],[14.540827041352074,61.785689284464226],[14.657082854142715,61.87579378968948],[14.765838291914598,61.83074153707686],[14.795839791989607,61.86784339216961],[14.89709485474274,61.82279113955698],[14.949597479874,61.873143657182865],[15.088354417720893,61.83869193459673],[15.12210610530527,62.00035001750088],[15.410870543527182,62.13020651032552],[15.407120356017806,62.17525876293815],[15.328366418320918,62.27331366568329],[15.530876543827198,62.33956697834892],[15.78588929446473,62.30511525576279],[16.205910295514784,62.23621181059053],[16.51342567128357,62.23356167808391],[16.925946297314873,62.172608630431526],[17.488474423721193,62.13815690784539],[17.3497174858743,61.881094054702736],[17.39846992349618,61.75388769438472],[17.480974048702443,61.66908345417271],[17.38346917345868,61.61343067153358],[17.32721636081805,61.66908345417271],[17.237211860593035,61.68763438171909],[17.162208110405523,61.53127656382819],[17.165958297914898,61.44117205860293],[17.128456422821145,61.40142007100356],[17.207210360518033,61.29806490324516],[17.169708485424273,61.176158807940396],[17.203460173008658,61.00655032751638],[17.13220661033052,60.90054502725137],[17.21096054802741,60.903195159757985],[17.270963548177413,60.85284264213211],[17.31221561078054,60.770688534426725],[17.278463923196163,60.69648482424121],[17.368468423421177,60.654082704135206],[17.63098154907746,60.635531776588834],[17.604730236511834,60.577228861443075],[17.713485674283717,60.518925946297315],[17.784739236961855,60.566628331416574],[17.96849842492125,60.6116805840292],[18.006000300015003,60.5798789939497],[18.013500675033754,60.51097554877744],[18.05475273763689,60.492424621231066],[18.276013800690038,60.35196759837992],[18.39226961348068,60.34666733336667],[18.41477073853693,60.35991799589979],[18.377268863443177,60.492424621231066],[18.39976998849943,60.51097554877744],[18.493524676233818,60.383769188459425],[18.568528426421324,60.344017200860044],[18.553527676383823,60.28571428571429],[18.60228011400571,60.21416070803541],[18.512275613780695,60.14790739536977],[18.78228911445573,60.12405620281014],[18.958547927396374,59.91469573478674],[18.939796989849498,59.85109255462773],[19.01480074003701,59.8378418920946],[18.97729886494325,59.726536326816344],[18.767288364418228,59.64438221911096],[18.598529926496333,59.50127506375319],[18.3435171758588,59.41382069103456],[18.39976998849943,59.38201910095505],[18.628531426571335,59.397919895994804],[18.68853442672134,59.339616980849044],[18.666033301665088,59.28661433071654],[18.557277863893198,59.24686234311716],[18.381019050952553,59.254812740637036],[18.33601680084005,59.14350717535877],[18.18600930046503,59.06400320016001],[18.159757987899397,59.000400020001],[18.11100555027752,58.992449622481125],[18.08475423771189,59.02955147757388],[17.908495424771246,58.88909445472274],[17.822241112055607,58.907645382269116],[17.717235861793093,58.979198959948],[17.57097854892745,58.95004750237512],[17.582229111455575,58.89969498474924],[17.495974798739944,58.83344167208361],[17.473473673683692,58.76453822691135],[17.41347067353368,58.78573928696435],[17.21846092304616,58.72478623931197],[17.11720586029302,58.73803690184509],[17.10970548527427,58.67178358917946],[17.00845042252113,58.63733186659333],[16.74968748437422,58.626731336566834],[16.84344217210861,58.50747537376869],[16.74218710935547,58.422671133556676],[16.809690484524232,58.348467423371176],[16.820941047052358,58.14705735286765],[16.753437671883596,58.056952847642386],[16.667183359167964,57.99599979999],[16.77968898444923,57.9853992699635],[16.80219010950548,57.953597679884],[16.78718935946798,57.879393969698484],[16.712185609280468,57.83964198209911],[16.67843392169609,57.765438271913595],[16.697184859242967,57.67533376668834],[16.59217960898045,57.58257912895645],[16.67093354667734,57.50837541877094],[16.68593429671484,57.439471973598685],[16.49842492124607,57.275163758187915],[16.479673983699193,57.185059252962645],[16.543427171358573,57.06050302515126],[16.45342267113356,56.965098254912746],[16.363418170908552,56.68683434171709],[16.243412170608536,56.607330366518326],[16.048402420121008,56.32111605580279],[15.860893044652236,56.32111605580279],[15.78588929446473,56.36086804340217],[15.572128606430326,56.49602480124007],[15.362118105905303,56.48277413870694],[15.354617730886552,56.530476523826195],[15.407120356017806,56.68948447422372],[15.38836941847093,56.771638581929096],[15.527126356317822,56.8140407020351],[15.557127856392825,56.917395869793495],[15.774638731936605,56.917395869793495],[15.830891544577234,56.95714785739287],[15.808390419520983,57.00485024251213],[15.515875793789697,57.2009600480024],[15.46712335616781,57.27781389069453],[15.512125606280321,57.32816640832041],[15.50462523126157,57.439471973598685],[15.538376918845948,57.46067303365169],[15.594629731486577,57.44742237111856],[15.639631981599088,57.50837541877094],[15.605880294014703,57.55872793639682],[15.613380669033454,57.61438071903595],[15.422121106055307,57.70448522426122],[15.12210610530527,57.72833641682084],[15.054602730136509,57.83169158457923],[14.99834991749588,57.91649582479124],[15.017100855042756,57.977448872443624],[15.069603480174017,58.006600330016504],[14.979598979949003,58.141757087854394],[14.908345417270866,58.13645682284114],[14.855842792139612,58.08875443772189],[14.597079853992703,58.09935496774839],[14.477073853692687,58.13115655782789],[14.417070853542683,58.18680934046702],[14.619580979048955,58.45447272363619],[14.777088854442724,58.645282264113206],[14.675833791689591,58.73538676933847],[14.574578728936451,58.68503425171259],[14.484574228711438,58.71948597429872],[14.462073103655186,58.77513875693785],[14.375818790939555,58.838741937096856],[14.37956897844893,58.88114405720286],[14.300815040752042,58.93679683984199],[14.297064853242667,59.01365068253413],[14.158307915395774,59.050752537626884],[14.008300415020756,59.02955147757388],[13.595779788989454,59.05605280264014],[13.412020601030058,58.93944697234862],[13.348267413370671,58.8228411420571],[13.389519475973806,58.743337166858346],[13.254512725636289,58.730086504325214],[13.029501475073758,58.78308915445773],[12.89449472473624,58.828141407070355],[12.77073853692685,59.07990399519976],[12.740737036851847,59.13820691034552],[12.725736286814346,59.148807440372025],[12.650732536626833,59.175308765438274],[12.579478973948703,59.119655982799145],[12.5344767238362,59.12230611530577],[12.204460223011154,59.24951247562379],[12.106955347767396,59.24951247562379],[12.069453472673636,59.19385969298465],[11.956947847392371,59.23891194559728],[11.825691284564236,59.23891194559728],[11.806940347017353,59.350217510875545],[11.69818490924547,59.5860793039652]]],[[[16.378418920946054,56.53842692134607],[16.5846792339617,56.82199109955498],[16.738436921846095,56.92534626731337],[16.899694984749246,57.137356867843394],[16.997199859993003,57.32021601080054],[17.06845342267114,57.359967998399924],[17.135956797839896,57.34406720336017],[17.13970698534927,57.32021601080054],[17.079703985199266,57.28046402320116],[17.06095304765239,57.185059252962645],[16.90344517225862,56.97569878493925],[16.854692734636735,56.848492424621234],[16.768438421921104,56.7610380519026],[16.539676983849198,56.326416320816044],[16.415920796039806,56.2071603580179],[16.378418920946054,56.53842692134607]]],[[[16.41217060853043,56.76898844942247],[16.457172858642934,56.80609030451522],[16.49092454622732,56.7928396419821],[16.46842342117106,56.75838791939597],[16.41217060853043,56.76898844942247]]],[[[16.509675483774195,57.177108855442775],[16.54717735886795,57.187709385469276],[16.580929046452326,57.166508325416274],[16.532176608830447,57.13470673533676],[16.509675483774195,57.177108855442775]]],[[[16.66343317165859,57.58522926146307],[16.708435421771092,57.62763138156908],[16.730936546827344,57.630281514075705],[16.730936546827344,57.60643032151608],[16.712185609280468,57.58522926146307],[16.68593429671484,57.5772788639432],[16.66343317165859,57.58522926146307]]],[[[16.708435421771092,57.542827141357066],[16.753437671883596,57.553427671383574],[16.783439171958605,57.52162608130406],[16.745937296864845,57.50307515375769],[16.708435421771092,57.542827141357066]]],[[[16.880944047202362,58.178858942947144],[16.914695734786747,58.208010400520024],[16.963448172408626,58.1947597379869],[16.937196859843,58.162958147907396],[16.880944047202362,58.178858942947144]]],[[[16.91094554727737,58.404120206010305],[16.95969798489925,58.430621531076554],[17.00095004750238,58.41737086854343],[16.963448172408626,58.38026901345067],[16.91094554727737,58.404120206010305]]],[[[16.933446672333623,58.2159607980399],[16.948447422371125,58.268963448172414],[16.985949297464877,58.26631331566578],[16.989699484974253,58.23451172558628],[16.933446672333623,58.2159607980399]]],[[[17.24096204810241,61.54982749137457],[17.263463173158662,61.58957947897395],[17.315965798289916,61.56572828641433],[17.28971448572429,61.53922696134807],[17.24096204810241,61.54982749137457]]],[[[17.285964298214914,61.16820841042052],[17.32721636081805,61.184109205460274],[17.3497174858743,61.176158807940396],[17.323466173308674,61.128456422821145],[17.29721486074304,61.1443572178609],[17.285964298214914,61.16820841042052]]],[[[17.338466923346175,61.54717735886794],[17.39096954847743,61.571028551427574],[17.42847142357118,61.54982749137457],[17.387219360968054,61.52597629881494],[17.338466923346175,61.54717735886794]]],[[[17.690984549227466,58.92884644232212],[17.747237361868102,58.91294564728237],[17.72848642432122,58.86259312965649],[17.709735486774342,58.87319365968298],[17.690984549227466,58.92884644232212]]],[[[18.081004050202516,58.907645382269116],[18.13350667533377,58.90499524976249],[18.144757237861896,58.865243262163105],[18.103505175258768,58.86259312965649],[18.081004050202516,58.907645382269116]]],[[[18.107255362768143,57.26191309565478],[18.15600780039002,57.37586879343968],[18.14100705035252,57.53752687634382],[18.50102505125257,57.823741187059355],[18.69603480174009,57.903245162258116],[18.808540427021356,57.87409370468524],[18.90604530226512,57.91649582479124],[19.033551677583887,57.92444622231112],[19.146057302865145,57.98009900495025],[19.232311615580784,57.96419820991049],[19.14230711535577,57.882044102205114],[19.059802990149514,57.86084304215211],[18.97729886494325,57.76278813940697],[18.816040802040106,57.69123456172809],[18.786039301965104,57.51897594879745],[18.86854342717136,57.3997199859993],[18.726036301815093,57.3255162758138],[18.643532176608836,57.22481124056203],[18.42227111355568,57.13205660283015],[18.30601530076504,56.965098254912746],[18.18600930046503,56.94124706235312],[18.238511925596285,57.05785289264463],[18.107255362768143,57.26191309565478]]],[[[18.163508175408772,58.94209710485524],[18.246012300615035,58.96329816490825],[18.302265113255665,58.926196309815495],[18.261013050652537,58.90499524976249],[18.163508175408772,58.94209710485524]]],[[[18.35101755087755,59.050752537626884],[18.381019050952553,59.07990399519976],[18.433521676083807,59.12495624781239],[18.478523926196317,59.101105055252766],[18.46727336366819,59.07990399519976],[18.444772238611932,59.04545227261363],[18.36601830091505,59.021601080054005],[18.35101755087755,59.050752537626884]]],[[[18.456022801140065,59.18060903045152],[18.489774488724443,59.215060753037655],[18.527276363818196,59.17000850042503],[18.478523926196317,59.15940797039852],[18.456022801140065,59.18060903045152]]],[[[18.493524676233818,59.02425121256063],[18.512275613780695,59.06400320016001],[18.553527676383823,59.06665333266663],[18.542277113855697,59.01895094754738],[18.493524676233818,59.02425121256063]]],[[[18.576028801440074,59.09315465773289],[18.628531426571335,59.11170558527927],[18.651032551627587,59.06930346517326],[18.621031051552585,59.058702935146755],[18.576028801440074,59.09315465773289]]],[[[18.60228011400571,59.15940797039852],[18.628531426571335,59.19385969298465],[18.666033301665088,59.19385969298465],[18.664693948983167,59.18818083761331],[18.69603480174009,59.21771088554428],[18.726036301815093,59.204460223011154],[18.68853442672134,59.175308765438274],[18.67353367668384,59.177958897944904],[18.663890337374017,59.18477352439051],[18.654782739136962,59.146157307865394],[18.60228011400571,59.15940797039852]]],[[[18.60978048902446,60.28306415320766],[18.651032551627587,60.298964948247416],[18.692284614230715,60.259212960648036],[18.654782739136962,60.248612430621534],[18.60978048902446,60.28306415320766]]],[[[18.816040802040106,59.38201910095505],[18.85354267713386,59.43237161858093],[18.887294364718244,59.448272413620685],[18.943547177358873,59.40322016100805],[18.928546427321372,59.387319365968295],[18.816040802040106,59.38201910095505]]],[[[18.831041552077608,59.59932996649833],[18.902295114755745,59.641732086604335],[18.954797739887,59.62848142407121],[18.909795489774496,59.583429171458576],[18.831041552077608,59.59932996649833]]],[[[18.849792489624484,59.321066053302665],[18.879793989699493,59.36346817340868],[18.92104605230262,59.35816790839542],[18.89854492724637,59.31576578828941],[18.849792489624484,59.321066053302665]]],[[[18.958547927396374,59.387319365968295],[19.007300365018253,59.408520426021305],[19.041052052602637,59.37141857092855],[18.988549427471376,59.36346817340868],[18.958547927396374,59.387319365968295]]],[[[19.08605430271514,59.8378418920946],[19.123556177808894,59.86699334966748],[19.15730786539328,59.85109255462773],[19.12730636531827,59.79808990449523],[19.08605430271514,59.8378418920946]]],[[[19.097304865243267,59.36346817340868],[19.12730636531827,59.3767188359418],[19.176058802940155,59.379368968448425],[19.17230861543078,59.3555177758888],[19.146057302865145,59.339616980849044],[19.097304865243267,59.36346817340868]]],[[[19.131056552827644,59.774238711935595],[19.17980899044953,59.79808990449523],[19.213560678033907,59.78748937446873],[19.17980899044953,59.747737386869346],[19.131056552827644,59.774238711935595]]],[[[19.176058802940155,58.36966848342418],[19.26606330316516,58.393519675983796],[19.322316115805798,58.35906795339767],[19.254812740637036,58.33256662833142],[19.176058802940155,58.36966848342418]]],[[[19.311065553277672,59.41117055852793],[19.3373168658433,59.45357267863393],[19.386069303465177,59.42442122106105],[19.371068553427676,59.40587029351468],[19.311065553277672,59.41117055852793]]]]}},{"type":"Feature","properties":{"territory_id":"SE-03","country_code":"SE","country_name":"Sweden","display_name":"Northern Sweden","strategic_centre":"Lulea","centre":[22.1539,65.5844],"boundary_status":"administrative-comparison-draft","admin_source":"NUTS 2024 level 3","source_region_count":4},"geometry":{"type":"MultiPolygon","coordinates":[[[[11.99444972248613,63.26711335566779],[12.061953097654886,63.33866693334667],[12.196959847992403,63.48177408870444],[12.193209660483028,63.50297514875744],[12.181959097954902,63.60633031651583],[12.500725036251815,63.83689184459223],[12.684484224211218,63.9693984699235],[12.920746037301868,64.05420271013551],[13.115755787789396,64.08070403520176],[13.993299664983255,64.03830191509576],[14.07580379018951,64.12840642032103],[14.143307165358273,64.19730986549328],[14.120806040302021,64.35366768338417],[14.109555477773895,64.42522126106306],[13.693284664233218,64.60013000650034],[14.327066353317669,65.11955597779888],[14.383319165958305,65.24411220561029],[14.503325166258321,65.3183159157958],[14.507075353767696,65.56212810640532],[14.540827041352074,65.69463473173658],[14.61583079153958,65.81389069453473],[14.529576478823948,66.12660633031652],[15.050852542627133,66.15840792039603],[15.45962298114906,66.27766388319417],[15.45212260613031,66.3439171958598],[15.410870543527182,66.42872143607181],[15.399619980999056,66.49232461623082],[15.628381419070955,66.60098004900246],[15.988399419971003,66.87129356467824],[16.38966948347418,67.07005350267514],[16.393419670983555,67.20786039301964],[16.11590579528977,67.41987099354968],[16.10840542027102,67.45697284864244],[16.168408420421024,67.51792589629483],[16.41967098354918,67.54442722136108],[16.550927546377324,67.64248212410621],[16.637181859092962,67.76438821941098],[16.757187859392978,67.91809590479525],[17.169708485424273,68.04795239761988],[17.28221411070554,68.11420571028552],[17.409720486024305,68.09300465023252],[17.90474523726187,67.97904895244763],[18.14100705035252,68.1963598179909],[18.107255362768143,68.42427121356067],[18.12600630031502,68.53557677883894],[18.403520176008804,68.5726786339317],[18.628531426571335,68.51437571878594],[19.026051302565136,68.50907545377268],[19.941097054852747,68.37921896094805],[20.121106055302768,68.46402320116006],[20.027351367568386,68.57002850142507],[20.19610980549028,68.67338366918347],[20.308615430771546,68.80324016200811],[20.28986449322467,68.90924546227312],[20.199859992999656,69.02585129256462],[20.54862743137157,69.06030301515077],[20.773638681934102,69.02850142507125],[20.897394869743493,68.9701985099255],[20.85989299464974,68.93044652232612],[20.90114505725287,68.90129506475324],[21.01740087004351,68.88804440222012],[21.29866493324667,68.76878843942197],[21.381169058452926,68.7608380419021],[21.437421871093562,68.69458472923647],[21.62868143407171,68.66013300665034],[21.722436121806098,68.59652982649132],[21.90244512225612,68.57797889894495],[22.04120206010301,68.48522426121306],[22.326216310815546,68.47992399619982],[22.35621781089055,68.45342267113355],[22.42372118605931,68.46137306865344],[22.82124106205311,68.38716935846793],[23.05750287514376,68.29971498574929],[23.140007000350025,68.23346167308367],[23.1587579378969,68.1433571678584],[23.29376468823442,68.14865743287164],[23.395019750987558,68.05060253012651],[23.64628231411571,67.95784789239462],[23.635031751587583,67.91809590479525],[23.48877443872194,67.84654232711637],[23.485024251212565,67.69283464173209],[23.54877743887195,67.60538026901345],[23.413770688534434,67.48347417370869],[23.485024251212565,67.45167258362918],[23.751287564378224,67.43047152357619],[23.758787939396974,67.32446622331116],[23.717535876793846,67.28736436821842],[23.578778938946954,67.26086304315217],[23.563778188909453,67.16810840542027],[23.76253812690635,67.01970098504925],[23.848792439621988,66.95344767238362],[23.98754937746888,66.81299064953248],[23.890044502225116,66.75733786689335],[23.85629281464074,66.56652832641632],[23.76253812690635,66.50557527876394],[23.642532126606334,66.42872143607181],[23.680034001700093,66.38896944847242],[23.650032501625084,66.31211560578029],[23.680034001700093,66.24851242562129],[23.740037001850098,66.19550977548877],[23.76253812690635,66.19020951047553],[23.92004600230012,66.15045752287614],[23.950047502375128,66.07360368018402],[24.111305565278272,65.92254612730636],[24.156307815390775,65.81654082704136],[23.92004600230012,65.7794389719486],[23.702535126756345,65.81919095954798],[23.477523876193814,65.80859042952147],[23.391269563478183,65.77678883944198],[23.263763188159416,65.80064003200161],[23.22251112555628,65.73703685184259],[23.1287564378219,65.72378618930946],[22.742487124356224,65.85894294714737],[22.65248262413121,65.7794389719486],[22.40122006100306,65.84304215210761],[22.32996649832492,65.7582379118956],[22.352467623381173,65.56742837141857],[22.269963498174917,65.5594779738987],[22.236211810590532,65.51972598629932],[22.164958247912402,65.53827691384569],[22.029951497574885,65.50117505875295],[21.954947747387372,65.42697134856743],[21.81619080954048,65.37926896344817],[21.624931246562333,65.38721936096806],[21.65868293414671,65.29181459072953],[21.56492824641233,65.21231061553078],[21.56492824641233,65.08775438771939],[21.512425621281068,65.07450372518626],[21.497424871243567,65.0374018700935],[21.452422621131063,65.05860293014652],[21.42242112105606,65.0162008100405],[21.264913245662285,64.941997099855],[21.223661183059157,64.87574378718936],[21.099904995249766,64.8174408720436],[21.1261563078154,64.78298914945748],[21.231161558077908,64.7538376918846],[21.223661183059157,64.65843292164608],[21.25366268313416,64.62398119905995],[21.45617280864044,64.5656782839142],[21.47867393369669,64.53917695884795],[21.452422621131063,64.5047252362618],[21.57992899644983,64.44642232111606],[21.54242712135607,64.42522126106306],[21.42992149607481,64.35366768338417],[21.03990199509976,64.18140907045353],[20.972398619931,64.12840642032103],[20.86739336966849,63.9693984699235],[20.706135306765347,63.83689184459223],[20.687384369218464,63.82099104955248],[20.574878743937205,63.765338266913346],[20.492374618730942,63.7918395919796],[20.391119555977802,63.70438521926096],[20.334866743337173,63.714985749287465],[20.24486224311216,63.66198309915496],[20.00860043002151,63.64608230411521],[19.79108955447773,63.54537726886345],[19.753587679383976,63.50297514875744],[19.7348367418371,63.48177408870444],[19.708585429271466,63.45262263113156],[19.64858242912146,63.48177408870444],[19.596079803990207,63.50297514875744],[19.494824741237068,63.54802740137007],[19.47607380369019,63.50297514875744],[19.46857342867144,63.48177408870444],[19.45357267863394,63.44467223361168],[19.284814240712038,63.46852342617131],[19.206060303015157,63.33866693334667],[19.07105355267764,63.23796189809491],[18.984799239962,63.222061103055154],[18.849792489624484,63.24061203060153],[18.718535926796342,63.17965898294915],[18.684784239211965,63.126656332816644],[18.5872793639682,63.13460673033652],[18.519775988799445,63.06570328516426],[18.41477073853693,63.02595129756488],[18.441022051102557,62.94909745487275],[18.42227111355568,62.89609480474024],[18.23476173808691,62.848392419620986],[17.964748237411875,62.58072903645183],[17.747237361868102,62.48532426621331],[17.683484174208715,62.42702135106756],[17.540977048852447,62.43762188109406],[17.50722536126807,62.392569628481425],[17.432221611080557,62.37136856842842],[17.432221611080557,62.334266713335666],[17.52222611130557,62.257412870643535],[17.488474423721193,62.13815690784539],[16.925946297314873,62.172608630431526],[16.51342567128357,62.23356167808391],[16.205910295514784,62.23621181059053],[15.78588929446473,62.30511525576279],[15.530876543827198,62.33956697834892],[15.328366418320918,62.27331366568329],[15.407120356017806,62.17525876293815],[15.410870543527182,62.13020651032552],[15.12210610530527,62.00035001750088],[15.088354417720893,61.83869193459673],[14.949597479874,61.873143657182865],[14.89709485474274,61.82279113955698],[14.795839791989607,61.86784339216961],[14.765838291914598,61.83074153707686],[14.657082854142715,61.87579378968948],[14.540827041352074,61.785689284464226],[14.495824791239563,61.64523226161308],[14.447072353617685,61.59487974398721],[14.390819540977056,61.571028551427574],[14.214560728036403,61.61608080404021],[13.562028101405076,61.65318265913296],[13.38576928846443,61.82809140457023],[13.243262163108163,61.92349617480875],[13.329516475823795,61.98444922246112],[13.284514225711291,62.04010200510026],[13.15325766288315,62.02950147507376],[13.029501475073758,62.06925346267314],[13.007000350017506,62.07190359517976],[12.954497724886252,62.12755637781889],[12.898244912245616,62.14610730536527],[12.800740037001852,62.217660883044154],[12.725736286814346,62.217660883044154],[12.60573028651433,62.21501075053753],[12.298214910745543,62.268013400670036],[12.25321266063304,62.33161658082904],[12.073203660183012,62.6098804940247],[12.125706285314273,62.750337516875845],[12.091954597729888,62.89609480474024],[12.193209660483028,63.01535076753838],[11.99444972248613,63.26711335566779]]],[[[17.525976298814946,62.23356167808391],[17.57097854892745,62.24946247312366],[17.60848042402121,62.22031101555078],[17.57097854892745,62.201760088004406],[17.525976298814946,62.23356167808391]]],[[[17.668483424171214,62.209710485524276],[17.698484924246216,62.23091154557728],[17.750987549377477,62.217660883044154],[17.698484924246216,62.180559027951396],[17.668483424171214,62.209710485524276]]],[[[18.5872793639682,63.08160408020401],[18.60978048902446,63.08955447772389],[18.68853442672134,63.06305315265764],[18.643532176608836,62.9861993099655],[18.621031051552585,62.991499574978754],[18.591029551477583,63.06305315265764],[18.5872793639682,63.08160408020401]]],[[[20.73613680684035,63.59837991899595],[20.754887744387226,63.62488124406221],[20.781139056952853,63.630181509075456],[20.80739036951848,63.590429521476075],[20.754887744387226,63.58512925646283],[20.73613680684035,63.59837991899595]]],[[[20.79238961948098,63.68053402670134],[20.84489224461224,63.67258362918146],[20.85239261963099,63.63283164158208],[20.811140557027855,63.63283164158208],[20.79238961948098,63.68053402670134]]],[[[20.82239111955598,63.78653932696635],[20.886144307215368,63.81569078453923],[20.934896744837246,63.794489724486226],[20.93114655732787,63.725586279313966],[20.889894494724743,63.68053402670134],[20.82239111955598,63.78653932696635]]],[[[21.654932746637336,65.22026101305065],[21.684934246712338,65.25206260313016],[21.7374368718436,65.20701035051752],[21.699934996749846,65.19905995299766],[21.654932746637336,65.22026101305065]]],[[[21.733686684334224,65.26266313315665],[21.80119005950298,65.27591379568979],[21.834941747087363,65.21761088054403],[21.782439121956102,65.22026101305065],[21.733686684334224,65.26266313315665]]],[[[21.94744737236862,65.3925196259813],[21.999949997499883,65.40842042102105],[22.03370168508426,65.37396869843492],[21.996199809990507,65.3607180359018],[21.94744737236862,65.3925196259813]]],[[[22.123706185309274,65.45347267363368],[22.179958997949903,65.47997399869993],[22.217460873043656,65.43757187859393],[22.172458622931153,65.4243212160608],[22.123706185309274,65.45347267363368]]],[[[22.269963498174917,65.4243212160608],[22.284964248212418,65.46937346867344],[22.311215560778045,65.48262413120656],[22.32246612330617,65.42962148107407],[22.269963498174917,65.4243212160608]]],[[[22.273713685684292,65.51707585379269],[22.311215560778045,65.54092704635232],[22.344967248362423,65.51442572128607],[22.318715935796796,65.48262413120656],[22.273713685684292,65.51707585379269]]],[[[22.341217060853047,65.45612280614031],[22.3787189359468,65.47467373368669],[22.41622081104056,65.45347267363368],[22.3637181859093,65.42167108355417],[22.341217060853047,65.45612280614031]]],[[[22.47997399869994,65.50117505875295],[22.551227561378077,65.55417770888545],[22.554977748887453,65.60718035901795],[22.63748187409371,65.59657982899145],[22.554977748887453,65.4773238661933],[22.47997399869994,65.50117505875295]]],[[[22.59622981149058,65.65488274413721],[22.618730936546832,65.70258512925646],[22.656232811640585,65.6734336716836],[22.641232061603084,65.64163208160409],[22.59622981149058,65.65488274413721]]],[[[22.629981499074958,65.55152757637882],[22.671233561678086,65.5806790339517],[22.701235061753096,65.56212810640532],[22.678733936696844,65.5276763838192],[22.629981499074958,65.55152757637882]]],[[[22.716235811790597,65.7688384419221],[22.78373918695935,65.75558777938897],[22.802490124506228,65.7158357917896],[22.7462373118656,65.71318565928297],[22.716235811790597,65.7688384419221]]],[[[22.7462373118656,65.56477823891194],[22.794989749487478,65.58332916645833],[22.832491624581237,65.54887744387219],[22.787489374468727,65.53827691384569],[22.7462373118656,65.56477823891194]]],[[[22.86999349967499,65.72113605680283],[22.899994999749993,65.74498724936248],[22.94124706235312,65.73968698434922],[22.967498374918755,65.68138406920346],[22.892494624731242,65.69993499674985],[22.86999349967499,65.72113605680283]]],[[[23.462523126156313,65.71848592429622],[23.48877443872194,65.76088804440222],[23.522526126306325,65.73703685184259],[23.530026501325075,65.70258512925646],[23.462523126156313,65.71848592429622]]],[[[23.665033251662592,65.72378618930946],[23.732536626831347,65.75028751437571],[23.7850392519626,65.7264363218161],[23.732536626831347,65.69728486424322],[23.665033251662592,65.72378618930946]]],[[[23.69878493924697,65.57802890144507],[23.740037001850098,65.60453022651133],[23.76253812690635,65.58862943147157],[23.76253812690635,65.56477823891194],[23.74753737686885,65.54887744387219],[23.69878493924697,65.57802890144507]]]]}},{"type":"Feature","properties":{"territory_id":"SI-01","country_code":"SI","country_name":"Slovenia","display_name":"Slovenia","strategic_centre":"Ljubljana","centre":[14.5061,46.0514],"boundary_status":"administrative-comparison-draft","admin_source":"NUTS 2024 level 3","source_region_count":12},"geometry":{"type":"Polygon","coordinates":[[[13.404520226011307,46.300965048252415],[13.453272663633186,46.356617830891544],[13.599529976498829,46.43082154107705],[13.685784289214467,46.43877193859693],[13.71578578928947,46.52357617880894],[13.910795539776991,46.51827591379569],[14.008300415020756,46.48117405870293],[14.09830491524577,46.47852392619631],[14.154557727886399,46.436121806090306],[14.237061853092662,46.43347167358368],[14.435821791089559,46.44407220361018],[14.44332216610831,46.422871143557174],[14.522076103805198,46.41757087854393],[14.563328166408326,46.3725186259313],[14.597079853992703,46.42817140857043],[14.675833791689591,46.44937246862344],[14.728336416820845,46.49707485374269],[14.818340917045859,46.51032551627581],[14.82584129206461,46.54742737136857],[14.885844292214614,46.61103055152758],[14.923346167308367,46.60838041902095],[15.065853292664634,46.65343267163358],[15.080854042702143,46.645482274113704],[15.159607980399024,46.65608280414021],[15.242112105605287,46.64018200910046],[15.335866793339669,46.65343267163358],[15.403370168508431,46.65343267163358],[15.519625981299072,46.62163108155408],[15.542127106355323,46.629581479073956],[15.564628231411575,46.67463373168658],[15.62463123156158,46.67993399669984],[15.673383669183465,46.70113505675284],[15.752137606880346,46.698484924246216],[15.78588929446473,46.706435321766094],[15.860893044652236,46.71968598429922],[15.958397919896,46.68788439421971],[16.033401670083506,46.65873293664683],[16.03715185759288,46.65608280414021],[16.040902045102257,46.69053452672634],[15.995899794989754,46.73558677933897],[15.988399419971003,46.77533876693835],[15.995899794989754,46.83629181459073],[16.05965298264914,46.838941947097354],[16.112155607780394,46.86809340467023],[16.134656732836646,46.85484274213711],[16.175908795439774,46.85749287464373],[16.29591479573979,46.86544327216361],[16.344667233361676,46.83629181459073],[16.337166858342925,46.80714035701785],[16.314665733286667,46.79653982699135],[16.31091554577729,46.77798889944498],[16.370918545927303,46.72233611680584],[16.367168358417928,46.70378518925946],[16.423421171058557,46.69053452672634],[16.415920796039806,46.66403320166009],[16.393419670983555,46.66138306915346],[16.38966948347418,46.637531876593826],[16.595929796489827,46.475873793689686],[16.344667233361676,46.54212710635532],[16.314665733286667,46.52357617880894],[16.250912545627287,46.49972498624931],[16.243412170608536,46.48912445622281],[16.269663483174163,46.43347167358368],[16.30341517075854,46.37781889094455],[16.20966048302416,46.3831191559578],[16.05965298264914,46.3937196859843],[16.055902795139765,46.39106955347768],[16.070903545177266,46.34866743337167],[16.033401670083506,46.33541677083854],[15.973398669933502,46.30626531326567],[15.913395669783498,46.290364518225914],[15.872143607180362,46.279763988199406],[15.868393419670987,46.27446372318616],[15.789639481974106,46.258562928146404],[15.767138356917847,46.21351067553378],[15.673383669183465,46.22676133806691],[15.635881794089713,46.18700935046752],[15.605880294014703,46.1419570978549],[15.628381419070955,46.08630431521576],[15.718385919295969,46.05450272513626],[15.707135356767843,45.9749987499375],[15.692134606730342,45.84249212460623],[15.538376918845948,45.84249212460623],[15.478373918695937,45.82659132956648],[15.463373168658435,45.80009000450023],[15.403370168508431,45.79213960698035],[15.332116605830294,45.76298814940747],[15.317115855792792,45.760338016900846],[15.298364918245916,45.75238761938097],[15.260863043152163,45.72588629431472],[15.29461473073654,45.69938496924846],[15.358367918395928,45.70203510175509],[15.39586979348968,45.65963298164908],[15.302115105755291,45.625181259062956],[15.298364918245916,45.585429271463575],[15.354617730886552,45.48472423621181],[15.227111355567786,45.42642132106606],[15.152107605380273,45.431721586079306],[15.058352917645884,45.49267463373169],[14.960848042402127,45.51122556127807],[14.84084204210211,45.46617330866543],[14.788339416970857,45.500625031251566],[14.698334916745843,45.537726886344316],[14.690834541727092,45.58012900645032],[14.570828541427076,45.67288364418221],[14.503325166258321,45.58012900645032],[14.469573478673937,45.53242662133107],[14.345817290864545,45.47942397119856],[14.117055852792646,45.48207410370519],[14.109555477773895,45.48207410370519],[14.000800040002005,45.519175958797945],[13.974548727436378,45.458222911145555],[13.880794039701989,45.431721586079306],[13.772038601930099,45.460873043652185],[13.670783539176966,45.44497224861243],[13.644532226611332,45.458222911145555],[13.603280164008204,45.46617330866543],[13.584529226461328,45.47942397119856],[13.61453072653633,45.54037701885095],[13.693284664233218,45.54832741637082],[13.742037101855097,45.55892794639732],[13.72328616430822,45.59337966898345],[13.72328616430822,45.596029801490076],[13.734536726836346,45.596029801490076],[13.828291414570735,45.585429271463575],[13.869543477173863,45.6092804640232],[13.899544977248866,45.643732186609334],[13.79453972698635,45.739136956847844],[13.70828541427072,45.7762388119406],[13.595779788989454,45.808040402020104],[13.595779788989454,45.818640932046605],[13.584529226461328,45.86104305215261],[13.610780539026955,45.903445172258614],[13.637031851592582,45.93789689484474],[13.62203110155508,45.985599279964],[13.51327566378319,45.980299014950745],[13.487024351217563,46.00415020751038],[13.49827491374569,46.05185259262963],[13.532026601330074,46.067753387669384],[13.663283164158216,46.17110855542777],[13.633281664083206,46.192309615480774],[13.423271163558184,46.21881094054703],[13.404520226011307,46.300965048252415]]]}},{"type":"Feature","properties":{"territory_id":"SK-01","country_code":"SK","country_name":"Slovakia","display_name":"Slovakia","strategic_centre":"Bratislava","centre":[17.1097,48.1439],"boundary_status":"administrative-comparison-draft","admin_source":"NUTS 2024 level 3","source_region_count":8},"geometry":{"type":"Polygon","coordinates":[[[16.85094254712736,48.43962198109905],[16.948447422371125,48.53502675133757],[16.940947047352374,48.61718085904295],[17.03845192259613,48.7576378818941],[17.18470923546178,48.86629331466574],[17.39846992349618,48.81329066453323],[17.645982299114962,48.85304265213261],[17.78848942447123,48.92194609730487],[17.878493924696237,48.93254662733137],[17.930996549827498,49.01735086754338],[18.073503675183765,49.043852192609634],[18.167258362918155,49.266463323166164],[18.321016050802548,49.314165708285415],[18.39226961348068,49.34596729836492],[18.403520176008804,49.3963198159908],[18.46727336366819,49.4069203460173],[18.5722786139307,49.504975248762435],[18.752287614380727,49.49437471873594],[18.849792489624484,49.518225911295566],[18.958547927396374,49.504975248762435],[18.996049802490127,49.3963198159908],[19.16480824041203,49.41222061103055],[19.25106255312766,49.52087604380219],[19.3523176158808,49.53942697134857],[19.46857342867144,49.613630681534076],[19.644832241612086,49.41222061103055],[19.787339366968354,49.401620081004054],[19.809840492024605,49.27971398569929],[19.768588429421477,49.21611080554028],[19.884844242212118,49.20286014300715],[19.963598179909,49.22936146807341],[20.07985399269964,49.1869593479674],[20.13610680534027,49.29826491324566],[20.192359617980905,49.33801690084505],[20.31236561828092,49.35656782839142],[20.35361768088405,49.398969948497424],[20.45487274363719,49.41487074353718],[20.567378368918455,49.383069153457676],[20.616130806540333,49.4175208760438],[20.724886244312223,49.41487074353718],[20.82239111955598,49.34596729836492],[20.942397119855997,49.303565178258914],[21.08865443272164,49.3751187559378],[21.062403120156013,49.40957047852393],[21.08115405770289,49.42547127356368],[21.201160058002905,49.4069203460173],[21.287414370718544,49.45462273113656],[21.396169808490427,49.43342167108355],[21.459922996149814,49.41487074353718],[21.62868143407171,49.438721936096805],[21.699934996749846,49.40427021351068],[21.778688934446727,49.36716835841792],[21.84619230961549,49.383069153457676],[21.962448122406123,49.33801690084505],[22.056202810140512,49.21611080554028],[22.43122156107806,49.10480524026201],[22.56622831141558,49.08890444522226],[22.53997699884995,49.014700735036755],[22.46497324866244,48.974948747437374],[22.382469123456175,48.86364318215911],[22.337466873343672,48.69138456922846],[22.164958247912402,48.572128606430326],[22.15745787289365,48.42107105355268],[22.153707685384276,48.4025201260063],[22.1199559977999,48.378668933446676],[21.74493724686235,48.34421721086055],[21.699934996749846,48.376018800940045],[21.673683684184212,48.39456972848643],[21.606180309015457,48.503225161258065],[21.448672433621688,48.57742887144357],[21.1261563078154,48.50057502875144],[20.833641682084107,48.57742887144357],[20.721136056802848,48.569478473923695],[20.51862593129657,48.53237661883094],[20.46237311865594,48.463473173658684],[20.316115805790297,48.27531376568828],[20.151107555377777,48.24616230811541],[20.053602680134013,48.16665833291665],[19.926096304815246,48.13750687534377],[19.63358167908396,48.243512175608785],[19.528576428821445,48.19580979048953],[19.472323616180816,48.10305515275764],[19.22856142807141,48.05800290014501],[19.01480074003701,48.076553827691384],[18.928546427321372,48.05800290014501],[18.838541927096358,48.04475223761188],[18.767288364418228,47.973198659933],[18.767288364418228,47.883094154707734],[18.849792489624484,47.816840842042104],[18.767288364418228,47.81419070953548],[18.62478123906196,47.76118805940297],[17.893494674733745,47.739986999349966],[17.705985299264967,47.758537926896345],[17.649732486624337,47.79298964948248],[17.45472273613681,47.89104455222761],[17.345967298364926,47.981149057452875],[17.24846242312116,48.01295064753238],[17.162208110405523,48.00765038251913],[17.090954547727392,48.050052502625135],[17.06845342267114,48.11895594779739],[16.97469873493675,48.1719585979299],[16.948447422371125,48.25941297064853],[16.854692734636735,48.35481774088704],[16.85094254712736,48.43962198109905]]]}},{"type":"Feature","properties":{"territory_id":"TR-01","country_code":"TR","country_name":"Turkiye","display_name":"Eastern Thrace and Istanbul","strategic_centre":"Istanbul","centre":[28.955,41.0136],"boundary_status":"administrative-comparison-draft","admin_source":"NUTS 2024 level 3","source_region_count":10},"geometry":{"type":"MultiPolygon","coordinates":[[[[25.66013300665034,40.13940697034852],[25.671383569178467,40.147357367868395],[25.727636381819096,40.18180909045452],[25.761388069403473,40.203010150507524],[25.915145757287867,40.24011200560028],[25.91889594479725,40.23746187309366],[25.94889744487225,40.22951147557378],[25.967648382419128,40.224211210560526],[25.967648382419128,40.216260813040655],[25.971398569928503,40.18180909045452],[25.978898944947254,40.15265763288164],[26.016400820041007,40.14470723536177],[25.967648382419128,40.13410670533527],[25.806390319515984,40.10230511525576],[25.757637881894098,40.09435471773589],[25.753887694384723,40.09435471773589],[25.66763338166909,40.136756837841894],[25.66013300665034,40.13940697034852]]],[[[25.963898194909753,39.83994199709986],[26.061403070153517,39.847892394619734],[26.072653632681643,39.82669133456673],[26.087654382719144,39.8028401420071],[26.087654382719144,39.79753987699385],[26.061403070153517,39.7922396119806],[26.04640232011601,39.789589479473975],[26.042652132606634,39.789589479473975],[26.01265063253163,39.81079053952698],[25.99014950747538,39.8240412020601],[25.963898194909753,39.83994199709986]]],[[[26.031401570078508,40.73038651932597],[26.09890494524727,40.74893744687235],[26.12140607030352,40.754237711885594],[26.338916945847295,40.95299764988249],[26.338916945847295,40.95564778238912],[26.331416570828544,41.03515175758788],[26.32016600830042,41.10140507025351],[26.32766638331917,41.13055652782639],[26.346417320866053,41.24186209310466],[26.346417320866053,41.24451222561128],[26.383919195959805,41.26306315315766],[26.54517725886295,41.334616730836544],[26.60893044652233,41.36376818840942],[26.620181009050455,41.36641832091605],[26.61643082154108,41.382319115955795],[26.586429321466078,41.5916795839792],[26.35766788339418,41.710935546777336],[26.33516675833792,41.75068753437672],[26.361418070903554,41.80634031701585],[26.473923696184812,41.82224111205561],[26.522676133806698,41.83019150957548],[26.526426321316073,41.8328416420821],[26.53017650882545,41.83549177458873],[26.563928196409826,41.877893894694736],[26.563928196409826,41.90174508725436],[26.56017800890045,41.92559627981399],[26.627681384069213,41.973298664933246],[26.680184009200467,41.96799839992],[26.736436821841096,41.96004800240012],[26.88269413470674,41.989199459973],[26.9501975098755,41.9997999899995],[26.965198259913002,42.01305065253263],[27.032701635081757,42.06605330266513],[27.055202760138016,42.08460423021151],[27.05895294764739,42.087254362718134],[27.1639581979099,42.068703435171756],[27.167708385419274,42.068703435171756],[27.205210260513034,42.079303965198264],[27.276463823191165,42.097854892744635],[27.28021401070054,42.09520476023801],[27.527726386319323,41.93884694234712],[27.550227511375574,41.922946147307364],[27.55397769888495,41.92029601480074],[27.71898594929747,41.97064853242662],[27.722736136806844,41.973298664933246],[27.808990449522483,41.95474773738687],[27.846492324616236,41.9997999899995],[27.853992699634986,41.9997999899995],[27.887744387219364,41.99714985749287],[28.034001700085014,41.98389919495975],[28.041502075103764,41.922946147307364],[28.05275263763189,41.896444822241115],[28.026501325066256,41.877893894694736],[27.985249262463128,41.84874243712186],[27.99274963748188,41.8328416420821],[28.011500575028755,41.79573978698935],[28.049002450122515,41.721536076803844],[28.142757137856897,41.5916795839792],[28.146507325366272,41.58637931896595],[28.154007700385023,41.5810790539527],[28.169008450422524,41.5704785239262],[28.259012950647538,41.509525476273815],[28.262763138156913,41.509525476273815],[28.697784889244467,41.33726686334317],[28.89654482724137,41.28956447822391],[29.065303265163266,41.249812490624535],[29.095304765238268,41.2153607680384],[29.095304765238268,41.21271063553178],[29.099054952747643,41.210060503025154],[29.042802140107014,41.15705785289265],[29.031551577578888,41.13585679283965],[28.956547827391375,41.00335016750837],[28.949047452372625,41.00070003500175],[28.806540327016357,40.963598179909],[28.791539576978856,40.96094804740237],[28.645282264113213,40.96624831241562],[28.581529076453826,41.00070003500175],[28.56277813890695,41.006000300015],[28.24026201310066,41.06960348017401],[28.23276163808191,41.06960348017401],[28.13150657532877,41.053702685134255],[28.01525076253813,41.03515175758788],[27.996499824991254,41.01925096254813],[27.981499074953753,41.00865043252163],[27.93649682484125,40.9741987099355],[27.868993449672487,40.984799239962],[27.73398669933497,41.00865043252163],[27.535226761338073,40.9741987099355],[27.49772488624432,40.93179658982949],[27.291464573228666,40.695934796739834],[26.908945447272373,40.53957697884894],[26.781439071953606,40.486574328716436],[26.721436071803595,40.46272313615681],[26.721436071803595,40.46007300365018],[26.586429321466078,40.32491624581229],[26.42892144607231,40.2321616080804],[26.383919195959805,40.20831041552078],[26.368918445922304,40.15000750037502],[26.353917695884803,40.136756837841894],[26.316415820791043,40.10230511525576],[26.188909445472277,40.059902995149756],[26.20766038301916,40.10495524776239],[26.267663383169165,40.224211210560526],[26.267663383169165,40.226861343067156],[26.252662633131663,40.32756637831892],[26.33516675833792,40.367318365918294],[26.81894094704736,40.59522976148808],[26.800190009500483,40.64293214660733],[26.72518625931297,40.64293214660733],[26.526426321316073,40.600530026501325],[26.125156257812897,40.6084804240212],[26.095154757737895,40.62438121906095],[26.05390269513476,40.71183559177959],[26.031401570078508,40.73038651932597]]],[[[26.09890494524727,39.556377818890944],[26.128906445322272,39.61203060153008],[26.158907945397274,39.67033351667583],[26.151407570378524,39.789589479473975],[26.14765738286915,39.85584279213961],[26.1851592579629,39.97774888744437],[26.275163758187915,40.012200610030504],[26.323916195809794,40.030751537576876],[26.406420321016057,40.16060803040152],[26.425171258562933,40.187109355467776],[26.477673883694187,40.20831041552078],[26.522676133806698,40.224211210560526],[26.56017800890045,40.25071253562678],[26.73268663433172,40.38586929346467],[26.878943947197364,40.39116955847793],[27.01395069753488,40.396469823491174],[27.062703135156767,40.417670883544176],[27.096454822741144,40.436221811090554],[27.11520576028802,40.44417220861043],[27.212710635531785,40.45477273863693],[27.268963448172414,40.46272313615681],[27.30271513575679,40.417670883544176],[27.347717385869302,40.367318365918294],[27.51272563628182,40.30371518575929],[27.516475823791197,40.30371518575929],[27.75648782439123,40.30901545077254],[27.760238011900604,40.311665583279165],[27.853992699634986,40.359367968398416],[27.85024251212561,40.38586929346467],[27.79398969948498,40.38586929346467],[27.692734636731842,40.47862393119656],[27.73398669933497,40.523676183809194],[28.00775038751938,40.486574328716436],[28.00775038751938,40.47862393119656],[28.011500575028755,40.45477273863693],[28.011500575028755,40.449472473623686],[28.00775038751938,40.446822341117056],[27.925246262313124,40.38321916095805],[27.917745887294373,40.3779188959448],[27.93649682484125,40.369968498424925],[27.95149757487875,40.36201810090505],[27.962748137406876,40.35671783589179],[28.071503575178767,40.380569028451426],[28.169008450422524,40.396469823491174],[28.180259012950657,40.396469823491174],[28.435271763588183,40.39381969098455],[28.502775138756945,40.39381969098455],[28.64903245162259,40.36466823341167],[28.78778938946948,40.39116955847793],[28.791539576978856,40.39116955847793],[28.96029801490075,40.35671783589179],[28.986549327466378,40.36201810090505],[29.05405270263514,40.37261863093155],[29.136556827841396,40.4309215460773],[29.13280664033202,40.436221811090554],[29.087804390219517,40.47067353367669],[29.012800640032005,40.47067353367669],[28.90404520226012,40.475973798689935],[28.806540327016357,40.53692684634232],[28.799039951997607,40.53957697884894],[28.919045952297623,40.5978798939947],[29.005300265013254,40.640282014100706],[29.050302515125765,40.64558227911395],[29.271563578178913,40.66678333916696],[29.346567328366426,40.67473373668683],[29.42157107855393,40.70123506175309],[29.50782539126957,40.73038651932597],[29.549077453872698,40.695934796739834],[29.55657782889145,40.68533426671334],[29.834091704585234,40.709185459272966],[29.86034301715086,40.735686784339215],[29.635331766588337,40.775438771938596],[29.50032501625082,40.77013850692535],[29.410320516025806,40.764838241912095],[29.346567328366426,40.8072403620181],[29.339066953347675,40.80989049452472],[29.3353167658383,40.81254062703135],[29.267813390669538,40.83109155457773],[29.005300265013254,41.00865043252163],[29.012800640032005,41.024551227561375],[29.04655232761639,41.04840242012101],[29.050302515125765,41.04840242012101],[29.095304765238268,41.11730586529326],[29.14030701535077,41.20211010550528],[29.144057202860147,41.2047602380119],[29.17030851542578,41.210060503025154],[29.23406170308516,41.22331116555828],[29.62408120406021,41.17560878043902],[29.90534526726337,41.14380719035952],[29.916595829791497,41.141157057852894],[30.145357267863403,41.141157057852894],[30.175358767938405,41.15440772038602],[30.276613830691538,41.19945997299865],[30.366618330916552,41.17825891294565],[30.246612330616536,41.07490374518726],[30.23536176808841,40.998049902495126],[30.280364018200913,40.93444672233612],[30.224111205560284,40.81519075953798],[30.25036251812591,40.74098704935247],[30.16410820541028,40.70653532676634],[30.11160558027902,40.611130556527826],[29.965348267413376,40.55017750887544],[30.010350517525886,40.449472473623686],[30.081604080204016,40.43357167858393],[30.18660933046653,40.35406770338517],[30.45287264363219,40.3779188959448],[30.505375268763444,40.311665583279165],[30.587879393969708,40.28516425821291],[30.662883144157213,40.1685584279214],[30.60288014400721,40.14205710285515],[30.546627331366572,40.12085604280214],[30.46787339366969,40.022801140057005],[30.377868893444678,40.00425021251063],[30.35161758087905,39.95124756237812],[30.299114955747797,39.943297164858244],[30.28786439321967,39.85054252712636],[30.14160708035402,39.85319265963298],[30.01410070503526,39.77368868443422],[29.991599579979002,39.712735636781844],[30.032851642582138,39.665033251662585],[29.777838891944604,39.720686034301714],[29.729086454322726,39.77368868443422],[29.770338516925854,39.8240412020601],[29.759087954397728,39.869093454672736],[29.53032651632582,39.87439371968598],[29.316565828291424,39.77368868443422],[29.27531376568829,39.749837491874594],[29.192809640482032,39.60143007150357],[28.997799889994504,39.59877993899695],[28.934046702335124,39.511325566278316],[28.94529726486325,39.4159207960398],[28.77278863943198,39.29401470073503],[28.634031701585087,39.27546377318866],[28.634031701585087,39.16945847292365],[28.199009950497533,39.074053702685134],[28.097754887744394,39.12970648532426],[28.071503575178767,39.1959597979899],[27.95149757487875,39.25426271313566],[27.913995699784998,39.35231761588079],[27.797739886994357,39.31256562828142],[27.73398669933497,39.35761788089405],[27.636481824091213,39.33376668833442],[27.527726386319323,39.37881894094705],[27.467723386169318,39.405320266013305],[27.43022151107556,39.39736986849343],[27.40397019850993,39.37881894094705],[27.11520576028802,39.362918145907294],[26.9201960098005,39.27546377318866],[26.77018850942548,39.16680834041702],[26.706435321766094,39.25161258062903],[26.586429321466078,39.278113905695285],[26.593929696484828,39.34966748337417],[26.597679883994203,39.36556827841392],[26.60143007150358,39.37086854342717],[26.623931196559838,39.38676933846693],[26.70268513425672,39.35761788089405],[26.773938696934856,39.376168808440426],[26.78518925946298,39.384119205960296],[26.916445822291124,39.490124506225314],[26.9201960098005,39.49542477123856],[26.931446572328625,39.5510775538777],[26.88269413470674,39.577578878943946],[26.657682884144215,39.5510775538777],[26.20766038301916,39.46362318115906],[26.1701585079254,39.46627331366568],[26.102655132756645,39.471573578678935],[26.09890494524727,39.556377818890944]]],[[[27.486474323716195,40.49717485874294],[27.493974698734945,40.515725786289316],[27.508975448772446,40.54752737636882],[27.535226761338073,40.523676183809194],[27.542727136356824,40.51837591879594],[27.5464773238662,40.515725786289316],[27.535226761338073,40.49982499124956],[27.516475823791197,40.48392419620981],[27.486474323716195,40.49717485874294]]],[[[27.523976198809947,40.640282014100706],[27.643982199109963,40.66413320666033],[27.66273313665684,40.66678333916696],[27.74148707435372,40.63233161658083],[27.610230511525586,40.571378568928445],[27.598979948997453,40.57402870143507],[27.535226761338073,40.5872793639682],[27.523976198809947,40.640282014100706]]],[[[27.565228261413075,40.48127406370318],[27.598979948997453,40.51307565378269],[27.610230511525586,40.51042552127606],[27.61398069903496,40.50777538876944],[27.666483324166215,40.494524726236314],[27.628981449072462,40.465373268663434],[27.625231261563087,40.46272313615681],[27.61398069903496,40.45212260613031],[27.595229761488078,40.465373268663434],[27.580229011450577,40.47332366618331],[27.565228261413075,40.48127406370318]]],[[[28.517775888794446,40.49187459372969],[28.517775888794446,40.50777538876944],[28.52152607630382,40.552827641382066],[28.525276263813197,40.589929496474824],[28.544027201360073,40.55017750887544],[28.54777738886945,40.54222711135557],[28.54777738886945,40.49982499124956],[28.517775888794446,40.49187459372969]]],[[[29.04655232761639,40.88674433721686],[29.099054952747643,40.87879393969698],[29.13280664033202,40.873493674683736],[29.144057202860147,40.85759287964398],[29.159057952897655,40.84169208460423],[29.129056452822645,40.8390419520976],[29.12530626531327,40.8390419520976],[29.084054202710142,40.86554327716386],[29.04655232761639,40.88674433721686]]]]}},{"type":"Feature","properties":{"territory_id":"UA-01","country_code":"UA","country_name":"Ukraine","display_name":"Western Ukraine","strategic_centre":"Lviv","centre":[24.0322,49.8425],"boundary_status":"pass-1-provisional","admin_source":"Pass 1 strategic partition"},"geometry":{"type":"Polygon","coordinates":[[[22.131221312213142,48.40531307143732],[22.134821348213478,48.47623331677241],[22.14562145621457,48.493119089471236],[22.149221492214934,48.50831628490016],[22.138421384213842,48.54884213937734],[22.138421384213842,48.56910506661595],[22.1528215282153,48.585990839314775],[22.217622176221766,48.621450961982305],[22.224822248222495,48.62820527106183],[22.23562235622356,48.643402466490784],[22.242822428224287,48.65184535284018],[22.257222572225743,48.656911084649835],[22.282422824228263,48.661976816459486],[22.293222932229327,48.66704254826914],[22.31122311223112,48.68223974369809],[22.32202322023221,48.70081409366679],[22.32922329223294,48.7210770209054],[22.32922329223294,48.75653714357293],[22.340023400234003,48.76329145265245],[22.34722347223473,48.768357184462104],[22.358023580235823,48.776800070811504],[22.36162361623616,48.786931534430806],[22.365223652236523,48.79368584351033],[22.365223652236523,48.82745738890799],[22.36162361623616,48.835900275257416],[22.36162361623616,48.844343161606815],[22.368823688236887,48.85616320249599],[22.37242372423725,48.857851779765895],[22.37962379623798,48.86460608884542],[22.401224012240135,48.87811470700447],[22.4120241202412,48.88824617062377],[22.4120241202412,48.906820520592476],[22.415624156241563,48.91188625240213],[22.426424264242655,48.928772025100955],[22.44802448024481,48.97098645684804],[22.466024660246603,48.98111792046731],[22.50562505625058,48.98449507500709],[22.520025200252007,48.99293796135649],[22.520025200252007,49.00982373405532],[22.52362523625237,49.0334638158337],[22.5308253082531,49.05541532034215],[22.5380253802538,49.07230109304098],[22.559625596255984,49.085809711200056],[22.58122581225814,49.080743979390405],[22.617226172261724,49.053726743072275],[22.642426424264244,49.04359527945297],[22.6640266402664,49.0419067021831],[22.685626856268584,49.04359527945297],[22.721627216272168,49.040218124913224],[22.743227432274324,49.045283856722875],[22.754027540275416,49.045283856722875],[22.76482764827648,49.03852954764335],[22.7828278282783,49.02164377494452],[22.793627936279364,49.018266620404745],[22.811628116281156,49.013200888595094],[22.83322833228334,48.99969227043604],[22.854828548285496,48.99462653862639],[22.86562865628656,49.00982373405532],[22.86562865628656,49.013200888595094],[22.862028620286196,49.01488946586497],[22.84762847628477,49.0334638158337],[22.844028440284404,49.04359527945297],[22.844028440284404,49.05710389761205],[22.854828548285496,49.075678247580754],[22.854828548285496,49.08412113393018],[22.84042840428404,49.094252597549456],[22.797227972279728,49.111138370248284],[22.779227792277936,49.11958125659771],[22.750427504275052,49.14490991564594],[22.718027180271804,49.16010711107489],[22.721627216272168,49.16179568834477],[22.70722707227074,49.16854999742429],[22.692826928269284,49.15841853380502],[22.68922689226892,49.156729956535116],[22.68202682026822,49.16179568834477],[22.685626856268584,49.173615729233944],[22.703627036270376,49.19556723374242],[22.718027180271804,49.23102735640995],[22.73242732427326,49.26142174726786],[22.736027360273596,49.27493036542691],[22.725227252272532,49.36780211527045],[22.718027180271804,49.382999310699404],[22.71442714427144,49.39144219704883],[22.692826928269284,49.40495081520788],[22.678426784267856,49.418459433366934],[22.678426784267856,49.42521374244649],[22.674826748267492,49.43534520606576],[22.667626676266764,49.477559637812845],[22.660426604266064,49.49275683324177],[22.642426424264244,49.52821695590933],[22.667626676266764,49.56705423311661],[22.743227432274324,49.632908746642045],[22.75762757627578,49.664991714769826],[22.76482764827648,49.673434601119226],[22.775627756277572,49.68018891019875],[22.797227972279728,49.68356606473853],[22.80802808028082,49.686943219278305],[22.826028260282612,49.69707468289758],[22.887228872288716,49.76968350550254],[22.89802898028981,49.77812639185197],[22.905229052290537,49.78150354639172],[22.92322923229233,49.784880700931495],[22.93402934029342,49.79163501001102],[22.937629376293756,49.798389319090546],[22.944829448294485,49.81865224632915],[22.952029520295213,49.82709513267855],[22.99162991629916,49.85411236899668],[23.103231032310333,49.95711558245952],[23.14283142831428,49.98582139604753],[23.178831788317893,50.00439574601623],[23.207632076320778,50.034790136874136],[23.438034380343822,50.19351640024311],[23.481234812348134,50.21546790475156],[23.53523535235354,50.24248514106969],[23.564035640356423,50.25768233649865],[23.64323643236432,50.31340538640478],[23.657636576365775,50.32522542729396],[23.657636576365775,50.32691400456383],[23.672036720367203,50.35393124088196],[23.682836828368295,50.36743985904101],[23.697236972369723,50.377571322660316],[23.71163711637118,50.38263705446997],[23.747637476374763,50.38939136354949],[23.927639276392767,50.39107994081937],[23.98163981639817,50.404588558978446],[24.003240032400328,50.4383601043761],[24.00684006840069,50.448491567995376],[24.010440104401056,50.462000186154455],[24.00684006840069,50.48057453612316],[24.010440104401056,50.492394577012334],[24.075240752407524,50.51434608152081],[24.093240932409344,50.527854699679864],[24.107641076410772,50.537986163299166],[24.107641076410772,50.54136331783894],[24.104041040410408,50.54305189510882],[24.09684096840968,50.55656051326787],[24.086040860408616,50.6038406768246],[24.107641076410772,50.62916933587283],[24.107641076410772,50.630857913142734],[24.082440824408252,50.66969519035001],[24.075240752407524,50.68995811758862],[24.082440824408252,50.71359819936697],[24.053640536405368,50.71697535390675],[24.028440284402848,50.728795394795924],[24.01404014040142,50.74399259022485],[24.024840248402484,50.76087836292368],[24.024840248402484,50.76763267200323],[23.999639996399964,50.769321249273105],[23.974439744397444,50.77607555835263],[23.960039600396016,50.78958417651168],[23.95643956439565,50.80815852648041],[23.97083970839708,50.82504429917924],[23.992439924399264,50.836864340068416],[24.02124021240212,50.83855291733829],[24.04644046440464,50.82842145371899],[24.068040680406824,50.835175762798514],[24.100441004410044,50.835175762798514],[24.129241292412928,50.83855291733829],[24.143641436414384,50.85712726730699],[24.129241292412928,50.86894730819617],[24.04644046440464,50.897653121784174],[23.978039780397808,50.93817897626138],[23.96363963639638,50.95337617169031],[23.960039600396016,50.96688478984939],[23.95643956439565,50.97532767619879],[23.95643956439565,50.983770562548216],[23.94563945639456,50.99390202616749],[23.93123931239313,50.99896775797714],[23.92043920439204,51.00234491251692],[23.91323913239134,51.00741064432657],[23.916839168391704,51.014164953406095],[23.916839168391704,51.02091926248562],[23.902439024390247,51.063133694232704],[23.89523895238952,51.076642312391755],[23.870038700387,51.10197097143998],[23.85563855638557,51.12223389867859],[23.859238592385935,51.13067678502799],[23.873638736387363,51.13574251683764],[23.8628386283863,51.147562557726815],[23.816038160381623,51.17795694858472],[23.765637656376583,51.1982198758233],[23.7440374403744,51.21679422579203],[23.68643686436866,51.29278020293674],[23.66843668436684,51.299534512016265],[23.650436504365047,51.299534512016265],[23.63603636036362,51.30460024382592],[23.62883628836289,51.326551748334396],[23.632436324363255,51.34006036649345],[23.646836468364683,51.353568984652526],[23.664836648366503,51.3653890255417],[23.682836828368295,51.370454757351354],[23.67923679236793,51.383963375510405],[23.67923679236793,51.39409483912971],[23.68643686436866,51.40084914820923],[23.697236972369723,51.40422630274901],[23.690036900369023,51.416046343638186],[23.650436504365047,51.45319504357559],[23.646836468364683,51.459949352655116],[23.66123661236614,51.48021227989372],[23.646836468364683,51.486966588973246],[23.62883628836289,51.49034374351302],[23.614436144361463,51.49709805259255],[23.607236072360735,51.5106066707516],[23.607236072360735,51.517360979831125],[23.614436144361463,51.5122952480215],[23.625236252362527,51.51567240256125],[23.62883628836289,51.530869597990204],[23.625236252362527,51.54100106160951],[23.600036000360006,51.58828122516621],[23.59283592835928,51.59672411151561],[23.59283592835928,51.60516699786504],[23.607236072360735,51.61867561602409],[23.6180361803618,51.62542992510362],[23.62883628836289,51.628807079643394],[23.726037260372607,51.64569285234222],[23.751237512375127,51.64400427507235],[23.81963819638196,51.63049565691327],[23.84483844838448,51.63049565691327],[23.884438844388455,51.620364193293995],[23.91323913239134,51.598412688785515],[23.942039420394224,51.58152691608669],[23.98163981639817,51.58659264789634],[24.129241292412928,51.669332934120575],[24.244442444424465,51.718301674947185],[24.27324273242732,51.74363033399541],[24.294842948429505,51.807796270250975],[24.312843128431297,51.82805919748955],[24.34884348843488,51.86183074288721],[24.370443704437065,51.87533936104626],[24.39204392043922,51.88040509285591],[24.640446404464058,51.892225133745086],[24.70164701647016,51.88209367012581],[24.723247232472346,51.88209367012581],[25.004050040500402,51.91079948371382],[25.09405094050942,51.93950529730182],[25.13725137251373,51.949636760921095],[25.184051840518407,51.949636760921095],[25.35325353253532,51.92093094733309],[25.54765547655478,51.919242370063216],[25.684456844568444,51.91755379279334],[25.767257672576733,51.927685256412644],[25.979659796597986,51.90404517463426],[26.051660516605182,51.90404517463426],[26.080460804608066,51.900668020094514],[26.145261452614534,51.865207897426984],[26.174061740617418,51.856765011077556],[26.408064080640827,51.85001070199803],[26.41886418864189,51.846633547458254],[26.41886418864189,51.83987923837873],[26.415264152641527,51.83143635202933],[26.41886418864189,51.821304888410026],[26.433264332643347,51.80948484752085],[26.44406444064441,51.80610769298107],[26.667266672666727,51.80104196117142],[26.85446854468546,51.74869606580506],[26.919269192691928,51.74194175672554],[27.02007020070201,51.76389326123402],[27.110071100711025,51.762204683964114],[27.12671254439569,51.76007588983228],[27.438600087610467,48.42757674289987],[27.419674196741965,48.417133112326496],[27.405274052740538,48.412067380516845],[27.39087390873908,48.41544453505662],[27.362073620736226,48.43233030775545],[27.34047340473404,48.4357074622952],[27.304473044730457,48.42388742140602],[27.250472504725053,48.37829583511919],[27.24687246872469,48.37323010330954],[27.20727207272074,48.36141006242036],[27.174871748717493,48.36141006242036],[27.07047070470705,48.38842729873849],[27.048870488704893,48.39687018508792],[27.0380703807038,48.40024733962767],[27.027270272702737,48.39687018508792],[27.023670236702372,48.390115876008366],[27.027270272702737,48.381672989658966],[27.027270272702737,48.371541526039664],[27.0308703087031,48.36478721696014],[27.034470344703465,48.35972148515049],[27.027270272702737,48.35803290788061],[27.016470164701644,48.35972148515049],[27.00567005670058,48.35803290788061],[26.998469984699852,48.36141006242036],[26.991269912699124,48.363098639690264],[26.98046980469806,48.35634433061074],[26.944469444694448,48.35127859880109],[26.908469084690864,48.36478721696014],[26.876068760687616,48.38336156692884],[26.843668436684368,48.39349303054814],[26.832868328683304,48.39180445327827],[26.82926829268294,48.38505014419874],[26.825668256682576,48.37829583511919],[26.818468184681848,48.371541526039664],[26.811268112681148,48.371541526039664],[26.793267932679328,48.376607257849315],[26.789667896678964,48.376607257849315],[26.7788677886779,48.36647579423001],[26.7788677886779,48.35803290788061],[26.782467824678264,48.344524289721534],[26.789667896678964,48.32594993975283],[26.789667896678964,48.30737558978413],[26.786067860678628,48.29386697162508],[26.775267752677536,48.287112662545525],[26.75366753667538,48.28542408527565],[26.735667356673588,48.292178394355176],[26.724867248672496,48.30230985797448],[26.714067140671403,48.314129898863655],[26.699666996669976,48.32594993975283],[26.67806678066782,48.33101567156248],[26.674466744667455,48.32088420794318],[26.67086670866709,48.309064167054004],[26.634866348663508,48.29555554889495],[26.624066240662415,48.283735508005776],[26.616866168661687,48.26684973530695],[26.616866168661687,48.25840684895752],[26.588065880658803,48.24996396260812],[26.462064620646203,48.229701035369516],[26.44406444064441,48.22801245809964],[26.397263972639735,48.22632388082977],[26.379263792637943,48.22294672628999],[26.346863468634695,48.21281526267069],[26.328863288632903,48.20774953086104],[26.310863108631082,48.20943810813094],[26.303663036630383,48.21281526267069],[26.296462964629654,48.17904371727303],[26.296462964629654,48.15709221276455],[26.285662856628562,48.1250092446368],[26.271262712627134,48.09292627650902],[26.256862568625706,48.07266334927044],[26.24246242462425,48.06253188565114],[26.21726217262173,48.047334690222186],[26.206462064620666,48.037203226602884],[26.181261812618146,48.00343168120523],[26.174061740617418,47.993300217585954],[26.127261272612742,47.978103022157],[26.030060300603026,47.978103022157],[25.96525965259653,47.96459440399795],[25.918459184591853,47.9679715585377],[25.90045900459006,47.966282981267824],[25.871658716587177,47.957840094918396],[25.817658176581773,47.95277436310877],[25.752857528575305,47.93420001314004],[25.26325263252633,47.89873989047251],[25.22005220052202,47.87847696323391],[25.122851228512303,47.770408017961415],[25.079650796507963,47.74339078164331],[25.01845018450186,47.72481643167458],[24.9428494284943,47.71637354532518],[24.928449284492842,47.71468496805531],[24.896048960489622,47.70961923624566],[24.878048780487802,47.71806212259506],[24.852848528485282,47.74339078164331],[24.820448204482062,47.783916636120495],[24.80964809648097,47.79573667700967],[24.795247952479542,47.80417956335907],[24.712447124471254,47.82613106786755],[24.680046800468006,47.83963968602663],[24.662046620466214,47.85314830418568],[24.65844658446585,47.86665692234473],[24.654846548465486,47.87847696323391],[24.647646476464786,47.895362735932736],[24.63324633246333,47.908871354091815],[24.60804608046081,47.922379972250866],[24.56844568445686,47.93757716767982],[24.561245612456133,47.94095432221957],[24.54324543245434,47.944331476759345],[24.485644856448573,47.94264289948947],[24.428044280442805,47.95277436310877],[24.410044100441013,47.95277436310877],[24.384843848438493,47.944331476759345],[24.34884348843488,47.92069139498099],[24.29844298442984,47.91900281771112],[24.23004230042301,47.89705131320264],[24.208442084420852,47.89705131320264],[24.150841508415084,47.91224850863156],[24.14724147241472,47.91224850863156],[24.132841328413292,47.913937085901466],[24.093240932409344,47.93757716767982],[24.075240752407524,47.944331476759345],[24.024840248402484,47.95277436310877],[24.010440104401056,47.96121724945817],[23.978039780397808,47.96290582672805],[23.877238772387727,47.93420001314004],[23.85563855638557,47.93420001314004],[23.848438484384843,47.949397208568996],[23.798037980379803,47.98148017669678],[23.78003780037801,47.9882344857763],[23.71163711637118,47.984857331236526],[23.68643686436866,47.9865459085064],[23.646836468364683,47.9966773721257],[23.582035820358215,48.001743103935354],[23.564035640356423,48.00512025847513],[23.524435244352446,48.001743103935354],[23.513635136351382,47.998365949395605],[23.50283502835029,47.993300217585954],[23.499234992349926,47.9865459085064],[23.495634956349562,47.979791599426875],[23.488434884348862,47.976414444887126],[23.4848348483485,47.974725867617224],[23.481234812348134,47.971348713077475],[23.45963459634598,47.971348713077475],[23.394833948339482,47.993300217585954],[23.391233912339118,47.993300217585954],[23.380433804338054,47.99161164031605],[23.373233732337326,47.98992306304618],[23.366033660336598,47.99161164031605],[23.358833588335898,47.993300217585954],[23.337233372333742,48.01018599028478],[23.290432904329037,48.03889180387279],[23.247232472324725,48.07097477200054],[23.232832328323298,48.07941765834997],[23.1608316083161,48.096303431048796],[23.139231392313917,48.09799200831867],[23.11763117631176,48.091237699239144],[23.09963099630997,48.07097477200054],[23.078030780307813,48.02369460844383],[23.063630636306357,48.006808835745005],[23.020430204302045,47.984857331236526],[23.006030060300617,47.98316875396665],[22.988029880298797,47.9865459085064],[22.97362973629737,47.993300217585954],[22.955629556295577,48.00005452666548],[22.937629376293756,48.00512025847513],[22.92322923229233,48.00512025847513],[22.9160291602916,47.993300217585954],[22.92322923229233,47.97303729034735],[22.9160291602916,47.9595286721883],[22.89802898028981,47.95108578583887],[22.876428764287652,47.94602005402922],[22.84042840428404,47.966282981267824],[22.83322833228334,47.978103022157],[22.851228512285132,47.993300217585954],[22.851228512285132,48.00849741301488],[22.85842858428586,48.01862887663418],[22.862028620286196,48.028760340253484],[22.854828548285496,48.047334690222186],[22.844028440284404,48.060843308381266],[22.829628296282976,48.07266334927044],[22.800828008280092,48.091237699239144],[22.76482764827648,48.104746317398195],[22.761227612276116,48.10981204920785],[22.746827468274688,48.11656635828737],[22.728827288272896,48.11318920374762],[22.710827108271076,48.1064348946681],[22.692826928269284,48.10136916285845],[22.620826208262088,48.10136916285845],[22.60642606426066,48.096303431048796],[22.59922599225993,48.10136916285845],[22.584825848258504,48.1250092446368],[22.570425704257048,48.15709221276455],[22.55602556025562,48.17735514000316],[22.48042480424806,48.243209653528595],[22.476824768247695,48.243209653528595],[22.47322473224733,48.24489823079847],[22.469624696246967,48.24489823079847],[22.44802448024481,48.238143921718944],[22.433624336243383,48.23645534444904],[22.419224192241927,48.238143921718944],[22.39762397623977,48.24489823079847],[22.390423904239043,48.24489823079847],[22.38682386823868,48.243209653528595],[22.37962379623798,48.238143921718944],[22.365223652236523,48.238143921718944],[22.358023580235823,48.243209653528595],[22.307623076230783,48.29386697162508],[22.29682296822969,48.314129898863655],[22.29682296822969,48.327638517022706],[22.300423004230055,48.33945855791191],[22.300423004230055,48.349590021531185],[22.289622896228963,48.35803290788061],[22.257222572225743,48.35803290788061],[22.257222572225743,48.37323010330954],[22.27162271622717,48.403624494167445],[22.23562235622356,48.41544453505662],[22.20322203222034,48.4188216895964],[22.17082170821709,48.4086902259771],[22.160021600215998,48.40193591689757],[22.156421564215663,48.40193591689757],[22.131221312213142,48.40531307143732]]]}},{"type":"Feature","properties":{"territory_id":"UA-02","country_code":"UA","country_name":"Ukraine","display_name":"Kyiv and Northern Ukraine","strategic_centre":"Kyiv","centre":[30.5233,50.45],"boundary_status":"pass-1-provisional","admin_source":"Pass 1 strategic partition"},"geometry":{"type":"Polygon","coordinates":[[[27.12671254439569,51.76007588983228],[27.149671496714973,51.75713895215449],[27.178471784717857,51.74700748853519],[27.185671856718585,51.731810293106236],[27.18207182071822,51.70985878859776],[27.18207182071822,51.682841552279655],[27.18927189271892,51.664267202310924],[27.203672036720377,51.655824315961524],[27.225272252722533,51.65413573869162],[27.24687246872469,51.655824315961524],[27.279272792727937,51.65075858415187],[27.275672756727573,51.633872811453045],[27.261272612726145,51.611921306944566],[27.254072540725417,51.59503553424574],[27.268472684726845,51.58828122516621],[27.290072900729,51.58828122516621],[27.329673296732977,51.59672411151561],[27.387273872738746,51.58996980243609],[27.4088740887409,51.59165837970599],[27.430474304743058,51.598412688785515],[27.459274592745942,51.61698703875422],[27.477274772747734,51.62374134783374],[27.513275132751346,51.62374134783374],[27.621276212762126,51.59672411151561],[27.67527675276753,51.59503553424574],[27.693276932769322,51.58996980243609],[27.704077040770414,51.56801829792761],[27.696876968769686,51.54268963887938],[27.664476644766467,51.4920323207829],[27.664476644766467,51.49034374351302],[27.671676716767166,51.48527801170337],[27.68247682476826,51.47514654808407],[27.70047700477005,51.46670366173467],[27.714877148771507,51.46332650719489],[27.729277292772935,51.46501508446477],[27.740077400774027,51.47176939354429],[27.786877868778703,51.5106066707516],[27.794077940779403,51.517360979831125],[27.797677976779767,51.530869597990204],[27.797677976779767,51.54100106160951],[27.794077940779403,51.55282110249868],[27.794077940779403,51.56464114338786],[27.80127801278013,51.584904070626436],[27.812078120781223,51.601789843325264],[27.830078300783015,51.61360988421444],[27.855278552785535,51.61529846148434],[27.87687876878769,51.60854415240479],[27.93447934479346,51.566329720657734],[27.956079560795615,51.56126398884808],[27.974079740797407,51.557886834308334],[28.071280712807123,51.557886834308334],[28.089280892808944,51.56126398884808],[28.114481144811464,51.57477260700716],[28.146881468814684,51.61360988421444],[28.164881648816504,51.633872811453045],[28.18648186481866,51.64569285234222],[28.21168211682118,51.65244716142175],[28.229682296822972,51.65075858415187],[28.244082440824428,51.64062712053257],[28.247682476824764,51.63049565691327],[28.247682476824764,51.61360988421444],[28.258482584825856,51.601789843325264],[28.26928269282695,51.59503553424574],[28.298082980829804,51.58321549335656],[28.31248312483126,51.57477260700716],[28.316083160831624,51.56464114338786],[28.326883268832688,51.535935329799855],[28.334083340833416,51.52918102072033],[28.348483484834844,51.52580386618055],[28.359283592835936,51.52918102072033],[28.384483844838456,51.544378216149255],[28.434884348843497,51.566329720657734],[28.460084600846017,51.571395452467385],[28.4888848888489,51.571395452467385],[28.57888578885789,51.55957541157821],[28.60408604086041,51.55282110249868],[28.611286112861137,51.539312484339604],[28.6148861488615,51.51904955710103],[28.62928629286293,51.46332650719489],[28.636486364863657,51.44981788903584],[28.64728647286475,51.43968642541654],[28.66528665286654,51.43462069360689],[28.67968679686797,51.43799784814664],[28.69048690486906,51.44306357995629],[28.70488704887049,51.44306357995629],[28.712087120871217,51.42955496179724],[28.719287192871946,51.410980611828535],[28.73008730087301,51.40084914820923],[28.74808748087483,51.41435776636828],[28.751687516875165,51.42955496179724],[28.74808748087483,51.46670366173467],[28.751687516875165,51.48358943443347],[28.77328773287735,51.5106066707516],[28.79848798487987,51.53255817526008],[28.83088830888309,51.54775537068903],[28.863288632886338,51.55957541157821],[28.892088920889222,51.56295256611796],[28.953289532895326,51.56295256611796],[28.98208982089821,51.56970687519751],[29.00009000090003,51.58321549335656],[29.02529025290255,51.61360988421444],[29.043290432904342,51.62542992510362],[29.0648906489065,51.63049565691327],[29.08289082890829,51.63049565691327],[29.122491224912267,51.62542992510362],[29.147691476914787,51.61529846148434],[29.162091620916215,51.60347842059517],[29.180091800918007,51.566329720657734],[29.21609216092162,51.535935329799855],[29.226892268922683,51.51904955710103],[29.230492304923047,51.49372089805277],[29.219692196921983,51.46670366173467],[29.226892268922683,51.454883620845465],[29.244892448924503,51.44812931176594],[29.26649266492666,51.432932116337014],[29.277292772927723,51.41435776636828],[29.28449284492845,51.392406261859804],[29.295292952929543,51.3738319118911],[29.320493204932063,51.3653890255417],[29.34209342093422,51.370454757351354],[29.352893528935283,51.37720906643088],[29.378093780937803,51.39071768458993],[29.403294032940323,51.39578341639958],[29.446494464944664,51.38565195278028],[29.464494644946456,51.38565195278028],[29.482494824948247,51.40084914820923],[29.496894968949704,51.42617780725746],[29.504095040950403,51.43799784814664],[29.51849518495186,51.441375002686414],[29.54369543695438,51.44306357995629],[29.5688956889569,51.44981788903584],[29.583295832958328,51.46163792992502],[29.597695976959784,51.473457970814195],[29.61929619296194,51.48527801170337],[29.637296372963732,51.49034374351302],[29.662496624966252,51.49372089805277],[29.684096840968408,51.4920323207829],[29.698496984969864,51.48358943443347],[29.716497164971656,51.46501508446477],[29.723697236972384,51.44981788903584],[29.738097380973812,51.43968642541654],[29.82809828098283,51.42955496179724],[29.84609846098462,51.432932116337014],[29.856898568985685,51.43968642541654],[29.874898748987505,51.459949352655116],[29.88569885698857,51.46501508446477],[29.89649896498966,51.46501508446477],[29.91089910899109,51.45826077538524],[29.925299252992545,51.45826077538524],[29.98649986499865,51.478523702623846],[30.008100081000805,51.481900857163595],[30.14850148501486,51.48358943443347],[30.177301773017746,51.48021227989372],[30.20610206102063,51.46670366173467],[30.242102421024214,51.43462069360689],[30.25650256502567,51.424489229987586],[30.30690306903071,51.40929203455863],[30.321303213032138,51.40253772547911],[30.324903249032502,51.39578341639958],[30.328503285032866,51.389029107320056],[30.328503285032866,51.362011871001926],[30.321303213032138,51.34174894376335],[30.317703177031774,51.34006036649345],[30.324903249032502,51.329928902874144],[30.353703537035386,51.30460024382592],[30.368103681036814,51.29784593474639],[30.38250382503827,51.294468780206614],[30.41490414904149,51.294468780206614],[30.429304293042946,51.291091625666866],[30.443704437044374,51.28264873931744],[30.46530465304653,51.26238581207886],[30.479704797047987,51.259008657539084],[30.494104941049414,51.26069723480896],[30.50850508505087,51.25732008026921],[30.519305193051935,51.25225434845956],[30.53370533705339,51.24381146211013],[30.54090540905409,51.23536857576073],[30.551705517055183,51.237057153030605],[30.555305553055547,51.242122884840256],[30.555305553055547,51.267451543888484],[30.55890558905591,51.26914012115839],[30.576905769057703,51.28940304839696],[30.580505805058067,51.30291166655604],[30.60930609306095,51.31810886198497],[30.638106381063807,51.3366832119537],[30.630906309063107,51.3637004482718],[30.645306453064535,51.36707760281158],[30.645306453064535,51.37214333462123],[30.638106381063807,51.37889764370075],[30.630906309063107,51.383963375510405],[30.62370623706238,51.41266918909841],[30.61650616506165,51.419423498177935],[30.605706057060587,51.424489229987586],[30.594905949059495,51.424489229987586],[30.587705877058767,51.42786638452736],[30.58410584105843,51.43968642541654],[30.587705877058767,51.451506466305716],[30.594905949059495,51.45826077538524],[30.605706057060587,51.46163792992502],[30.61650616506165,51.459949352655116],[30.61650616506165,51.46670366173467],[30.60930609306095,51.47008081627442],[30.59850598505986,51.473457970814195],[30.587705877058767,51.481900857163595],[30.58410584105843,51.49372089805277],[30.59130591305913,51.5021637844022],[30.58410584105843,51.508918093481725],[30.57330573305734,51.51567240256125],[30.562505625056247,51.522426711640776],[30.569705697056975,51.52580386618055],[30.576905769057703,51.530869597990204],[30.58410584105843,51.54268963887938],[30.56610566105661,51.54775537068903],[30.53370533705339,51.55282110249868],[30.5229052290523,51.56295256611796],[30.5229052290523,51.56970687519751],[30.526505265052663,51.571395452467385],[30.530105301053027,51.57308402973726],[30.53370533705339,51.57477260700716],[30.544505445054455,51.576461184277036],[30.544505445054455,51.58321549335656],[30.53370533705339,51.58659264789634],[30.51570515705157,51.59672411151561],[30.51570515705157,51.60347842059517],[30.544505445054455,51.620364193293995],[30.555305553055547,51.62374134783374],[30.551705517055183,51.633872811453045],[30.551705517055183,51.63724996599282],[30.555305553055547,51.6389385432627],[30.562505625056247,51.647381429612096],[30.569705697056975,51.65075858415187],[30.56610566105661,51.66595577958083],[30.576905769057703,51.6862187068194],[30.569705697056975,51.69972732497848],[30.58410584105843,51.70310447951823],[30.612906129061287,51.70310447951823],[30.62370623706238,51.70648163405801],[30.630906309063107,51.71492452040741],[30.630906309063107,51.72843313856649],[30.63450634506347,51.740253179455664],[30.645306453064535,51.74700748853519],[30.645306453064535,51.753761797614715],[30.638106381063807,51.75545037488459],[30.61650616506165,51.76051610669424],[30.630906309063107,51.77064757031354],[30.652506525065263,51.77909045666294],[30.670506705067055,51.79091049755215],[30.670506705067055,51.80610769298107],[30.663306633066327,51.816239156600375],[30.663306633066327,51.81961631114015],[30.66690666906669,51.8229934656799],[30.67410674106742,51.829747774759426],[30.695706957069575,51.846633547458254],[30.695706957069575,51.85001070199803],[30.702907029070303,51.85338785653781],[30.706507065070667,51.86014216561733],[30.713707137071367,51.86689647469686],[30.73530735307355,51.873650783776384],[30.738907389073887,51.88209367012581],[30.738907389073887,51.892225133745086],[30.74250742507425,51.89729086555474],[30.74970749707498,51.89897944282464],[30.778507785077863,51.89729086555474],[30.789307893078927,51.900668020094514],[30.796507965079655,51.90742232917404],[30.81090810908111,51.91755379279334],[30.81090810908111,51.92599667914274],[30.803708037080384,51.92937383368252],[30.803708037080384,51.93950529730182],[30.832508325083268,51.946259606381346],[30.846908469084696,51.951325338191],[30.857708577085788,51.95807964727052],[30.86850868508685,51.96483395635005],[30.879308793087944,51.97327684269948],[30.879308793087944,51.9884740381284],[30.890108901089008,51.99353976993805],[30.897308973089736,51.998605501747704],[30.904509045090464,52.00029407901758],[30.908109081090828,51.998605501747704],[30.915309153091528,51.99185119266818],[30.940509405094048,51.99353976993805],[30.95130951309514,52.00704838809713],[30.940509405094048,52.02055700625618],[30.911709117091192,52.02224558352606],[30.915309153091528,52.02731131533571],[30.915309153091528,52.03237704714536],[30.91890918909189,52.03744277895501],[30.92610926109262,52.04250851076466],[30.91890918909189,52.05939428346349],[30.933309333093348,52.06952574708279],[30.958509585095868,52.074591478892415],[31.095310953109532,52.07965721070207],[31.13491134911351,52.07628005616232],[31.16011160111603,52.06783716981289],[31.20331203312034,52.04419708803454],[31.22851228512286,52.03744277895501],[31.25371253712538,52.04419708803454],[31.26811268112681,52.061082860733364],[31.282512825128265,52.08134578797197],[31.30411304113042,52.0982315606708],[31.383313833138345,52.1168059106395],[31.473314733147333,52.11849448790937],[31.649716497164974,52.096542983400894],[31.76491764917651,52.09992013794067],[31.826118261182614,52.10329729248042],[31.858518585185863,52.09992013794067],[31.883718837188383,52.08641151978162],[31.887318873188747,52.06952574708279],[31.887318873188747,52.05095139711406],[31.89091890918911,52.03575420168514],[31.908919089190903,52.02899989260558],[31.926919269192695,52.030688469875486],[31.9809198091981,52.04757424257431],[32.01692016920171,52.04926281984419],[32.078120781207815,52.039131356224885],[32.09612096120961,52.04081993349476],[32.2329223292233,52.08134578797197],[32.27612276122761,52.10329729248042],[32.30852308523086,52.14044599241785],[32.31932319323195,52.20123477413364],[32.32652326523265,52.21980912410234],[32.337323373233744,52.22487485591199],[32.35172351723517,52.22994058772164],[32.362523625236264,52.23669489680117],[32.36612366123663,52.24682636042047],[32.362523625236264,52.25526924676987],[32.34452344523447,52.27722075127835],[32.34092340923411,52.28735221489765],[32.355323553235536,52.32112376029531],[32.39492394923951,52.32618949210496],[32.481324813248136,52.30761514213623],[32.52812528125281,52.31605802848566],[32.72612726127261,52.25189209223012],[32.75492754927549,52.25189209223012],[32.816128161281625,52.262023555849396],[32.84492844928451,52.262023555849396],[32.85932859328594,52.25695782403977],[32.891728917289186,52.24176062861082],[32.90972909729098,52.24176062861082],[32.92772927729277,52.24682636042047],[33.02853028530285,52.30423798759648],[33.04653046530467,52.30930371940613],[33.057330573305734,52.30930371940613],[33.07173071730719,52.30423798759648],[33.07893078930789,52.305926564866354],[33.08613086130862,52.310992296676005],[33.100531005310074,52.324500914835056],[33.107731077310774,52.32787806937483],[33.12933129331293,52.332943801184484],[33.14013140131402,52.33969811026401],[33.16533165331654,52.359961037502615],[33.183331833318334,52.36671534658214],[33.19773197731979,52.368403923852014],[33.29493294932951,52.35658388296284],[33.359733597335975,52.35827246023271],[33.377733777337795,52.35489530569296],[33.39933399333995,52.34476384207366],[33.402934029340315,52.34307526480379],[33.42093420934211,52.338009532994135],[33.4389343893439,52.33969811026401],[33.45333453334533,52.34476384207366],[33.46413464134642,52.35320672842306],[33.48213482134821,52.35827246023271],[33.50013500135003,52.341386687533884],[33.4929349293493,52.302549410326606],[33.510935109351095,52.28735221489765],[33.53253532535325,52.289040792167526],[33.54348213059065,52.295796764995174],[33.24739234202959,48.60176114718358],[28.006344905871696,48.325624903410684],[28.00288002880029,48.32594993975283],[27.966879668796707,48.32932709429261],[27.92727927279273,48.33945855791191],[27.905679056790575,48.363098639690264],[27.894878948789483,48.36647579423001],[27.88407884078842,48.37829583511919],[27.866078660786627,48.398558762357794],[27.848078480784807,48.41037880324697],[27.786877868778703,48.44077319410485],[27.75087750877509,48.452593234994026],[27.628476284762854,48.45090465772415],[27.606876068760698,48.45765896680368],[27.603276032760334,48.48467620312181],[27.581675816758178,48.48636478039168],[27.556475564755658,48.474544739502505],[27.545675456754566,48.47285616223263],[27.502475024750254,48.47285616223263],[27.480874808748098,48.45090465772415],[27.438600087610467,48.42757674289987],[27.12671254439569,51.76007588983228]]]}},{"type":"Feature","properties":{"territory_id":"UA-03","country_code":"UA","country_name":"Ukraine","display_name":"Eastern Ukraine","strategic_centre":"Kharkiv","centre":[36.2311,49.9925],"boundary_status":"pass-1-provisional","admin_source":"Pass 1 strategic partition"},"geometry":{"type":"Polygon","coordinates":[[[33.24739234202959,48.60176114718358],[33.54348213059065,52.295796764995174],[33.60093600936011,52.33125522391461],[33.687336873368736,52.35658388296284],[33.73413734137341,52.36164961477249],[33.77733777337775,52.359961037502615],[33.80253802538027,52.35489530569296],[33.8169381693817,52.34476384207366],[33.82413824138243,52.33125522391461],[33.838538385383856,52.31436945121578],[33.86013860138601,52.302549410326606],[33.89973899738999,52.28566363762778],[33.91773917739178,52.270466442198824],[33.9429394293943,52.235006319531294],[33.95733957339573,52.22487485591199],[34.022140221402225,52.19785761959386],[34.04014040140402,52.186037578704685],[34.05454054540547,52.17084038327573],[34.06534065340654,52.159020342386555],[34.072540725407265,52.14888887876725],[34.072540725407265,52.128625951528676],[34.05814058140581,52.10498586975032],[34.05814058140581,52.09992013794067],[34.06174061740617,52.08303436524184],[34.06174061740617,52.05095139711406],[34.0689406894069,52.030688469875486],[34.07974079740799,52.01380269717666],[34.10134101341015,51.99185119266818],[34.10494104941051,51.97496541996935],[34.097740977409785,51.9597682245404],[34.097740977409785,51.951325338191],[34.14454144541446,51.951325338191],[34.16614166141662,51.94288245184157],[34.20214202142023,51.91248806098369],[34.20934209342093,51.909110906443914],[34.223742237422385,51.90235659736439],[34.22734227342275,51.89897944282464],[34.230942309423114,51.89391371101499],[34.23454234542345,51.88040509285591],[34.23454234542345,51.878716515586035],[34.24534245342454,51.87533936104626],[34.26334263342633,51.88040509285591],[34.27774277742779,51.88040509285591],[34.29574295742958,51.873650783776384],[34.32814328143283,51.85001070199803],[34.34614346143462,51.8415678156486],[34.37134371343714,51.82637062021968],[34.38574385743857,51.81792773387025],[34.41094410944109,51.77740187939307],[34.414544145441454,51.73687602491589],[34.374943749437506,51.70817021132788],[34.356943569435714,51.704793056788105],[34.299342993429946,51.70648163405801],[34.12654126541267,51.68115297500975],[34.09054090540906,51.66595577958083],[34.07974079740799,51.642315697802445],[34.09054090540906,51.633872811453045],[34.12654126541267,51.62711850237352],[34.1409414094141,51.620364193293995],[34.14454144541446,51.61360988421444],[34.148141481414825,51.593346956975864],[34.15174151741519,51.58321549335656],[34.15894158941589,51.576461184277036],[34.20214202142023,51.54606679341913],[34.21654216542166,51.53255817526008],[34.223742237422385,51.513983825291376],[34.22734227342275,51.49372089805277],[34.223742237422385,51.481900857163595],[34.21654216542166,51.46501508446477],[34.21294212942129,51.454883620845465],[34.21294212942129,51.44475215722619],[34.21654216542166,51.43630927087676],[34.22014220142202,51.42786638452736],[34.21654216542166,51.41773492090806],[34.20934209342093,51.410980611828535],[34.18774187741877,51.40760345728876],[34.18054180541807,51.40253772547911],[34.18414184141841,51.39409483912971],[34.1949419494195,51.38565195278028],[34.21654216542166,51.3738319118911],[34.230942309423114,51.36707760281158],[34.248942489424905,51.3637004482718],[34.26334263342633,51.362011871001926],[34.281342813428154,51.362011871001926],[34.299342993429946,51.36876618008145],[34.31014310143101,51.334994634683795],[34.28494284942849,51.30122308928614],[34.24534245342454,51.27420585296804],[34.18774187741877,51.24887719391978],[34.256142561425634,51.23030284395108],[34.281342813428154,51.2269256894113],[34.299342993429946,51.231991421220954],[34.33534335343353,51.250565771189684],[34.37134371343714,51.25732008026921],[34.407344073440754,51.25394292572943],[34.47934479344795,51.237057153030605],[34.51174511745117,51.23030284395108],[34.57654576545767,51.237057153030605],[34.608946089460915,51.23367999849086],[34.62334623346234,51.22523711214143],[34.62694626946271,51.21172849398238],[34.634146341463435,51.19484272128355],[34.641346413464134,51.18133410312447],[34.65574655746559,51.171202639505196],[34.67374673746738,51.16782548496542],[34.74934749347494,51.16444833042564],[34.817748177481775,51.174579794044945],[34.90054900549006,51.196531298553424],[34.94734947349474,51.215105648522126],[34.961749617496196,51.215105648522126],[34.97974979749799,51.210039916712475],[34.99774997749978,51.201597030363075],[35.019350193501936,51.204974184902824],[35.037350373503756,51.210039916712475],[35.05895058950591,51.21172849398238],[35.076950769507704,51.2083513394426],[35.09135091350913,51.1982198758233],[35.09855098550986,51.18302268039437],[35.12375123751238,51.09183950782071],[35.145351453514536,51.05806796242305],[35.17415174151742,51.041182189724225],[35.20655206552067,51.03949361245432],[35.2749527495275,51.049625076073625],[35.30735307353075,51.04793649880375],[35.328953289532905,51.0428707669941],[35.3469534695347,51.036116457914574],[35.354153541535425,51.02598499429527],[35.3469534695347,51.00909922159644],[35.33255332553327,51.000656335247044],[35.278552785527864,50.992213448897616],[35.28215282152823,50.98208198527831],[35.28215282152823,50.95506474896021],[35.28575285752859,50.94493328534091],[35.29295292952929,50.93817897626138],[35.31815318153181,50.93480182172161],[35.328953289532905,50.929736089911955],[35.34335343353433,50.916227471752904],[35.34335343353433,50.90440743086373],[35.339753397534,50.89258738997455],[35.339753397534,50.87570161727572],[35.3469534695347,50.86388157638655],[35.36855368553685,50.845307226417816],[35.379353793537945,50.83348718552864],[35.379353793537945,50.81997856736959],[35.37575375753758,50.80815852648041],[35.379353793537945,50.79802706286111],[35.39375393753937,50.78789559924181],[35.41895418954189,50.77945271289241],[35.429754297542985,50.77269840381285],[35.43695436954371,50.76256694019358],[35.44775447754478,50.733861126605575],[35.44415444154441,50.71022104482719],[35.44415444154441,50.68826954031874],[35.46935469354693,50.66800661308014],[35.39015390153904,50.64605510857166],[35.37575375753758,50.63423506768248],[35.379353793537945,50.622415026793306],[35.42615426154262,50.50083746336176],[35.44775447754478,50.475508804313506],[35.480154801548025,50.467065917964106],[35.50175501755018,50.46368876342433],[35.52335523355234,50.46031160888458],[35.54135541355416,50.45018014526528],[35.555755557555585,50.43329437256645],[35.56295562955631,50.4096542907881],[35.56295562955631,50.39107994081937],[35.57015570155701,50.37588274539044],[35.59175591755917,50.36068554996149],[35.60975609756099,50.35224266361209],[35.631356313563145,50.345488354532534],[35.6529565295653,50.34042262272288],[35.67455674556746,50.34042262272288],[35.69255692556925,50.34379977726266],[35.69615696156961,50.345488354532534],[35.71055710557107,50.35561981815184],[35.721357213572134,50.369128436310916],[35.739357393573954,50.38094847720009],[35.746557465574654,50.38432563173984],[35.764557645576474,50.38432563173984],[35.77535775357754,50.38770278627962],[35.78615786157863,50.394457095359144],[35.80415804158042,50.41134286805797],[35.81855818558185,50.41978575440737],[35.83655836558367,50.42316290894715],[35.93015930159302,50.429917218026674],[36.10656106561066,50.421474331677274],[36.13176131761318,50.41134286805797],[36.142561425614275,50.39276851808927],[36.167761677616795,50.38432563173984],[36.268562685626875,50.281322418277],[36.293762937629396,50.274568109197475],[36.31536315363155,50.274568109197475],[36.34056340563407,50.281322418277],[36.36216362163623,50.2914538818963],[36.38016380163802,50.30327392278548],[36.38736387363875,50.306651077325256],[36.401764017640176,50.306651077325256],[36.408964089640904,50.30496250005535],[36.43056430564306,50.296519613705954],[36.452164521645216,50.29314245916618],[36.4809648096481,50.281322418277],[36.51336513365135,50.27625668646735],[36.520565205652076,50.274568109197475],[36.534965349653504,50.26781380011795],[36.53856538565387,50.26443664557817],[36.534965349653504,50.261059491038395],[36.534965349653504,50.239107986529945],[36.53136531365314,50.22897652291064],[36.534965349653504,50.220533636561214],[36.54936549365493,50.212090750211814],[36.570965709657116,50.20702501840216],[36.596165961659636,50.203647863862386],[36.61776617766179,50.20702501840216],[36.635766357663584,50.21377932748169],[36.64296642966431,50.22222221383112],[36.660966609666104,50.244173718339596],[36.66816668166683,50.252616604688995],[36.68256682566826,50.261059491038395],[36.84816848168484,50.323536850024055],[36.912969129691305,50.33873404545301],[36.98136981369814,50.342111199992786],[37.05337053370533,50.33535689091326],[37.197371973719754,50.36237412723136],[37.22617226172264,50.377571322660316],[37.28377283772838,50.41472002259775],[37.316173161731626,50.42316290894715],[37.41697416974171,50.43160579529655],[37.4349743497435,50.42485148621702],[37.449374493744955,50.399522827168795],[37.46377463774638,50.36575128177114],[37.481774817748175,50.34042262272288],[37.56817568175683,50.31171680913488],[37.600576005760075,50.2914538818963],[37.600576005760075,50.24923945014922],[37.58977589775898,50.225599368370865],[37.58977589775898,50.203647863862386],[37.59697596975971,50.19689355478286],[37.632976329763295,50.17325347300451],[37.726577265772676,50.078693145891066],[37.76257762577626,50.06180737319224],[37.841778417784184,50.03985586868379],[37.88137881378813,50.02297009598496],[37.917379173791744,50.002707168746355],[37.94617946179463,49.97737850969813],[37.978579785797876,49.94191838703057],[37.978579785797876,49.940229809760694],[37.99657996579967,49.92165545979199],[37.99657996579967,49.90645826436304],[38.00018000180003,49.89970395528351],[38.02178021780219,49.909835418902816],[38.0649806498065,49.926721191601644],[38.07938079380796,49.93009834614139],[38.09018090180902,49.92840976887152],[38.10818108181081,49.91996688252212],[38.118981189811905,49.91996688252212],[38.16578165781658,49.940229809760694],[38.17298172981731,49.98413281877765],[38.16578165781658,50.029724405064485],[38.17298172981731,50.060118795922364],[38.1909819098191,50.06349595046214],[38.25218252182523,50.05843021865249],[38.28098280982812,50.06180737319224],[38.29898298982991,50.060118795922364],[38.31338313383134,50.04998733230306],[38.345783457834585,49.99257570512705],[38.35658356583568,49.980755664237876],[38.37458374583747,49.975689932428224],[38.421384213842146,49.972312777888476],[38.43938439384394,49.967247046078825],[38.46098460984609,49.95711558245952],[38.496984969849706,49.94867269611012],[38.5689856898569,49.95711558245952],[38.61938619386194,49.95036127338],[38.630186301863034,49.953738427919745],[38.637386373863734,49.95711558245952],[38.662586625866254,49.96218131426917],[38.673386733867346,49.94360696430047],[38.67698676986771,49.926721191601644],[38.680586805868074,49.918278305252215],[38.687786877868774,49.913212573442564],[38.74898748987491,49.88619533712446],[38.85338853388535,49.86593240988586],[38.8857888578886,49.84566948264725],[38.91098910989112,49.820340823599025],[38.93618936189364,49.8034550509002],[39.033390333903355,49.806832205439974],[39.04779047790478,49.81020935997972],[39.06939069390694,49.820340823599025],[39.09819098190982,49.85242379172681],[39.116191161911615,49.86424383261598],[39.15579155791559,49.87437529623526],[39.18099180991811,49.85917810080633],[39.23859238592388,49.76461777369289],[39.260192601926036,49.744354846454314],[39.28899288992892,49.73253480556514],[39.32859328593287,49.725780496485584],[39.368193681936816,49.73253480556514],[39.40779407794079,49.744354846454314],[39.443794437944376,49.749420578263965],[39.47979479794799,49.73422338283501],[39.49779497794978,49.727469073755486],[39.55899558995591,49.72409191921571],[39.56979569795698,49.71396045559641],[39.58059580595807,49.690320373818054],[39.59859598595986,49.648105942071],[39.62379623796238,49.61264581940344],[39.652596525965265,49.59913720124439],[39.68859688596888,49.59407146943474],[39.728197281972825,49.58056285127569],[39.78219782197823,49.548479883147905],[39.80019800198002,49.54172557406838],[39.828998289982906,49.54172557406838],[39.85779857798579,49.54510272860816],[39.89019890198904,49.55354561495756],[39.91539915399156,49.56367707857686],[39.9729997299973,49.602514355784166],[39.99819998199982,49.60758008759382],[40.01620016200164,49.60758008759382],[40.11700117001172,49.59069431489499],[40.11700117001172,49.58900573762509],[40.13140131401315,49.58056285127569],[40.12780127801278,49.55861134676721],[40.10980109801099,49.54510272860816],[40.07380073800738,49.5299055331792],[40.055800558005586,49.5197740695599],[40.03420034200343,49.48769110143212],[40.04140041400416,49.455608133304366],[40.063000630006314,49.42521374244649],[40.10260102601026,49.38468788796928],[40.14940149401494,49.34922776530175],[40.16020160201603,49.334030569872795],[40.15660156601567,49.31545621990409],[40.14220142201424,49.28168467450644],[40.14220142201424,49.24622455183891],[40.13500135001351,49.236093088219604],[40.10980109801099,49.227650201870205],[40.0918009180092,49.2175187382509],[40.05940059400595,49.18205861558337],[40.037800378003794,49.16854999742429],[39.980199801998026,49.14153276110619],[39.95139951399514,49.12464698840736],[39.929799297992986,49.10100690662898],[39.92619926199262,49.085809711200056],[39.92259922599226,49.058792474881926],[39.918999189991894,49.04697243399275],[39.90819908199083,49.0419067021831],[39.89019890198904,49.0419067021831],[39.861398613986154,49.045283856722875],[39.83259832598327,49.045283856722875],[39.74979749797498,49.026709506754145],[39.69939699396994,49.02839808402405],[39.68139681396815,49.01995519767462],[39.67419674196742,48.969297879578136],[39.68859688596888,48.95747783868896],[39.70659706597067,48.94903495233956],[39.72459724597246,48.93721491145038],[39.73899738997392,48.91864056148165],[39.74619746197462,48.9051319433226],[39.75699756997571,48.8950004797033],[39.78219782197823,48.88824617062377],[39.861398613986154,48.8764261297346],[39.89739897398974,48.879803284274374],[39.90819908199083,48.87811470700447],[39.918999189991894,48.87304897519482],[39.936999369993714,48.85616320249599],[39.95139951399514,48.85278604795624],[39.9729997299973,48.85954035703577],[39.99099990999912,48.8764261297346],[40.00900009000091,48.88824617062377],[40.03420034200343,48.884869016084],[40.05220052200522,48.86967182065507],[40.05220052200522,48.84940889341647],[40.037800378003794,48.830834543447764],[40.019800198001974,48.81394877074894],[39.97659976599766,48.79030868897058],[39.93339933399335,48.786931534430806],[39.82539825398254,48.81563734801881],[39.80019800198002,48.81563734801881],[39.778597785977865,48.80719446166941],[39.76059760597607,48.79199726624046],[39.74979749797498,48.781865802621155],[39.74619746197462,48.77004576173198],[39.73539735397355,48.76160287538258],[39.71019710197103,48.75484856630305],[39.702997029970305,48.746405679953625],[39.6417964179642,48.611319498363],[39.63099630996311,48.58767941658465],[39.67059670596706,48.58767941658465],[39.68859688596888,48.594433725664175],[39.80739807398075,48.5843022620449],[39.836198361983634,48.5741707984256],[39.854198541985426,48.555596448456896],[39.861398613986154,48.53026778940864],[39.86499864998652,48.523513480329115],[39.86499864998652,48.51675917124959],[39.86859868598685,48.51338201670981],[39.86859868598685,48.510004862170064],[39.86499864998652,48.501561975820636],[39.854198541985426,48.49987339855076],[39.84339843398436,48.49987339855076],[39.84339843398436,48.48298762585193],[39.854198541985426,48.47623331677241],[39.86499864998652,48.469479007692854],[39.89739897398974,48.42388742140602],[39.90819908199083,48.398558762357794],[39.91539915399156,48.38505014419874],[39.92259922599226,48.376607257849315],[39.9009990099901,48.36141006242036],[39.88299882998831,48.346212866991436],[39.81459814598148,48.30737558978413],[39.886598865988674,48.278669776196125],[39.904599045990466,48.280358353466],[39.95859958599587,48.29386697162508],[39.980199801998026,48.2904898170853],[39.994599945999454,48.273604044386474],[39.99099990999912,48.25334111714787],[39.97659976599766,48.23476676717917],[39.962199621996234,48.221258149020116],[39.911799117991194,48.19761806724176],[39.893798937989374,48.18242087181281],[39.84339843398436,48.11994351282715],[39.83259832598327,48.099680585588544],[39.828998289982906,48.07604050381019],[39.84339843398436,48.04564611295231],[39.84339843398436,48.037203226602884],[39.839798397984,48.03551464933301],[39.83259832598327,48.03551464933301],[39.778597785977865,48.028760340253484],[39.7677976779768,48.02369460844383],[39.76059760597607,48.01525172209443],[39.76059760597607,48.01018599028478],[39.77139771397714,48.00343168120523],[39.778597785977865,47.993300217585954],[39.79299792997932,47.971348713077475],[39.79659796597966,47.96121724945817],[39.79299792997932,47.94602005402922],[39.78939789397896,47.93757716767982],[39.778597785977865,47.922379972250866],[39.778597785977865,47.90718277682194],[39.78219782197823,47.89367415866286],[39.78219782197823,47.886919849583336],[39.7749977499775,47.85821403599533],[39.76059760597607,47.832885376947075],[39.73539735397355,47.815999604248276],[39.69939699396994,47.810933872438625],[39.602196021960225,47.82950822240733],[39.56979569795698,47.8311967996772],[39.50859508595087,47.8227539133278],[39.47979479794799,47.82613106786755],[39.45819458194583,47.8311967996772],[39.41499414994152,47.8227539133278],[39.393393933939336,47.8227539133278],[39.37179371793718,47.82781964513745],[39.33939339393396,47.84301684056638],[39.32139321393214,47.846393995106155],[39.173791737917384,47.83626253148685],[39.134191341913436,47.82950822240733],[39.11259112591128,47.82781964513745],[39.09459094590946,47.832885376947075],[39.040590405904055,47.85652545872546],[39.03699036990372,47.85652545872546],[38.87858878588787,47.86159119053511],[38.831788317883195,47.84808257237603],[38.79578795787958,47.819376758788025],[38.77058770587706,47.78053948158072],[38.75258752587527,47.734947895293885],[38.74538745387454,47.69273346354683],[38.73458734587348,47.677536268117876],[38.712987129871294,47.675847690848],[38.67698676986771,47.685979154467304],[38.662586625866254,47.68260199992753],[38.64458644586446,47.67415911357813],[38.604986049860514,47.64545329999012],[38.586985869858694,47.63363325910092],[38.561785617856174,47.62687895002139],[38.35298352983531,47.606616022782816],[38.320583205832065,47.59141882735386],[38.29178291782918,47.56271301376586],[38.27378273782739,47.52725289109833],[38.25938259382593,47.49348134570067],[38.2629826298263,47.42087252309571],[38.25938259382593,47.39385528677758],[38.23418234182341,47.36177231864983],[38.20178201782019,47.3347550823317],[38.1909819098191,47.316180732362994],[38.18738187381874,47.30098353693404],[38.20178201782019,47.29085207331474],[38.219782197821985,47.289163496044864],[38.25938259382593,47.29254065058461],[38.27738277382775,47.29254065058461],[38.29178291782918,47.28747491877499],[38.30258302583027,47.275654877885785],[38.29898298982991,47.25539195064721],[38.28458284582845,47.24188333248816],[38.2629826298263,47.231751868868855],[38.24138241382414,47.22330898251943],[38.22338223382235,47.21486609617003],[38.20178201782019,47.19291459166155],[38.19818198181983,47.16252020080367],[38.20178201782019,47.13043723267589],[38.21618216182162,47.10341999635776],[38.194581945819465,47.08991137819871],[38.14058140581406,47.03756548283235],[38.10818108181081,47.02574544194317],[38.129781297813,47.057828410070925],[38.129781297813,47.07471418276975],[38.10458104581048,47.08146849184928],[38.07218072180723,47.10004284181801],[38.0649806498065,47.09835426454811],[38.061380613806136,47.09497711000836],[38.036180361803616,47.084845646389056],[38.02538025380255,47.08146849184928],[37.98937989379894,47.09159995546858],[37.960579605796056,47.09666568727823],[37.94977949779499,47.09159995546858],[37.859778597785976,47.10173141908788],[37.751777517775196,47.07471418276975],[37.708577085770855,47.07471418276975],[37.57897578975792,47.08991137819871],[37.54657546575467,47.08146849184928],[37.481774817748175,47.035876905562446],[37.37737377373776,46.93456226936948],[37.35217352173524,46.89910214670195],[37.33417334173342,46.88221637400312],[37.31257312573126,46.875462064923596],[37.316173161731626,46.90079072397185],[37.29457294572947,46.92105365121043],[37.26217262172622,46.932873692099605],[37.22617226172264,46.93625084663938],[37.20817208172082,46.932873692099605],[37.16137161371614,46.90923361032125],[37.046170461704634,46.87715064219347],[37.02817028170281,46.875462064923596],[37.01737017370175,46.87208491038385],[36.9849698496985,46.85182198314524],[36.97416974169744,46.848444828605466],[36.938169381693825,46.840001942256066],[36.887768877688785,46.804541819588536],[36.85536855368554,46.80116466504876],[36.862568625686265,46.777524583270406],[36.84816848168484,46.75388450149205],[36.83016830168302,46.73193299698357],[36.81936819368195,46.70829291520522],[36.812168121681225,46.68127567888709],[36.79416794167943,46.65425844256896],[36.76896768967691,46.63737266987013],[36.74376743767439,46.64243840167978],[36.74376743767439,46.64919271075931],[36.75096750967509,46.64919271075931],[36.77256772567728,46.64412697894966],[36.79056790567907,46.67114421526779],[36.80136801368013,46.70660433793532],[36.80136801368013,46.72517868790405],[36.79416794167943,46.7285558424438],[36.75816758167582,46.758950233301704],[36.74376743767439,46.76401596511133],[36.711367113671145,46.772458851460755],[36.69696696966972,46.77921316054028],[36.678966789667896,46.772458851460755],[36.660966609666104,46.77414742873063],[36.63216632166322,46.77921316054028],[36.61776617766179,46.77583600600053],[36.6069660696607,46.76908169692098],[36.596165961659636,46.76232738784145],[36.58896588965891,46.758950233301704],[36.52416524165241,46.758950233301704],[36.4809648096481,46.742064460602876],[36.434164341643424,46.73531015152332],[36.401764017640176,46.723490110634145],[36.369363693636956,46.70829291520522],[36.30456304563046,46.65932417437861],[36.2829628296283,46.63568409260026],[36.27936279362794,46.60697827901225],[36.27216272162721,46.60697827901225],[36.27216272162721,46.62217547444121],[36.268562685626875,46.625552628980955],[36.25776257762578,46.62217547444121],[36.24696246962469,46.61879831990143],[36.24696246962469,46.610355433552],[36.23976239762399,46.620486897171304],[36.243362433624355,46.62386405171108],[36.243362433624355,46.63568409260026],[36.23256232562326,46.64074982440991],[36.2289622896229,46.64243840167978],[36.22176221762217,46.65425844256896],[36.218162181621835,46.65932417437861],[36.21096210962111,46.66270132891839],[36.18936189361895,46.66945563799791],[36.17136171361713,46.66776706072804],[36.13536135361355,46.66270132891839],[36.06336063360635,46.66945563799791],[35.92655926559266,46.652569865299085],[35.90135901359014,46.652569865299085],[35.82575825758258,46.62386405171108],[35.771757717577174,46.6019125472026],[35.74295742957429,46.585026774503774],[35.66015660156603,46.51917226097834],[35.62775627756278,46.49890933373976],[35.50895508955091,46.45669490199268],[35.49095490954912,46.44825201564328],[35.47655476554766,46.4364319747541],[35.44415444154441,46.40603758389622],[35.429754297542985,46.39590612027692],[35.39375393753937,46.37902034757809],[35.379353793537945,46.36888888395879],[35.28575285752859,46.25913136141642],[35.278552785527864,46.255754206876645],[35.26415264152644,46.242245588717594],[35.21015210152103,46.16963676611263],[35.18495184951851,46.14599668433428],[35.163351633516356,46.127422334365576],[35.120151201512016,46.11897944801615],[35.094950949509496,46.103782252587195],[35.062550625506276,46.09871652077754],[35.037350373503756,46.08689647988837],[35.001350013500144,46.073387861729316],[34.98334983349835,46.07845359353897],[34.986949869498716,46.08689647988837],[35.01575015750157,46.11222513893662],[35.051750517505184,46.127422334365576],[35.04815048150482,46.1324880661752],[35.044550445504456,46.1426195297945],[35.1489514895149,46.16457103430298],[35.19935199351994,46.18314538427168],[35.228152281522824,46.22198266147899],[35.253352533525344,46.24055701144769],[35.26055260552607,46.25744278414652],[35.29295292952929,46.29290290681408],[35.328953289532905,46.31992014313218],[35.34335343353433,46.33511733856113],[35.3469534695347,46.36044599760939],[35.328953289532905,46.348625956720184],[35.31095310953111,46.33680591583101],[35.29295292952929,46.33680591583101],[35.26775267752677,46.35031453399009],[35.25695256952571,46.37395461576844],[35.26415264152644,46.39928327481667],[35.28575285752859,46.438120552023975],[35.278552785527864,46.44149770656375],[35.26055260552607,46.44149770656375],[35.24975249752498,46.443186283833626],[35.24255242552425,46.4465634383734],[35.23175231752319,46.4550063247228],[35.213752137521396,46.46344921107223],[35.202952029520304,46.47695782923128],[35.19215192151921,46.49384360193011],[35.188551885518876,46.51241795189881],[35.16695166951669,46.49384360193011],[35.17415174151742,46.473580674691505],[35.19215192151921,46.4550063247228],[35.202952029520304,46.43980912929385],[35.20655206552067,46.42798908840467],[35.21015210152103,46.41954620205527],[35.213752137521396,46.411103315705844],[35.21015210152103,46.39590612027692],[35.202952029520304,46.38577465665762],[35.16695166951669,46.36044599760939],[35.10935109351095,46.29796863862373],[35.10575105751059,46.29459148408395],[35.07335073350734,46.2709514023056],[35.03015030150303,46.2523770523369],[34.936549365493676,46.23549127963807],[34.92574925749258,46.23549127963807],[34.91494914949149,46.23886843417782],[34.90774907749079,46.24393416598747],[34.90774907749079,46.2523770523369],[34.90414904149043,46.255754206876645],[34.893348933489335,46.2523770523369],[34.886148861488635,46.242245588717594],[34.886148861488635,46.23211412509829],[34.88254882548827,46.22198266147899],[34.83934839348393,46.20847404331994],[34.835748357483595,46.20340831151029],[34.817748177481775,46.18652253881146],[34.810548105481075,46.17639107519216],[34.810548105481075,46.166259611572855],[34.81414814148141,46.157816725223455],[34.81675444110201,46.1468144895023],[33.24739234202959,48.60176114718358]]]}},{"type":"Feature","properties":{"territory_id":"UA-04","country_code":"UA","country_name":"Ukraine","display_name":"Southern Ukraine and the lower Dnipro","strategic_centre":"Odesa","centre":[30.7326,46.4775],"boundary_status":"pass-1-provisional","admin_source":"Pass 1 strategic partition"},"geometry":{"type":"MultiPolygon","coordinates":[[[[28.006344905871696,48.325624903410684],[33.24739234202959,48.60176114718358],[34.81675444110201,46.1468144895023],[34.817748177481775,46.1426195297945],[34.8249482494825,46.07845359353897],[34.82854828548287,46.06325639811001],[34.83934839348393,46.04805920268109],[34.87534875348754,45.926481639249516],[34.88254882548827,45.912973021090465],[34.8969489694897,45.90115298020129],[34.90414904149043,45.88933293931211],[34.95814958149583,45.78970688038902],[35.001350013500144,45.72891809867323],[34.976149761497624,45.71709805778406],[34.9509495094951,45.72216378959371],[34.918549185491855,45.747492448641964],[34.87174871748718,45.77282110769019],[34.810548105481075,45.78464114857937],[34.78894788947889,45.8032154985481],[34.785347853478555,45.828544157596326],[34.785347853478555,45.899464402931386],[34.76374763747637,45.93154737105917],[34.734947349473515,45.95349887556765],[34.68814688146881,45.97376180280625],[34.641346413464134,45.98051611188578],[34.60174601746019,45.978827534615874],[34.56934569345694,45.977138957346],[34.52974529745299,45.98051611188578],[34.5189451894519,45.9686960709966],[34.50454504545047,45.95012172102787],[34.464944649446494,45.95518745283752],[34.432544325443274,45.97207322553635],[34.41094410944109,45.9872704209653],[34.3929439294393,46.00922192547378],[34.37854378543787,46.02948485271236],[34.36054360543605,46.05650208903049],[34.33534335343353,46.07001070718954],[34.30294302943031,46.07001070718954],[34.274142741427426,46.08351932534862],[34.23454234542345,46.09702794350767],[34.20214202142023,46.100405098047446],[34.16254162541625,46.090273634428144],[34.10494104941051,46.095339366237795],[34.0689406894069,46.1054708298571],[34.02574025740259,46.11560229347637],[33.98973989739898,46.130799488905325],[33.9429394293943,46.15443957068368],[33.89253892538926,46.17639107519216],[33.845738457384584,46.19496542516086],[33.80253802538027,46.20340831151029],[33.75573755737557,46.193276847890985],[33.71613716137162,46.19496542516086],[33.669336693366944,46.21860550693924],[33.662136621366216,46.21016262058981],[33.67293672936731,46.17301392065241],[33.662136621366216,46.14768526160415],[33.62973629736297,46.125733757095674],[33.611736117361176,46.14599668433428],[33.59733597335975,46.15612814795358],[33.57213572135723,46.14937383887403],[33.55053550535507,46.135865220714976],[33.53253532535325,46.122356602555925],[33.53253532535325,46.10715940712697],[33.55773557735577,46.095339366237795],[33.55773557735577,46.08689647988837],[33.53253532535325,46.08520790261849],[33.50733507335073,46.08014217080884],[33.49653496534967,46.068322129919665],[33.51453514535146,46.046370625411186],[33.50733507335073,46.046370625411186],[33.485734857348575,46.05312493449071],[33.42453424534247,46.05312493449071],[33.41373413734138,46.05819066630036],[33.384933849338495,46.08689647988837],[33.35613356133561,46.103782252587195],[33.33093330933309,46.10715940712697],[33.309333093330935,46.08689647988837],[33.30573305733057,46.09196221169802],[33.302133021330235,46.09365078896792],[33.29493294932951,46.09365078896792],[33.29133291332914,46.095339366237795],[33.30573305733057,46.1054708298571],[33.31653316533166,46.11897944801615],[33.31653316533166,46.130799488905325],[33.29493294932951,46.135865220714976],[33.21573215732158,46.127422334365576],[33.22293222932231,46.14093095252463],[33.226532265322675,46.15443957068368],[33.233732337323374,46.223671238748864],[33.21213212132122,46.206785466050064],[33.19413194131943,46.17807965246203],[33.176131761317635,46.152750993413804],[33.143731437314386,46.1426195297945],[33.13653136531366,46.14093095252463],[33.12213122131223,46.135865220714976],[33.11133111331114,46.135865220714976],[33.10413104131041,46.13755379798485],[33.082530825308254,46.14937383887403],[33.024930249302514,46.16963676611263],[33.032130321303214,46.14093095252463],[33.017730177301786,46.127422334365576],[32.91332913329134,46.11560229347637],[32.898928989289914,46.11560229347637],[32.891728917289186,46.117290870746274],[32.88092880928809,46.12066802528602],[32.84492844928451,46.12066802528602],[32.790927909279105,46.1341766434451],[32.765727657276585,46.135865220714976],[32.75132751327513,46.1324880661752],[32.715327153271545,46.12066802528602],[32.589325893258945,46.103782252587195],[32.57852578525785,46.10209367531732],[32.56772567725679,46.09702794350767],[32.54972549725497,46.08351932534862],[32.54252542525427,46.08014217080884],[32.50292502925029,46.07676501626909],[32.30132301323013,46.117290870746274],[32.279722797227976,46.127422334365576],[32.261722617226184,46.127422334365576],[32.261722617226184,46.1324880661752],[32.25812258122582,46.144308107064404],[32.254522545225456,46.14937383887403],[32.25092250922509,46.15612814795358],[32.24732247322473,46.171325343382506],[32.24372243722439,46.17639107519216],[32.261722617226184,46.188211116081334],[32.26532265322655,46.19496542516086],[32.26892268922691,46.20509688878016],[32.24012240122403,46.19496542516086],[32.21492214922151,46.193276847890985],[32.18612186121862,46.19665400243076],[32.14292142921431,46.20847404331994],[32.128521285212855,46.21016262058981],[32.11412114121143,46.215228352399464],[32.078120781207815,46.24899989779712],[32.04932049320493,46.26588567049595],[32.01692016920171,46.25744278414652],[31.970119701197007,46.27601713411525],[31.887318873188747,46.31992014313218],[31.883718837188383,46.308100102243],[31.887318873188747,46.29459148408395],[31.89091890918911,46.28446002046465],[31.883718837188383,46.279394288655],[31.818918189181886,46.2810828659249],[31.800918009180094,46.28446002046465],[31.786517865178666,46.29290290681408],[31.77211772117721,46.30303437043335],[31.768517685176846,46.318231565862305],[31.77931779317794,46.331740184021356],[31.800918009180094,46.34187164764066],[31.81531815318155,46.348625956720184],[31.836918369183707,46.35031453399009],[31.89091890918911,46.34187164764066],[31.96651966519667,46.35031453399009],[31.977319773197735,46.35538026579974],[32.03132031320314,46.389151811197394],[32.04212042120423,46.39084038846727],[32.05652056520566,46.39084038846727],[32.06012060120602,46.39421754300702],[32.052920529205295,46.40603758389622],[32.00612006120062,46.44825201564328],[31.99171991719919,46.45331774745293],[31.95571955719558,46.451629170183054],[31.908919089190903,46.45669490199268],[31.77211772117721,46.495532179199984],[31.74691746917469,46.500597911009635],[31.725317253172534,46.500597911009635],[31.710917109171106,46.495532179199984],[31.69651696516965,46.48371213831081],[31.68931689316895,46.478646406501156],[31.685716857168586,46.470203520151756],[31.685716857168586,46.429677665674575],[31.66411664116643,46.47189209742163],[31.656916569165702,46.478646406501156],[31.642516425164246,46.48202356104093],[31.523715237152373,46.56476384726517],[31.509315093150946,46.58840392904355],[31.541715417154165,46.56982957907482],[31.566915669156685,46.549566651836244],[31.58131581315814,46.54450092002659],[31.757717577175782,46.554632383645895],[31.79011790117903,46.54787807456634],[31.84771847718477,46.522549415518114],[31.851318513185134,46.522549415518114],[31.862118621186227,46.51917226097834],[31.94851948519485,46.51917226097834],[32.0349203492035,46.505663642819286],[32.09252092520927,46.51241795189881],[32.11052110521106,46.51241795189881],[32.22212222122221,46.495532179199984],[32.27612276122761,46.470203520151756],[32.31932319323195,46.465137788342105],[32.362523625236264,46.46682636561198],[32.39852398523985,46.478646406501156],[32.42732427324273,46.49890933373976],[32.40932409324094,46.51748368370846],[32.43452434524346,46.54281234275672],[32.506525065250656,46.5833381972339],[32.52452524525245,46.5934696608532],[32.57132571325715,46.59684681539295],[32.589325893258945,46.603601124472476],[32.60372603726037,46.61542116536165],[32.61812618126183,46.62386405171108],[32.63252632526326,46.63230693806048],[32.64692646926471,46.64919271075931],[32.62172621726219,46.64243840167978],[32.59292592925931,46.62892978352073],[32.56772567725679,46.61879831990143],[32.54252542525427,46.62217547444121],[32.40932409324094,46.568141001804946],[32.337323373233744,46.56138669272542],[32.26892268922691,46.58840392904355],[32.254522545225456,46.60528970174238],[32.24732247322473,46.60697827901225],[32.236522365223664,46.603601124472476],[32.21852218522187,46.590092506313425],[32.211322113221144,46.58840392904355],[32.20052200522005,46.58671535177365],[32.178921789217895,46.581649619964],[32.17172171721717,46.57996104269412],[32.14652146521465,46.55969811545555],[32.13212132121322,46.56982957907482],[32.11772117721179,46.60697827901225],[32.09972099720997,46.61542116536165],[32.03852038520387,46.62386405171108],[32.02412024120241,46.62892978352073],[32.00972009720098,46.639061247140035],[31.99171991719919,46.65763559710874],[31.9809198091981,46.67789852434731],[31.97371973719737,46.69478429704614],[31.970119701197007,46.71335864701487],[31.962919629196307,46.72686726517392],[31.94851948519485,46.742064460602876],[31.94131941319415,46.758950233301704],[31.937719377193787,46.80116466504876],[31.95571955719558,46.83155905590664],[31.9809198091981,46.86026486949464],[32.002520025200255,46.8957249921622],[32.00612006120062,46.91598791940078],[32.00612006120062,46.93118511482973],[31.995319953199527,46.93962800117913],[31.944919449194487,46.946382310258684],[31.934119341193423,46.954825196608084],[31.937719377193787,46.968333814767135],[31.970119701197007,46.99872820562504],[31.977319773197735,47.008859669244345],[31.970119701197007,47.01561397832387],[31.944919449194487,47.01899113286362],[31.901719017190175,47.01392540105397],[31.88011880118802,47.01561397832387],[31.86571865718659,47.02574544194317],[31.894518945189446,47.06795987369023],[31.89811898118981,47.093288532738455],[31.883718837188383,47.11861719178671],[31.869318693186926,47.12706007813611],[31.8549185491855,47.13043723267589],[31.844118441184406,47.133814387215665],[31.836918369183707,47.14901158264459],[31.833318333183342,47.16758593261329],[31.833318333183342,47.1794059735025],[31.82971829718298,47.18616028258202],[31.81531815318155,47.196291746201325],[31.757717577175782,47.2165546734399],[31.74691746917469,47.22837471432908],[31.754117541175418,47.24863764156768],[31.750517505175054,47.25539195064721],[31.743317433174326,47.258769105186985],[31.736117361173626,47.25539195064721],[31.725317253172534,47.236817600678506],[31.72171721717217,47.231751868868855],[31.725317253172534,47.21993182797968],[31.743317433174326,47.209800364360376],[31.761317613176146,47.199668900741074],[31.80451804518046,47.19291459166155],[31.81531815318155,47.18109455077237],[31.81531815318155,47.12199434632646],[31.818918189181886,47.11692861451684],[31.844118441184406,47.11355145997706],[31.851318513185134,47.10848572816741],[31.8549185491855,47.10341999635776],[31.862118621186227,47.10173141908788],[31.87291872918729,47.093288532738455],[31.86571865718659,47.07640276003963],[31.851318513185134,47.0612055646107],[31.844118441184406,47.05445125553118],[31.836918369183707,47.008859669244345],[31.869318693186926,46.99872820562504],[31.912519125191267,47.00379393743469],[31.94851948519485,46.99872820562504],[31.91611916119163,46.97677670111656],[31.90531905319054,46.959890928417735],[31.89811898118981,46.94300515571891],[31.908919089190903,46.92611938302008],[31.926919269192695,46.9227422284803],[31.94851948519485,46.927807960289954],[31.96651966519667,46.93625084663938],[31.97371973719737,46.91598791940078],[31.962919629196307,46.8855935285429],[31.944919449194487,46.86026486949464],[31.92331923319233,46.848444828605466],[31.89811898118981,46.843379096795815],[31.876518765187654,46.82818190136689],[31.86571865718659,46.80623039685841],[31.86571865718659,46.77921316054028],[31.901719017190175,46.745441615142624],[31.90531905319054,46.7386873060631],[31.89811898118981,46.69478429704614],[31.901719017190175,46.67620994707744],[31.908919089190903,46.66945563799791],[31.908919089190903,46.66270132891839],[31.89811898118981,46.64919271075931],[31.89091890918911,46.64412697894966],[31.869318693186926,46.63230693806048],[31.858518585185863,46.62892978352073],[31.81531815318155,46.62386405171108],[31.77211772117721,46.62724120625083],[31.674916749167494,46.652569865299085],[31.61371613716139,46.64919271075931],[31.59571595715957,46.64243840167978],[31.58851588515887,46.62892978352073],[31.577715777157778,46.617109742631555],[31.55611556115562,46.61542116536165],[31.548915489154894,46.61879831990143],[31.534515345153466,46.62724120625083],[31.523715237152373,46.62892978352073],[31.50571505715058,46.62724120625083],[31.491314913149125,46.62892978352073],[31.484114841148426,46.63230693806048],[31.48051480514806,46.64581555621956],[31.491314913149125,46.66270132891839],[31.54531545315453,46.72686726517392],[31.559715597155986,46.7488187696824],[31.559715597155986,46.758950233301704],[31.57051570515705,46.76570454238123],[31.617316173161726,46.812984705937936],[31.606516065160662,46.82649332409699],[31.599315993159934,46.81973901501746],[31.592115921159206,46.80623039685841],[31.584915849158506,46.794410355969234],[31.577715777157778,46.78934462415958],[31.55611556115562,46.78427889234993],[31.548915489154894,46.77921316054028],[31.541715417154165,46.77414742873063],[31.523715237152373,46.75388450149205],[31.523715237152373,46.750507346952276],[31.52011520115201,46.74713019241253],[31.509315093150946,46.745441615142624],[31.49491494914949,46.750507346952276],[31.48051480514806,46.758950233301704],[31.466114661146605,46.78427889234993],[31.45531455314554,46.79609893323911],[31.440914409144085,46.80116466504876],[31.451714517145177,46.77583600600053],[31.45531455314554,46.76908169692098],[31.45531455314554,46.75388450149205],[31.46251462514627,46.7488187696824],[31.46971469714697,46.745441615142624],[31.502115021150217,46.7285558424438],[31.50571505715058,46.7201129560944],[31.498514985149853,46.70829291520522],[31.48051480514806,46.688029987966615],[31.476914769147697,46.682964256156964],[31.46251462514627,46.674521369807564],[31.43011430114302,46.63737266987013],[31.415714157141565,46.62892978352073],[31.397713977139773,46.625552628980955],[31.350913509135097,46.60866685628213],[31.33651336513367,46.6019125472026],[31.322113221132213,46.60697827901225],[31.296912969129693,46.60866685628213],[31.282512825128265,46.61542116536165],[31.275312753127537,46.60697827901225],[31.257312573125745,46.617109742631555],[31.18531185311855,46.62892978352073],[31.16011160111603,46.62892978352073],[31.10971109711099,46.617109742631555],[31.055710557105584,46.612044010821904],[31.012510125101272,46.603601124472476],[30.990909909099088,46.6019125472026],[30.983709837098388,46.59684681539295],[30.958509585095868,46.5833381972339],[30.95130951309514,46.5833381972339],[30.940509405094048,46.58840392904355],[30.92610926109262,46.585026774503774],[30.86850868508685,46.55632096091577],[30.854108541085424,46.55294380637599],[30.81090810908111,46.55969811545555],[30.803708037080384,46.55969811545555],[30.789307893078927,46.55294380637599],[30.76050760507607,46.52423799278799],[30.753307533075343,46.51579510643859],[30.756907569075707,46.50228648827951],[30.7749077490775,46.47695782923128],[30.782107821078228,46.45669490199268],[30.78570785707859,46.45669490199268],[30.79290792907929,46.451629170183054],[30.796507965079655,46.4465634383734],[30.79290792907929,46.443186283833626],[30.789307893078927,46.44149770656375],[30.78570785707859,46.4364319747541],[30.782107821078228,46.43136624294445],[30.7749077490775,46.40097185208657],[30.771307713077135,46.39590612027692],[30.731707317073187,46.35875742033949],[30.713707137071367,46.348625956720184],[30.65970659706599,46.35031453399009],[30.652506525065263,46.345248802180436],[30.656106561065627,46.33849449310091],[30.677706777067783,46.32836302948161],[30.68490684906851,46.31992014313218],[30.688506885068847,46.309788679512906],[30.681306813068147,46.2996572158936],[30.652506525065263,46.25913136141642],[30.58410584105843,46.18989969335124],[30.562505625056247,46.1611938797632],[30.54810548105482,46.14768526160415],[30.53370533705339,46.1426195297945],[30.5229052290523,46.1341766434451],[30.504905049050507,46.09365078896792],[30.494104941049414,46.08014217080884],[30.371703717037178,45.997401884584605],[30.260102601026006,45.89608724839164],[30.20610206102063,45.855561393914456],[30.13770137701377,45.8201012712469],[30.141301413014133,45.83360988940598],[30.134101341013405,45.88933293931211],[30.126901269012706,45.891021516581986],[30.119701197011977,45.88426720750246],[30.108901089010885,45.87582432115303],[30.10530105301055,45.864004280263856],[30.101701017010186,45.836987043945726],[30.101701017010186,45.8302327348662],[30.09810098100982,45.823478425786675],[30.09810098100982,45.818412693977024],[30.094500945009457,45.815035539437275],[30.08730087300873,45.81334696216737],[30.083700837008365,45.815035539437275],[30.08010080100803,45.8201012712469],[30.0729007290073,45.8217898485168],[30.069300693006937,45.81672411670715],[30.06210062100621,45.81334696216737],[30.015300153001533,45.8403641984855],[29.990099900999013,45.84711850756503],[29.968499684996857,45.83867562121563],[29.96129961299613,45.818412693977024],[29.957699576995765,45.79477261219867],[29.95409954099543,45.77113253042032],[29.943299432994337,45.782952571309494],[29.932499324993245,45.793084034928796],[29.932499324993245,45.79983834400832],[29.939699396993973,45.809969807627624],[29.93609936099361,45.81672411670715],[29.925299252992545,45.81334696216737],[29.918099180991817,45.79983834400832],[29.918099180991817,45.782952571309494],[29.92169921699218,45.76944395315044],[29.92889928899291,45.75931248953114],[29.939699396993973,45.75086960318171],[29.932499324993245,45.72385236686361],[29.92889928899291,45.733983830482885],[29.918099180991817,45.74073813956244],[29.89649896498966,45.75086960318171],[29.89649896498966,45.76437822134079],[29.889298892988933,45.76437822134079],[29.882098820988205,45.76268964407089],[29.87849878498787,45.757623912261266],[29.87849878498787,45.75424675772149],[29.874898748987505,45.75086960318171],[29.849698496984985,45.75086960318171],[29.824498244982465,45.747492448641964],[29.80289802898031,45.73736098502266],[29.79569795697958,45.71709805778406],[29.80289802898031,45.703589439625006],[29.817298172981737,45.698523707815355],[29.842498424984257,45.690080821465955],[29.856898568985685,45.67994935784665],[29.864098640986413,45.671506471497224],[29.86049860498605,45.668129316957476],[29.842498424984257,45.663063585147825],[29.82809828098283,45.6546206987984],[29.81009810098101,45.64786638971887],[29.788497884978852,45.6546206987984],[29.78489784897849,45.649554966988774],[29.78489784897849,45.64280065790922],[29.788497884978852,45.636046348829694],[29.774097740977425,45.62929203975017],[29.74529745297454,45.62253773067064],[29.734497344973448,45.614094844321215],[29.734497344973448,45.641112080639346],[29.723697236972384,45.668129316957476],[29.705697056970564,45.68839224419605],[29.684096840968408,45.69683513054548],[29.684096840968408,45.703589439625006],[29.680496804968044,45.75086960318171],[29.684096840968408,45.76775537588054],[29.691296912969136,45.774509684960066],[29.6948969489695,45.78126399403962],[29.684096840968408,45.793084034928796],[29.680496804968044,45.79814976673845],[29.67689676896771,45.79983834400832],[29.673296732967344,45.801526921278196],[29.65169651696519,45.81334696216737],[29.648096480964824,45.818412693977024],[29.64449644496446,45.82685558032645],[29.637296372963732,45.82685558032645],[29.633696336963368,45.8217898485168],[29.630096300963004,45.81334696216737],[29.633696336963368,45.80659265308785],[29.648096480964824,45.793084034928796],[29.65169651696519,45.78970688038902],[29.648096480964824,45.78126399403962],[29.630096300963004,45.76268964407089],[29.622896228962304,45.75086960318171],[29.622896228962304,45.73567240775279],[29.626496264962668,45.72891809867323],[29.630096300963004,45.72216378959371],[29.637296372963732,45.71034374870453],[29.604896048960484,45.69176939873583],[29.597695976959784,45.65293212152852],[29.597695976959784,45.60396338070191],[29.590495904959056,45.55837179441508],[29.615696156961576,45.54992890806568],[29.630096300963004,45.546551753525904],[29.648096480964824,45.54486317625603],[29.666096660966616,45.54824033079581],[29.680496804968044,45.55499463987533],[29.705697056970564,45.573568989844034],[29.6948969489695,45.56174894895486],[29.662496624966252,45.52628882628733],[29.648096480964824,45.5178459399379],[29.637296372963732,45.51446878539815],[29.630096300963004,45.50433732177885],[29.626496264962668,45.49589443542942],[29.61929619296194,45.4908287036198],[29.604896048960484,45.48745154908002],[29.604896048960484,45.47900866273062],[29.622896228962304,45.453680003682365],[29.630096300963004,45.44692569460284],[29.640896408964096,45.44185996279319],[29.65169651696519,45.44354854006306],[29.655296552965524,45.45199142641249],[29.655296552965524,45.47394293092097],[29.673296732967344,45.47732008546072],[29.673296732967344,45.453680003682365],[29.67689676896771,45.45030284914259],[29.680496804968044,45.45030284914259],[29.687696876968772,45.453680003682365],[29.684096840968408,45.45705715822214],[29.6948969489695,45.45536858095224],[29.70209702097023,45.45705715822214],[29.709297092970928,45.45199142641249],[29.712897128971292,45.43679423098354],[29.72009720097202,45.45199142641249],[29.723697236972384,45.46887719911132],[29.730897308973084,45.475631508190844],[29.748897488974904,45.46381146730167],[29.756097560975604,45.44692569460284],[29.756097560975604,45.42835134463414],[29.748897488974904,45.41484272647506],[29.72729727297275,45.41484272647506],[29.741697416974176,45.404711262855756],[29.748897488974904,45.38613691288705],[29.75249752497527,45.364185408378574],[29.756097560975604,45.32197097663152],[29.756097560975604,45.31352809028209],[29.75249752497527,45.30339662666282],[29.741697416974176,45.28988800850374],[29.741697416974176,45.28144512215434],[29.730897308973084,45.257805040375985],[29.72729727297275,45.24767357675668],[29.72729727297275,45.239230690407254],[29.730897308973084,45.23754211313738],[29.72729727297275,45.23754211313738],[29.709297092970928,45.22403349497833],[29.691296912969136,45.217279185898775],[29.673296732967344,45.21390203135903],[29.658896588965888,45.2155906086289],[29.662496624966252,45.222344917708426],[29.666096660966616,45.230787804057854],[29.666096660966616,45.23754211313738],[29.658896588965888,45.244296422216905],[29.673296732967344,45.27300223580491],[29.666096660966616,45.31183951301222],[29.65169651696519,45.34561105840987],[29.626496264962668,45.360808253838826],[29.615696156961576,45.36587398564848],[29.5688956889569,45.39457979923648],[29.432094320943207,45.43003992190401],[29.352893528935283,45.43510565371366],[29.345693456934583,45.43848280825341],[29.331293312933127,45.44185996279319],[29.320493204932063,45.44354854006306],[29.313293132931335,45.440171385523314],[29.306093060930607,45.43341707644376],[29.298892988929907,45.42835134463414],[29.29169291692918,45.42497419009436],[29.280892808928087,45.42159703555458],[29.25929259292593,45.42159703555458],[29.244892448924503,45.42497419009436],[29.226892268922683,45.423285612824486],[29.205292052920527,45.41484272647506],[29.1908919089191,45.40639984012566],[29.18369183691837,45.39964553104613],[29.180091800918007,45.391202644696705],[29.172891728917307,45.38951406742683],[29.151291512915122,45.38782549015693],[29.14049140491406,45.38444833561718],[29.126091260912602,45.37431687199788],[29.111691116911175,45.369251140188226],[29.068490684906862,45.360808253838826],[29.018090180901822,45.33041386298092],[29.003690036900366,45.32534813117127],[28.98208982089821,45.32534813117127],[28.97488974889751,45.32365955390139],[28.967689676896782,45.320282399361645],[28.960489604896054,45.31183951301222],[28.95688956889569,45.29157658577364],[28.953289532895326,45.284822276694086],[28.93168931689317,45.279756544884435],[28.910089100891014,45.28819943123386],[28.892088920889222,45.30001947212304],[28.88128881288813,45.306773781202565],[28.859688596885974,45.30846235847247],[28.83088830888309,45.32197097663152],[28.81648816488166,45.32534813117127],[28.79128791287914,45.32197097663152],[28.787687876878778,45.306773781202565],[28.79128791287914,45.29157658577364],[28.762487624876258,45.28144512215434],[28.758887588875893,45.27469081307481],[28.762487624876258,45.26455934945551],[28.76608766087662,45.257805040375985],[28.77328773287735,45.25273930856633],[28.802088020880205,45.244296422216905],[28.79128791287914,45.2341649585976],[28.776887768877685,45.230787804057854],[28.74808748087483,45.230787804057854],[28.708487084870853,45.22741064951808],[28.575285752857525,45.24767357675668],[28.492484924849265,45.27806796761456],[28.406084060840612,45.29495374031339],[28.37008370083703,45.30846235847247],[28.352083520835208,45.31183951301222],[28.330483304833052,45.32365955390139],[28.31248312483126,45.34729963567975],[28.280082800828012,45.40133410831601],[28.28728287282874,45.42159703555458],[28.265682656826584,45.440171385523314],[28.2368823688237,45.45199142641249],[28.215282152821544,45.45030284914259],[28.21168211682118,45.45030284914259],[28.200882008820088,45.46212289003179],[28.200882008820088,45.46887719911132],[28.208082080820816,45.480697240000495],[28.218882188821908,45.49251728088967],[28.26928269282695,45.521223094477676],[28.341283412834144,45.5178459399379],[28.416884168841705,45.50433732177885],[28.481684816848173,45.502648744508974],[28.50328503285033,45.5094030535885],[28.506885068850693,45.521223094477676],[28.499684996849965,45.55499463987533],[28.499684996849965,45.55837179441508],[28.50328503285033,45.56681468076451],[28.510485104851057,45.570191835304286],[28.535685356853577,45.58032329892356],[28.524885248852485,45.59383191708264],[28.517685176851785,45.60734053524169],[28.517685176851785,45.62084915340074],[28.510485104851057,45.63435777155982],[28.499684996849965,45.64448923517912],[28.481684816848173,45.65124354425865],[28.474484744847445,45.65799785333817],[28.481684816848173,45.66981789422735],[28.50328503285033,45.6934579760057],[28.51408514085142,45.70190086235513],[28.532085320853213,45.71034374870453],[28.560885608856097,45.71709805778406],[28.568085680856825,45.72385236686361],[28.56448564485646,45.73567240775279],[28.560885608856097,45.74242671683231],[28.575285752857525,45.76268964407089],[28.643686436864385,45.766066798610666],[28.668886688866905,45.77788683949984],[28.67248672486727,45.78632972584927],[28.67248672486727,45.796461189468545],[28.668886688866905,45.80659265308785],[28.668886688866905,45.8116583848975],[28.676086760867605,45.81672411670715],[28.70488704887049,45.8217898485168],[28.726487264872645,45.828544157596326],[28.737287372873737,45.836987043945726],[28.744487444874466,45.850495662104805],[28.74808748087483,45.87075858934338],[28.7408874088741,45.88764436204221],[28.73008730087301,45.921415907439865],[28.73008730087301,45.93830168013869],[28.7408874088741,45.95349887556765],[28.758887588875893,45.961941761917046],[28.93168931689317,45.99233615277495],[28.95688956889569,46.00077903912435],[28.960489604896054,46.02104196636296],[28.942489424894262,46.064944975379916],[28.938889388893898,46.08858505715827],[28.946089460894626,46.1054708298571],[28.98208982089821,46.1324880661752],[29.003690036900366,46.15950530249333],[29.01449014490146,46.18314538427168],[29.010890108901094,46.20509688878016],[28.985689856898574,46.22198266147899],[28.94968949689499,46.242245588717594],[28.94968949689499,46.24393416598747],[28.935289352893534,46.25913136141642],[28.93168931689317,46.27263997957547],[28.938889388893898,46.28783717500443],[28.946089460894626,46.304722947703254],[28.946089460894626,46.31992014313218],[28.928089280892806,46.367200306688915],[28.920889208892106,46.40434900662632],[28.92448924489247,46.43305482021432],[28.946089460894626,46.4550063247228],[29.021690216902186,46.48877787012046],[29.05769057690577,46.49890933373976],[29.07569075690759,46.50397506554941],[29.162091620916215,46.53774661094707],[29.18369183691837,46.53774661094707],[29.201692016920163,46.52423799278799],[29.205292052920527,46.50228648827951],[29.20889208892089,46.4178576247854],[29.205292052920527,46.40603758389622],[29.198091980919827,46.39590612027692],[29.1908919089191,46.38746323392749],[29.18369183691837,46.37733177030819],[29.18369183691837,46.367200306688915],[29.201692016920163,46.35706884306961],[29.223292232922347,46.367200306688915],[29.25929259292593,46.39421754300702],[29.270092700927023,46.39759469754679],[29.277292772927723,46.39590612027692],[29.28449284492845,46.39759469754679],[29.29169291692918,46.40941473843597],[29.29169291692918,46.41954620205527],[29.28449284492845,46.43980912929385],[29.288092880928815,46.451629170183054],[29.306093060930607,46.47189209742163],[29.320493204932063,46.46851494288188],[29.345693456934583,46.434743397484226],[29.363693636936375,46.416169047515496],[29.374493744937467,46.416169047515496],[29.41769417694178,46.46176063380233],[29.43569435694357,46.47695782923128],[29.457294572945727,46.48371213831081],[29.457294572945727,46.48540071558068],[29.482494824948247,46.48202356104093],[29.48609486094861,46.47526925196141],[29.489694896948976,46.470203520151756],[29.48609486094861,46.46176063380233],[29.482494824948247,46.4550063247228],[29.475294752947548,46.44825201564328],[29.471694716947184,46.43980912929385],[29.475294752947548,46.43305482021432],[29.482494824948247,46.424611933864924],[29.496894968949704,46.42123477932515],[29.525695256952588,46.416169047515496],[29.540095400954016,46.41279189297575],[29.554495544955444,46.40434900662632],[29.5688956889569,46.38239750211784],[29.583295832958328,46.36888888395879],[29.597695976959784,46.36382315214914],[29.615696156961576,46.36213457487926],[29.633696336963368,46.36551172941901],[29.64449644496446,46.375643193038314],[29.65169651696519,46.39252896573714],[29.648096480964824,46.416169047515496],[29.655296552965524,46.42292335659505],[29.684096840968408,46.42292335659505],[29.70209702097023,46.42798908840467],[29.712897128971292,46.443186283833626],[29.712897128971292,46.47189209742163],[29.72729727297275,46.4550063247228],[29.781297812978124,46.42123477932515],[29.799297992979945,46.39759469754679],[29.806498064980644,46.389151811197394],[29.806498064980644,46.35538026579974],[29.82809828098283,46.340183070370784],[29.84609846098462,46.34187164764066],[29.88569885698857,46.36382315214914],[29.90369903699039,46.37057746122866],[29.918099180991817,46.37395461576844],[30.03690036900369,46.36888888395879],[30.08010080100803,46.37395461576844],[30.108901089010885,46.39252896573714],[30.13050130501307,46.42292335659505],[30.119701197011977,46.42798908840467],[30.101701017010186,46.43136624294445],[30.08730087300873,46.429677665674575],[30.076500765007665,46.42292335659505],[30.058500585005845,46.4364319747541],[30.015300153001533,46.46176063380233],[30.02250022500226,46.470203520151756],[30.008100081000805,46.48877787012046],[30.00450004500047,46.49384360193011],[29.993699936999377,46.49890933373976],[29.990099900999013,46.49890933373976],[29.975699756997585,46.49384360193011],[29.97209972099722,46.492155024660235],[29.968499684996857,46.49384360193011],[29.96129961299613,46.50397506554941],[29.96129961299613,46.505663642819286],[29.914499144991453,46.51917226097834],[29.90369903699039,46.53099230186754],[29.900099000990025,46.55294380637599],[29.914499144991453,46.554632383645895],[29.939699396993973,46.558009538185644],[29.950499504995065,46.57827246542425],[29.9468994689947,46.58840392904355],[29.93609936099361,46.60866685628213],[29.932499324993245,46.61879831990143],[29.932499324993245,46.63230693806048],[29.93609936099361,46.64243840167978],[29.939699396993973,46.65088128802921],[29.943299432994337,46.66270132891839],[29.95409954099543,46.72517868790405],[29.950499504995065,46.74375303787275],[29.9468994689947,46.750507346952276],[29.93609936099361,46.76570454238123],[29.932499324993245,46.772458851460755],[29.92889928899291,46.780901737810154],[29.92889928899291,46.80960755139819],[29.918099180991817,46.81467328320781],[29.907299072990725,46.81129612866806],[29.900099000990025,46.80623039685841],[29.889298892988933,46.807918974128285],[29.88569885698857,46.812984705937936],[29.87849878498787,46.83155905590664],[29.87129871298714,46.83831336498619],[29.842498424984257,46.85351056041512],[29.813698136981372,46.856887714954894],[29.78489784897849,46.85519913768502],[29.75249752497527,46.85857629222477],[29.734497344973448,46.867019178574196],[29.712897128971292,46.8940364148923],[29.6948969489695,46.9041678785116],[29.680496804968044,46.90923361032125],[29.648096480964824,46.910922187591126],[29.630096300963004,46.9142993421309],[29.622896228962304,46.919365073940554],[29.608496084960848,46.93118511482973],[29.597695976959784,46.93456226936948],[29.5688956889569,46.93456226936948],[29.558095580955808,46.946382310258684],[29.558095580955808,46.95820235114786],[29.56169561695617,46.96157950568761],[29.565295652956536,46.97508812384669],[29.572495724957264,47.01223682378409],[29.583295832958328,47.022368287403395],[29.59409594095942,47.0324997510227],[29.601296012960148,47.04600836918175],[29.601296012960148,47.0612055646107],[29.59409594095942,47.07471418276975],[29.583295832958328,47.084845646389056],[29.5688956889569,47.09159995546858],[29.550895508955108,47.08991137819871],[29.540095400954016,47.07809133730953],[29.529295292952924,47.066271296420354],[29.51849518495186,47.0595169873408],[29.51129511295113,47.066271296420354],[29.482494824948247,47.10510857362763],[29.478894788947883,47.10848572816741],[29.478894788947883,47.115240037246934],[29.482494824948247,47.11692861451684],[29.507695076950768,47.11861719178671],[29.529295292952924,47.12368292359636],[29.54369543695438,47.13550296448554],[29.550895508955108,47.16083162353377],[29.540095400954016,47.213177518900125],[29.54369543695438,47.23344044613873],[29.5688956889569,47.24357190975803],[29.579695796957964,47.26045768245686],[29.579695796957964,47.28409776423521],[29.5688956889569,47.30604926874369],[29.558095580955808,47.324623618712394],[29.540095400954016,47.3347550823317],[29.522095220952224,47.338132236871445],[29.500495004950068,47.33982081414135],[29.482494824948247,47.338132236871445],[29.471694716947184,47.32293504144252],[29.464494644946456,47.307737846013566],[29.46089460894609,47.294229227854515],[29.4428944289443,47.28240918696534],[29.424894248942508,47.27903203242556],[29.41049410494105,47.27903203242556],[29.396093960939623,47.28409776423521],[29.381693816938167,47.29254065058461],[29.370893708937103,47.30436069147382],[29.36729367293674,47.307737846013566],[29.363693636936375,47.32293504144252],[29.363693636936375,47.33644365960157],[29.36009360093601,47.3533294323004],[29.345693456934583,47.365149473189575],[29.331293312933127,47.370215204999226],[29.313293132931335,47.3719037822691],[29.302493024930243,47.378658091348655],[29.29169291692918,47.38878955496793],[29.288092880928815,47.400609595857105],[29.280892808928087,47.41074105947641],[29.252092520925203,47.42593825490536],[29.23409234092341,47.44620118214394],[29.219692196921983,47.45126691395359],[29.201692016920163,47.44620118214394],[29.1908919089191,47.436069718524664],[29.18369183691837,47.42931540944511],[29.162091620916215,47.43944687306441],[29.154891548915487,47.449578336683714],[29.14049140491406,47.47997272754159],[29.136891368913695,47.48334988208137],[29.129691296912966,47.49348134570067],[29.118891188911903,47.534007200177854],[29.129691296912966,47.55933585922608],[29.154891548915487,47.58297594100446],[29.18369183691837,47.61337033186234],[29.1908919089191,47.650519031799746],[29.1908919089191,47.685979154467304],[29.198091980919827,47.71806212259506],[29.226892268922683,47.74339078164331],[29.237692376923775,47.75521082253249],[29.23409234092341,47.76703086342167],[29.223292232922347,47.775473749771066],[29.187291872918735,47.783916636120495],[29.176491764917643,47.788982367930146],[29.176491764917643,47.80080240881932],[29.187291872918735,47.81768818151815],[29.198091980919827,47.82950822240733],[29.21609216092162,47.84301684056638],[29.23409234092341,47.85652545872546],[29.237692376923775,47.87003407688451],[29.226892268922683,47.87509980869416],[29.187291872918735,47.88354269504356],[29.172891728917307,47.89029700412311],[29.16569165691658,47.90549419955204],[29.154891548915487,47.939265744949694],[29.147691476914787,47.95615151764852],[29.136891368913695,47.9679715585377],[29.122491224912267,47.976414444887126],[29.111691116911175,47.979791599426875],[29.093690936909383,47.979791599426875],[29.061290612906134,47.9696601358076],[29.018090180901822,47.930822858600294],[28.98208982089821,47.92575712679064],[28.94968949689499,47.93420001314004],[28.935289352893534,47.94264289948947],[28.913689136891378,47.95277436310877],[28.88128881288813,47.976414444887126],[28.863288632886338,48.00005452666548],[28.85608856088561,48.00849741301488],[28.838088380883818,48.01862887663418],[28.83088830888309,48.02538318571371],[28.83088830888309,48.03044891752336],[28.827288272882726,48.05746615384149],[28.812888128881298,48.082794812889716],[28.809288092880934,48.08954912196927],[28.809288092880934,48.096303431048796],[28.80568805688057,48.10305774012832],[28.79848798487987,48.11150062647772],[28.769687696876986,48.1250092446368],[28.733687336873373,48.12838639917655],[28.66528665286654,48.13007497644645],[28.575285752857525,48.15540363549468],[28.542885428854305,48.15540363549468],[28.517685176851785,48.14864932641515],[28.499684996849965,48.11318920374762],[28.499684996849965,48.10812347193797],[28.492484924849265,48.091237699239144],[28.492484924849265,48.07435192654032],[28.4888848888489,48.06590904019089],[28.47808478084781,48.064220462921014],[28.460084600846017,48.07435192654032],[28.44568445684459,48.082794812889716],[28.42048420484207,48.12163209009702],[28.434884348843497,48.1351407082561],[28.43848438484386,48.15033790368503],[28.42768427684277,48.16384652184411],[28.41328413284134,48.17060083092363],[28.38808388083882,48.16891225365376],[28.37728377283773,48.15709221276455],[28.366483664836665,48.14189501733563],[28.348483484834844,48.13007497644645],[28.326883268832688,48.126697821906674],[28.316083160831624,48.1351407082561],[28.316083160831624,48.14864932641515],[28.323283232832324,48.16384652184411],[28.33768337683378,48.175666562733284],[28.352083520835208,48.18242087181281],[28.3628836288363,48.19086375816221],[28.37008370083703,48.211126685400814],[28.366483664836665,48.23138961263942],[28.359283592835936,48.238143921718944],[28.341283412834144,48.23983249898882],[28.29448294482947,48.23645534444904],[28.276482764827648,48.229701035369516],[28.26208262082622,48.21956957175021],[28.240482404824064,48.211126685400814],[28.215282152821544,48.20774953086104],[28.200882008820088,48.211126685400814],[28.190081900819024,48.22294672628999],[28.18648186481866,48.243209653528595],[28.17928179281793,48.25840684895752],[28.16128161281614,48.256718271687646],[28.132481324813256,48.23983249898882],[28.114481144811464,48.23645534444904],[28.092880928809308,48.238143921718944],[28.07848078480785,48.24489823079847],[28.100081000810007,48.283735508005776],[28.092880928809308,48.30230985797448],[28.074880748807487,48.314129898863655],[28.056880568805695,48.32088420794318],[28.006344905871696,48.325624903410684]]],[[[29.730897308973084,45.592143339812736],[29.781297812978124,45.61071768978147],[29.80289802898031,45.62253773067064],[29.81009810098101,45.63098061702004],[29.813698136981372,45.641112080639346],[29.82809828098283,45.64448923517912],[29.842498424984257,45.646177812449],[29.856898568985685,45.649554966988774],[29.87129871298714,45.65799785333817],[29.900099000990025,45.67994935784665],[29.918099180991817,45.690080821465955],[30.076500765007665,45.793084034928796],[30.126901269012706,45.8116583848975],[29.907299072990725,45.66644073968757],[29.806498064980644,45.614094844321215],[29.730897308973084,45.592143339812736]]],[[[31.50571505715058,46.35538026579974],[31.50571505715058,46.37395461576844],[31.523715237152373,46.36888888395879],[31.53811538115383,46.32667445221173],[31.55611556115562,46.296280061353826],[31.577715777157778,46.27601713411525],[31.617316173161726,46.25913136141642],[31.94131941319415,46.20509688878016],[32.07092070920709,46.18314538427168],[32.153721537215375,46.15612814795358],[32.16452164521647,46.14937383887403],[32.14292142921431,46.152750993413804],[32.103321033210335,46.166259611572855],[31.736117361173626,46.220294084209115],[31.58131581315814,46.26250851595617],[31.548915489154894,46.282771443194775],[31.523715237152373,46.313165834052654],[31.51291512915131,46.33005160675148],[31.50571505715058,46.35538026579974]]],[[[32.61812618126183,46.059879243570265],[32.62532625326253,46.06663355264979],[32.63252632526326,46.06663355264979],[32.639726397263985,46.059879243570265],[32.78372783727838,46.046370625411186],[32.85212852128521,46.05650208903049],[32.88092880928809,46.054813511760614],[32.91332913329134,46.03961631633166],[32.956529565295654,46.05143635722084],[32.97812978129781,46.05312493449071],[32.9889298892989,46.04299347087144],[32.999729997299994,46.03455058452201],[33.04653046530467,46.037927739061786],[33.057330573305734,46.02441912090271],[33.03933039330394,46.01259908001353],[32.61812618126183,46.059879243570265]]]]}},{"type":"Feature","properties":{"territory_id":"UA-05","country_code":"UA","country_name":"Ukraine","display_name":"Crimea","strategic_centre":"Simferopol","centre":[34.1,44.9484],"boundary_status":"pass-1-provisional","admin_source":"Pass 1 strategic partition"},"geometry":{"type":"Polygon","coordinates":[[[33.62973629736297,46.125733757095674],[33.662136621366216,46.14768526160415],[33.67293672936731,46.17301392065241],[33.662136621366216,46.21016262058981],[33.669336693366944,46.21860550693924],[33.71613716137162,46.19496542516086],[33.75573755737557,46.193276847890985],[33.80253802538027,46.20340831151029],[33.845738457384584,46.19496542516086],[33.89253892538926,46.17639107519216],[33.9429394293943,46.15443957068368],[33.98973989739898,46.130799488905325],[34.02574025740259,46.11560229347637],[34.0689406894069,46.1054708298571],[34.10494104941051,46.095339366237795],[34.16254162541625,46.090273634428144],[34.20214202142023,46.100405098047446],[34.23454234542345,46.09702794350767],[34.274142741427426,46.08351932534862],[34.30294302943031,46.07001070718954],[34.33534335343353,46.07001070718954],[34.36054360543605,46.05650208903049],[34.37854378543787,46.02948485271236],[34.3929439294393,46.00922192547378],[34.41094410944109,45.9872704209653],[34.432544325443274,45.97207322553635],[34.464944649446494,45.95518745283752],[34.50454504545047,45.95012172102787],[34.5189451894519,45.9686960709966],[34.52974529745299,45.98051611188578],[34.56934569345694,45.977138957346],[34.60174601746019,45.978827534615874],[34.641346413464134,45.98051611188578],[34.68814688146881,45.97376180280625],[34.734947349473515,45.95349887556765],[34.76374763747637,45.93154737105917],[34.785347853478555,45.899464402931386],[34.785347853478555,45.86907001207351],[34.785347853478555,45.828544157596326],[34.78894788947889,45.8032154985481],[34.810548105481075,45.78464114857937],[34.87174871748718,45.77282110769019],[34.918549185491855,45.747492448641964],[34.9509495094951,45.72216378959371],[34.976149761497624,45.71709805778406],[35.001350013500144,45.72891809867323],[35.044550445504456,45.66981789422735],[35.33255332553327,45.37093971745813],[35.480154801548025,45.298330894853166],[35.51615516155164,45.29495374031339],[35.69615696156961,45.33041386298092],[35.71775717757177,45.34054532660022],[35.74295742957429,45.360808253838826],[35.746557465574654,45.37093971745813],[35.75015750157502,45.37938260380753],[35.75375753757538,45.38613691288705],[35.76815768157681,45.38951406742683],[35.771757717577174,45.39289122196658],[35.789757897578994,45.40808841739553],[35.79335793357933,45.41146557193531],[35.79335793357933,45.43003992190401],[35.80415804158042,45.448614271872714],[35.81855818558185,45.46381146730167],[35.832958329583306,45.47056577638119],[35.858158581585826,45.46887719911132],[35.86175861758619,45.458745735492016],[35.8509585095851,45.44354854006306],[35.847358473584734,45.426662767364235],[35.85455854558546,45.41484272647506],[35.872558725587254,45.404711262855756],[35.948159481594814,45.372628294728],[35.98775987759879,45.3624968311087],[36.023760237602374,45.36756256291835],[36.05256052560526,45.39457979923648],[36.066960669606715,45.42497419009436],[36.07056070560705,45.43003992190401],[36.09576095760957,45.44185996279319],[36.117361173611755,45.45705715822214],[36.13896138961391,45.46212289003179],[36.25416254162542,45.46212289003179],[36.268562685626875,45.467188621841416],[36.2829628296283,45.47732008546072],[36.300963009630095,45.47394293092097],[36.30816308163082,45.46043431276189],[36.29736297362973,45.44354854006306],[36.31176311763119,45.44354854006306],[36.32256322563225,45.448614271872714],[36.32976329763298,45.453680003682365],[36.34056340563407,45.45705715822214],[36.35856358563586,45.453680003682365],[36.39096390963911,45.440171385523314],[36.41256412564127,45.43679423098354],[36.470164701647036,45.445237117332965],[36.49176491764919,45.44354854006306],[36.51696516965171,45.41990845828471],[36.53136531365314,45.40808841739553],[36.54936549365493,45.41146557193531],[36.56736567365675,45.42497419009436],[36.58176581765818,45.426662767364235],[36.59976599765997,45.42159703555458],[36.61416614166143,45.40808841739553],[36.63216632166322,45.37431687199788],[36.63936639366395,45.350676790219524],[36.63216632166322,45.34054532660022],[36.59976599765997,45.333791017520696],[36.585365853658544,45.333791017520696],[36.57456574565745,45.33547959479057],[36.545765457654596,45.34729963567975],[36.520565205652076,45.350676790219524],[36.502565025650256,45.34729963567975],[36.48816488164883,45.33716817206047],[36.484564845648464,45.31690524482187],[36.48816488164883,45.31015093574234],[36.495364953649556,45.30508520393269],[36.49896498964989,45.30001947212304],[36.49176491764919,45.29157658577364],[36.4809648096481,45.28819943123386],[36.459364593645944,45.28819943123386],[36.452164521645216,45.284822276694086],[36.43776437764379,45.271313658535036],[36.426964269642696,45.25105073129643],[36.419764197641996,45.22909922678798],[36.408964089640904,45.17168759961194],[36.408964089640904,45.14973609510349],[36.41616416164163,45.12778459059501],[36.44136441364415,45.105833086086534],[36.45576455764558,45.09232446792748],[36.452164521645216,45.07712727249853],[36.44136441364415,45.06699580887923],[36.369363693636956,45.048421458910525],[36.27936279362794,45.04504430437075],[36.268562685626875,45.043355727100874],[36.25776257762578,45.03828999529122],[36.25416254162542,45.03322426348157],[36.24696246962469,45.01633849078274],[36.243362433624355,45.01127275897309],[36.225362253622535,45.007895604433344],[36.13536135361355,45.021404222592395],[36.07776077760778,45.04673288164062],[36.07776077760778,45.03828999529122],[36.048960489604895,45.048421458910525],[36.023760237602374,45.03322426348157],[36.00936009360095,45.00958418170322],[35.99495994959949,44.99776414081404],[35.915759157591594,45.00114129535379],[35.847358473584734,44.99269840900439],[35.82935829358294,44.999452718083916],[35.81855818558185,45.021404222592395],[35.81135811358115,45.0315356862117],[35.782557825578266,45.056864345259925],[35.771757717577174,45.06530723160935],[35.706957069570706,45.09401304519736],[35.63495634956351,45.114275972435934],[35.59175591755917,45.119341704245585],[35.54855548555486,45.119341704245585],[35.505355053550545,45.114275972435934],[35.46935469354693,45.10076735427688],[35.41535415354156,45.070372963419004],[35.40815408154083,45.061930077069576],[35.404554045540465,45.05179861345027],[35.4009540095401,45.043355727100874],[35.39735397353974,45.034912840751446],[35.4009540095401,45.02478137713217],[35.40815408154083,45.01971564532252],[35.43695436954371,45.01127275897309],[35.43695436954371,45.00451844989357],[35.42255422554226,45.00114129535379],[35.39015390153904,45.00114129535379],[35.37575375753758,44.99776414081404],[35.36135361353615,44.985944099924865],[35.36135361353615,44.97412405903569],[35.36855368553685,44.94372966817778],[35.31815318153181,44.97074690449591],[35.31455314553148,44.96568117268626],[35.303753037530385,44.96061544087661],[35.296552965529656,44.95554970906696],[35.2749527495275,44.96736974995616],[35.25695256952571,44.958926863606735],[35.23175231752319,44.92515531820908],[35.213752137521396,44.915023854589776],[35.170551705517056,44.90658096824038],[35.152551525515264,44.901515236430726],[35.13095130951311,44.869432268302944],[35.10935109351095,44.825529259286014],[35.08055080550807,44.79344629115823],[35.037350373503756,44.798512022967884],[35.026550265502664,44.80864348658719],[35.019350193501936,44.82384068201611],[35.00495004950051,44.83566072290529],[34.986949869498716,44.84072645471494],[34.9509495094951,44.84072645471494],[34.943749437494375,44.84072645471494],[34.92934929349295,44.83566072290529],[34.92214922149222,44.83059499109564],[34.91494914949149,44.825529259286014],[34.90774907749079,44.82046352747636],[34.88974889748897,44.81877495020646],[34.85734857348575,44.82384068201611],[34.842948429484295,44.817086372936586],[34.8249482494825,44.812020641126935],[34.75654756547567,44.82046352747636],[34.72054720547206,44.81033206385706],[34.65214652146523,44.776560518459405],[34.61254612546125,44.76474047757023],[34.533345333453354,44.75292043668105],[34.500945009450106,44.74278897306175],[34.475744757447586,44.72421462309305],[34.475744757447586,44.72590320036292],[34.475744757447586,44.7292803549027],[34.47214472144722,44.73096893217257],[34.46854468544686,44.7292803549027],[34.42894428944291,44.69044307769539],[34.425344253442546,44.68200019134596],[34.414544145441454,44.673557304996564],[34.37854378543787,44.63134287324948],[34.34254342543426,44.558734050644546],[34.331743317433194,44.545225432485466],[34.324543245432466,44.54353685521559],[34.299342993429946,44.545225432485466],[34.28494284942849,44.545225432485466],[34.274142741427426,44.54691400975537],[34.27054270542706,44.545225432485466],[34.2669426694267,44.54184827794572],[34.2669426694267,44.53847112340594],[34.2669426694267,44.53509396886619],[34.26334263342633,44.531716814326415],[34.24174241742418,44.50807673254806],[34.230942309423114,44.499633846198634],[34.18414184141841,44.49287953711911],[34.16974169741698,44.48105949622993],[34.16254162541625,44.46586230080098],[34.148141481414825,44.45066510537205],[34.13734137341373,44.442222219022625],[34.10134101341015,44.4253364463238],[34.08694086940869,44.42195929178405],[34.06534065340654,44.420270714514146],[33.95733957339573,44.38312201457674],[33.93933939339394,44.38143343730684],[33.914139141391416,44.38312201457674],[33.85293852938531,44.401696364545444],[33.838538385383856,44.401696364545444],[33.8169381693817,44.39663063273579],[33.80613806138061,44.39494205546592],[33.74133741337414,44.39663063273579],[33.719737197371984,44.40000778727557],[33.644136441364424,44.4253364463238],[33.63333633336333,44.433779332673225],[33.62613626136263,44.45235368264193],[33.618936189361904,44.46248514626123],[33.59013590135902,44.48950238257933],[33.57933579335793,44.496256691658886],[33.561335613356135,44.496256691658886],[33.53973539735398,44.491190959849234],[33.51813518135182,44.491190959849234],[33.50013500135003,44.50132242346854],[33.485734857348575,44.509765309817936],[33.38133381333813,44.5637997824542],[33.37053370533707,44.57730840061325],[33.37053370533707,44.58743986423255],[33.37053370533707,44.589128441502424],[33.37413374133743,44.58575128696265],[33.40653406534065,44.5908170187723],[33.41373413734138,44.5925055960422],[33.435334353343535,44.60601421420125],[33.44613446134463,44.60770279147113],[33.46773467734678,44.60601421420125],[33.47853478534785,44.60601421420125],[33.485734857348575,44.6110799460109],[33.50013500135003,44.61445710055065],[33.55053550535507,44.61445710055065],[33.57213572135723,44.621211409630206],[33.55773557735577,44.624588564169954],[33.52533525335255,44.629654295979606],[33.51453514535146,44.63472002778926],[33.51453514535146,44.64991722321821],[33.52533525335255,44.66173726410739],[33.536135361353615,44.67186872772669],[33.54333543335434,44.68200019134596],[33.54693546935471,44.69888596404479],[33.54693546935471,44.709017427664094],[33.536135361353615,44.7292803549027],[33.52893528935289,44.7579861684907],[33.52533525335255,44.77318336391963],[33.51453514535146,44.785003404808805],[33.52533525335255,44.790069136618456],[33.52893528935289,44.79344629115823],[33.52893528935289,44.798512022967884],[33.536135361353615,44.81877495020646],[33.54693546935471,44.83734930017519],[33.561335613356135,44.84916934106437],[33.59733597335975,44.85930080468367],[33.60813608136081,44.87112084557285],[33.61533615336154,44.88969519554155],[33.618936189361904,44.90826954551025],[33.618936189361904,44.931909627288604],[33.60813608136081,44.97074690449591],[33.60453604536045,44.98763267719474],[33.60453604536045,44.99269840900439],[33.586535865358655,45.01802706805262],[33.58293582935829,45.02815853167192],[33.57933579335793,45.053487190720176],[33.561335613356135,45.09401304519736],[33.536135361353615,45.11765312697571],[33.46773467734678,45.14804751783359],[33.41373413734138,45.18519621777102],[33.39573395733959,45.19026194958067],[33.35613356133561,45.18519621777102],[33.31653316533166,45.17506475415172],[33.284132841328415,45.159867558722766],[33.258932589325894,45.15649040418302],[33.24813248132483,45.16493329053242],[33.2409324093241,45.18013048596137],[33.21933219332195,45.186884795040896],[33.17253172531727,45.1970162586602],[33.158131581315814,45.2071477222795],[33.12213122131223,45.23754211313738],[33.09693096930971,45.24767357675668],[33.08973089730898,45.25611646310608],[33.07893078930789,45.271313658535036],[33.068130681306826,45.27637939034469],[33.050130501305034,45.28144512215434],[33.042930429304306,45.284822276694086],[32.97812978129781,45.32534813117127],[32.942129421294226,45.342233903870095],[32.898928989289914,45.3540539447593],[32.75132751327513,45.364185408378574],[32.72972729727297,45.360808253838826],[32.71172711727118,45.3523653674894],[32.67572675726757,45.32534813117127],[32.66132661326614,45.320282399361645],[32.59292592925931,45.320282399361645],[32.57132571325715,45.32534813117127],[32.53532535325354,45.33885674933035],[32.513725137251384,45.34054532660022],[32.4849248492485,45.39457979923648],[32.481324813248136,45.40808841739553],[32.49572495724959,45.43510565371366],[32.52452524525245,45.458745735492016],[32.64332643326435,45.521223094477676],[32.66132661326614,45.52628882628733],[32.68652686526866,45.52628882628733],[32.70452704527045,45.53135455809698],[32.71892718927191,45.538108867176504],[32.73332733327334,45.54486317625603],[32.74412744127443,45.55330606260546],[32.75132751327513,45.56006037168498],[32.75852758527586,45.565126103494634],[32.77292772927731,45.56681468076451],[32.78372783727838,45.565126103494634],[32.80172801728017,45.56006037168498],[32.81252812528126,45.55837179441508],[32.82692826928269,45.56174894895486],[32.83052830528305,45.570191835304286],[32.82692826928269,45.578634721653685],[32.82332823328235,45.58707760800311],[32.82692826928269,45.59552049435251],[32.83052830528305,45.600586226162164],[32.83772837728378,45.60734053524169],[32.866528665286666,45.62929203975017],[32.93852938529386,45.663063585147825],[33.16173161731618,45.73567240775279],[33.176131761317635,45.74242671683231],[33.17973179731797,45.755935334991364],[33.176131761317635,45.75931248953114],[33.16533165331654,45.76268964407089],[33.158131581315814,45.76775537588054],[33.16173161731618,45.77957541676972],[33.168931689316906,45.78464114857937],[33.17973179731797,45.77957541676972],[33.19413194131943,45.76437822134079],[33.23013230132301,45.75086960318171],[33.26613266132662,45.75424675772149],[33.33813338133382,45.78632972584927],[33.37413374133743,45.796461189468545],[33.38133381333813,45.8032154985481],[33.410134101341015,45.82685558032645],[33.42453424534247,45.8302327348662],[33.46773467734678,45.850495662104805],[33.48213482134821,45.853872816644554],[33.48933489334894,45.85218423937468],[33.50733507335073,45.84374135302528],[33.51813518135182,45.8403641984855],[33.52893528935289,45.84205277575538],[33.55413554135541,45.84711850756503],[33.57933579335793,45.86738143480363],[33.59733597335975,45.877512898422935],[33.611736117361176,45.880890052962684],[33.618936189361904,45.88257863023256],[33.62973629736297,45.87920147569281],[33.64053640536406,45.87582432115303],[33.65133651336515,45.87075858934338],[33.65493654936549,45.864004280263856],[33.65853658536585,45.858938548454205],[33.669336693366944,45.858938548454205],[33.6909369093691,45.86062712572411],[33.694536945369464,45.872447166613284],[33.6909369093691,45.89608724839164],[33.694536945369464,45.91466159836034],[33.70893708937089,45.90959586655069],[33.72693726937271,45.916350175630214],[33.75933759337593,45.92310448470977],[33.77733777337775,45.92985879378929],[33.75933759337593,45.94167883467847],[33.74133741337414,45.948433143757995],[33.68373683736837,45.9585646073773],[33.65853658536585,45.95687603010742],[33.644136441364424,45.95349887556765],[33.64053640536406,45.94674456648812],[33.63333633336333,45.94505598921822],[33.618936189361904,45.95012172102787],[33.636936369363696,45.9686960709966],[33.64773647736479,45.98051611188578],[33.644136441364424,45.98558184369543],[33.63333633336333,45.98895899823518],[33.62973629736297,45.9957133073147],[33.636936369363696,46.005844770934004],[33.644136441364424,46.01428765728343],[33.64053640536406,46.02273054363283],[33.62973629736297,46.05650208903049],[33.62973629736297,46.068322129919665],[33.64053640536406,46.07845359353897],[33.64773647736479,46.090273634428144],[33.644136441364424,46.1054708298571],[33.62973629736297,46.125733757095674]]]}},{"type":"Feature","properties":{"territory_id":"XK-01","country_code":"XK","country_name":"Kosovo","display_name":"Kosovo","strategic_centre":"Pristina","centre":[21.1655,42.6629],"boundary_status":"administrative-comparison-draft","admin_source":"NUTS 2024 level 3","source_region_count":7},"geometry":{"type":"Polygon","coordinates":[[[20.027351367568386,42.75773788689435],[20.222361118055908,42.755087754387716],[20.27486374318716,42.82134106705335],[20.35361768088405,42.83459172958648],[20.466123306165315,42.86374318715936],[20.537376868843445,42.882294114705736],[20.51112555627782,42.94589729486474],[20.64988249412471,43.03070153507676],[20.676133806690338,43.09960498024901],[20.62738136906846,43.1923596179809],[20.694884744237214,43.2241612080604],[20.818640932046605,43.27186359317966],[20.86739336966849,43.2241612080604],[20.92364618230912,43.14730736536827],[20.968648432421624,43.123456172808645],[21.077403870193514,43.120806040302014],[21.118655932796642,43.120806040302014],[21.167408370418528,43.014800740037],[21.231161558077908,43.0042002100105],[21.272413620681043,42.90614530726536],[21.433671683584187,42.871693584679235],[21.407420371018553,42.75243762188109],[21.501175058752942,42.733886694334714],[21.65868293414671,42.678233911695585],[21.7524376218811,42.70208510425522],[21.771188559427976,42.64643232161608],[21.741187059352974,42.57752887644382],[21.647432371618585,42.46887344367218],[21.617430871543583,42.397319865993296],[21.549927496374828,42.35756787839392],[21.549927496374828,42.339016950847544],[21.58742937146858,42.262163108155406],[21.46367318365919,42.272763638181914],[21.444922246112313,42.23566178308916],[21.37741887094355,42.23831191559578],[21.31366568328417,42.15880794039702],[21.32116605830292,42.108455422771144],[21.249912495624784,42.09255462773139],[21.21241062053103,42.11110555527777],[21.152407620381027,42.195909795489776],[21.099904995249766,42.20121006050303],[21.077403870193514,42.185309265463275],[21.051152557627887,42.166758337916896],[20.983649182459125,42.14025701285064],[20.927396369818496,42.127006350317515],[20.777388869443477,42.068703435171756],[20.75113755687785,42.010400520026],[20.76613830691535,41.962698134906745],[20.773638681934102,41.92559627981399],[20.7286364318216,41.86464323216161],[20.59362968148408,41.877893894694736],[20.61988099404971,41.973298664933246],[20.544877243862196,42.16145807290364],[20.481124056202816,42.25156257812891],[20.364868243412175,42.30721536076804],[20.25236261813091,42.339016950847544],[20.24486224311216,42.37081854092705],[20.16610830541528,42.49802490124506],[20.098604930246516,42.543077153857695],[20.076103805190264,42.55632781639082],[20.08735436771839,42.57752887644382],[20.098604930246516,42.65703285164258],[20.034851742587136,42.707385369268465],[20.027351367568386,42.75773788689435]]]}}]}
