{"type":"FeatureCollection","features":[{"type":"Feature","properties":{"territory_id":"AL-01","country_code":"AL","country_name":"Albania","display_name":"Albania","strategic_centre":"Tirana","centre":[19.8178,41.3289],"boundary_status":"administrative-comparison-draft","admin_source":"NUTS 2024 level 3","source_region_count":12,"label_anchor":[19.8178,41.3289],"label_anchor_adjusted":false},"geometry":{"type":"Polygon","coordinates":[[[19.29231,42.18266],[19.41982,42.33107],[19.42357,42.37082],[19.48357,42.40792],[19.64483,42.60933],[19.71234,42.65173],[19.76484,42.61198],[19.76109,42.51923],[19.83234,42.46622],[20.0761,42.55633],[20.16611,42.49802],[20.25236,42.33902],[20.36487,42.30722],[20.48112,42.25156],[20.54488,42.16146],[20.61988,41.9733],[20.59363,41.87789],[20.56363,41.84609],[20.57488,41.79839],[20.52613,41.72154],[20.55613,41.58108],[20.46987,41.53073],[20.55988,41.40882],[20.49987,41.31607],[20.52238,41.22861],[20.58238,41.15441],[20.59738,41.0908],[20.67238,41.08815],[20.73239,40.9106],[20.83739,40.9265],[20.97615,40.88939],[20.9724,40.77279],[21.0474,40.67473],[21.0549,40.61643],[20.9499,40.47597],[20.85239,40.47332],[20.79614,40.43357],[20.77739,40.34877],[20.72114,40.27721],[20.67988,40.10761],[20.61238,40.07845],[20.44362,40.06785],[20.38737,40.0016],[20.32362,39.9857],[20.40612,39.85319],[20.39112,39.78959],[20.30112,39.81344],[20.30112,39.72599],[20.20361,39.65178],[20.0086,39.69153],[19.9861,39.75514],[20.0086,39.84524],[19.92235,39.9062],[19.92235,39.95655],[19.86984,40.02545],[19.47607,40.21626],[19.38232,40.29841],[19.30357,40.42032],[19.35982,40.41502],[19.43107,40.33022],[19.48357,40.35937],[19.48357,40.43887],[19.38232,40.53428],[19.31857,40.64558],[19.36732,40.73039],[19.37482,40.83109],[19.46482,40.9636],[19.44232,41.0007],[19.44607,41.13056],[19.51733,41.26836],[19.43107,41.32402],[19.41982,41.37702],[19.50608,41.49362],[19.47232,41.57048],[19.55858,41.57843],[19.58483,41.76924],[19.52108,41.84079],[19.37107,41.84344],[19.38607,42.10846],[19.29231,42.18266]]]}},{"type":"Feature","properties":{"territory_id":"AT-01","country_code":"AT","country_name":"Austria","display_name":"Western Austria","strategic_centre":"Innsbruck","centre":[11.3933,47.2683],"boundary_status":"administrative-comparison-draft","admin_source":"NUTS 2024 level 3","source_region_count":14,"label_anchor":[11.3933,47.2683],"label_anchor_adjusted":false},"geometry":{"type":"MultiPolygon","coordinates":[[[[9.53058,47.27091],[9.65433,47.38487],[9.65058,47.44317],[9.57933,47.48027],[9.56058,47.54123],[9.69933,47.52798],[9.78934,47.58893],[9.85309,47.53593],[9.96935,47.54653],[9.99935,47.48292],[10.0856,47.44582],[10.10061,47.36632],[10.22436,47.37162],[10.17936,47.27091],[10.33687,47.31332],[10.46062,47.42462],[10.45312,47.55448],[10.55063,47.53858],[10.63688,47.56508],[10.78689,47.52003],[10.88439,47.53593],[10.88439,47.48557],[10.95565,47.45112],[10.9894,47.39547],[11.20691,47.42992],[11.26316,47.40342],[11.33442,47.44317],[11.42067,47.44582],[11.39442,47.46967],[11.40942,47.49617],[11.55568,47.51473],[11.63443,47.59158],[11.82944,47.58628],[12.06195,47.61808],[12.19321,47.61278],[12.17446,47.69758],[12.23446,47.72144],[12.26446,47.68433],[12.33947,47.69758],[12.43322,47.68963],[12.50823,47.63133],[12.57573,47.63133],[12.61323,47.67108],[12.69573,47.68168],[12.78574,47.62868],[12.81199,47.55713],[12.9095,47.50148],[12.9995,47.47497],[13.0445,47.52003],[13.082,47.66578],[13.0445,47.70819],[12.932,47.72409],[12.98075,47.87514],[12.87574,47.9626],[12.86074,47.99705],[12.75199,48.11366],[12.87574,48.19846],[12.94325,48.20641],[13.0445,48.26471],[13.27701,48.30182],[13.40077,48.37072],[13.44952,48.50588],[13.43827,48.54828],[13.51328,48.59068],[13.72704,48.51383],[13.9108,48.39457],[13.88454,48.28061],[13.9558,48.23026],[13.75329,48.11896],[13.88454,48.02355],[13.9858,48.00235],[13.98955,47.89369],[14.08705,47.84599],[14.00455,47.79299],[14.04955,47.72409],[14.01205,47.70024],[13.77204,47.71084],[13.70454,47.63663],[13.70079,47.58893],[13.75329,47.52798],[13.72329,47.47497],[13.58453,47.47497],[13.56953,47.41402],[13.60703,47.28416],[13.70079,47.26561],[13.80954,47.28681],[13.86579,47.25236],[13.95955,47.14106],[13.89954,47.10396],[13.85454,46.99795],[13.78329,46.94495],[13.85454,46.9158],[13.9483,46.9423],[14.01955,46.85749],[14.19581,46.77534],[14.23331,46.70114],[14.42082,46.72764],[14.52208,46.66668],[14.51458,46.60308],[14.46207,46.52623],[14.47332,46.48647],[14.43582,46.44407],[14.15456,46.43612],[14.0983,46.47852],[14.0083,46.48117],[13.9108,46.51828],[13.71579,46.52358],[13.50578,46.56598],[13.26201,46.55273],[13.0445,46.59778],[12.73324,46.63488],[12.69198,46.65608],[12.47822,46.67993],[12.29446,46.78859],[12.27571,46.87339],[12.15571,46.91845],[12.12946,47.0059],[12.24196,47.0695],[12.13696,47.0801],[11.74319,46.9794],[11.62693,47.01385],[11.47692,47.00325],[11.41317,46.97145],[11.33067,46.99],[11.16566,46.96615],[11.00815,46.77004],[10.76064,46.79919],[10.66688,46.87074],[10.46812,46.85484],[10.47937,46.937],[10.37437,46.9953],[10.31062,46.9317],[10.24686,46.9211],[10.21686,46.86809],[10.08935,46.84954],[9.89059,46.9317],[9.86059,47.01385],[9.60558,47.06155],[9.63183,47.0907],[9.62058,47.15166],[9.57183,47.18876],[9.55683,47.25236],[9.53058,47.27091]]],[[[10.44187,47.57038],[10.47187,47.58628],[10.45312,47.55448],[10.44187,47.57038]]]]}},{"type":"Feature","properties":{"territory_id":"AT-02","country_code":"AT","country_name":"Austria","display_name":"Eastern Austria and Vienna","strategic_centre":"Vienna","centre":[16.3725,48.2083],"boundary_status":"administrative-comparison-draft","admin_source":"NUTS 2024 level 3","source_region_count":21,"label_anchor":[16.3725,48.2083],"label_anchor_adjusted":false},"geometry":{"type":"Polygon","coordinates":[[[13.56953,47.41402],[13.58453,47.47497],[13.72329,47.47497],[13.75329,47.52798],[13.70079,47.58893],[13.70454,47.63663],[13.77204,47.71084],[14.01205,47.70024],[14.04955,47.72409],[14.00455,47.79299],[14.08705,47.84599],[13.98955,47.89369],[13.9858,48.00235],[13.88454,48.02355],[13.75329,48.11896],[13.9558,48.23026],[13.88454,48.28061],[13.9108,48.39457],[13.72704,48.51383],[13.81704,48.60658],[13.79454,48.71259],[13.83954,48.77089],[14.01205,48.69933],[14.04205,48.66223],[14.0233,48.63838],[14.09455,48.59333],[14.33082,48.55888],[14.47332,48.63573],[14.54458,48.60923],[14.61583,48.61983],[14.69083,48.58538],[14.73209,48.68873],[14.81834,48.77354],[14.9646,48.77354],[14.98335,48.96965],[15.0096,49.01205],[15.12586,48.99615],[15.18211,48.95375],[15.36212,48.98025],[15.54213,48.9087],[15.75214,48.85304],[15.83464,48.86894],[16.06715,48.75499],[16.33717,48.73114],[16.40467,48.74439],[16.46467,48.80269],[16.54718,48.80534],[16.65593,48.77884],[16.69343,48.73379],[16.89594,48.71259],[16.94095,48.61718],[16.94845,48.53503],[16.85094,48.43962],[16.85469,48.35482],[16.94845,48.25941],[16.9747,48.17196],[17.06845,48.11896],[17.09095,48.05005],[17.16221,48.00765],[17.10971,47.97585],[17.0947,47.90165],[17.0347,47.86189],[17.06845,47.72674],[17.0422,47.70289],[16.9072,47.68963],[16.86219,47.71084],[16.76844,47.68168],[16.71219,47.73204],[16.60343,47.75589],[16.41967,47.66578],[16.65593,47.61013],[16.70094,47.53858],[16.64468,47.44582],[16.56968,47.40872],[16.46092,47.40342],[16.43467,47.35307],[16.47967,47.28416],[16.42717,47.19671],[16.52093,47.13311],[16.47592,47.09335],[16.49842,47.0642],[16.47967,47.0059],[16.29216,46.9953],[16.05965,46.83894],[15.9959,46.83629],[15.9959,46.73559],[16.0409,46.69053],[16.03715,46.65608],[15.86089,46.71969],[15.56463,46.67463],[15.54213,46.62958],[15.51963,46.62163],[15.40337,46.65343],[15.24211,46.64018],[15.06585,46.65343],[14.92335,46.60838],[14.88584,46.61103],[14.82584,46.54743],[14.81834,46.51033],[14.72834,46.49707],[14.67583,46.44937],[14.59708,46.42817],[14.56333,46.37252],[14.52208,46.41757],[14.44332,46.42287],[14.43582,46.44407],[14.47332,46.48647],[14.46207,46.52623],[14.51458,46.60308],[14.52208,46.66668],[14.42082,46.72764],[14.23331,46.70114],[14.19581,46.77534],[14.01955,46.85749],[13.9483,46.9423],[13.85454,46.9158],[13.78329,46.94495],[13.85454,46.99795],[13.89954,47.10396],[13.95955,47.14106],[13.86579,47.25236],[13.80954,47.28681],[13.70079,47.26561],[13.60703,47.28416],[13.56953,47.41402]]]}},{"type":"Feature","properties":{"territory_id":"BA-01","country_code":"BA","country_name":"Bosnia and Herzegovina","display_name":"Bosnia and Herzegovina","strategic_centre":"Sarajevo","centre":[18.4131,43.8564],"boundary_status":"administrative-comparison-draft","admin_source":"NUTS 2024 level 2","source_region_count":3,"label_anchor":[18.4131,43.8564],"label_anchor_adjusted":false},"geometry":{"type":"MultiPolygon","coordinates":[[[[15.73714,44.93615],[15.77839,44.98915],[15.74839,45.0554],[15.78214,45.10841],[15.77464,45.17466],[15.83839,45.22501],[15.99965,45.21706],[16.17591,45.0554],[16.28841,44.99445],[16.34467,45.0077],[16.38217,45.0554],[16.40092,45.11106],[16.54343,45.22766],[16.82094,45.19056],[16.9222,45.26476],[17.13971,45.16406],[17.29346,45.17466],[17.50723,45.11371],[17.67223,45.12431],[17.84474,45.0501],[18.00225,45.13226],[18.19726,45.07925],[18.25351,45.13226],[18.41852,45.10576],[18.48977,45.0554],[18.52728,45.0607],[18.53103,45.0872],[18.66603,45.0819],[18.78604,44.9653],[18.77479,44.907],[18.83479,44.86459],[19.0223,44.85664],[19.16856,44.91495],[19.35232,44.88844],[19.28481,44.67378],[19.13481,44.51213],[19.11606,44.36107],[19.17231,44.28951],[19.32232,44.26301],[19.36732,44.18881],[19.49857,44.0987],[19.60733,44.05895],[19.61108,44.02185],[19.50983,43.95825],[19.39732,43.96355],[19.26606,44.00595],[19.24356,43.9874],[19.38232,43.81514],[19.51733,43.70649],[19.49857,43.58988],[19.27356,43.59783],[19.22481,43.52628],[19.06355,43.51303],[19.0073,43.54483],[18.9473,43.51833],[19.07105,43.31427],[18.9998,43.26126],[18.93605,43.34077],[18.86854,43.35137],[18.71479,43.26656],[18.68478,43.22416],[18.65103,43.0466],[18.54228,43.01745],[18.49727,42.9724],[18.46727,42.79219],[18.54978,42.71269],[18.56103,42.65173],[18.53103,42.58813],[18.43727,42.55633],[18.32477,42.61728],[18.23851,42.61198],[17.89349,42.81869],[17.82599,42.9088],[17.69473,42.9194],[17.64973,42.89024],[17.58223,42.93795],[17.69848,42.9724],[17.67223,43.036],[17.62723,43.09165],[17.45097,43.17646],[17.28221,43.34607],[17.27096,43.46797],[17.0197,43.57398],[16.54343,43.97415],[16.24341,44.19676],[16.17216,44.21001],[16.20591,44.22856],[16.20591,44.34517],[16.14591,44.38227],[16.15716,44.41142],[16.11966,44.50683],[16.02965,44.56248],[16.03715,44.64198],[15.9059,44.73209],[15.81589,44.72944],[15.74839,44.79569],[15.74089,44.82219],[15.77839,44.84869],[15.73714,44.93615]]],[[[19.37857,43.55543],[19.41982,43.57663],[19.46857,43.56073],[19.42732,43.53158],[19.37857,43.55543]]]]}},{"type":"Feature","properties":{"territory_id":"BE-01","country_code":"BE","country_name":"Belgium","display_name":"Flanders and Brussels","strategic_centre":"Brussels","centre":[4.3525,50.8467],"boundary_status":"administrative-comparison-draft","admin_source":"NUTS 2024 level 3","source_region_count":23,"label_anchor":[4.3525,50.8467],"label_anchor_adjusted":false},"geometry":{"type":"MultiPolygon","coordinates":[[[[2.54773,51.08975],[2.75024,51.16131],[3.19276,51.35212],[3.36527,51.37067],[3.38027,51.27526],[3.50028,51.24611],[3.53403,51.28586],[3.60153,51.29911],[3.77404,51.25936],[3.80029,51.21961],[3.85654,51.21166],[3.97655,51.22491],[4.14531,51.28321],[4.24281,51.35477],[4.24281,51.37597],[4.40782,51.36537],[4.40032,51.44752],[4.49032,51.47932],[4.52783,51.47667],[4.54658,51.42897],[4.67033,51.42632],[4.76034,51.50318],[4.82784,51.48197],[4.84284,51.42367],[4.89534,51.40777],[5.0416,51.47932],[5.10161,51.42897],[5.0866,51.38392],[5.14286,51.32032],[5.22911,51.30707],[5.23661,51.26201],[5.49912,51.29646],[5.54788,51.26996],[5.56663,51.21961],[5.83664,51.15336],[5.72789,50.9228],[5.65288,50.86714],[5.68663,50.81149],[5.43162,50.71874],[5.37537,50.74524],[5.10536,50.70814],[5.0191,50.75054],[4.9141,50.75054],[4.75659,50.80354],[4.65533,50.79559],[4.62533,50.75054],[4.59908,50.76379],[4.26531,50.69223],[4.15281,50.72139],[3.94655,50.68958],[3.89404,50.73199],[3.72529,50.77439],[3.62778,50.72669],[3.54153,50.73464],[3.45902,50.76644],[3.35777,50.71609],[3.29026,50.75054],[3.17776,50.75584],[3.099,50.77969],[3.02025,50.77439],[2.97525,50.80089],[2.85524,50.74789],[2.86274,50.70814],[2.79524,50.73199],[2.71649,50.80619],[2.63023,50.82474],[2.60773,50.9122],[2.61523,50.96785],[2.54773,51.08975]],[[4.74159,51.43427],[4.77909,51.39717],[4.82409,51.41307],[4.79784,51.44222],[4.74159,51.43427]]],[[[5.68288,50.75849],[5.76914,50.77439],[5.89289,50.75584],[5.88914,50.71874],[5.81789,50.71344],[5.77289,50.74524],[5.68288,50.75849]]]]}},{"type":"Feature","properties":{"territory_id":"BE-02","country_code":"BE","country_name":"Belgium","display_name":"Wallonia","strategic_centre":"Namur","centre":[4.8667,50.4667],"boundary_status":"administrative-comparison-draft","admin_source":"NUTS 2024 level 3","source_region_count":21,"label_anchor":[4.8667,50.4667],"label_anchor_adjusted":false},"geometry":{"type":"MultiPolygon","coordinates":[[[[2.85524,50.74789],[2.97525,50.80089],[3.02025,50.77439],[2.90775,50.70284],[2.86274,50.70814],[2.85524,50.74789]]],[[[3.17776,50.75584],[3.29026,50.75054],[3.35777,50.71609],[3.45902,50.76644],[3.54153,50.73464],[3.62778,50.72669],[3.72529,50.77439],[3.89404,50.73199],[3.94655,50.68958],[4.15281,50.72139],[4.26531,50.69223],[4.59908,50.76379],[4.62533,50.75054],[4.65533,50.79559],[4.75659,50.80354],[4.9141,50.75054],[5.0191,50.75054],[5.10536,50.70814],[5.37537,50.74524],[5.43162,50.71874],[5.68663,50.81149],[5.68288,50.75849],[5.77289,50.74524],[5.81789,50.71344],[5.88914,50.71874],[5.89289,50.75584],[6.0204,50.75319],[6.25666,50.62333],[6.18916,50.56503],[6.19291,50.51998],[6.31667,50.49612],[6.36542,50.44577],[6.35417,50.37952],[6.40667,50.32387],[6.31292,50.31327],[6.19666,50.24171],[6.13666,50.13041],[6.02415,50.18341],[5.89664,50.10391],[5.82539,49.97935],[5.77289,49.9449],[5.74664,49.85479],[5.75789,49.80179],[5.87039,49.71699],[5.9004,49.65868],[5.85914,49.57388],[5.81789,49.54738],[5.46912,49.49702],[5.39412,49.61628],[5.31912,49.62158],[5.28911,49.67988],[5.15411,49.71699],[4.97035,49.80179],[4.86909,49.80709],[4.87659,49.91575],[4.80159,49.96875],[4.87284,50.13836],[4.79784,50.14896],[4.69283,50.08005],[4.67783,49.9979],[4.43407,49.94225],[4.14156,49.97935],[4.15281,50.03235],[4.21656,50.07475],[4.19031,50.12776],[4.13781,50.14101],[4.16031,50.21256],[4.20906,50.25761],[4.13781,50.26821],[4.02905,50.35832],[3.89779,50.33182],[3.76279,50.34772],[3.70654,50.32122],[3.66528,50.35567],[3.65403,50.46167],[3.61653,50.49082],[3.48527,50.52793],[3.38402,50.49612],[3.30152,50.52263],[3.25276,50.69488],[3.17776,50.75584]]]]}},{"type":"Feature","properties":{"territory_id":"BG-01","country_code":"BG","country_name":"Bulgaria","display_name":"Western Bulgaria and Sofia","strategic_centre":"Sofia","centre":[23.33,42.7],"boundary_status":"administrative-comparison-draft","admin_source":"NUTS 2024 level 3","source_region_count":16,"label_anchor":[23.33,42.7],"label_anchor_adjusted":false},"geometry":{"type":"Polygon","coordinates":[[[22.35997,42.30987],[22.52498,42.41322],[22.55123,42.48212],[22.44622,42.57223],[22.49122,42.74184],[22.44247,42.82664],[22.51373,42.86904],[22.74999,42.89024],[22.79499,42.98035],[22.975,43.11021],[23.005,43.19236],[22.91125,43.22416],[22.74624,43.38582],[22.66748,43.40172],[22.52873,43.48652],[22.47622,43.64553],[22.41622,43.69323],[22.36747,43.80984],[22.41622,43.998],[22.61123,44.0669],[22.62248,44.17291],[22.67498,44.21531],[23.0275,44.08015],[23.03125,44.04305],[22.88874,43.9821],[22.84749,43.87609],[22.88124,43.83634],[22.9975,43.80719],[23.43252,43.84959],[23.63128,43.79129],[23.72879,43.80189],[24.11131,43.70119],[24.32507,43.69853],[24.49007,43.76214],[24.59883,43.74889],[24.74509,43.69323],[24.9926,43.72239],[25.29636,43.65613],[25.21761,43.63758],[25.19886,43.58458],[25.22136,43.52363],[25.13886,43.44942],[25.19886,43.42292],[25.24011,43.35137],[25.13886,43.26656],[25.0751,43.17646],[25.12386,43.09695],[25.28886,43.10491],[25.32637,43.05455],[25.57388,43.02275],[25.55888,42.94325],[25.59638,42.89819],[25.61513,42.78689],[25.68638,42.80279],[25.83639,42.77629],[25.87389,42.52188],[25.94515,42.33902],[26.01265,42.28866],[26.17391,42.26216],[26.19266,42.20916],[26.13641,42.14026],[26.15141,42.0528],[26.06515,42.0263],[25.97515,42.09255],[25.87764,42.11906],[25.75764,42.0687],[25.69388,42.12966],[25.63013,42.14026],[25.60763,42.19061],[25.47637,42.16411],[25.42762,42.09785],[25.34887,42.11376],[25.30387,42.03955],[25.30387,41.96005],[25.21761,41.89644],[25.26636,41.83019],[25.28136,41.81164],[25.37512,41.83019],[25.49137,41.76394],[25.60388,41.74804],[25.63388,41.70829],[25.62638,41.63143],[25.81014,41.63938],[25.78764,41.52543],[25.84389,41.46977],[25.84764,41.40882],[25.9189,41.37702],[25.9489,41.32137],[25.90765,41.30812],[25.81764,41.33992],[25.70514,41.30017],[25.57013,41.31342],[25.31512,41.23921],[25.22511,41.26571],[25.18011,41.31077],[24.91385,41.40087],[24.83509,41.39557],[24.78259,41.36112],[24.72259,41.40882],[24.61008,41.43797],[24.52383,41.55988],[24.31757,41.52013],[24.25006,41.56518],[24.18631,41.52543],[24.10756,41.54398],[24.0588,41.52278],[24.0513,41.45652],[23.97255,41.44592],[23.9163,41.46977],[23.75504,41.40352],[23.62378,41.37702],[23.50753,41.40352],[23.34627,41.37437],[23.29376,41.39822],[23.18126,41.32402],[22.92625,41.33727],[22.96,41.36642],[22.9675,41.52013],[22.9525,41.63143],[23.0125,41.69238],[23.005,41.75334],[22.90375,41.87789],[22.86624,42.021],[22.65998,42.074],[22.50998,42.15616],[22.35997,42.30987]]]}},{"type":"Feature","properties":{"territory_id":"BG-02","country_code":"BG","country_name":"Bulgaria","display_name":"Eastern Bulgaria and the Black Sea coast","strategic_centre":"Varna","centre":[27.9167,43.2167],"boundary_status":"administrative-comparison-draft","admin_source":"NUTS 2024 level 3","source_region_count":12,"label_anchor":[27.9167,43.2167],"label_anchor_adjusted":false},"geometry":{"type":"Polygon","coordinates":[[[25.0751,43.17646],[25.13886,43.26656],[25.24011,43.35137],[25.19886,43.42292],[25.13886,43.44942],[25.22136,43.52363],[25.19886,43.58458],[25.21761,43.63758],[25.29636,43.65613],[25.38637,43.62433],[25.54388,43.64288],[25.67138,43.68793],[25.75014,43.69588],[26.11391,43.96885],[26.35767,44.03775],[26.78144,44.08545],[26.9202,44.13581],[27.27271,44.12521],[27.29521,44.08015],[27.40022,44.0192],[27.59523,44.0139],[27.65148,44.03775],[27.69648,43.9874],[27.75649,43.9609],[27.9215,43.998],[28.0115,43.83634],[28.22526,43.76214],[28.45027,43.73299],[28.57778,43.73829],[28.59653,43.52098],[28.47277,43.37787],[28.32277,43.41497],[28.15776,43.40172],[28.09775,43.37522],[28.01525,43.23741],[27.93275,43.18176],[27.88399,42.83724],[27.88024,42.71269],[27.73774,42.69678],[27.61398,42.57223],[27.51273,42.54308],[27.46022,42.47152],[27.50898,42.43972],[27.64023,42.44502],[27.69648,42.41057],[27.71149,42.37082],[27.78274,42.32047],[27.76774,42.24096],[27.959,42.08725],[28.034,41.9839],[27.84649,41.9998],[27.80899,41.95475],[27.72274,41.9733],[27.55398,41.9203],[27.27646,42.09785],[27.16771,42.0687],[27.05895,42.08725],[26.9502,41.9998],[26.73644,41.96005],[26.62768,41.9733],[26.56018,41.9256],[26.56393,41.87789],[26.52268,41.83019],[26.36142,41.80634],[26.33517,41.75069],[26.35767,41.71094],[26.17391,41.74274],[26.0839,41.70829],[26.0839,41.65263],[26.16641,41.55723],[26.17766,41.43267],[26.11391,41.35847],[25.9489,41.32137],[25.9189,41.37702],[25.84764,41.40882],[25.84389,41.46977],[25.78764,41.52543],[25.81014,41.63938],[25.62638,41.63143],[25.63388,41.70829],[25.60388,41.74804],[25.49137,41.76394],[25.37512,41.83019],[25.28136,41.81164],[25.21761,41.89644],[25.30387,41.96005],[25.30387,42.03955],[25.34887,42.11376],[25.42762,42.09785],[25.47637,42.16411],[25.60763,42.19061],[25.63013,42.14026],[25.69388,42.12966],[25.75764,42.0687],[25.87764,42.11906],[25.97515,42.09255],[26.06515,42.0263],[26.15141,42.0528],[26.13641,42.14026],[26.19266,42.20916],[26.17391,42.26216],[26.01265,42.28866],[25.94515,42.33902],[25.87389,42.52188],[25.83639,42.77629],[25.68638,42.80279],[25.61513,42.78689],[25.59638,42.89819],[25.55888,42.94325],[25.57388,43.02275],[25.32637,43.05455],[25.28886,43.10491],[25.12386,43.09695],[25.0751,43.17646]]]}},{"type":"Feature","properties":{"territory_id":"BY-01","country_code":"BY","country_name":"Belarus","display_name":"Western Belarus","strategic_centre":"Brest","centre":[23.6569,52.1347],"boundary_status":"administrative-comparison-draft","admin_source":"geoBoundaries ADM1 (release 2025)","source_region_count":2,"label_anchor":[23.6569,52.1347],"label_anchor_adjusted":false},"geometry":{"type":"Polygon","coordinates":[[[23.17959,52.27358],[23.35668,52.45981],[23.45953,52.53332],[23.61605,52.59638],[23.74037,52.59964],[23.89509,52.67237],[23.9416,52.71249],[23.91622,52.9243],[23.94976,52.96051],[23.92461,52.97566],[23.93439,52.98744],[23.91622,53.0362],[23.8743,53.08072],[23.91902,53.16793],[23.87151,53.19138],[23.85474,53.22988],[23.81561,53.24493],[23.74713,53.38936],[23.69403,53.45265],[23.63114,53.57895],[23.57804,53.71729],[23.57944,53.74705],[23.53751,53.80485],[23.55149,53.84775],[23.51096,53.88071],[23.51427,53.95661],[23.60711,53.92517],[23.70906,53.94044],[23.78687,53.9062],[23.81102,53.94518],[23.84322,53.95991],[23.87274,53.94518],[23.91609,53.96705],[23.9596,53.95459],[23.98249,53.92797],[24.19714,53.97041],[24.21031,53.94987],[24.24752,53.95122],[24.34654,53.90066],[24.43984,53.90471],[24.62072,54.00912],[24.68082,54.0219],[24.70372,54.0108],[24.68941,53.97041],[24.70315,53.96705],[24.81763,53.99869],[24.8617,54.0303],[24.82163,54.04442],[24.81591,54.07566],[24.78157,54.11293],[24.83251,54.14546],[24.95443,54.17026],[24.99793,54.1411],[25.07521,54.13641],[25.20514,54.21748],[25.23434,54.25662],[25.27898,54.26832],[25.32993,54.25963],[25.50676,54.30472],[25.53449,54.27392],[25.56669,54.27392],[25.58368,54.22637],[25.55685,54.21382],[25.56758,54.19603],[25.52197,54.17719],[25.54433,54.15258],[25.64092,54.12691],[25.69101,54.13739],[25.70979,54.16306],[25.78492,54.1573],[25.7876,54.18871],[25.75719,54.21643],[25.79028,54.23264],[25.75451,54.24832],[25.74467,54.26974],[25.70442,54.27444],[25.69995,54.31098],[25.66775,54.3209],[25.60783,54.30524],[25.55864,54.31307],[25.53896,54.33289],[25.59352,54.37303],[25.59173,54.39542],[25.63913,54.42249],[25.61677,54.45578],[25.68117,54.53162],[25.7563,54.56067],[25.76345,54.57622],[25.73751,54.68236],[25.75093,54.76707],[25.73394,54.79492],[25.77061,54.81966],[25.78134,54.85005],[25.86094,54.89791],[25.86004,54.92413],[25.88687,54.93595],[25.90923,54.92927],[25.9942,54.9529],[26.04607,54.93749],[26.11941,54.98268],[26.19365,54.98986],[26.20946,55.00435],[26.25279,54.97886],[26.28772,54.92108],[26.35899,54.90099],[26.34502,54.83264],[26.3576,54.81573],[26.44005,54.82378],[26.53619,54.74797],[26.57465,54.74178],[26.55229,54.70252],[26.60148,54.63942],[26.70434,54.62959],[26.68287,54.59955],[26.70434,54.57415],[26.67124,54.57415],[26.68108,54.54718],[26.62563,54.55289],[26.6301,54.52279],[26.66498,54.50203],[26.66856,54.46722],[26.64083,54.45058],[26.65693,54.43029],[26.56928,54.39126],[26.50131,54.32507],[26.49237,54.29741],[26.44407,54.28645],[26.35732,54.2133],[26.18739,54.22637],[26.0899,54.18033],[26.05233,54.19551],[26.01388,54.14892],[26.02103,54.13215],[26.06843,54.118],[26.10242,54.12062],[26.09616,54.14158],[26.13551,54.14682],[26.14446,54.13896],[26.12925,54.10699],[26.18023,54.01776],[26.31707,54.04665],[26.33138,54.03194],[26.32959,53.97307],[26.40025,53.99095],[26.43781,53.9457],[26.42976,53.92885],[26.36537,53.91305],[26.37914,53.88953],[26.25089,53.85876],[26.25089,53.82762],[26.22405,53.82129],[26.23032,53.80122],[26.27414,53.797],[26.26877,53.74943],[26.30365,53.70339],[26.36268,53.69174],[26.36716,53.66154],[26.39935,53.65571],[26.51251,53.56001],[26.54227,53.55627],[26.54628,53.53212],[26.51365,53.50523],[26.55258,53.48787],[26.55029,53.44323],[26.577,53.40352],[26.55883,53.38686],[26.4107,53.37769],[26.36868,53.36116],[26.37591,53.32224],[26.40082,53.31568],[26.39399,53.26594],[26.34032,53.25631],[26.33764,53.23918],[26.27593,53.2017],[26.32601,53.18348],[26.39309,53.12394],[26.4718,53.11858],[26.48253,53.08851],[26.52278,53.08367],[26.52904,53.04498],[26.46375,53.0482],[26.46554,53.00894],[26.39309,52.98741],[26.46554,52.90819],[26.43602,52.8947],[26.39846,52.84503],[26.45391,52.80666],[26.52009,52.85151],[26.55408,52.83963],[26.60864,52.89092],[26.68287,52.84989],[26.75353,52.84719],[26.78483,52.79368],[26.82418,52.77042],[26.88232,52.77475],[26.97175,52.7439],[26.99233,52.76609],[27.03794,52.77421],[27.05404,52.74715],[27.04688,52.71899],[27.08176,52.70111],[27.0281,52.65773],[27.06388,52.64905],[27.08713,52.61268],[27.05314,52.59692],[27.08355,52.55725],[27.08713,52.54528],[27.0594,52.5344],[27.08355,52.49631],[27.14616,52.48759],[27.15063,52.45327],[27.18014,52.45],[27.18462,52.41837],[27.24186,52.41728],[27.29535,52.39133],[27.27437,52.36433],[27.2887,52.34961],[27.28154,52.32733],[27.39388,52.32345],[27.42644,52.30354],[27.42339,52.28861],[27.48547,52.28923],[27.53533,52.26931],[27.5801,52.20824],[27.54957,52.18453],[27.5628,52.17268],[27.5394,52.13772],[27.5394,52.07522],[27.62081,52.03705],[27.62793,52.01263],[27.52922,51.95309],[27.54245,51.89661],[27.50709,51.85479],[27.55797,51.81647],[27.54048,51.77616],[27.55956,51.75451],[27.4896,51.72694],[27.52738,51.62707],[27.5057,51.62033],[27.50391,51.59311],[27.45472,51.61921],[27.24543,51.60366],[27.27584,51.65252],[27.20698,51.66806],[27.20519,51.76724],[27.00037,51.76613],[26.96371,51.74288],[26.85012,51.76558],[26.81077,51.75672],[26.77946,51.77167],[26.74548,51.82034],[26.58628,51.82311],[26.52278,51.79269],[26.43871,51.82974],[26.40204,51.83029],[26.39935,51.86897],[26.18112,51.8651],[26.09705,51.91092],[26.00762,51.92802],[25.91728,51.91643],[25.7867,51.94621],[25.77418,51.94401],[25.78313,51.92361],[25.75808,51.91368],[25.5005,51.93078],[25.44237,51.91312],[25.34399,51.92692],[25.28049,51.95944],[25.22235,51.95999],[25.06852,51.94236],[24.9594,51.88719],[24.90753,51.90374],[24.84671,51.88884],[24.83061,51.90319],[24.74475,51.86786],[24.70451,51.88553],[24.5784,51.89271],[24.36911,51.8651],[24.30204,51.79269],[24.31456,51.72626],[24.12853,51.65086],[24.07486,51.59589],[24.01852,51.57421],[23.88794,51.58977],[23.90225,51.62366],[23.80923,51.6281],[23.79224,51.64642],[23.64646,51.62255],[23.62142,51.60144],[23.62231,51.58811],[23.66345,51.57143],[23.64467,51.5364],[23.66971,51.50022],[23.65272,51.48686],[23.56328,51.52304],[23.57401,51.54196],[23.53824,51.58588],[23.55149,51.69405],[23.53472,51.7183],[23.63662,51.78495],[23.60353,51.82587],[23.62678,51.87394],[23.61784,51.90926],[23.68223,51.98479],[23.6563,52.00902],[23.64931,52.06156],[23.60459,52.10536],[23.55149,52.10364],[23.52074,52.11995],[23.47821,52.16753],[23.41353,52.16577],[23.34255,52.19771],[23.19748,52.21663],[23.20374,52.25388],[23.17959,52.27358]]]}},{"type":"Feature","properties":{"territory_id":"BY-02","country_code":"BY","country_name":"Belarus","display_name":"Eastern Belarus and Minsk","strategic_centre":"Minsk","centre":[27.5667,53.9],"boundary_status":"administrative-comparison-draft","admin_source":"geoBoundaries ADM1 (release 2025)","source_region_count":5,"label_anchor":[27.5667,53.9],"label_anchor_adjusted":false},"geometry":{"type":"Polygon","coordinates":[[[26.01388,54.14892],[26.05233,54.19551],[26.0899,54.18033],[26.18739,54.22637],[26.35732,54.2133],[26.44407,54.28645],[26.49237,54.29741],[26.50131,54.32507],[26.56928,54.39126],[26.65693,54.43029],[26.64083,54.45058],[26.66856,54.46722],[26.66498,54.50203],[26.6301,54.52279],[26.62563,54.55289],[26.68108,54.54718],[26.67124,54.57415],[26.70434,54.57415],[26.68287,54.59955],[26.70344,54.63528],[26.60148,54.63942],[26.55229,54.70252],[26.57465,54.74178],[26.53619,54.74797],[26.44005,54.82378],[26.3576,54.81573],[26.34502,54.83264],[26.35899,54.90099],[26.28772,54.92108],[26.25279,54.97886],[26.20946,55.00435],[26.23747,55.02935],[26.23658,55.05139],[26.26698,55.06573],[26.23568,55.10464],[26.25715,55.11436],[26.36179,55.14606],[26.46017,55.12663],[26.5192,55.15526],[26.54156,55.13942],[26.62384,55.13993],[26.70791,55.16548],[26.68377,55.18744],[26.72759,55.20837],[26.73206,55.23592],[26.84028,55.28535],[26.84028,55.30114],[26.80003,55.31692],[26.67303,55.33371],[26.56302,55.31641],[26.4548,55.34338],[26.56124,55.38658],[26.54961,55.42771],[26.56302,55.43431],[26.54424,55.44801],[26.56034,55.4617],[26.52453,55.51359],[26.58921,55.53627],[26.63329,55.5803],[26.63988,55.69654],[26.71535,55.70284],[26.78382,55.68078],[26.87885,55.71937],[26.93335,55.79093],[27.0172,55.82705],[27.08987,55.82705],[27.1276,55.8506],[27.20865,55.83255],[27.25058,55.79564],[27.29669,55.78229],[27.36796,55.81057],[27.60973,55.78386],[27.64187,55.83176],[27.63348,55.89058],[27.65584,55.92896],[27.76205,55.98216],[27.79419,55.98295],[27.83053,56.01967],[27.81376,56.03841],[27.90878,56.05402],[27.97027,56.12497],[28.04713,56.12887],[28.1226,56.17479],[28.1729,56.1849],[28.17011,56.16001],[28.27771,56.11796],[28.27352,56.09146],[28.30287,56.09068],[28.31545,56.06807],[28.3979,56.07275],[28.41467,56.10939],[28.59773,56.11406],[28.67286,56.09795],[28.66034,56.06401],[28.70506,56.04054],[28.73189,55.96105],[28.85347,55.96418],[28.85487,55.98295],[28.93452,56.01342],[29.08405,56.04154],[29.18327,56.03217],[29.21681,55.99311],[29.29647,55.99858],[29.34991,55.97703],[29.42682,55.97403],[29.43934,55.96903],[29.43129,55.9485],[29.46707,55.92997],[29.3982,55.90992],[29.40625,55.88384],[29.38658,55.86377],[29.39284,55.83967],[29.34901,55.77081],[29.48227,55.70334],[29.56724,55.7386],[29.57171,55.76377],[29.64147,55.79043],[29.7327,55.80853],[29.7488,55.79093],[29.78368,55.78942],[29.8919,55.8708],[29.94377,55.86478],[29.97508,55.88033],[30.12623,55.82461],[30.17989,55.84922],[30.18078,55.86929],[30.20404,55.86929],[30.28811,55.85875],[30.29079,55.83666],[30.35071,55.82712],[30.36055,55.81204],[30.50186,55.80501],[30.52959,55.74817],[30.6235,55.73054],[30.64765,55.69981],[30.64765,55.67208],[30.68521,55.63979],[30.73351,55.65695],[30.76302,55.5913],[30.81579,55.59282],[30.86945,55.62919],[30.89181,55.61151],[30.92669,55.62111],[30.94816,55.54933],[30.91027,55.52591],[30.9429,55.49317],[30.89425,55.46365],[30.92516,55.41592],[30.92401,55.38303],[30.82831,55.33422],[30.81847,55.28688],[30.8945,55.266],[30.92938,55.20071],[30.97767,55.18897],[30.98751,55.16701],[30.97588,55.15117],[31.0054,55.14044],[30.98662,55.08775],[31.01613,55.04217],[30.9258,55.03038],[30.95174,55.00064],[30.93474,54.95496],[30.8301,54.95085],[30.84083,54.91488],[30.82205,54.90357],[30.82921,54.88711],[30.79611,54.87579],[30.76481,54.81245],[30.84083,54.79853],[30.85783,54.77016],[30.91328,54.76603],[30.96694,54.72215],[31.00987,54.71854],[31.00987,54.68236],[31.19411,54.67667],[31.20663,54.66167],[31.18785,54.63114],[31.12525,54.57882],[31.12256,54.55133],[31.09126,54.5394],[31.08053,54.51137],[31.18696,54.47033],[31.21558,54.48073],[31.23347,54.4641],[31.26566,54.39386],[31.31128,54.36469],[31.31396,54.34645],[31.29071,54.32663],[31.31217,54.30994],[31.31664,54.24728],[31.38193,54.2525],[31.40071,54.22219],[31.42576,54.22323],[31.4987,54.16222],[31.58971,54.13875],[31.64398,54.1442],[31.66634,54.11328],[31.75399,54.118],[31.75936,54.08076],[31.81481,54.08916],[31.89978,54.07027],[31.87763,54.05719],[31.88221,54.03097],[31.83527,54.01282],[31.87992,53.97546],[31.82898,53.95122],[31.85327,53.91042],[31.82375,53.87616],[31.79066,53.87194],[31.79245,53.84926],[31.74952,53.83026],[31.76115,53.80386],[31.92393,53.78062],[32.11801,53.81179],[32.16094,53.78802],[32.1985,53.78854],[32.21818,53.76265],[32.26558,53.76952],[32.27542,53.74995],[32.31924,53.75366],[32.35054,53.71662],[32.4364,53.72932],[32.48202,53.6928],[32.39884,53.65273],[32.42399,53.61793],[32.4184,53.58642],[32.49666,53.5308],[32.57911,53.50505],[32.59381,53.47565],[32.63138,53.49002],[32.65463,53.45861],[32.73602,53.45914],[32.73334,53.40532],[32.76732,53.38826],[32.71992,53.39146],[32.71277,53.32313],[32.66226,53.3369],[32.63625,53.31349],[32.59595,53.33318],[32.58169,53.30048],[32.55822,53.29056],[32.48152,53.29774],[32.49525,53.27892],[32.47179,53.23509],[32.41315,53.18348],[32.34249,53.17544],[32.3103,53.12448],[32.26647,53.11321],[32.2307,53.12233],[32.21191,53.09227],[32.18061,53.10247],[32.14215,53.07723],[32.0554,53.07239],[32.0071,53.09119],[31.92124,53.07669],[31.89888,53.10569],[31.83896,53.09925],[31.80587,53.11643],[31.78082,53.17222],[31.74684,53.19259],[31.63594,53.2183],[31.56886,53.17597],[31.45617,53.20277],[31.41592,53.19312],[31.40429,53.15131],[31.37925,53.13146],[31.4034,53.09979],[31.34616,53.08528],[31.33364,53.03153],[31.26924,53.03476],[31.25761,53.02185],[31.3712,52.97933],[31.38819,52.93407],[31.45706,52.88013],[31.54918,52.85529],[31.54471,52.81261],[31.60553,52.77259],[31.60821,52.75202],[31.5787,52.71682],[31.51162,52.69894],[31.57333,52.64525],[31.58317,52.59584],[31.66545,52.56758],[31.6413,52.55616],[31.64935,52.5442],[31.58853,52.52189],[31.6252,52.49522],[31.60284,52.45218],[31.6091,52.43037],[31.63951,52.42274],[31.63236,52.35778],[31.61179,52.32664],[31.66634,52.29],[31.72537,52.28343],[31.71106,52.20403],[31.8014,52.18703],[31.79603,52.15247],[31.81392,52.12503],[31.76383,52.10306],[31.66008,52.12228],[31.51251,52.12283],[31.42755,52.14699],[31.41324,52.12009],[31.35421,52.1102],[31.34258,52.06679],[31.31128,52.04864],[31.25314,52.05469],[31.23883,52.07613],[31.19143,52.08218],[31.1646,52.10416],[31.10199,52.08438],[31.00719,52.08712],[30.98662,52.06239],[30.97499,51.99305],[30.89271,52.01177],[30.88287,51.98644],[30.82205,51.95007],[30.82295,51.91643],[30.7183,51.88001],[30.70399,51.84742],[30.67358,51.82753],[30.67627,51.80486],[30.64049,51.78218],[30.65033,51.76226],[30.63781,51.72405],[30.58146,51.71407],[30.57878,51.68913],[30.54211,51.67915],[30.54569,51.65252],[30.57341,51.62477],[30.55374,51.60644],[30.56537,51.587],[30.54927,51.56754],[30.59399,51.55753],[30.59041,51.5364],[30.64921,51.47436],[30.60589,51.46043],[30.60449,51.43866],[30.64407,51.42109],[30.69773,51.35747],[30.64228,51.33233],[30.61992,51.2876],[30.5591,51.27697],[30.49918,51.29208],[30.48845,51.32171],[30.39454,51.33959],[30.34803,51.37813],[30.37486,51.39041],[30.36502,51.43782],[30.1942,51.52026],[30.12623,51.50579],[30.0341,51.51525],[30.0028,51.48185],[29.908,51.48185],[29.891,51.45232],[29.8597,51.44674],[29.78368,51.44842],[29.75148,51.50969],[29.71749,51.52304],[29.58513,51.46346],[29.54309,51.48742],[29.54577,51.46179],[29.51,51.40213],[29.43666,51.41663],[29.33291,51.38371],[29.31592,51.44117],[29.25152,51.48909],[29.26405,51.55475],[29.22738,51.57421],[29.16477,51.6442],[29.1281,51.6553],[29.01988,51.57254],[28.89556,51.5781],[28.80165,51.53473],[28.77063,51.49154],[28.78952,51.44946],[28.76822,51.42646],[28.74866,51.42559],[28.73329,51.45869],[28.69695,51.44127],[28.66202,51.50047],[28.65084,51.56567],[28.46637,51.58998],[28.36156,51.54047],[28.30706,51.60561],[28.26234,51.62036],[28.26374,51.67152],[28.17011,51.64205],[28.16731,51.61515],[28.0653,51.56132],[27.94638,51.56134],[27.96183,51.58162],[27.93207,51.57913],[27.91203,51.61539],[27.82903,51.62854],[27.81988,51.61682],[27.8359,51.59691],[27.81988,51.57699],[27.83762,51.53963],[27.79068,51.52645],[27.75165,51.47628],[27.69083,51.50245],[27.67205,51.52694],[27.72572,51.56754],[27.72393,51.59866],[27.52738,51.62707],[27.48801,51.71118],[27.4896,51.72694],[27.55956,51.75451],[27.54048,51.77616],[27.55797,51.81647],[27.50709,51.85479],[27.54245,51.89661],[27.52922,51.95309],[27.62793,52.01263],[27.62081,52.03705],[27.5394,52.07522],[27.5394,52.13772],[27.5628,52.17268],[27.54957,52.18453],[27.5801,52.20824],[27.5628,52.2419],[27.48547,52.28923],[27.42339,52.28861],[27.42644,52.30354],[27.39388,52.32345],[27.28154,52.32733],[27.2887,52.34961],[27.27437,52.36433],[27.29535,52.39133],[27.24186,52.41728],[27.18462,52.41837],[27.18014,52.45],[27.15063,52.45327],[27.14616,52.48759],[27.08355,52.49631],[27.0594,52.53767],[27.08713,52.54528],[27.08355,52.55725],[27.05314,52.59692],[27.08713,52.61268],[27.06388,52.64905],[27.0281,52.65773],[27.08176,52.70111],[27.04688,52.71899],[27.05404,52.74715],[27.03794,52.77421],[26.99233,52.76609],[26.97175,52.7439],[26.88232,52.77475],[26.82418,52.77042],[26.78483,52.79368],[26.75353,52.84719],[26.68287,52.84989],[26.60864,52.89092],[26.55408,52.83963],[26.52009,52.85151],[26.45391,52.80666],[26.39846,52.84503],[26.43602,52.8947],[26.46554,52.90819],[26.39309,52.98741],[26.46554,53.00894],[26.46375,53.0482],[26.52904,53.04498],[26.52278,53.08367],[26.48253,53.08851],[26.4718,53.11858],[26.39309,53.12394],[26.32601,53.18348],[26.27593,53.2017],[26.33764,53.23918],[26.34032,53.25631],[26.39399,53.26594],[26.40082,53.31568],[26.37591,53.32224],[26.36868,53.36116],[26.4107,53.37769],[26.55883,53.38686],[26.577,53.40352],[26.55029,53.44323],[26.55258,53.48787],[26.51365,53.50523],[26.54628,53.53212],[26.54227,53.55627],[26.51251,53.56001],[26.39935,53.65571],[26.36716,53.66154],[26.36268,53.69174],[26.30365,53.70339],[26.26877,53.74943],[26.27414,53.797],[26.23032,53.80122],[26.22405,53.82129],[26.25089,53.82762],[26.25089,53.85876],[26.37914,53.88953],[26.36537,53.91305],[26.42976,53.92885],[26.43781,53.9457],[26.40025,53.99095],[26.32959,53.97307],[26.33138,54.03194],[26.31707,54.04665],[26.18023,54.01776],[26.12925,54.10699],[26.14446,54.13896],[26.13551,54.14682],[26.09616,54.14158],[26.10242,54.12062],[26.06843,54.118],[26.02103,54.13215],[26.01388,54.14892]],[[26.68879,54.87692],[26.7074,54.85474],[26.728,54.86124],[26.72268,54.83484],[26.78781,54.79923],[26.83101,54.80919],[26.82436,54.82489],[26.86889,54.84824],[26.84961,54.87501],[26.79047,54.87616],[26.74594,54.89795],[26.70142,54.89833],[26.68879,54.87692]],[[26.97704,54.46631],[27.11743,54.46148],[27.15564,54.42671],[27.20299,54.41414],[27.17973,54.46873],[27.25865,54.49093],[27.30683,54.52758],[27.2844,54.53481],[27.16977,54.49624],[26.99781,54.50829],[26.97704,54.46631]]]}},{"type":"Feature","properties":{"territory_id":"CH-01","country_code":"CH","country_name":"Switzerland","display_name":"Swiss Plateau","strategic_centre":"Bern","centre":[7.4475,46.9481],"boundary_status":"administrative-comparison-draft","admin_source":"NUTS 2024 level 3","source_region_count":13,"label_anchor":[7.4475,46.9481],"label_anchor_adjusted":false},"geometry":{"type":"Polygon","coordinates":[[[5.95665,46.13136],[5.9829,46.20556],[6.11041,46.25326],[6.15541,46.36987],[6.0654,46.41492],[6.13666,46.55803],[6.13666,46.59248],[6.43667,46.76474],[6.45917,46.85219],[6.45917,46.9476],[6.61668,46.9953],[6.86044,47.16491],[6.94295,47.24176],[6.95795,47.28681],[7.0442,47.33982],[7.0217,47.36897],[6.89794,47.36897],[6.9392,47.43257],[6.9842,47.45112],[7.0067,47.49882],[7.13046,47.50413],[7.18671,47.44317],[7.38172,47.43257],[7.50923,47.50148],[7.50923,47.53858],[7.58798,47.58893],[7.71549,47.53858],[7.89549,47.58628],[7.92175,47.55448],[8.03425,47.55183],[8.21426,47.61543],[8.42802,47.56773],[8.51428,47.62868],[8.56303,47.59953],[8.53678,47.58098],[8.55178,47.55713],[8.59678,47.60483],[8.60803,47.66843],[8.66428,47.68698],[8.71679,47.64988],[8.80304,47.64193],[8.78429,47.58628],[8.88179,47.51738],[8.9718,47.31332],[8.92305,47.26296],[8.81804,47.24441],[8.80679,47.22056],[8.71679,47.19936],[8.62678,47.09335],[8.49177,47.10131],[8.43552,47.0748],[8.48427,47.0218],[8.46927,46.9953],[8.36802,47.0112],[8.22926,46.9741],[8.07925,46.89194],[8.04925,46.78859],[8.28176,46.75944],[8.36802,46.78859],[8.45052,46.76474],[8.40927,46.65343],[8.34552,46.57128],[8.25926,46.53153],[8.01925,46.55538],[7.72299,46.42287],[7.62923,46.43612],[7.51673,46.37517],[7.28421,46.35927],[7.22046,46.33012],[7.16796,46.26121],[7.0367,46.19496],[6.81919,46.42817],[6.51918,46.45202],[6.31292,46.39372],[6.21916,46.31157],[6.29791,46.24796],[6.29041,46.22941],[6.14041,46.14726],[5.95665,46.13136]]]}},{"type":"Feature","properties":{"territory_id":"CH-02","country_code":"CH","country_name":"Switzerland","display_name":"Alpine Switzerland","strategic_centre":"Chur","centre":[9.5333,46.85],"boundary_status":"administrative-comparison-draft","admin_source":"NUTS 2024 level 3","source_region_count":13,"label_anchor":[9.5333,46.85],"label_anchor_adjusted":false},"geometry":{"type":"MultiPolygon","coordinates":[[[[6.78169,46.34867],[6.81919,46.42817],[7.0367,46.19496],[7.16796,46.26121],[7.22046,46.33012],[7.28421,46.35927],[7.51673,46.37517],[7.62923,46.43612],[7.72299,46.42287],[8.01925,46.55538],[8.25926,46.53153],[8.34552,46.57128],[8.40927,46.65343],[8.45052,46.76474],[8.36802,46.78859],[8.28176,46.75944],[8.04925,46.78859],[8.07925,46.89194],[8.22926,46.9741],[8.36802,47.0112],[8.46927,46.9953],[8.48427,47.0218],[8.43552,47.0748],[8.49177,47.10131],[8.62678,47.09335],[8.71679,47.19936],[8.80679,47.22056],[8.81804,47.24441],[8.92305,47.26296],[8.9718,47.31332],[8.88179,47.51738],[8.78429,47.58628],[8.80304,47.64193],[8.71679,47.64988],[8.67178,47.68433],[8.71679,47.68963],[8.69053,47.70819],[8.60803,47.66843],[8.50678,47.64988],[8.42802,47.67108],[8.41677,47.70024],[8.51053,47.77709],[8.57803,47.80359],[8.61553,47.80094],[8.70554,47.75589],[8.72804,47.69228],[8.79554,47.67638],[8.78054,47.70819],[8.81429,47.72144],[8.85554,47.70024],[8.87429,47.65518],[9.0318,47.68433],[9.37682,47.62338],[9.50808,47.54918],[9.56058,47.54123],[9.57933,47.48027],[9.65058,47.44317],[9.65433,47.38487],[9.53058,47.27091],[9.48932,47.19141],[9.51558,47.12251],[9.51183,47.0854],[9.47432,47.05095],[9.60558,47.06155],[9.86059,47.01385],[9.89059,46.9317],[10.08935,46.84954],[10.21686,46.86809],[10.24686,46.9211],[10.31062,46.9317],[10.37437,46.9953],[10.47937,46.937],[10.46812,46.85484],[10.38937,46.67993],[10.40812,46.64548],[10.48312,46.61368],[10.45312,46.53153],[10.30312,46.55273],[10.23186,46.62693],[10.10811,46.60308],[10.05185,46.53683],[10.04435,46.46792],[10.0631,46.43347],[10.15686,46.40697],[10.11186,46.33807],[10.16436,46.25591],[10.11561,46.23206],[10.0556,46.23471],[9.93935,46.37782],[9.73309,46.33807],[9.70309,46.29831],[9.55683,46.30627],[9.46307,46.38842],[9.45557,46.49442],[9.41432,46.47587],[9.30182,46.49707],[9.26056,46.44407],[9.29056,46.32482],[9.24931,46.23471],[9.0168,46.03595],[9.0093,45.9538],[9.0768,45.89549],[9.0393,45.83984],[8.9118,45.82924],[8.9343,45.87694],[8.88929,45.9538],[8.79554,45.9962],[8.83679,46.07305],[8.75054,46.11281],[8.71304,46.0969],[8.61553,46.12606],[8.46177,46.24266],[8.43552,46.29301],[8.46177,46.43612],[8.38302,46.45202],[8.30802,46.41492],[8.29676,46.37517],[8.21426,46.31687],[8.10551,46.27446],[8.15426,46.19231],[8.15051,46.14991],[8.038,46.09425],[7.99675,46.0068],[7.89549,45.9856],[7.86549,45.9167],[7.56173,45.97765],[7.39672,45.90345],[7.29546,45.91405],[7.18671,45.86634],[7.11171,45.86899],[7.0442,45.922],[6.9467,46.0492],[6.89419,46.0545],[6.89044,46.11811],[6.80044,46.15521],[6.85294,46.27446],[6.78169,46.34867]]],[[[8.53678,47.58098],[8.59678,47.60483],[8.55178,47.55713],[8.53678,47.58098]]]]}},{"type":"Feature","properties":{"territory_id":"CY-01","country_code":"CY","country_name":"Cyprus","display_name":"Cyprus","strategic_centre":"Nicosia","centre":[33.365,35.1725],"boundary_status":"administrative-comparison-draft","admin_source":"NUTS 2024 level 3","source_region_count":1,"label_anchor":[33.365,35.1725],"label_anchor_adjusted":false},"geometry":{"type":"Polygon","coordinates":[[[32.25296,35.0644],[32.42547,35.08295],[32.63173,35.16776],[32.82674,35.19426],[33.00675,35.36122],[33.60678,35.36652],[33.9443,35.44867],[34.21806,35.55733],[34.27806,35.54673],[33.97805,35.26316],[33.9593,34.99285],[33.73429,34.9425],[33.51303,34.79674],[32.99175,34.61653],[32.66923,34.65893],[32.45172,34.76494],[32.33172,34.88684],[32.25296,35.0644]]]}},{"type":"Feature","properties":{"territory_id":"CZ-01","country_code":"CZ","country_name":"Czechia","display_name":"Bohemia and Prague","strategic_centre":"Prague","centre":[14.4214,50.0875],"boundary_status":"administrative-comparison-draft","admin_source":"NUTS 2024 level 3","source_region_count":8,"label_anchor":[14.4214,50.0875],"label_anchor_adjusted":false},"geometry":{"type":"Polygon","coordinates":[[[12.09945,50.31857],[12.17821,50.31327],[12.31697,50.17546],[12.41072,50.32122],[12.58323,50.40602],[12.70324,50.40602],[12.82324,50.45372],[12.947,50.40337],[13.01075,50.44577],[13.0445,50.50938],[13.18326,50.50673],[13.25451,50.58623],[13.30702,50.58093],[13.38577,50.63393],[13.45327,50.60743],[13.50203,50.63393],[13.53953,50.70549],[13.65203,50.72934],[13.85454,50.73199],[13.9783,50.81149],[14.37582,50.9016],[14.38332,50.9334],[14.26706,50.99435],[14.31957,51.0553],[14.41332,51.02615],[14.49207,51.0447],[14.58958,50.9864],[14.57458,50.9228],[14.63833,50.9228],[14.61958,50.85654],[14.76959,50.82474],[14.82209,50.86979],[14.99085,50.87244],[15.0096,50.95725],[14.98335,50.99435],[15.01335,51.01555],[15.16336,51.01025],[15.27211,50.96785],[15.28336,50.9016],[15.38462,50.78234],[15.45587,50.80089],[15.80839,50.74789],[15.86839,50.67898],[15.9809,50.68163],[16.02215,50.61008],[16.10841,50.66308],[16.19091,50.63393],[16.24716,50.66573],[16.33717,50.65248],[16.42717,50.59948],[16.38217,50.51998],[16.21341,50.42722],[16.44592,50.30797],[16.54718,50.22051],[16.58093,50.14366],[16.49092,50.15956],[16.30342,50.04825],[16.23216,50.0403],[15.96215,50.15956],[15.83089,50.13836],[15.77089,50.16486],[15.69963,50.13041],[15.57963,50.14101],[15.43712,50.10921],[15.38462,50.0403],[15.52713,49.9555],[15.49712,49.86009],[15.41462,49.79914],[15.22711,49.74614],[15.18586,49.69048],[15.23086,49.62688],[15.15961,49.59773],[15.0096,49.60038],[14.93085,49.55003],[14.89709,49.38572],[14.92335,49.31947],[14.97585,49.28501],[15.09585,49.26646],[15.15211,49.22141],[15.33212,49.21081],[15.40337,49.13131],[15.54213,49.12336],[15.58713,49.09155],[15.51588,49.00145],[15.58713,48.94845],[15.54213,48.9087],[15.36212,48.98025],[15.18211,48.95375],[15.12586,48.99615],[15.0096,49.01205],[14.98335,48.96965],[14.9646,48.77354],[14.81834,48.77354],[14.73209,48.68873],[14.69083,48.58538],[14.61583,48.61983],[14.54458,48.60923],[14.47332,48.63573],[14.33082,48.55888],[14.09455,48.59333],[14.0233,48.63838],[14.04205,48.66223],[14.01205,48.69933],[13.83954,48.77089],[13.73454,48.87689],[13.55078,48.967],[13.49077,48.9511],[13.41577,48.98025],[13.35202,49.08095],[13.19826,49.13131],[13.17201,49.17371],[12.9545,49.33802],[12.78949,49.35127],[12.63198,49.47582],[12.63573,49.51823],[12.59448,49.54208],[12.51573,49.67988],[12.40322,49.75939],[12.46322,49.78854],[12.54948,49.90515],[12.49322,49.93695],[12.47822,49.97935],[12.26071,50.05885],[12.15946,50.22051],[12.10696,50.24701],[12.12946,50.28146],[12.09945,50.31857]]]}},{"type":"Feature","properties":{"territory_id":"CZ-02","country_code":"CZ","country_name":"Czechia","display_name":"Moravia and Silesia","strategic_centre":"Brno","centre":[16.6083,49.1925],"boundary_status":"administrative-comparison-draft","admin_source":"NUTS 2024 level 3","source_region_count":6,"label_anchor":[16.6083,49.1925],"label_anchor_adjusted":false},"geometry":{"type":"Polygon","coordinates":[[[14.89709,49.38572],[14.93085,49.55003],[15.0096,49.60038],[15.15961,49.59773],[15.23086,49.62688],[15.18586,49.69048],[15.22711,49.74614],[15.41462,49.79914],[15.49712,49.86009],[15.52713,49.9555],[15.38462,50.0403],[15.43712,50.10921],[15.57963,50.14101],[15.69963,50.13041],[15.77089,50.16486],[15.83089,50.13836],[15.96215,50.15956],[16.23216,50.0403],[16.30342,50.04825],[16.49092,50.15956],[16.70469,50.10391],[16.86219,50.19931],[17.01595,50.23111],[17.0047,50.29206],[16.87344,50.40867],[16.9072,50.44842],[17.19221,50.37952],[17.42847,50.25496],[17.61973,50.27086],[17.71349,50.31592],[17.73974,50.29736],[17.75474,50.22051],[17.61598,50.16751],[17.62723,50.12776],[17.72474,50.09595],[17.78099,50.02705],[17.87474,49.9767],[18.03225,50.01115],[18.0135,50.04825],[18.036,50.0668],[18.12976,49.9979],[18.20101,49.9873],[18.31352,49.9237],[18.39977,49.9396],[18.57603,49.91045],[18.57978,49.82564],[18.62478,49.73289],[18.80104,49.66928],[18.84979,49.51823],[18.75229,49.49437],[18.57228,49.50498],[18.46727,49.40692],[18.40352,49.39632],[18.39227,49.34597],[18.16726,49.26646],[18.0735,49.04385],[17.931,49.01735],[17.87849,48.93255],[17.78849,48.92195],[17.64598,48.85304],[17.39847,48.81329],[17.18471,48.86629],[17.03845,48.75764],[16.94095,48.61718],[16.89594,48.71259],[16.69343,48.73379],[16.65593,48.77884],[16.54718,48.80534],[16.46467,48.80269],[16.40467,48.74439],[16.33717,48.73114],[16.06715,48.75499],[15.83464,48.86894],[15.75214,48.85304],[15.54213,48.9087],[15.58713,48.94845],[15.51588,49.00145],[15.58713,49.09155],[15.54213,49.12336],[15.40337,49.13131],[15.33212,49.21081],[15.15211,49.22141],[15.09585,49.26646],[14.97585,49.28501],[14.92335,49.31947],[14.89709,49.38572]]]}},{"type":"Feature","properties":{"territory_id":"DE-01","country_code":"DE","country_name":"Germany","display_name":"Northern Germany","strategic_centre":"Hamburg","centre":[10,53.55],"boundary_status":"administrative-comparison-draft","admin_source":"NUTS 2024 level 3","source_region_count":64,"label_anchor":[10,53.55],"label_anchor_adjusted":false},"geometry":{"type":"MultiPolygon","coordinates":[[[[6.65418,53.58883],[6.72169,53.62063],[6.77419,53.60738],[6.72544,53.56763],[6.65418,53.58883]]],[[[6.84544,53.64448],[6.89419,53.66568],[6.9242,53.64978],[6.89419,53.61533],[6.84544,53.64448]]],[[[6.9992,53.36092],[7.04795,53.51728],[7.11921,53.53583],[7.10046,53.57558],[7.16421,53.63123],[7.34047,53.68423],[7.55048,53.67628],[7.80924,53.70809],[7.993,53.71074],[8.13926,53.59678],[8.14676,53.52523],[8.0605,53.50668],[8.08675,53.45632],[8.19551,53.40862],[8.25176,53.41127],[8.29676,53.44837],[8.29676,53.50668],[8.24801,53.54643],[8.30427,53.60208],[8.55178,53.51728],[8.56303,53.54908],[8.52178,53.59148],[8.48802,53.70014],[8.55553,53.82469],[8.61928,53.88034],[8.67553,53.88829],[8.80679,53.83264],[9.02805,53.82469],[9.09555,53.86179],[9.27556,53.85384],[9.55683,53.60473],[9.77059,53.54378],[9.58308,53.61268],[9.51933,53.71339],[9.42557,53.75314],[9.34682,53.84854],[9.19681,53.88829],[8.9793,53.89624],[8.90805,53.936],[8.84054,54.02345],[8.97555,54.0632],[8.93055,54.12151],[8.85929,54.12681],[8.82179,54.16126],[8.84429,54.26461],[8.66803,54.28846],[8.61178,54.32822],[8.67928,54.35472],[8.67553,54.39447],[8.88179,54.41037],[8.99805,54.47132],[8.9793,54.51373],[8.88929,54.46602],[8.81804,54.47397],[8.87429,54.57468],[8.87429,54.60913],[8.75804,54.68333],[8.61928,54.83439],[8.60803,54.87679],[8.63428,54.91125],[9.11431,54.87414],[9.21931,54.85294],[9.27931,54.80789],[9.42182,54.83174],[9.49307,54.82379],[9.57558,54.86089],[9.85309,54.75754],[9.9356,54.78669],[10.02935,54.63563],[9.94685,54.48722],[10.11561,54.47662],[10.16811,54.43157],[10.17561,54.34677],[10.23186,54.41037],[10.34062,54.43422],[10.71189,54.30437],[10.9294,54.37327],[11.0719,54.38652],[11.0794,54.42627],[11.02315,54.46602],[11.0794,54.52433],[11.21066,54.50313],[11.28941,54.42892],[11.14691,54.39447],[11.0944,54.35207],[11.0644,54.19041],[10.78689,54.07115],[10.77564,54.0314],[10.90315,53.9572],[11.04565,54.0049],[11.16941,54.01285],[11.26691,53.93865],[11.33442,53.9519],[11.44317,53.9148],[11.47692,53.9572],[11.39817,53.97045],[11.38692,53.99695],[11.56318,54.02875],[11.67943,54.14801],[11.9982,54.17451],[12.12196,54.16656],[12.20071,54.24341],[12.28696,54.27521],[12.36197,54.20366],[12.39197,54.12151],[12.80824,54.0049],[12.74449,53.83264],[12.63948,53.75579],[12.63948,53.65508],[12.47822,53.68158],[12.41447,53.66568],[12.39572,53.58088],[12.30572,53.56763],[12.29821,53.51993],[12.33197,53.47222],[12.29071,53.37947],[12.33197,53.31852],[12.06945,53.36092],[12.0057,53.30262],[11.76194,53.22311],[11.61568,53.23371],[11.57068,53.20986],[11.52193,53.12771],[11.26691,53.12241],[11.33817,53.06145],[11.44692,53.0747],[11.59693,53.03495],[11.51068,52.9952],[11.50318,52.9422],[11.58943,52.88124],[11.50318,52.83089],[11.52943,52.74609],[11.45817,52.63743],[11.57068,52.59238],[11.58568,52.45987],[11.55193,52.41217],[11.47317,52.39627],[11.38317,52.42807],[11.13941,52.43867],[11.05315,52.49962],[10.93315,52.47047],[11.0494,52.37772],[11.0194,52.32737],[11.0569,52.23991],[11.0419,52.15776],[10.96315,52.05705],[10.67438,52.0438],[10.56188,52.00405],[10.60688,51.9696],[10.63688,51.89274],[10.58438,51.83974],[10.58438,51.79204],[10.70064,51.64098],[10.67813,51.63833],[10.60313,51.67278],[10.50188,51.67278],[10.47187,51.76819],[10.30312,51.77614],[10.23561,51.82649],[10.15311,51.79469],[10.06685,51.9272],[10.0181,51.94045],[9.98435,51.906],[9.89434,51.906],[9.71434,51.87154],[9.45557,51.70194],[9.41807,51.64628],[9.38807,51.65688],[9.38807,51.74434],[9.43307,51.79204],[9.42932,51.83974],[9.32432,51.85564],[9.33557,51.89009],[9.26431,51.9696],[9.19681,51.97225],[9.13306,52.13126],[9.02055,52.14451],[8.9943,52.18956],[8.79929,52.17366],[8.72054,52.24256],[8.46552,52.26641],[8.44302,52.35387],[8.33052,52.40157],[8.29676,52.45722],[8.30802,52.49962],[8.15426,52.44132],[8.07175,52.44927],[8.03425,52.54468],[8.07925,52.62418],[8.01925,52.68513],[7.84299,52.70634],[7.68923,52.67983],[7.64798,52.72224],[7.70049,52.76464],[7.70049,52.82559],[7.82049,52.91835],[7.61048,53.0588],[7.54673,53.04025],[7.46797,53.0853],[7.20171,53.11446],[7.20921,53.24431],[7.25421,53.30527],[7.30297,53.32382],[7.04045,53.33707],[6.9992,53.36092]]],[[[7.16796,53.71074],[7.21671,53.73459],[7.25796,53.71339],[7.21671,53.69218],[7.16796,53.71074]]],[[[7.44547,53.73724],[7.49047,53.76639],[7.53923,53.75579],[7.49422,53.72134],[7.44547,53.73724]]],[[[7.65923,53.76904],[7.70799,53.79289],[7.75299,53.77169],[7.71174,53.74784],[7.65923,53.76904]]],[[[8.25551,54.75754],[8.28176,54.80259],[8.31552,54.78404],[8.30427,54.74164],[8.25551,54.75754]]],[[[8.27426,54.85294],[8.33802,54.9722],[8.37552,54.9086],[8.43177,54.86884],[8.41302,54.85559],[8.27426,54.85294]]],[[[8.28926,54.66743],[8.34177,54.69658],[8.39802,54.61443],[8.36052,54.61443],[8.28926,54.66743]]],[[[8.36427,55.0305],[8.41302,55.05435],[8.45427,55.03315],[8.42052,55.0093],[8.36427,55.0305]]],[[[8.39802,54.72574],[8.51053,54.76549],[8.61178,54.70984],[8.53303,54.66743],[8.39802,54.72574]]],[[[8.57053,54.51638],[8.67928,54.55083],[8.70554,54.54288],[8.66428,54.48457],[8.61178,54.48457],[8.57053,54.51638]]],[[[11.51068,54.0738],[11.55193,54.10296],[11.58943,54.10031],[11.54818,54.04995],[11.51068,54.0738]]]]}},{"type":"Feature","properties":{"territory_id":"DE-02","country_code":"DE","country_name":"Germany","display_name":"Rhine-Ruhr","strategic_centre":"Dusseldorf","centre":[6.7735,51.2277],"boundary_status":"administrative-comparison-draft","admin_source":"NUTS 2024 level 3","source_region_count":60,"label_anchor":[6.7735,51.2277],"label_anchor_adjusted":false},"geometry":{"type":"Polygon","coordinates":[[[5.87789,51.03145],[5.9004,51.05795],[5.9604,51.04735],[6.17416,51.18516],[6.0879,51.17986],[6.0729,51.24346],[6.22291,51.36537],[6.20791,51.51643],[6.10666,51.60123],[6.10291,51.65423],[5.9529,51.74699],[5.97915,51.77084],[5.96415,51.82914],[6.06165,51.85829],[6.15166,51.84504],[6.14416,51.89274],[6.16666,51.9007],[6.40667,51.82914],[6.41792,51.85829],[6.77044,51.9219],[6.81919,51.9908],[6.69543,52.05175],[6.75919,52.11801],[6.85294,52.12596],[6.9917,52.22136],[7.0667,52.24256],[7.0367,52.28761],[7.06295,52.37772],[6.98795,52.44927],[6.69918,52.48637],[6.69543,52.54468],[6.72919,52.57383],[6.71044,52.62683],[6.80419,52.65068],[7.0067,52.64008],[7.0517,52.65598],[7.09295,52.83884],[7.20171,52.9846],[7.20171,53.11446],[7.46797,53.0853],[7.54673,53.04025],[7.61048,53.0588],[7.82049,52.91835],[7.70049,52.82559],[7.70049,52.76464],[7.64798,52.72224],[7.68923,52.67983],[7.84299,52.70634],[8.01925,52.68513],[8.07925,52.62418],[8.03425,52.54468],[8.07175,52.44927],[8.15426,52.44132],[8.30802,52.49962],[8.29676,52.45722],[8.33052,52.40157],[8.44302,52.35387],[8.46552,52.26641],[8.72054,52.24256],[8.79929,52.17366],[8.9943,52.18956],[9.02055,52.14451],[9.13306,52.13126],[9.19681,51.97225],[9.26431,51.9696],[9.33557,51.89009],[9.32432,51.85564],[9.42932,51.83974],[9.43307,51.79204],[9.38807,51.74434],[9.38807,51.65688],[9.44057,51.65158],[9.36182,51.61448],[9.30557,51.52173],[9.15556,51.44222],[9.09555,51.45282],[9.05055,51.50583],[8.9718,51.50583],[8.9043,51.47932],[8.93055,51.39717],[8.69428,51.37067],[8.57803,51.29116],[8.59303,51.25671],[8.71679,51.26731],[8.75054,51.19046],[8.67928,51.10566],[8.54803,51.10301],[8.47302,51.14541],[8.33802,51.0977],[8.24051,51.10566],[8.20301,51.02085],[7.978,51.03145],[7.91425,50.9334],[7.85049,50.92545],[7.84299,50.88569],[7.96675,50.83004],[8.038,50.69753],[7.86549,50.69223],[7.73049,50.72934],[7.70049,50.62333],[7.67798,50.59683],[7.68923,50.53323],[7.59923,50.46432],[7.49422,50.41397],[7.34422,50.47757],[7.26921,50.40602],[7.07045,50.39542],[6.9842,50.34772],[7.00295,50.33182],[6.98795,50.30532],[7.07045,50.27881],[7.04045,50.23641],[6.96545,50.21256],[6.98045,50.0986],[6.92045,50.08005],[6.84919,50.12511],[6.69918,50.08535],[6.71044,49.90515],[6.47417,49.82034],[6.32792,49.84419],[6.24541,49.89719],[6.12541,50.0297],[6.13666,50.13041],[6.19666,50.24171],[6.31292,50.31327],[6.40667,50.32387],[6.35417,50.37952],[6.36542,50.44577],[6.31667,50.49612],[6.19291,50.51998],[6.18916,50.56503],[6.25666,50.62333],[6.0204,50.75319],[6.0204,50.83269],[6.0804,50.87509],[6.0879,50.9122],[6.0279,50.93605],[6.01665,50.97845],[5.9229,50.98375],[5.87789,51.03145]]]}},{"type":"Feature","properties":{"territory_id":"DE-03","country_code":"DE","country_name":"Germany","display_name":"Central Germany","strategic_centre":"Frankfurt","centre":[8.6822,50.1106],"boundary_status":"administrative-comparison-draft","admin_source":"NUTS 2024 level 3","source_region_count":101,"label_anchor":[8.6822,50.1106],"label_anchor_adjusted":false},"geometry":{"type":"MultiPolygon","coordinates":[[[[6.36542,49.47052],[6.38042,49.55003],[6.43292,49.66133],[6.50043,49.71699],[6.51168,49.78324],[6.47417,49.82034],[6.71044,49.90515],[6.69918,50.08535],[6.84919,50.12511],[6.92045,50.08005],[6.98045,50.0986],[6.96545,50.21256],[7.04045,50.23641],[7.07045,50.27881],[6.98795,50.30532],[7.00295,50.33182],[6.9842,50.34772],[7.07045,50.39542],[7.26921,50.40602],[7.34422,50.47757],[7.49422,50.41397],[7.59923,50.46432],[7.68923,50.53323],[7.67798,50.59683],[7.70049,50.62333],[7.73049,50.72934],[7.86549,50.69223],[8.038,50.69753],[7.96675,50.83004],[7.84299,50.88569],[7.85049,50.92545],[7.91425,50.9334],[7.978,51.03145],[8.20301,51.02085],[8.24051,51.10566],[8.33802,51.0977],[8.47302,51.14541],[8.54803,51.10301],[8.67928,51.10566],[8.75054,51.19046],[8.71679,51.26731],[8.59303,51.25671],[8.57803,51.29116],[8.69428,51.37067],[8.93055,51.39717],[8.9043,51.47932],[8.9718,51.50583],[9.05055,51.50583],[9.09555,51.45282],[9.15556,51.44222],[9.30557,51.52173],[9.36182,51.61448],[9.44057,51.65158],[9.41807,51.64628],[9.45557,51.70194],[9.71434,51.87154],[9.89434,51.906],[9.98435,51.906],[10.0181,51.94045],[10.06685,51.9272],[10.15311,51.79469],[10.23561,51.82649],[10.30312,51.77614],[10.47187,51.76819],[10.50188,51.67278],[10.60313,51.67278],[10.67813,51.63833],[10.9144,51.61713],[10.89189,51.57208],[10.9369,51.53233],[10.97815,51.42632],[10.52438,51.37067],[10.50188,51.32827],[10.60688,51.31502],[10.71939,51.21961],[10.9219,51.20636],[10.9819,51.21166],[11.07565,51.31237],[11.18816,51.24876],[11.38692,51.24611],[11.38317,51.21431],[11.46192,51.18781],[11.48442,51.10566],[11.69818,51.0871],[11.66068,51.03675],[11.50693,50.9599],[11.50318,50.9069],[11.42442,50.80884],[11.54443,50.75054],[11.86694,50.78764],[11.9157,50.75849],[11.87444,50.70549],[11.87444,50.65778],[11.9457,50.59153],[11.88569,50.53588],[11.94945,50.49347],[11.91945,50.42457],[12.0132,50.34242],[12.09945,50.31857],[12.12946,50.28146],[12.10696,50.24701],[12.15946,50.22051],[12.08445,50.22051],[12.0057,50.17811],[11.9532,50.19136],[11.78819,50.10391],[11.67943,50.12511],[11.61193,50.0244],[11.42817,49.982],[11.38692,49.94225],[11.25566,50.00055],[11.19941,49.9025],[11.23691,49.87069],[11.21441,49.84154],[11.12441,49.83889],[11.0719,49.79914],[10.80564,49.74614],[10.71564,49.78059],[10.65563,49.72229],[10.63688,49.74084],[10.55063,49.75674],[10.38187,49.71964],[10.36312,49.62688],[10.22436,49.62688],[10.16436,49.59773],[10.11186,49.62158],[10.0781,49.58713],[10.08185,49.54473],[10.11936,49.47317],[10.10811,49.45197],[10.14936,49.39897],[10.11186,49.38572],[9.85684,49.36717],[9.60558,49.42547],[9.50433,49.47317],[9.53058,49.52618],[9.50808,49.58448],[9.53808,49.62953],[9.41057,49.66398],[9.29431,49.64543],[9.23056,49.58183],[9.10306,49.57653],[9.0318,49.43607],[8.9493,49.38042],[9.05055,49.29296],[8.87804,49.18166],[8.48802,49.29031],[8.46927,49.36187],[8.41677,49.37247],[8.38302,49.34597],[8.41302,49.30357],[8.46552,49.28236],[8.41302,49.25056],[8.31927,49.29561],[8.31927,49.30887],[8.21801,49.29826],[8.0005,49.34332],[7.93675,49.30887],[7.86924,49.31417],[7.90675,49.17106],[7.86549,49.13396],[7.9105,49.04385],[7.63673,49.05445],[7.52798,49.10216],[7.47922,49.16576],[7.37047,49.16046],[7.29546,49.12071],[7.19421,49.11806],[7.10046,49.15516],[7.05545,49.12336],[7.0217,49.18961],[6.9317,49.21611],[6.84919,49.20816],[6.83044,49.15781],[6.75169,49.16576],[6.72169,49.18431],[6.72169,49.21876],[6.59043,49.32742],[6.55668,49.42017],[6.44792,49.46787],[6.36542,49.47052]],[[7.50548,49.20551],[7.59923,49.16046],[7.67423,49.19226],[7.59548,49.23466],[7.50548,49.20551]],[[8.59303,49.41487],[8.61553,49.35922],[8.65303,49.34597],[8.72804,49.36187],[8.79179,49.41752],[8.75054,49.45462],[8.59303,49.41487]]],[[[9.09555,49.52883],[9.11806,49.53413],[9.12556,49.51558],[9.10681,49.50763],[9.09555,49.52883]]]]}},{"type":"Feature","properties":{"territory_id":"DE-04","country_code":"DE","country_name":"Germany","display_name":"Eastern Germany and Berlin","strategic_centre":"Berlin","centre":[13.405,52.52],"boundary_status":"administrative-comparison-draft","admin_source":"NUTS 2024 level 3","source_region_count":54,"label_anchor":[13.405,52.52],"label_anchor_adjusted":false},"geometry":{"type":"MultiPolygon","coordinates":[[[[10.50188,51.32827],[10.52438,51.37067],[10.97815,51.42632],[10.9369,51.53233],[10.89189,51.57208],[10.9144,51.61713],[10.70064,51.64098],[10.58438,51.79204],[10.58438,51.83974],[10.63688,51.89274],[10.60688,51.9696],[10.56188,52.00405],[10.67438,52.0438],[10.96315,52.05705],[11.0419,52.15776],[11.0569,52.23991],[11.0194,52.32737],[11.0494,52.37772],[10.93315,52.47047],[11.05315,52.49962],[11.13941,52.43867],[11.38317,52.42807],[11.47317,52.39627],[11.55193,52.41217],[11.58568,52.45987],[11.57068,52.59238],[11.45817,52.63743],[11.52943,52.74609],[11.50318,52.83089],[11.58943,52.88124],[11.50318,52.9422],[11.51068,52.9952],[11.59693,53.03495],[11.44692,53.0747],[11.33817,53.06145],[11.26691,53.12241],[11.52193,53.12771],[11.57068,53.20986],[11.61568,53.23371],[11.76194,53.22311],[12.0057,53.30262],[12.06945,53.36092],[12.33197,53.31852],[12.29071,53.37947],[12.33197,53.47222],[12.29821,53.51993],[12.30572,53.56763],[12.39572,53.58088],[12.41447,53.66568],[12.47822,53.68158],[12.63948,53.65508],[12.63948,53.75579],[12.74449,53.83264],[12.80824,54.0049],[12.39197,54.12151],[12.36197,54.20366],[12.28696,54.27521],[12.41447,54.28051],[12.47447,54.31497],[12.50073,54.35472],[12.47072,54.41037],[12.54198,54.46602],[12.977,54.42362],[13.12701,54.33617],[13.18326,54.39182],[13.16076,54.49252],[13.23576,54.46867],[13.23576,54.52963],[13.31827,54.66213],[13.37452,54.65683],[13.37827,54.55348],[13.47577,54.47397],[13.50953,54.48722],[13.50953,54.55613],[13.63703,54.55083],[13.61078,54.45277],[13.70454,54.36267],[13.70829,54.32027],[13.49452,54.32292],[13.32952,54.22751],[13.31827,54.19306],[13.47202,54.10296],[13.67078,54.15861],[13.80954,54.16126],[13.9108,54.06585],[13.89579,54.02875],[13.80579,54.0102],[13.9033,53.90155],[13.9258,53.9731],[14.0233,53.97045],[14.03455,54.02875],[14.22581,53.92805],[14.21456,53.86709],[14.0458,53.86444],[13.96705,53.81939],[14.26706,53.69748],[14.43957,53.25491],[14.37957,53.18336],[14.34207,53.0535],[14.14331,52.96075],[14.15831,52.89449],[14.14331,52.83089],[14.34582,52.74874],[14.43582,52.67983],[14.56333,52.62418],[14.62708,52.57648],[14.62333,52.48637],[14.53333,52.39627],[14.60083,52.27171],[14.70209,52.24256],[14.68333,52.12596],[14.75459,52.0703],[14.71709,52.0014],[14.70209,51.9166],[14.60083,51.83179],[14.74709,51.66748],[14.75834,51.61183],[14.72834,51.58268],[14.73959,51.53233],[14.9496,51.46342],[14.97585,51.36272],[15.02835,51.28056],[14.99835,51.12951],[14.90085,50.95195],[14.76959,50.82474],[14.61958,50.85654],[14.63833,50.9228],[14.57458,50.9228],[14.58958,50.9864],[14.49207,51.0447],[14.41332,51.02615],[14.31957,51.0553],[14.26706,50.99435],[14.38332,50.9334],[14.37582,50.9016],[13.9783,50.81149],[13.85454,50.73199],[13.65203,50.72934],[13.53953,50.70549],[13.50203,50.63393],[13.45327,50.60743],[13.38577,50.63393],[13.30702,50.58093],[13.25451,50.58623],[13.18326,50.50673],[13.0445,50.50938],[13.01075,50.44577],[12.947,50.40337],[12.82324,50.45372],[12.70324,50.40602],[12.58323,50.40602],[12.41072,50.32122],[12.31697,50.17546],[12.17821,50.31327],[12.0132,50.34242],[11.91945,50.42457],[11.94945,50.49347],[11.88569,50.53588],[11.9457,50.59153],[11.87444,50.65778],[11.87444,50.70549],[11.9157,50.75849],[11.86694,50.78764],[11.54443,50.75054],[11.42442,50.80884],[11.50318,50.9069],[11.50693,50.9599],[11.66068,51.03675],[11.69818,51.0871],[11.48442,51.10566],[11.46192,51.18781],[11.38317,51.21431],[11.38692,51.24611],[11.18816,51.24876],[11.07565,51.31237],[10.9819,51.21166],[10.9219,51.20636],[10.71939,51.21961],[10.60688,51.31502],[10.50188,51.32827]]],[[[12.35447,54.31497],[12.39947,54.36797],[12.41822,54.37062],[12.42197,54.33882],[12.38072,54.30702],[12.35447,54.31497]]],[[[13.07075,54.52963],[13.10451,54.57733],[13.13826,54.55348],[13.10826,54.52168],[13.07075,54.52963]]]]}},{"type":"Feature","properties":{"territory_id":"DE-05","country_code":"DE","country_name":"Germany","display_name":"Southwest Germany","strategic_centre":"Stuttgart","centre":[9.18,48.7775],"boundary_status":"administrative-comparison-draft","admin_source":"NUTS 2024 level 3","source_region_count":56,"label_anchor":[9.18,48.7775],"label_anchor_adjusted":false},"geometry":{"type":"MultiPolygon","coordinates":[[[[7.50548,49.20551],[7.59548,49.23466],[7.67423,49.19226],[7.59923,49.16046],[7.50548,49.20551]]],[[[7.52048,47.68168],[7.54673,47.74264],[7.53548,47.79299],[7.61048,47.97055],[7.57298,48.0421],[7.57673,48.11896],[7.73799,48.33892],[7.81674,48.60393],[8.0905,48.81064],[8.16926,48.92725],[8.23301,48.967],[7.9105,49.04385],[7.86549,49.13396],[7.90675,49.17106],[7.86924,49.31417],[7.93675,49.30887],[8.0005,49.34332],[8.21801,49.29826],[8.31927,49.30887],[8.31927,49.29561],[8.41302,49.25056],[8.46552,49.28236],[8.41302,49.30357],[8.38302,49.34597],[8.41677,49.37247],[8.46927,49.36187],[8.48802,49.29031],[8.87804,49.18166],[9.05055,49.29296],[8.9493,49.38042],[9.0318,49.43607],[9.10306,49.57653],[9.23056,49.58183],[9.29431,49.64543],[9.41057,49.66398],[9.53808,49.62953],[9.50808,49.58448],[9.53058,49.52618],[9.50433,49.47317],[9.60558,49.42547],[9.85684,49.36717],[10.14936,49.39897],[10.10811,49.45197],[10.11936,49.47317],[10.08185,49.54473],[10.0781,49.58713],[10.11186,49.62158],[10.16436,49.59773],[10.22436,49.62688],[10.36312,49.62688],[10.38187,49.71964],[10.55063,49.75674],[10.63688,49.74084],[10.65563,49.72229],[10.71564,49.78059],[10.80564,49.74614],[11.0719,49.79914],[11.12441,49.83889],[11.21441,49.84154],[11.23691,49.87069],[11.37942,49.76734],[11.36817,49.66663],[11.19941,49.55533],[11.17691,49.47317],[11.03065,49.53413],[10.9894,49.53678],[11.01565,49.47582],[10.9894,49.43607],[11.01565,49.40692],[10.99315,49.38042],[10.86939,49.35657],[10.9069,49.25851],[10.83939,49.19756],[10.74939,49.19491],[10.66688,49.13661],[10.65188,49.10216],[10.67813,49.0571],[10.64063,49.01735],[10.57688,49.03325],[10.40812,48.9776],[10.44937,48.91665],[10.42312,48.74439],[10.48687,48.69668],[10.35937,48.66488],[10.27311,48.69403],[10.31062,48.54828],[10.27686,48.51648],[10.23186,48.51118],[10.13436,48.45552],[10.17186,48.43697],[10.17936,48.38397],[10.27311,48.32302],[10.27311,48.23026],[10.19811,48.13486],[10.13811,48.10836],[10.11561,47.97585],[10.0931,47.9573],[10.11186,47.9361],[10.08935,47.86189],[10.13061,47.81949],[10.08185,47.79299],[10.13061,47.69758],[10.0781,47.63928],[10.05935,47.58893],[9.96935,47.54653],[9.85309,47.53593],[9.78934,47.58893],[9.69933,47.52798],[9.56058,47.54123],[9.50808,47.54918],[9.37682,47.62338],[9.0318,47.68433],[8.87429,47.65518],[8.85554,47.70024],[8.81429,47.72144],[8.78054,47.70819],[8.79554,47.67638],[8.72804,47.69228],[8.70554,47.75589],[8.61553,47.80094],[8.57803,47.80359],[8.51053,47.77709],[8.41677,47.70024],[8.42802,47.67108],[8.50678,47.64988],[8.60803,47.66843],[8.59678,47.60483],[8.56303,47.59953],[8.51428,47.62868],[8.42802,47.56773],[8.21426,47.61543],[8.03425,47.55183],[7.92175,47.55448],[7.89549,47.58628],[7.71549,47.53858],[7.58798,47.58893],[7.52048,47.68168]],[[9.09555,49.52883],[9.10681,49.50763],[9.12556,49.51558],[9.11806,49.53413],[9.09555,49.52883]]],[[[8.59303,49.41487],[8.75054,49.45462],[8.79179,49.41752],[8.72804,49.36187],[8.65303,49.34597],[8.61553,49.35922],[8.59303,49.41487]]],[[[8.66428,47.68698],[8.69053,47.70819],[8.71679,47.68963],[8.66428,47.68698]]]]}},{"type":"Feature","properties":{"territory_id":"DE-06","country_code":"DE","country_name":"Germany","display_name":"Bavaria","strategic_centre":"Munich","centre":[11.575,48.1375],"boundary_status":"administrative-comparison-draft","admin_source":"NUTS 2024 level 3","source_region_count":65,"label_anchor":[11.575,48.1375],"label_anchor_adjusted":false},"geometry":{"type":"Polygon","coordinates":[[[9.96935,47.54653],[10.05935,47.58893],[10.0781,47.63928],[10.13061,47.69758],[10.08185,47.79299],[10.13061,47.81949],[10.08935,47.86189],[10.11186,47.9361],[10.0931,47.9573],[10.11561,47.97585],[10.13811,48.10836],[10.19811,48.13486],[10.27311,48.23026],[10.27311,48.32302],[10.17936,48.38397],[10.17186,48.43697],[10.13436,48.45552],[10.23186,48.51118],[10.27686,48.51648],[10.31062,48.54828],[10.27311,48.69403],[10.35937,48.66488],[10.48687,48.69668],[10.42312,48.74439],[10.44937,48.91665],[10.40812,48.9776],[10.57688,49.03325],[10.64063,49.01735],[10.67813,49.0571],[10.65188,49.10216],[10.66688,49.13661],[10.74939,49.19491],[10.83939,49.19756],[10.9069,49.25851],[10.86939,49.35657],[10.99315,49.38042],[11.01565,49.40692],[10.9894,49.43607],[11.01565,49.47582],[10.9894,49.53678],[11.03065,49.53413],[11.17691,49.47317],[11.19941,49.55533],[11.36817,49.66663],[11.37942,49.76734],[11.19941,49.9025],[11.25566,50.00055],[11.38692,49.94225],[11.42817,49.982],[11.61193,50.0244],[11.67943,50.12511],[11.78819,50.10391],[11.9532,50.19136],[12.0057,50.17811],[12.08445,50.22051],[12.15946,50.22051],[12.26071,50.05885],[12.47822,49.97935],[12.49322,49.93695],[12.54948,49.90515],[12.46322,49.78854],[12.40322,49.75939],[12.51573,49.67988],[12.59448,49.54208],[12.63573,49.51823],[12.63198,49.47582],[12.78949,49.35127],[12.9545,49.33802],[13.17201,49.17371],[13.19826,49.13131],[13.35202,49.08095],[13.41577,48.98025],[13.49077,48.9511],[13.55078,48.967],[13.73454,48.87689],[13.83954,48.77089],[13.79454,48.71259],[13.81704,48.60658],[13.72704,48.51383],[13.51328,48.59068],[13.43827,48.54828],[13.44952,48.50588],[13.40077,48.37072],[13.27701,48.30182],[13.0445,48.26471],[12.94325,48.20641],[12.87574,48.19846],[12.75199,48.11366],[12.86074,47.99705],[12.87574,47.9626],[12.98075,47.87514],[12.932,47.72409],[13.0445,47.70819],[13.082,47.66578],[13.0445,47.52003],[12.9995,47.47497],[12.9095,47.50148],[12.81199,47.55713],[12.78574,47.62868],[12.69573,47.68168],[12.61323,47.67108],[12.57573,47.63133],[12.50823,47.63133],[12.43322,47.68963],[12.33947,47.69758],[12.26446,47.68433],[12.23446,47.72144],[12.17446,47.69758],[12.19321,47.61278],[12.06195,47.61808],[11.82944,47.58628],[11.63443,47.59158],[11.55568,47.51473],[11.40942,47.49617],[11.39442,47.46967],[11.42067,47.44582],[11.33442,47.44317],[11.26316,47.40342],[11.20691,47.42992],[10.9894,47.39547],[10.95565,47.45112],[10.88439,47.48557],[10.88439,47.53593],[10.78689,47.52003],[10.63688,47.56508],[10.55063,47.53858],[10.45312,47.55448],[10.46062,47.42462],[10.33687,47.31332],[10.17936,47.27091],[10.22436,47.37162],[10.10061,47.36632],[10.0856,47.44582],[9.99935,47.48292],[9.96935,47.54653]],[[10.45312,47.55448],[10.47187,47.58628],[10.44187,47.57833],[10.45312,47.55448]]]}},{"type":"Feature","properties":{"territory_id":"DK-01","country_code":"DK","country_name":"Denmark","display_name":"Jutland","strategic_centre":"Aarhus","centre":[10.2107,56.1572],"boundary_status":"administrative-comparison-draft","admin_source":"NUTS 2024 level 3","source_region_count":5,"label_anchor":[10.2107,56.1572],"label_anchor_adjusted":false},"geometry":{"type":"MultiPolygon","coordinates":[[[[8.0905,56.38737],[8.12426,56.41652],[8.16176,56.38472],[8.12801,56.35822],[8.0905,56.38737]]],[[[8.10176,55.56318],[8.19551,55.83349],[8.18801,55.89709],[8.27801,55.87324],[8.34927,55.9236],[8.24801,56.06935],[8.12051,56.0826],[8.13551,56.28401],[8.22176,56.34232],[8.13176,56.50133],[8.19176,56.65238],[8.31927,56.58083],[8.60428,56.56758],[8.67553,56.48807],[8.72804,56.52518],[8.73929,56.63913],[8.9943,56.82464],[9.0543,56.81404],[9.12556,56.73719],[9.0993,56.60733],[9.27181,56.63383],[9.32057,56.67093],[9.21556,56.72394],[9.20806,56.9492],[9.12556,57.00485],[8.83679,56.94655],[8.86304,56.88029],[8.82929,56.79019],[8.72054,56.70539],[8.61178,56.72659],[8.57428,56.79549],[8.44677,56.71334],[8.38677,56.70804],[8.28926,56.81139],[8.36802,56.94125],[8.57803,57.08435],[9.38057,57.18241],[9.58683,57.27516],[9.9656,57.56933],[10.46812,57.67798],[10.47187,57.56668],[10.52438,57.42357],[10.52063,57.27516],[10.31062,56.94125],[10.28436,56.74249],[10.19436,56.68418],[10.34062,56.69213],[10.33687,56.59673],[10.46062,56.52783],[10.82814,56.52518],[10.9369,56.44832],[10.9144,56.36352],[10.71939,56.17006],[10.60688,56.20716],[10.51688,56.12766],[10.42687,56.18596],[10.46812,56.26811],[10.38187,56.27341],[10.24311,56.15416],[10.25811,55.9766],[10.19811,55.87059],[9.9956,55.84674],[10.0331,55.76724],[9.9656,55.70099],[9.81934,55.67978],[9.67308,55.71159],[9.79309,55.60293],[9.67308,55.51283],[9.62058,55.40682],[9.67683,55.22131],[9.53433,55.15241],[9.49682,55.0411],[9.74434,54.98015],[9.75184,54.99075],[9.72559,55.04375],[9.80809,55.05965],[9.9656,54.9934],[10.0331,54.89799],[9.9281,54.86619],[9.78559,54.89269],[9.70684,54.85824],[9.59058,54.88739],[9.42182,54.83174],[9.27931,54.80789],[9.21931,54.85294],[9.11431,54.87414],[8.63428,54.91125],[8.67553,55.16566],[8.64928,55.36442],[8.61553,55.41477],[8.44302,55.46777],[8.29301,55.57908],[8.25926,55.56583],[8.25176,55.50488],[8.10176,55.56318]]],[[[8.31552,55.43862],[8.42052,55.44922],[8.46927,55.35382],[8.39802,55.36177],[8.31552,55.43862]]],[[[8.43177,56.64443],[8.55553,56.69213],[8.64178,56.64443],[8.53303,56.59673],[8.43177,56.64443]]],[[[8.45802,55.10471],[8.49552,55.20541],[8.58178,55.20011],[8.55178,55.07025],[8.49552,55.06495],[8.45802,55.10471]]],[[[8.51428,55.27696],[8.55553,55.30082],[8.60428,55.29021],[8.56678,55.25841],[8.51428,55.27696]]],[[[9.0393,56.89354],[9.0918,56.92005],[9.11431,56.88824],[9.08805,56.86969],[9.0393,56.89354]]],[[[9.70309,55.26371],[9.75184,55.28226],[9.79309,55.25841],[9.75934,55.23721],[9.70309,55.26371]]],[[[9.72559,55.49692],[9.78934,55.53668],[9.93185,55.51813],[10.18311,55.60558],[10.32562,55.61088],[10.47187,55.55258],[10.49437,55.45452],[10.59563,55.48897],[10.63313,55.59233],[10.71564,55.50753],[10.69688,55.43597],[10.79814,55.32997],[10.80564,55.21336],[10.76814,55.10736],[10.67813,55.0305],[10.69313,54.96955],[10.56563,54.95895],[10.50563,55.0305],[10.13061,55.0888],[10.13436,55.15241],[9.89059,55.24516],[9.88309,55.32732],[9.72559,55.49692]]],[[[9.77059,55.31937],[9.81559,55.33527],[9.84184,55.30612],[9.80059,55.28226],[9.77059,55.31937]]],[[[9.9656,55.13386],[9.99935,55.16831],[10.0481,55.13121],[10.02185,55.11796],[9.9656,55.13386]]],[[[10.10061,55.0464],[10.15311,55.06495],[10.18311,55.03845],[10.14936,55.01725],[10.10061,55.0464]]],[[[10.26186,54.92185],[10.35562,54.9192],[10.42312,54.82909],[10.36312,54.83439],[10.26186,54.92185]]],[[[10.28061,55.74869],[10.32187,55.79374],[10.32562,55.74339],[10.29936,55.73544],[10.28061,55.74869]]],[[[10.51313,55.966],[10.55813,56.00045],[10.58438,55.9342],[10.53938,55.93685],[10.51313,55.966]]],[[[10.52438,55.83614],[10.59188,55.9024],[10.65188,55.9024],[10.62188,55.77784],[10.56188,55.76989],[10.52438,55.83614]]],[[[10.56938,54.91655],[10.62563,54.92715],[10.64063,54.89004],[10.60688,54.87944],[10.56938,54.91655]]],[[[10.59563,54.80789],[10.73064,54.95895],[10.89564,55.0358],[10.88064,54.9722],[10.72314,54.75489],[10.65938,54.74694],[10.59563,54.80789]]],[[[10.86189,57.25661],[10.9969,57.32817],[11.12441,57.29371],[11.02315,57.20626],[10.86189,57.25661]]],[[[11.51818,56.70804],[11.57068,56.73454],[11.60443,56.72129],[11.57068,56.68683],[11.51818,56.70804]]]]}},{"type":"Feature","properties":{"territory_id":"DK-02","country_code":"DK","country_name":"Denmark","display_name":"Danish Islands and Copenhagen","strategic_centre":"Copenhagen","centre":[12.5683,55.6761],"boundary_status":"administrative-comparison-draft","admin_source":"NUTS 2024 level 3","source_region_count":6,"label_anchor":[12.5683,55.6761],"label_anchor_adjusted":false},"geometry":{"type":"MultiPolygon","coordinates":[[[[10.9819,54.78934],[11.0569,54.82379],[11.0419,54.9139],[11.17316,54.9563],[11.27441,54.9457],[11.52568,54.83704],[11.72819,54.88739],[11.78069,54.95365],[11.9757,54.9245],[12.0657,54.93775],[12.10321,54.90065],[12.15571,54.9616],[12.26446,54.9934],[12.27946,55.0464],[12.53073,54.98015],[12.51198,54.95365],[12.34322,54.9563],[12.15571,54.88209],[12.13321,54.81584],[11.98695,54.68598],[11.9532,54.57468],[11.89319,54.62768],[11.87069,54.71249],[11.79569,54.65153],[11.66068,54.66213],[11.43942,54.62238],[11.03065,54.75489],[10.9819,54.78934]]],[[[11.00065,55.71954],[11.31192,55.75399],[11.48067,55.86264],[11.52943,55.9395],[11.72069,55.9554],[11.73944,55.93155],[11.69068,55.89179],[11.70569,55.83349],[11.67568,55.78844],[11.75819,55.74869],[11.78069,55.65858],[11.82194,55.67448],[11.87444,55.73809],[11.87444,55.79904],[11.94945,55.84409],[11.91945,55.9024],[11.86319,55.95275],[11.87069,55.97925],[12.28696,56.12766],[12.60573,56.0455],[12.53073,55.94215],[12.53448,55.9024],[12.58323,55.80699],[12.58323,55.72219],[12.67323,55.62148],[12.66948,55.59233],[12.56823,55.56318],[12.50448,55.63738],[12.47822,55.60558],[12.36197,55.59498],[12.23071,55.53138],[12.20446,55.46777],[12.21571,55.42802],[12.37697,55.37767],[12.42947,55.28756],[12.15196,55.18951],[12.13321,55.0146],[11.97945,54.98545],[11.83319,55.03315],[11.76569,55.09675],[11.77319,55.14446],[11.69818,55.18156],[11.33442,55.19746],[11.25191,55.23191],[11.13191,55.34322],[11.18816,55.42537],[11.14316,55.57113],[11.00065,55.71954]]],[[[11.06065,55.50753],[11.0944,55.54728],[11.13566,55.53403],[11.11691,55.50223],[11.06065,55.50753]]],[[[11.10566,55.89709],[11.14691,55.91035],[11.18816,55.86529],[11.14691,55.85999],[11.10566,55.89709]]],[[[11.11316,55.16566],[11.16566,55.22396],[11.19941,55.22131],[11.20691,55.19216],[11.15816,55.14181],[11.11316,55.16566]]],[[[11.38692,54.9457],[11.43567,54.97485],[11.47692,54.96425],[11.43567,54.9298],[11.38692,54.9457]]],[[[11.48817,54.9775],[11.54068,54.99605],[11.57443,54.9669],[11.53693,54.94835],[11.48817,54.9775]]],[[[11.78069,55.76989],[11.83319,55.79374],[11.86694,55.77519],[11.83694,55.74604],[11.78069,55.76989]]],[[[12.17821,55.04375],[12.20821,55.07025],[12.25321,55.07025],[12.22321,55.02255],[12.17821,55.04375]]],[[[12.73324,55.63473],[12.74449,55.66388],[12.77074,55.66918],[12.78949,55.61088],[12.76324,55.60823],[12.73324,55.63473]]],[[[14.68708,55.0994],[14.71334,55.21866],[14.77709,55.28756],[15.12961,55.14181],[15.15211,55.0941],[15.10711,55.0093],[15.05835,54.99075],[14.77709,55.05435],[14.68708,55.0994]]]]}},{"type":"Feature","properties":{"territory_id":"EE-01","country_code":"EE","country_name":"Estonia","display_name":"Estonia","strategic_centre":"Tallinn","centre":[24.7453,59.4372],"boundary_status":"administrative-comparison-draft","admin_source":"NUTS 2024 level 3","source_region_count":5,"label_anchor":[24.7453,59.4372],"label_anchor_adjusted":false},"geometry":{"type":"MultiPolygon","coordinates":[[[[21.81619,58.38027],[21.86869,58.40412],[21.9062,58.38292],[21.86494,58.35642],[21.81619,58.38027]]],[[[21.85744,58.27956],[21.94745,58.35907],[21.94745,58.47832],[22.10121,58.45447],[22.33747,58.56843],[22.51748,58.61613],[22.945,58.60818],[23.20751,58.48097],[22.70124,58.23451],[22.34122,58.19741],[22.18371,57.99865],[22.0637,57.9377],[22.0262,57.94565],[22.02245,57.97745],[22.14621,58.0861],[22.15746,58.13381],[21.85744,58.27956]]],[[[22.20621,58.90765],[22.66748,59.06665],[22.945,58.9739],[23.03125,58.88909],[22.56248,58.70094],[22.20621,58.90765]]],[[[22.46872,58.13911],[22.50248,58.17886],[22.53998,58.14971],[22.50998,58.12586],[22.46872,58.13911]]],[[[22.98625,58.62673],[23.02375,58.66118],[23.06125,58.61878],[22.98625,58.62673]]],[[[23.06875,58.60023],[23.15126,58.67443],[23.20376,58.67973],[23.33877,58.64528],[23.39502,58.54988],[23.23001,58.53398],[23.06875,58.60023]]],[[[23.11376,59.0269],[23.17001,59.04545],[23.31627,59.03485],[23.37627,58.9951],[23.29751,58.9633],[23.18501,58.9633],[23.11376,59.0269]]],[[[23.20001,57.80519],[23.24126,57.82904],[23.27876,57.78929],[23.22626,57.78134],[23.20001,57.80519]]],[[[23.44752,59.04545],[23.51878,59.10906],[23.53378,59.20976],[23.72879,59.23626],[23.83379,59.28131],[24.07755,59.27866],[24.0963,59.30782],[24.07755,59.37142],[24.22006,59.35817],[24.38882,59.46417],[24.61383,59.44297],[24.78259,59.46417],[24.83134,59.54633],[24.99635,59.49332],[25.11636,59.49067],[25.19511,59.52248],[25.42012,59.50128],[25.52138,59.53838],[25.52888,59.61523],[25.66763,59.58873],[25.70889,59.64438],[25.82889,59.56488],[25.88139,59.61523],[25.9489,59.58343],[26.03515,59.62318],[26.50018,59.51718],[26.62768,59.54633],[26.96145,59.43502],[27.37397,59.44562],[27.82774,59.39792],[27.94025,59.41117],[28.04525,59.46947],[28.18776,59.39792],[28.19526,59.35817],[28.13151,59.29986],[27.91775,59.24686],[27.80899,59.12231],[27.73774,58.9792],[27.35522,58.78839],[27.54648,58.36702],[27.49397,58.30342],[27.49397,58.23451],[27.62148,58.10201],[27.62148,58.0172],[27.69648,57.996],[27.67398,57.9483],[27.79774,57.89264],[27.79399,57.85289],[27.55398,57.82109],[27.50898,57.78399],[27.52398,57.72039],[27.38897,57.67268],[27.38897,57.61703],[27.32897,57.57198],[27.35147,57.51898],[26.90895,57.62763],[26.61268,57.52163],[26.52643,57.52163],[26.46267,57.56933],[26.27891,57.60113],[26.18516,57.71509],[26.0389,57.77339],[26.05015,57.82904],[26.0239,57.85024],[25.84389,57.85819],[25.76889,57.90855],[25.62638,57.92975],[25.29636,58.07285],[25.28136,57.996],[25.19136,58.07815],[24.85009,57.9801],[24.56883,57.9536],[24.47132,57.9218],[24.43382,57.87409],[24.35507,57.87674],[24.45257,58.0437],[24.47882,58.20006],[24.54633,58.29016],[24.53883,58.33257],[24.37007,58.37232],[24.23881,58.28486],[24.0888,58.26366],[23.77754,58.35642],[23.66503,58.50483],[23.53003,58.60553],[23.53753,58.69298],[23.62753,58.75924],[23.50003,58.80694],[23.46627,58.9156],[23.54128,58.97655],[23.45502,59.01365],[23.44752,59.04545]]],[[[23.87879,59.33432],[23.95005,59.35817],[23.99505,59.33432],[23.95005,59.30782],[23.87879,59.33432]]],[[[23.9388,58.11261],[23.97255,58.15501],[24.0213,58.14971],[23.9913,58.09935],[23.9388,58.11261]]],[[[24.46757,59.57018],[24.51258,59.60463],[24.56133,59.54103],[24.51633,59.54103],[24.46757,59.57018]]],[[[24.9701,59.62848],[25.0076,59.65498],[25.0451,59.61523],[25.01135,59.59933],[24.9701,59.62848]]]]}},{"type":"Feature","properties":{"territory_id":"ES-01","country_code":"ES","country_name":"Spain","display_name":"Galicia and Asturias","strategic_centre":"A Coruna","centre":[-8.4115,43.3623],"boundary_status":"administrative-comparison-draft","admin_source":"NUTS 2024 level 3","source_region_count":6,"label_anchor":[-8.4115,43.3623],"label_anchor_adjusted":false},"geometry":{"type":"Polygon","coordinates":[[[-9.27661,42.9353],[-9.26911,43.03335],[-9.18286,43.11551],[-9.17911,43.16851],[-8.98035,43.23211],[-8.9541,43.28776],[-8.85284,43.32222],[-8.70284,43.29571],[-8.55283,43.31692],[-8.42907,43.37522],[-8.36907,43.35667],[-8.30907,43.39112],[-8.23406,43.35932],[-8.22281,43.40702],[-8.30907,43.46797],[-8.27906,43.54748],[-7.9228,43.75154],[-7.84029,43.72504],[-7.71654,43.75684],[-7.70154,43.73564],[-7.64153,43.73564],[-7.60028,43.69588],[-7.48027,43.71974],[-7.24776,43.57663],[-7.03025,43.54483],[-6.94775,43.57133],[-6.37397,43.55278],[-6.23896,43.58723],[-6.11146,43.55808],[-5.9502,43.58723],[-5.84144,43.64818],[-5.69143,43.55543],[-5.40642,43.55013],[-5.18891,43.47592],[-4.51388,43.39377],[-4.52888,43.28776],[-4.70889,43.26391],[-4.74264,43.19501],[-4.84014,43.18176],[-4.84014,43.11286],[-4.75389,43.0625],[-4.73889,43.0201],[-4.89639,42.84519],[-4.9189,42.75509],[-4.88139,42.69678],[-4.89639,42.47947],[-4.9189,42.39202],[-5.0014,42.28866],[-5.13266,42.29661],[-5.28641,42.22241],[-5.31642,42.23301],[-5.30142,42.27011],[-5.33517,42.27011],[-5.37642,42.19856],[-5.37642,42.0422],[-5.42142,42.0316],[-5.49267,42.0793],[-5.57893,42.074],[-5.67268,42.12701],[-6.19771,42.15351],[-6.33272,42.20121],[-6.50523,42.19061],[-6.78274,42.25421],[-6.92525,42.17471],[-6.9965,42.09785],[-6.98525,41.97065],[-7.0565,41.94945],[-7.16526,41.9786],[-7.19901,41.88054],[-7.41652,41.81694],[-7.46902,41.86199],[-7.60028,41.83549],[-7.61528,41.87259],[-7.70529,41.90175],[-7.87779,41.85934],[-7.89654,41.9203],[-8.0503,41.81959],[-8.16656,41.81959],[-8.20031,41.9203],[-8.10281,42.04485],[-8.17406,42.08195],[-8.20031,42.15351],[-8.33907,42.0899],[-8.62408,42.04485],[-8.86409,41.87259],[-8.87909,42.0846],[-8.74409,42.24626],[-8.82659,42.28866],[-8.75159,42.39202],[-8.84159,42.41322],[-8.87909,42.45562],[-8.72534,42.68883],[-8.91285,42.61993],[-9.0366,42.54308],[-9.0591,42.62523],[-8.96535,42.77629],[-9.10411,42.76834],[-9.15286,42.9035],[-9.27661,42.9353]]]}},{"type":"Feature","properties":{"territory_id":"ES-02","country_code":"ES","country_name":"Spain","display_name":"Basque Country and Upper Ebro","strategic_centre":"Bilbao","centre":[-2.9236,43.2569],"boundary_status":"administrative-comparison-draft","admin_source":"NUTS 2024 level 3","source_region_count":9,"label_anchor":[-2.9236,43.2569],"label_anchor_adjusted":false},"geometry":{"type":"MultiPolygon","coordinates":[[[[-5.01265,42.16941],[-5.0014,42.28866],[-4.9189,42.39202],[-4.89639,42.47947],[-4.88139,42.69678],[-4.9189,42.75509],[-4.89639,42.84519],[-4.73889,43.0201],[-4.75389,43.0625],[-4.84014,43.11286],[-4.84014,43.18176],[-4.74264,43.19501],[-4.70889,43.26391],[-4.52888,43.28776],[-4.51388,43.39377],[-4.17636,43.40437],[-3.83134,43.48387],[-3.80134,43.47327],[-3.79384,43.43087],[-3.56883,43.50773],[-3.44507,43.46002],[-3.41507,43.41762],[-3.25381,43.39907],[-3.15256,43.35402],[-3.0288,43.33282],[-3.02505,43.37522],[-2.93505,43.43087],[-2.75879,43.44677],[-2.41377,43.32222],[-2.15126,43.29306],[-1.82124,43.37787],[-1.72749,43.29571],[-1.40872,43.25596],[-1.39747,43.18176],[-1.45372,43.0837],[-1.41622,43.0466],[-1.36747,43.0413],[-1.30372,43.0943],[-1.25121,43.04925],[-0.99245,42.96975],[-0.75994,42.9618],[-0.72619,42.9194],[-0.80494,42.90615],[-0.90245,42.74184],[-0.9137,42.55103],[-0.86119,42.39202],[-0.86119,42.31782],[-0.82369,42.29926],[-0.76744,42.33107],[-0.74494,42.29131],[-0.76744,42.10846],[-0.83119,42.0581],[-0.83494,41.9998],[-0.64743,41.9362],[-0.53118,41.84344],[-0.47117,41.71889],[-0.26491,41.59433],[-0.16741,41.57843],[-0.0474,41.37967],[0.0951,41.35847],[0.24136,41.41677],[0.33512,41.40617],[0.38387,41.27896],[0.29761,41.16766],[0.23011,41.13056],[0.22261,41.07225],[0.03135,41.059],[-0.03615,41.13056],[-0.53493,41.34522],[-0.61368,41.30282],[-0.62868,41.18886],[-0.68868,41.12261],[-0.75994,41.15706],[-0.80494,41.10671],[-0.88369,41.11731],[-0.95495,41.08285],[-1.10121,41.15706],[-1.24371,41.12526],[-1.27746,41.059],[-1.39372,41.06695],[-1.46872,40.9583],[-1.61873,40.94505],[-1.80249,41.0855],[-1.95625,41.16236],[-2.05,41.14646],[-2.14001,41.20211],[-2.15876,41.33992],[-2.09875,41.42737],[-2.02,41.39557],[-1.97125,41.41677],[-1.97875,41.58373],[-1.79874,41.70829],[-1.83624,41.78779],[-1.82499,41.85139],[-1.85499,41.96535],[-1.96375,41.92825],[-2.0725,41.95475],[-2.15126,42.08725],[-2.35377,42.13761],[-2.49252,42.10846],[-2.60128,42.0051],[-2.73254,42.021],[-2.74379,42.11111],[-2.82254,42.0422],[-2.91255,42.02365],[-3.01005,41.9097],[-3.14506,41.81694],[-3.27256,41.84344],[-3.29881,41.75864],[-3.42632,41.62878],[-3.54258,41.57843],[-3.66633,41.55988],[-3.76009,41.46977],[-3.78259,41.51748],[-3.82384,41.48832],[-3.98135,41.58373],[-4.02635,41.62878],[-4.05635,41.73214],[-4.04135,41.76924],[-4.23636,41.80634],[-4.31887,41.76924],[-4.46137,41.76394],[-4.49137,41.77719],[-4.49137,41.83019],[-4.57388,41.82224],[-4.66013,41.89379],[-4.78014,41.82489],[-4.87014,41.92295],[-4.98265,41.9203],[-4.9939,41.96005],[-4.9189,42.08195],[-4.9414,42.13761],[-5.01265,42.16941]],[[-0.94745,42.24626],[-0.89119,42.23831],[-0.87244,42.27541],[-0.90995,42.28601],[-0.94745,42.24626]]],[[[-0.57243,41.28426],[-0.53118,41.30017],[-0.50868,41.23921],[-0.53868,41.23391],[-0.57243,41.28426]]]]}},{"type":"Feature","properties":{"territory_id":"ES-03","country_code":"ES","country_name":"Spain","display_name":"Catalonia and Aragon","strategic_centre":"Barcelona","centre":[2.1769,41.3825],"boundary_status":"administrative-comparison-draft","admin_source":"NUTS 2024 level 3","source_region_count":7,"label_anchor":[2.1769,41.3825],"label_anchor_adjusted":false},"geometry":{"type":"MultiPolygon","coordinates":[[[[-0.94745,42.24626],[-0.90995,42.28601],[-0.87244,42.27541],[-0.89119,42.23831],[-0.94745,42.24626]]],[[[-0.9137,42.55103],[-0.90245,42.74184],[-0.80494,42.90615],[-0.72619,42.9194],[-0.56118,42.79484],[-0.39617,42.80809],[-0.31367,42.85049],[-0.0474,42.69678],[0.18136,42.73124],[0.29761,42.68353],[0.35387,42.71269],[0.66138,42.69148],[0.67638,42.84254],[0.85639,42.82664],[1.0664,42.77894],[1.17516,42.71799],[1.34767,42.71269],[1.44142,42.60403],[1.44142,42.47152],[1.46392,42.43972],[1.53893,42.43707],[1.72644,42.50333],[1.89519,42.45297],[2.02645,42.36817],[2.26271,42.42647],[2.55523,42.34167],[2.63398,42.34962],[2.72399,42.41322],[2.9265,42.46622],[3.17401,42.43442],[3.16276,42.37082],[3.29776,42.31782],[3.27151,42.25686],[3.15526,42.25421],[3.11401,42.20121],[3.12526,42.14026],[3.20401,42.0634],[3.22276,41.96005],[3.20776,41.9044],[3.0465,41.78779],[2.78024,41.64998],[2.25146,41.44327],[2.10521,41.28956],[1.64393,41.19681],[0.9689,41.0272],[0.71014,40.80194],[0.86764,40.72244],[0.86764,40.69858],[0.75139,40.63763],[0.60138,40.61643],[0.51513,40.52368],[0.29011,40.63498],[0.27511,40.68798],[0.17011,40.73304],[0.26761,40.82314],[0.24886,40.88674],[0.28261,40.9742],[0.22261,41.07225],[0.23011,41.13056],[0.29761,41.16766],[0.38387,41.27896],[0.33512,41.40617],[0.24136,41.41677],[0.0951,41.35847],[-0.0474,41.37967],[-0.16741,41.57843],[-0.26491,41.59433],[-0.47117,41.71889],[-0.53118,41.84344],[-0.64743,41.9362],[-0.83494,41.9998],[-0.83119,42.0581],[-0.76744,42.10846],[-0.74494,42.29131],[-0.76744,42.33107],[-0.82369,42.29926],[-0.86119,42.31782],[-0.86119,42.39202],[-0.9137,42.55103]]],[[[0.60888,40.56873],[0.65763,40.59788],[0.69138,40.58728],[0.65013,40.55018],[0.60888,40.56873]]],[[[1.9402,42.45562],[1.9777,42.49802],[2.00395,42.45032],[1.98145,42.43707],[1.9402,42.45562]]],[[[2.36397,39.55903],[2.37522,39.60143],[2.44272,39.64648],[2.75774,39.83199],[2.96025,39.91415],[3.09525,39.92475],[3.10651,39.87439],[3.15526,39.85584],[3.13651,39.81609],[3.17026,39.76839],[3.25276,39.73924],[3.36152,39.77104],[3.44777,39.71804],[3.44027,39.65708],[3.24526,39.38412],[3.069,39.28076],[2.95275,39.35232],[2.78024,39.38147],[2.73524,39.50603],[2.68273,39.54578],[2.49147,39.48217],[2.36397,39.55903]]],[[[2.904,39.13236],[2.934,39.17211],[2.97525,39.13766],[2.95275,39.11381],[2.904,39.13236]]],[[[3.11401,39.93005],[3.16276,39.96715],[3.19651,39.9539],[3.15151,39.91415],[3.11401,39.93005]]],[[[3.78904,40.0175],[3.85279,40.0546],[4.15281,40.0599],[4.26531,39.97775],[4.29906,39.83994],[4.25031,39.81609],[4.0103,39.9221],[3.84154,39.92475],[3.78904,40.0175]]]]}},{"type":"Feature","properties":{"territory_id":"ES-04","country_code":"ES","country_name":"Spain","display_name":"Central Spain and Madrid","strategic_centre":"Madrid","centre":[-3.7033,40.4169],"boundary_status":"administrative-comparison-draft","admin_source":"NUTS 2024 level 3","source_region_count":12,"label_anchor":[-3.7033,40.4169],"label_anchor_adjusted":false},"geometry":{"type":"Polygon","coordinates":[[[-7.54403,39.66238],[-7.34902,39.64383],[-7.0565,39.65973],[-7.0115,39.68623],[-6.974,39.81079],[-6.91025,39.87174],[-6.87274,40.00425],[-6.94025,40.10231],[-7.019,40.15531],[-7.0115,40.21361],[-6.9515,40.25866],[-6.86524,40.27191],[-6.79024,40.35407],[-6.84274,40.44152],[-6.80149,40.51838],[-6.83899,40.57933],[-6.80149,40.66148],[-6.82774,40.75424],[-6.80899,40.86024],[-6.929,41.02985],[-6.80899,41.0484],[-6.68898,41.20476],[-6.47897,41.29486],[-6.32897,41.39292],[-6.20521,41.58638],[-6.32522,41.66853],[-6.53898,41.68178],[-6.55398,41.74804],[-6.52398,41.86464],[-6.56148,41.88849],[-6.57648,41.95475],[-6.71524,41.93885],[-6.79774,41.98655],[-6.83524,41.94945],[-6.89899,41.9415],[-6.98525,41.97065],[-6.9965,42.09785],[-6.92525,42.17471],[-6.78274,42.25421],[-6.50523,42.19061],[-6.33272,42.20121],[-6.19771,42.15351],[-5.67268,42.12701],[-5.57893,42.074],[-5.49267,42.0793],[-5.42142,42.0316],[-5.37642,42.0422],[-5.37642,42.19856],[-5.33517,42.27011],[-5.30142,42.27011],[-5.31642,42.23301],[-5.28641,42.22241],[-5.13266,42.29661],[-5.0014,42.28866],[-5.01265,42.16941],[-4.9414,42.13761],[-4.9189,42.08195],[-4.9939,41.96005],[-4.98265,41.9203],[-4.87014,41.92295],[-4.78014,41.82489],[-4.66013,41.89379],[-4.57388,41.82224],[-4.49137,41.83019],[-4.49137,41.77719],[-4.46137,41.76394],[-4.31887,41.76924],[-4.23636,41.80634],[-4.04135,41.76924],[-4.05635,41.73214],[-4.02635,41.62878],[-3.98135,41.58373],[-3.82384,41.48832],[-3.78259,41.51748],[-3.76009,41.46977],[-3.66633,41.55988],[-3.54258,41.57843],[-3.42632,41.62878],[-3.29881,41.75864],[-3.27256,41.84344],[-3.14506,41.81694],[-3.01005,41.9097],[-2.91255,42.02365],[-2.82254,42.0422],[-2.74379,42.11111],[-2.73254,42.021],[-2.60128,42.0051],[-2.49252,42.10846],[-2.35377,42.13761],[-2.15126,42.08725],[-2.0725,41.95475],[-1.96375,41.92825],[-1.85499,41.96535],[-1.82499,41.85139],[-1.83624,41.78779],[-1.79874,41.70829],[-1.97875,41.58373],[-1.97125,41.41677],[-2.02,41.39557],[-2.09875,41.42737],[-2.15876,41.33992],[-2.14001,41.20211],[-2.05,41.14646],[-1.95625,41.16236],[-1.80249,41.0855],[-1.61873,40.94505],[-1.61498,40.88144],[-1.54373,40.79929],[-1.55498,40.59523],[-1.59248,40.57138],[-1.68623,40.57138],[-1.70124,40.48922],[-1.80624,40.39912],[-1.72749,40.34612],[-1.71624,40.30372],[-1.55498,40.20301],[-1.44622,40.18711],[-1.44997,40.14471],[-1.36747,40.02015],[-1.16496,40.00955],[-1.14246,39.97245],[-1.19871,39.94065],[-1.20996,39.83199],[-1.27371,39.69418],[-1.38997,39.67563],[-1.49872,39.55638],[-1.50623,39.41857],[-1.78749,39.28341],[-1.9825,39.29931],[-2.035,39.34967],[-2.08,39.35497],[-2.06125,39.27281],[-2.16626,39.27811],[-2.27501,39.23571],[-2.33127,39.27016],[-2.38752,39.24631],[-2.50753,39.33377],[-2.74379,39.31787],[-2.73254,39.26221],[-2.83004,39.14296],[-2.81129,39.04225],[-2.87504,38.9442],[-2.77754,38.88854],[-2.73629,38.79579],[-2.64628,38.73219],[-2.66503,38.66328],[-2.75129,38.59968],[-2.76254,38.53343],[-2.86379,38.46982],[-3.0063,38.43802],[-3.0663,38.46187],[-3.15631,38.44597],[-3.32882,38.47247],[-3.46382,38.40887],[-3.56883,38.44332],[-3.61008,38.40092],[-3.77884,38.42477],[-3.88759,38.37177],[-4.25136,38.39562],[-4.27011,38.34792],[-4.44262,38.40092],[-4.69013,38.55993],[-4.84764,38.61293],[-4.88514,38.68183],[-4.98265,38.68978],[-5.0464,38.72954],[-4.9789,38.75869],[-4.9264,38.87264],[-4.84014,38.9124],[-4.93015,38.9813],[-4.95265,39.0502],[-4.84389,39.0502],[-4.86639,39.11911],[-4.81014,39.19066],[-4.67513,39.18006],[-4.75014,39.30727],[-4.68263,39.40002],[-4.68638,39.45037],[-4.86639,39.37352],[-4.9414,39.39472],[-5.02765,39.36557],[-5.0989,39.38412],[-5.14016,39.33112],[-5.21891,39.30727],[-5.33517,39.32582],[-5.36517,39.21451],[-5.41392,39.16151],[-5.55268,39.20921],[-5.60143,39.18536],[-5.59018,39.14561],[-5.61268,39.10321],[-5.69143,39.0926],[-5.80019,39.13766],[-6.0027,39.0661],[-6.0252,39.11911],[-6.14521,39.04225],[-6.28771,39.10321],[-6.33272,39.17741],[-6.55398,39.15886],[-6.76024,39.19596],[-6.79024,39.23571],[-6.75649,39.31522],[-6.80899,39.38147],[-7.0565,39.42917],[-7.0565,39.40797],[-7.01525,39.38677],[-7.0565,39.32052],[-7.079,39.32582],[-7.079,39.37352],[-7.11651,39.37882],[-7.16151,39.35497],[-7.19151,39.28076],[-7.23276,39.27811],[-7.31152,39.35497],[-7.30777,39.45832],[-7.49152,39.59083],[-7.54403,39.66238]]]}},{"type":"Feature","properties":{"territory_id":"ES-05","country_code":"ES","country_name":"Spain","display_name":"Mediterranean Spain","strategic_centre":"Valencia","centre":[-0.3764,39.47],"boundary_status":"administrative-comparison-draft","admin_source":"NUTS 2024 level 3","source_region_count":7,"label_anchor":[-0.3764,39.47],"label_anchor_adjusted":false},"geometry":{"type":"MultiPolygon","coordinates":[[[[-2.87504,38.9442],[-2.81129,39.04225],[-2.83004,39.14296],[-2.73254,39.26221],[-2.74379,39.31787],[-2.50753,39.33377],[-2.38752,39.24631],[-2.33127,39.27016],[-2.27501,39.23571],[-2.16626,39.27811],[-2.06125,39.27281],[-2.08,39.35497],[-2.035,39.34967],[-1.9825,39.29931],[-1.78749,39.28341],[-1.50623,39.41857],[-1.49872,39.55638],[-1.38997,39.67563],[-1.27371,39.69418],[-1.20996,39.83199],[-1.19871,39.94065],[-1.14246,39.97245],[-1.16496,40.00955],[-1.36747,40.02015],[-1.44997,40.14471],[-1.44622,40.18711],[-1.55498,40.20301],[-1.71624,40.30372],[-1.72749,40.34612],[-1.80624,40.39912],[-1.70124,40.48922],[-1.68623,40.57138],[-1.59248,40.57138],[-1.55498,40.59523],[-1.54373,40.79929],[-1.61498,40.88144],[-1.61873,40.94505],[-1.46872,40.9583],[-1.39372,41.06695],[-1.27746,41.059],[-1.24371,41.12526],[-1.10121,41.15706],[-0.95495,41.08285],[-0.88369,41.11731],[-0.80494,41.10671],[-0.75994,41.15706],[-0.68868,41.12261],[-0.62868,41.18886],[-0.61368,41.30282],[-0.53493,41.34522],[-0.03615,41.13056],[0.03135,41.059],[0.22261,41.07225],[0.28261,40.9742],[0.24886,40.88674],[0.26761,40.82314],[0.17011,40.73304],[0.27511,40.68798],[0.29011,40.63498],[0.51513,40.52368],[0.39137,40.34082],[0.18886,40.16326],[0.12511,40.0705],[0.0501,40.0281],[-0.0174,39.90885],[-0.18991,39.72069],[-0.31742,39.51133],[-0.32867,39.42652],[-0.22741,39.20126],[-0.20116,39.0661],[-0.03615,38.88589],[0.17011,38.81434],[0.21886,38.73749],[-0.02865,38.61293],[-0.08865,38.53343],[-0.34742,38.45657],[-0.41117,38.36382],[-0.49367,38.33467],[-0.51618,38.21011],[-0.62868,38.14651],[-0.65493,38.00605],[-0.84244,37.71454],[-0.72619,37.63238],[-0.73369,37.61118],[-0.91745,37.56348],[-1.31497,37.55818],[-1.43122,37.49722],[-1.47997,37.43627],[-1.62998,37.37532],[-1.71999,37.43097],[-1.84749,37.46277],[-1.99375,37.65093],[-1.98625,37.86559],[-2.20751,37.91595],[-2.34252,38.0246],[-2.55253,38.0829],[-2.44752,38.19686],[-2.48877,38.38502],[-2.56378,38.41682],[-2.59003,38.50163],[-2.76254,38.53343],[-2.75129,38.59968],[-2.66503,38.66328],[-2.64628,38.73219],[-2.73629,38.79579],[-2.77754,38.88854],[-2.87504,38.9442]],[[-0.57243,41.28426],[-0.53868,41.23391],[-0.50868,41.23921],[-0.53118,41.30017],[-0.57243,41.28426]]],[[[1.20891,38.9601],[1.28016,38.97865],[1.30267,39.0343],[1.36267,39.0714],[1.52393,39.11381],[1.59143,39.07935],[1.58768,39.00515],[1.41892,38.89384],[1.39642,38.84349],[1.23891,38.86999],[1.20891,38.9601]]],[[[1.37767,38.72159],[1.43767,38.74809],[1.48267,38.69508],[1.39267,38.64738],[1.37767,38.72159]]],[[[1.52018,38.67123],[1.56893,38.69508],[1.60643,38.67388],[1.57643,38.64738],[1.52018,38.67123]]]]}},{"type":"Feature","properties":{"territory_id":"ES-06","country_code":"ES","country_name":"Spain","display_name":"Andalusia","strategic_centre":"Seville","centre":[-5.9845,37.3891],"boundary_status":"administrative-comparison-draft","admin_source":"NUTS 2024 level 3","source_region_count":11,"label_anchor":[-5.9845,37.3891],"label_anchor_adjusted":false},"geometry":{"type":"MultiPolygon","coordinates":[[[[-7.51403,37.52638],[-7.50653,37.59528],[-7.41652,37.74369],[-7.29276,37.86029],[-7.25151,37.97955],[-7.10526,38.0352],[-7.0565,38.01665],[-7.00775,38.0352],[-6.93275,38.20746],[-7.0565,38.17831],[-7.10901,38.18891],[-7.30777,38.44862],[-7.30777,38.52548],[-7.25526,38.61558],[-7.25901,38.70569],[-7.0565,38.85939],[-6.959,39.02635],[-6.98525,39.0873],[-7.0565,39.11646],[-7.13151,39.11116],[-7.15026,39.16946],[-7.23651,39.21451],[-7.23276,39.27811],[-7.19151,39.28076],[-7.16151,39.35497],[-7.11651,39.37882],[-7.079,39.37352],[-7.079,39.32582],[-7.0565,39.32052],[-7.03775,39.34172],[-7.01525,39.38677],[-7.0565,39.40797],[-7.0565,39.42917],[-6.80899,39.38147],[-6.75649,39.31522],[-6.79024,39.23571],[-6.76024,39.19596],[-6.55398,39.15886],[-6.33272,39.17741],[-6.28771,39.10321],[-6.14521,39.04225],[-6.0252,39.11911],[-6.0027,39.0661],[-5.80019,39.13766],[-5.69143,39.0926],[-5.61268,39.10321],[-5.59018,39.14561],[-5.60143,39.18536],[-5.55268,39.20921],[-5.41392,39.16151],[-5.36517,39.21451],[-5.33517,39.32582],[-5.21891,39.30727],[-5.14016,39.33112],[-5.0989,39.38412],[-5.02765,39.36557],[-4.9414,39.39472],[-4.86639,39.37352],[-4.68638,39.45037],[-4.68263,39.40002],[-4.75014,39.30727],[-4.67513,39.18006],[-4.81014,39.19066],[-4.86639,39.11911],[-4.84389,39.0502],[-4.95265,39.0502],[-4.93015,38.9813],[-4.84014,38.9124],[-4.9264,38.87264],[-4.9789,38.75869],[-5.0464,38.72954],[-4.98265,38.68978],[-4.88514,38.68183],[-4.84764,38.61293],[-4.69013,38.55993],[-4.44262,38.40092],[-4.27011,38.34792],[-4.25136,38.39562],[-3.88759,38.37177],[-3.77884,38.42477],[-3.61008,38.40092],[-3.56883,38.44332],[-3.46382,38.40887],[-3.32882,38.47247],[-3.15631,38.44597],[-3.0663,38.46187],[-3.0063,38.43802],[-2.86379,38.46982],[-2.76254,38.53343],[-2.59003,38.50163],[-2.56378,38.41682],[-2.48877,38.38502],[-2.44752,38.19686],[-2.55253,38.0829],[-2.34252,38.0246],[-2.20751,37.91595],[-1.98625,37.86559],[-1.99375,37.65093],[-1.84749,37.46277],[-1.71999,37.43097],[-1.62998,37.37532],[-1.80249,37.21631],[-1.91125,36.946],[-2.12876,36.73664],[-2.19626,36.73134],[-2.35377,36.83734],[-2.55253,36.81614],[-2.63503,36.71279],[-2.71004,36.68363],[-2.85254,36.70219],[-2.92755,36.74459],[-2.98755,36.74724],[-3.28756,36.74724],[-3.43757,36.69688],[-3.61758,36.74459],[-4.39762,36.71544],[-4.65263,36.50343],[-4.9114,36.50078],[-5.19266,36.40007],[-5.33892,36.15361],[-5.42142,36.16951],[-5.44392,36.07145],[-5.59768,36.01315],[-5.80019,36.08735],[-5.90895,36.17746],[-6.0327,36.18806],[-6.24271,36.43982],[-6.18646,36.51668],[-6.23896,36.51933],[-6.23896,36.57498],[-6.38147,36.63328],[-6.42647,36.70219],[-6.43022,36.73929],[-6.34397,36.79759],[-6.39647,36.81614],[-6.47897,36.9354],[-6.58773,37.01755],[-6.83899,37.13681],[-7.0565,37.20571],[-7.40152,37.17391],[-7.45777,37.43097],[-7.51403,37.52638]]],[[[-5.38017,35.91245],[-5.33517,35.89124],[-5.34267,35.87004],[-5.38017,35.91245]]],[[[-2.96505,35.28436],[-2.9538,35.31882],[-2.9313,35.27111],[-2.96505,35.28436]]]]}},{"type":"Feature","properties":{"territory_id":"FI-01","country_code":"FI","country_name":"Finland","display_name":"Southern Finland and Helsinki","strategic_centre":"Helsinki","centre":[24.9375,60.1708],"boundary_status":"administrative-comparison-draft","admin_source":"NUTS 2024 level 3","source_region_count":4,"label_anchor":[24.9375,60.1708],"label_anchor_adjusted":false},"geometry":{"type":"MultiPolygon","coordinates":[[[[19.51733,60.19031],[19.55108,60.27246],[19.74234,60.30692],[19.81359,60.41292],[20.0836,60.40232],[20.24861,60.26981],[20.19236,60.19826],[20.06485,60.16911],[20.0611,60.10551],[20.17361,60.0949],[20.25236,60.14526],[20.28236,60.11876],[20.20361,59.9995],[20.0761,60.02865],[20.01985,59.99685],[19.88109,60.0949],[19.75359,60.10816],[19.67108,60.17706],[19.56608,60.16116],[19.51733,60.19031]]],[[[19.53608,60.32017],[19.58108,60.36257],[19.60358,60.35992],[19.58858,60.31752],[19.55858,60.30427],[19.53608,60.32017]]],[[[19.65233,60.35462],[19.71609,60.38907],[19.76859,60.37847],[19.72734,60.33607],[19.65233,60.35462]]],[[[20.16986,60.44737],[20.21486,60.47387],[20.25236,60.46327],[20.21111,60.42352],[20.16986,60.44737]]],[[[20.25611,60.21151],[20.40612,60.32282],[20.43237,60.31752],[20.39487,60.20886],[20.34237,60.22211],[20.27486,60.19561],[20.25611,60.21151]]],[[[20.29361,59.9624],[20.31987,60.00745],[20.46612,60.09225],[20.59738,60.10816],[20.59738,60.02865],[20.54863,59.99155],[20.48487,60.0048],[20.43612,59.97565],[20.29361,59.9624]]],[[[20.30112,60.34667],[20.35362,60.36522],[20.39112,60.33342],[20.34612,60.32017],[20.30112,60.34667]]],[[[20.44737,60.22476],[20.49612,60.25126],[20.51863,60.23536],[20.49237,60.19561],[20.44737,60.22476]]],[[[20.57863,60.40762],[20.60113,60.42882],[20.63863,60.42882],[20.63113,60.37317],[20.57863,60.40762]]],[[[20.61238,60.12936],[20.69488,60.12936],[20.72489,60.07635],[20.66488,60.079],[20.61238,60.12936]]],[[[20.64613,60.20621],[20.68363,60.24066],[20.72114,60.20621],[20.68738,60.18501],[20.64613,60.20621]]],[[[20.68738,59.74774],[20.72489,59.76629],[20.77739,59.74774],[20.73614,59.72124],[20.68738,59.74774]]],[[[20.71364,60.31752],[20.75114,60.36787],[20.78864,60.35992],[20.78489,60.31487],[20.71364,60.31752]]],[[[20.72864,60.24331],[20.76989,60.29101],[20.81864,60.26981],[20.78489,60.23801],[20.72864,60.24331]]],[[[20.75864,60.19296],[20.82989,60.22211],[20.85614,60.21681],[20.79614,60.17176],[20.75864,60.19296]]],[[[20.81864,59.9995],[20.83364,60.0472],[20.86739,60.05515],[20.87489,60.0154],[20.81864,59.9995]]],[[[20.82614,60.48182],[20.85239,60.51098],[20.88614,60.49242],[20.87114,60.44737],[20.82614,60.48182]]],[[[20.88239,59.90145],[21.0024,59.9518],[21.0474,59.9306],[20.96865,59.87229],[20.88239,59.90145]]],[[[20.9049,60.47387],[20.9499,60.48447],[20.9724,60.45532],[20.93865,60.42352],[20.9049,60.47387]]],[[[20.9499,60.30957],[20.9874,60.34932],[21.01365,60.32812],[20.99865,60.29101],[20.9499,60.30957]]],[[[20.9574,60.16646],[20.9874,60.19296],[21.0324,60.17176],[21.0249,60.14791],[20.9574,60.16646]]],[[[20.9949,60.37847],[21.08115,60.50833],[21.0999,60.45532],[21.0774,60.33607],[21.04365,60.33342],[20.9949,60.37847]]],[[[22.80624,60.03395],[22.83624,60.026],[22.84374,59.95975],[22.82124,59.95975],[22.80999,59.9783],[22.80624,60.03395]]],[[[22.9225,59.95445],[22.9975,60.00745],[23.0275,60.10021],[23.05375,60.0896],[23.14751,60.10021],[23.30502,60.17971],[23.40252,60.16646],[23.62753,60.20886],[23.63878,60.26981],[23.71379,60.31752],[23.77379,60.41292],[23.75129,60.46857],[23.84879,60.50833],[23.9013,60.64878],[24.21256,60.62228],[24.28381,60.57458],[24.35507,60.60638],[24.43757,60.55603],[24.53508,60.56133],[24.61383,60.66203],[25.10136,60.66998],[25.12386,60.72299],[25.08635,60.73889],[25.13511,60.78129],[25.11261,60.81839],[25.20261,60.82899],[25.34887,60.75744],[25.42387,60.78394],[25.47637,60.78394],[25.53263,60.70179],[25.60763,60.67528],[25.88889,60.73359],[26.11766,60.69118],[26.30142,60.74949],[26.48892,60.83429],[26.53768,60.9191],[26.48517,61.00655],[26.27516,61.01715],[26.29016,61.0993],[26.23391,61.12846],[26.51518,61.27421],[26.63143,61.28216],[26.66518,61.21061],[26.85644,61.27951],[26.93895,61.17616],[27.20521,61.16291],[27.35522,61.17881],[27.38522,61.24241],[27.44897,61.26891],[27.56523,61.26626],[27.61398,61.34047],[27.73399,61.32987],[27.80149,61.35637],[28.24401,61.38022],[28.40902,61.45442],[28.45402,61.51008],[28.61903,61.46767],[28.77654,61.48092],[28.82529,61.53128],[29.25656,61.56308],[29.56033,61.72209],[30.14536,61.85194],[29.72534,61.56838],[29.59783,61.50213],[29.50783,61.48887],[29.44782,61.42792],[29.21906,61.26096],[28.84779,61.12846],[28.72029,61.04365],[28.65653,60.9562],[28.51028,60.94825],[27.99275,60.66998],[27.79774,60.54543],[27.74524,60.55338],[27.68898,60.48182],[27.49772,60.49242],[27.39272,60.47122],[27.21271,60.54013],[27.10771,60.54013],[27.0027,60.51363],[26.89019,60.42617],[26.75519,60.47122],[26.59768,60.42087],[26.45517,60.48712],[26.35767,60.41027],[26.0764,60.40232],[26.08765,60.30162],[25.9864,60.35462],[25.88889,60.21946],[25.67888,60.28836],[25.61513,60.25391],[25.52888,60.28306],[25.06385,60.16381],[24.79759,60.15851],[24.66633,60.11611],[24.49007,60.00215],[24.44882,60.0366],[24.40007,60.00745],[24.28006,60.05515],[24.0438,60.0101],[23.95755,59.9465],[23.77379,59.9465],[23.50753,59.87229],[23.39127,59.86169],[23.30502,59.89879],[23.18126,59.84579],[23.0425,59.84314],[23.035,59.91205],[22.9225,59.95445]]],[[[23.33502,59.76629],[23.36502,59.78484],[23.41377,59.77424],[23.37627,59.73449],[23.33502,59.76629]]],[[[25.48387,60.22211],[25.53638,60.24596],[25.56638,60.21946],[25.53263,60.19826],[25.48387,60.22211]]],[[[25.78764,60.08695],[25.83639,60.10816],[25.87764,60.0843],[25.84389,60.0631],[25.78764,60.08695]]],[[[25.96765,60.23271],[26.02765,60.25126],[26.0389,60.20356],[26.00515,60.20356],[25.96765,60.23271]]],[[[26.16266,60.34137],[26.21516,60.35462],[26.24141,60.31487],[26.20016,60.30692],[26.16266,60.34137]]],[[[26.38017,60.37582],[26.44017,60.39437],[26.47392,60.37582],[26.41392,60.35197],[26.38017,60.37582]]],[[[26.48892,60.42087],[26.54518,60.41822],[26.56393,60.36787],[26.51893,60.38112],[26.48892,60.42087]]],[[[26.49642,60.35992],[26.53393,60.37582],[26.56393,60.34932],[26.53018,60.33872],[26.49642,60.35992]]],[[[26.73269,60.36522],[26.75144,60.38112],[26.78144,60.37582],[26.80769,60.34137],[26.76644,60.33342],[26.73269,60.36522]]],[[[26.98395,60.42352],[27.04395,60.45267],[27.07395,60.40232],[27.0477,60.38112],[26.98395,60.42352]]],[[[27.19396,60.47387],[27.24271,60.49242],[27.25771,60.46327],[27.22021,60.43147],[27.19396,60.47387]]]]}},{"type":"Feature","properties":{"territory_id":"FI-02","country_code":"FI","country_name":"Finland","display_name":"Central Finland","strategic_centre":"Tampere","centre":[23.76,61.4981],"boundary_status":"administrative-comparison-draft","admin_source":"NUTS 2024 level 3","source_region_count":12,"label_anchor":[23.76,61.4981],"label_anchor_adjusted":false},"geometry":{"type":"MultiPolygon","coordinates":[[[[20.81114,63.0021],[20.87114,63.0392],[20.89364,63.03125],[20.83739,62.97825],[20.81114,63.0021]]],[[[21.0249,63.41552],[21.06615,63.45262],[21.10741,63.43672],[21.06615,63.40492],[21.0249,63.41552]]],[[[21.0324,62.58073],[21.0924,62.57013],[21.0774,62.52243],[21.05865,62.52773],[21.0324,62.58073]]],[[[21.07365,63.29096],[21.17491,63.34927],[21.22741,63.33867],[21.28741,63.37312],[21.33617,63.37577],[21.37367,63.35722],[21.36617,63.29361],[21.42617,63.22206],[21.37742,63.17701],[21.24616,63.17171],[21.15616,63.20616],[21.07365,63.29096]]],[[[21.10741,62.66553],[21.14491,62.74769],[21.15241,62.84839],[21.21991,62.89079],[21.38867,62.912],[21.41492,62.9544],[21.37742,62.96765],[21.36992,63.00475],[21.39992,63.0551],[21.58368,63.07895],[21.53493,63.16641],[21.56868,63.24856],[21.71119,63.23796],[21.9062,63.26711],[22.0337,63.37312],[22.10121,63.32012],[22.32997,63.31747],[22.34122,63.35722],[22.25121,63.46057],[22.25871,63.48177],[22.34872,63.56128],[22.43497,63.54008],[22.45747,63.58778],[22.67123,63.73354],[22.68248,63.81304],[22.86624,63.83689],[22.84374,63.88194],[22.89249,63.88989],[22.97875,63.83689],[22.99,63.78919],[23.0275,63.78919],[23.04625,63.86604],[23.11376,63.87134],[23.15126,63.9164],[23.38002,63.9323],[23.40627,64.07275],[23.61628,64.0489],[23.72129,63.98265],[23.87129,63.97205],[23.9463,64.0701],[24.04005,64.07805],[24.17881,63.94555],[24.32132,63.86074],[24.41882,63.83689],[24.60633,63.65933],[24.81259,63.58778],[25.0376,63.45792],[25.08635,63.48177],[25.15386,63.57188],[25.25511,63.60368],[25.48762,63.53478],[25.82514,63.48177],[25.91515,63.43937],[26.14016,63.45792],[26.20016,63.55598],[26.27891,63.60633],[26.24516,63.83689],[26.58643,63.97205],[26.87144,64.0383],[27.01395,64.0012],[27.54648,63.95085],[27.75649,63.90315],[28.06025,63.78124],[28.27026,63.67788],[28.52903,63.87664],[28.9003,63.83689],[29.64658,63.87399],[29.78159,63.71764],[29.97285,63.75739],[30.48662,63.46852],[30.78289,63.40492],[31.21791,63.22471],[31.27416,63.11076],[31.50293,62.98885],[31.57418,62.90935],[31.43917,62.77949],[31.36417,62.65228],[31.15416,62.45087],[30.9329,62.31042],[30.65538,62.20176],[30.57663,62.12491],[30.14536,61.85194],[29.56033,61.72209],[29.25656,61.56308],[28.82529,61.53128],[28.77654,61.48092],[28.61903,61.46767],[28.45402,61.51008],[28.40902,61.45442],[28.24401,61.38022],[27.80149,61.35637],[27.73399,61.32987],[27.61398,61.34047],[27.56523,61.26626],[27.44897,61.26891],[27.38522,61.24241],[27.35522,61.17881],[27.20521,61.16291],[26.93895,61.17616],[26.85644,61.27951],[26.66518,61.21061],[26.63143,61.28216],[26.51518,61.27421],[26.23391,61.12846],[26.29016,61.0993],[26.27516,61.01715],[26.48517,61.00655],[26.53768,60.9191],[26.48892,60.83429],[26.30142,60.74949],[26.11766,60.69118],[25.88889,60.73359],[25.60763,60.67528],[25.53263,60.70179],[25.47637,60.78394],[25.42387,60.78394],[25.34887,60.75744],[25.20261,60.82899],[25.11261,60.81839],[25.13511,60.78129],[25.08635,60.73889],[25.12386,60.72299],[25.10136,60.66998],[24.61383,60.66203],[24.53508,60.56133],[24.43757,60.55603],[24.35507,60.60638],[24.28381,60.57458],[24.21256,60.62228],[23.9013,60.64878],[23.84879,60.50833],[23.75129,60.46857],[23.77379,60.41292],[23.71379,60.31752],[23.63878,60.26981],[23.62753,60.20886],[23.40252,60.16646],[23.30502,60.17971],[23.14751,60.10021],[23.05375,60.0896],[23.0275,60.10021],[22.92625,60.04985],[22.85124,60.13201],[22.73499,60.03925],[22.43497,59.9677],[22.36747,60.12141],[22.43122,60.15851],[22.44997,60.22741],[22.23246,60.17706],[22.14621,60.27246],[22.10871,60.42352],[22.0187,60.41292],[21.9887,60.33607],[21.9287,60.30957],[21.70369,60.51893],[21.54243,60.49507],[21.29866,60.51628],[21.25366,60.58253],[21.25741,60.62493],[21.36242,60.58518],[21.40367,60.60638],[21.34742,60.69118],[21.33242,60.79189],[21.24616,60.83959],[21.22741,60.88199],[21.28741,60.9721],[21.36617,60.97475],[21.36992,61.03305],[21.41867,61.0463],[21.45242,61.0993],[21.42242,61.21061],[21.50868,61.24506],[21.54243,61.33252],[21.48992,61.41467],[21.56118,61.44117],[21.51993,61.49152],[21.57243,61.52863],[21.52743,61.58163],[21.60243,61.60813],[21.54243,61.73799],[21.47117,61.78834],[21.48992,61.82544],[21.44117,61.90495],[21.33992,61.9553],[21.30617,62.0772],[21.37742,62.22561],[21.31742,62.35812],[21.20491,62.37932],[21.13741,62.50123],[21.14491,62.59133],[21.10741,62.66553]]],[[[21.11866,62.99945],[21.20866,63.01535],[21.21991,62.96765],[21.15991,62.9438],[21.11866,62.99945]]],[[[21.14866,60.59578],[21.20491,60.60108],[21.22366,60.55603],[21.18616,60.55603],[21.14866,60.59578]]],[[[21.19741,60.0631],[21.23116,60.09225],[21.28366,60.07635],[21.25366,60.0472],[21.19741,60.0631]]],[[[21.23116,60.16911],[21.25741,60.17176],[21.27241,60.15586],[21.24241,60.14791],[21.23116,60.16911]]],[[[21.23866,60.77069],[21.28741,60.77334],[21.27241,60.71239],[21.24616,60.72829],[21.23866,60.77069]]],[[[21.26491,60.32282],[21.35492,60.43677],[21.41117,60.43147],[21.38117,60.34932],[21.30242,60.30957],[21.26491,60.32282]]],[[[21.27241,60.15586],[21.30242,60.17706],[21.32867,60.16381],[21.31367,60.13996],[21.27241,60.15586]]],[[[21.30992,60.21151],[21.41492,60.28041],[21.48617,60.26981],[21.42242,60.18501],[21.30992,60.21151]]],[[[21.33242,61.19206],[21.38492,61.21326],[21.39617,61.18411],[21.38492,61.16291],[21.33242,61.19206]]],[[[21.38867,61.62933],[21.45992,61.66378],[21.50118,61.63728],[21.46367,61.60813],[21.38867,61.62933]]],[[[21.44117,63.15051],[21.49367,63.17701],[21.52743,63.15316],[21.48992,63.12666],[21.44117,63.15051]]],[[[21.47867,60.11346],[21.51993,60.17706],[21.64368,60.19826],[21.67368,60.17176],[21.65868,60.11346],[21.66993,60.08695],[21.47867,60.11346]]],[[[21.52368,60.33607],[21.56868,60.34137],[21.58368,60.28306],[21.54993,60.28571],[21.52368,60.33607]]],[[[21.53493,60.03395],[21.56868,60.0684],[21.60243,60.0419],[21.57993,60.0101],[21.53493,60.03395]]],[[[21.53493,60.25921],[21.58743,60.26716],[21.63243,60.25391],[21.57993,60.21681],[21.53493,60.25921]]],[[[21.58743,59.9836],[21.63618,60.00745],[21.67743,59.9942],[21.63243,59.9624],[21.58743,59.9836]]],[[[21.59868,60.46857],[21.64743,60.48977],[21.68118,60.47387],[21.68493,60.38377],[21.66243,60.38907],[21.59868,60.46857]]],[[[21.60993,63.28566],[21.67743,63.32807],[21.74119,63.32012],[21.68868,63.26976],[21.60993,63.28566]]],[[[21.62868,63.39167],[21.67743,63.41817],[21.70744,63.39167],[21.67368,63.36782],[21.62868,63.39167]]],[[[21.63993,60.28041],[21.69618,60.28571],[21.71869,60.25126],[21.67743,60.24331],[21.63993,60.28041]]],[[[21.70369,59.9359],[21.75994,59.9783],[21.78619,59.973],[21.74119,59.92],[21.70369,59.9359]]],[[[21.70369,60.12936],[21.76369,60.20356],[21.86869,60.20356],[21.9062,60.16116],[21.9587,60.23006],[22.07495,60.21946],[22.10121,60.19826],[22.02995,60.14261],[22.0037,60.17441],[21.9812,60.16646],[21.93995,60.11081],[21.74869,60.10021],[21.70369,60.12936]]],[[[21.72244,60.34402],[21.74869,60.38377],[21.79369,60.38377],[21.77869,60.34402],[21.72244,60.34402]]],[[[21.74119,63.43142],[21.79369,63.45792],[21.83119,63.43937],[21.78994,63.41287],[21.74119,63.43142]]],[[[21.74494,60.27246],[21.80494,60.31222],[21.85744,60.30427],[21.80869,60.25391],[21.74494,60.27246]]],[[[21.76369,60.07105],[21.81619,60.06045],[21.81994,60.02335],[21.77869,60.0207],[21.76369,60.07105]]],[[[21.78619,59.88289],[21.80494,59.92795],[21.84619,59.94385],[21.83494,59.89084],[21.78619,59.88289]]],[[[21.91745,60.02335],[21.9587,60.0631],[21.99245,60.05515],[21.9737,60.0154],[21.91745,60.02335]]],[[[22.08245,60.13731],[22.11621,60.17441],[22.14996,60.15586],[22.14621,60.13731],[22.11621,60.12141],[22.08245,60.13731]]],[[[22.16121,59.84844],[22.20996,59.87229],[22.23996,59.85639],[22.21371,59.82459],[22.16121,59.84844]]],[[[22.31122,59.9677],[22.36372,59.973],[22.36372,59.92265],[22.32622,59.92795],[22.31122,59.9677]]],[[[22.44622,59.89084],[22.49497,59.9359],[22.56998,59.89614],[22.49872,59.85374],[22.44622,59.89084]]],[[[22.57373,63.75739],[22.58123,63.79449],[22.62998,63.79449],[22.60748,63.73619],[22.57373,63.75739]]],[[[22.58873,59.9677],[22.62998,59.9889],[22.64498,59.9306],[22.60748,59.93325],[22.58873,59.9677]]],[[[22.68623,63.87399],[22.71999,63.9217],[22.75749,63.89519],[22.73874,63.87399],[22.68623,63.87399]]],[[[22.76874,63.90845],[22.79874,63.9482],[22.84749,63.93495],[22.81749,63.9058],[22.76874,63.90845]]]]}},{"type":"Feature","properties":{"territory_id":"FI-03","country_code":"FI","country_name":"Finland","display_name":"Northern Finland","strategic_centre":"Rovaniemi","centre":[25.7333,66.5],"boundary_status":"administrative-comparison-draft","admin_source":"NUTS 2024 level 3","source_region_count":3,"label_anchor":[25.7333,66.5],"label_anchor_adjusted":false},"geometry":{"type":"MultiPolygon","coordinates":[[[[20.54863,69.0603],[20.72489,69.11596],[21.05115,69.0444],[21.0774,69.10271],[21.02115,69.17161],[21.02115,69.21136],[21.29491,69.30412],[21.63243,69.26436],[21.9812,69.0762],[22.31497,68.84034],[22.40122,68.72639],[22.53998,68.73964],[22.79499,68.69193],[23.0275,68.68663],[23.19626,68.63893],[23.65378,68.70784],[23.78129,68.81119],[23.89004,68.83239],[24.12631,68.78734],[24.29881,68.72109],[24.73384,68.64688],[24.89134,68.57003],[25.0976,68.64688],[25.13511,68.75819],[25.18761,68.80589],[25.44262,68.89334],[25.61888,68.89864],[25.73139,68.98875],[25.71639,69.24581],[25.81764,69.37302],[25.81764,69.44192],[25.86639,69.53203],[25.95265,69.60358],[25.95265,69.68838],[26.35767,69.84739],[26.49642,69.94015],[26.81519,69.95605],[27.0402,69.9216],[27.27271,69.9534],[27.61023,70.07],[27.914,70.0859],[28.03775,69.98785],[28.32277,69.88184],[28.40902,69.82089],[29.14406,69.67248],[29.30907,69.47107],[29.20406,69.39157],[28.85154,69.22461],[28.82529,69.11066],[28.9303,69.05235],[28.45402,68.91455],[28.48777,68.88804],[28.78779,68.86154],[28.70154,68.73169],[28.44652,68.54088],[28.62653,68.22816],[28.67528,68.19106],[29.32407,68.0718],[29.65033,67.81209],[30.0066,67.66103],[29.92785,67.52588],[29.53033,67.30592],[29.0503,66.9667],[29.04655,66.88719],[29.11406,66.79444],[29.32032,66.66193],[29.57158,66.43402],[29.69908,66.28296],[29.94285,66.0895],[30.06285,65.89074],[30.11911,65.73439],[30.08535,65.68668],[29.77409,65.64163],[29.83784,65.55948],[29.75534,65.49852],[29.73284,65.45347],[29.74034,65.34747],[29.60908,65.26266],[29.63908,65.23351],[29.75909,65.22821],[29.87534,65.19641],[29.83409,65.14606],[29.84909,65.09835],[29.73284,65.0904],[29.63158,65.06125],[29.60158,64.995],[29.61283,64.92345],[29.64658,64.86779],[29.69533,64.83864],[29.69158,64.81744],[29.74034,64.79094],[30.07035,64.77239],[30.05535,64.72204],[30.12286,64.64253],[30.01035,64.59483],[29.98785,64.56038],[30.05535,64.40137],[30.47537,64.25826],[30.49787,64.23176],[30.47912,64.19466],[30.54288,64.12841],[30.50913,64.0383],[30.26161,63.83689],[29.78159,63.71764],[29.64658,63.87399],[28.9003,63.83689],[28.52903,63.87664],[28.27026,63.67788],[28.06025,63.78124],[27.75649,63.90315],[27.54648,63.95085],[27.01395,64.0012],[26.87144,64.0383],[26.58643,63.97205],[26.24516,63.83689],[26.27891,63.60633],[26.20016,63.55598],[26.14016,63.45792],[25.91515,63.43937],[25.82514,63.48177],[25.48762,63.53478],[25.25511,63.60368],[25.15386,63.57188],[25.08635,63.48177],[25.0376,63.45792],[24.81259,63.58778],[24.60633,63.65933],[24.41882,63.83689],[24.32132,63.86074],[24.17881,63.94555],[24.04005,64.07805],[23.9463,64.0701],[23.87129,63.97205],[23.72129,63.98265],[23.61628,64.0489],[23.60878,64.10456],[23.64628,64.17876],[23.9688,64.35367],[24.0288,64.40667],[24.34382,64.54448],[24.41507,64.67168],[24.53883,64.72999],[24.58758,64.81479],[24.65883,64.82009],[24.73384,64.86779],[25.07885,64.91285],[25.31137,64.84659],[25.34887,64.87044],[25.36012,64.89694],[25.24761,64.942],[25.22511,64.98175],[25.43887,64.97645],[25.37512,65.0851],[25.24761,65.14871],[25.31512,65.24941],[25.26261,65.34482],[25.33012,65.45612],[25.22136,65.54358],[24.86884,65.65753],[24.57258,65.65753],[24.55383,65.67343],[24.58008,65.71319],[24.55383,65.72909],[24.32132,65.78739],[24.18256,65.76884],[24.11131,65.92255],[23.95005,66.0736],[23.92005,66.15046],[23.74004,66.19551],[23.68003,66.24851],[23.65003,66.31212],[23.68003,66.38897],[23.64253,66.42872],[23.85629,66.56653],[23.89004,66.75734],[23.98755,66.81299],[23.84879,66.95345],[23.56378,67.16811],[23.57878,67.26086],[23.71754,67.28736],[23.75879,67.32447],[23.75129,67.43047],[23.48502,67.45167],[23.41377,67.48347],[23.54878,67.60538],[23.48502,67.69283],[23.48877,67.84654],[23.63503,67.9181],[23.64628,67.95785],[23.39502,68.0506],[23.29376,68.14866],[23.15876,68.14336],[23.14001,68.23346],[23.0575,68.29971],[22.82124,68.38717],[22.42372,68.46137],[22.35622,68.45342],[22.32622,68.47992],[22.0412,68.48522],[21.90245,68.57798],[21.72244,68.59653],[21.62868,68.66013],[21.43742,68.69458],[21.38117,68.76084],[21.29866,68.76879],[21.0174,68.88804],[20.90115,68.9013],[20.85989,68.93045],[20.89739,68.9702],[20.77364,69.0285],[20.54863,69.0603]]],[[[24.53133,65.0374],[24.76759,65.0957],[24.9101,65.05595],[24.87259,64.9738],[24.79009,64.93935],[24.62133,64.9685],[24.53133,65.0374]]],[[[25.18761,65.09835],[25.20261,65.11426],[25.26261,65.10896],[25.26636,65.07715],[25.18761,65.09835]]]]}},{"type":"Feature","properties":{"territory_id":"FR-01","country_code":"FR","country_name":"France","display_name":"Northwest France","strategic_centre":"Rennes","centre":[-1.6794,48.1147],"boundary_status":"administrative-comparison-draft","admin_source":"NUTS 2024 level 3","source_region_count":13,"label_anchor":[-1.6794,48.1147],"label_anchor_adjusted":false},"geometry":{"type":"MultiPolygon","coordinates":[[[[-5.13641,48.46082],[-5.0839,48.48467],[-5.05015,48.46612],[-5.0914,48.43697],[-5.13641,48.46082]]],[[[-4.75014,48.39987],[-4.70889,48.53503],[-4.41262,48.64898],[-4.0376,48.70199],[-3.9026,48.67018],[-3.76384,48.69403],[-3.65883,48.65958],[-3.59133,48.69668],[-3.56883,48.79209],[-3.52758,48.82124],[-3.40007,48.80799],[-3.12631,48.86364],[-2.86379,48.68078],[-2.81129,48.60393],[-2.68753,48.51383],[-2.33502,48.66488],[-2.19251,48.59068],[-2.12501,48.60393],[-2.14001,48.62778],[-2.11376,48.63838],[-2.05,48.63308],[-2.03125,48.60393],[-2.00875,48.60393],[-2.01625,48.64633],[-1.98625,48.67813],[-1.85874,48.70199],[-1.85499,48.63838],[-1.77999,48.60393],[-1.56998,48.62778],[-1.45372,48.62513],[-1.40872,48.65428],[-1.49872,48.68873],[-1.56623,48.75499],[-1.59623,48.83714],[-1.55873,49.00675],[-1.60373,49.0571],[-1.60748,49.19491],[-1.71249,49.32212],[-1.80624,49.38307],[-1.87374,49.53413],[-1.84749,49.61893],[-1.9375,49.67988],[-1.9375,49.71434],[-1.61498,49.64808],[-1.43497,49.70109],[-1.29621,49.68783],[-1.23621,49.62158],[-1.29621,49.56858],[-1.29996,49.53413],[-1.11996,49.32212],[-1.08245,49.38307],[-0.96245,49.39632],[-0.19366,49.28766],[-0.02115,49.32212],[0.15511,49.40957],[0.29761,49.43077],[0.31637,49.30887],[0.37262,49.27441],[0.33512,49.24791],[0.38762,49.20021],[0.38762,49.05445],[0.43637,49.00675],[0.41012,48.9034],[0.59388,48.88219],[0.62388,48.82654],[0.74389,48.76824],[0.76639,48.68873],[0.81514,48.67018],[0.84514,48.60393],[0.95765,48.52178],[0.95765,48.42637],[0.89764,48.36807],[0.78139,48.32832],[0.81889,48.22231],[0.79639,48.19316],[0.88639,48.15076],[0.80389,48.05005],[0.83764,47.9467],[0.76639,47.89104],[0.74764,47.81684],[0.59763,47.72674],[0.61263,47.69493],[0.85264,47.68168],[0.86764,47.60748],[0.94265,47.62868],[1.0364,47.59423],[1.0589,47.51738],[1.12266,47.44847],[1.10766,47.30537],[1.23516,47.28416],[1.32517,47.18611],[1.35517,47.12251],[1.26891,47.04035],[1.14516,47.03505],[1.0664,46.99795],[0.9914,46.75944],[0.86764,46.74884],[0.71389,46.89989],[0.67263,46.97675],[0.59013,47.00325],[0.58263,46.9582],[0.32387,46.9423],[0.29761,47.043],[0.20011,47.06155],[0.18511,47.10396],[0.05385,47.16491],[0.00135,47.16226],[-0.10366,47.0642],[-0.24616,47.10131],[-0.50868,47.07745],[-0.60993,46.99795],[-0.89119,46.97675],[-0.72619,46.81509],[-0.61368,46.59778],[-0.61368,46.44937],[-0.56118,46.38842],[-0.64368,46.33012],[-0.74869,46.30362],[-0.81994,46.33277],[-0.9362,46.31687],[-0.9587,46.35662],[-1.07495,46.31952],[-1.17996,46.31952],[-1.22496,46.27711],[-1.33372,46.33807],[-1.46497,46.35132],[-1.52498,46.40167],[-1.80999,46.50503],[-1.88499,46.63488],[-2.14376,46.83629],[-2.14376,46.88399],[-1.97875,47.02975],[-2.06875,47.0907],[-2.20751,47.13576],[-2.15126,47.27356],[-2.30502,47.24706],[-2.47002,47.29211],[-2.51128,47.37162],[-2.45877,47.44847],[-2.52628,47.51473],[-2.80754,47.49882],[-2.9463,47.58893],[-2.98755,47.56243],[-3.12631,47.57303],[-3.35882,47.71879],[-3.47132,47.71084],[-3.52383,47.76649],[-3.52758,47.84334],[-3.60258,47.77709],[-3.81634,47.80094],[-3.98135,47.87514],[-4.22886,47.81154],[-4.33012,47.81949],[-4.43137,47.94405],[-4.55888,48.02885],[-4.31887,48.12956],[-4.34512,48.19051],[-4.52138,48.21701],[-4.56638,48.25676],[-4.54763,48.29651],[-4.41262,48.29651],[-4.37512,48.33097],[-4.47262,48.36807],[-4.69388,48.34952],[-4.75014,48.39987]]],[[[-3.51258,47.64458],[-3.46757,47.65783],[-3.43007,47.61808],[-3.46757,47.61278],[-3.51258,47.64458]]],[[[-3.31757,47.36367],[-3.20881,47.38222],[-3.12631,47.30537],[-3.21256,47.28946],[-3.31757,47.36367]]],[[[-3.17131,47.53063],[-3.12256,47.52533],[-3.11131,47.47232],[-3.15256,47.48557],[-3.17131,47.53063]]],[[[-3.0438,48.85039],[-2.98755,48.87424],[-2.9688,48.84774],[-2.9988,48.82389],[-3.0438,48.85039]]],[[[-2.38377,46.70114],[-2.32752,46.72764],[-2.29751,46.70114],[-2.33502,46.67993],[-2.38377,46.70114]]],[[[-2.31252,47.02975],[-2.23001,47.0165],[-2.22626,46.9635],[-2.28251,46.9688],[-2.31252,47.02975]]],[[[-2.21126,46.9635],[-2.15126,46.9529],[-2.14751,46.9105],[-2.16626,46.9105],[-2.21126,46.9635]]]]}},{"type":"Feature","properties":{"territory_id":"FR-02","country_code":"FR","country_name":"France","display_name":"Paris Basin","strategic_centre":"Paris","centre":[2.3522,48.8567],"boundary_status":"administrative-comparison-draft","admin_source":"NUTS 2024 level 3","source_region_count":24,"label_anchor":[2.3522,48.8567],"label_anchor_adjusted":false},"geometry":{"type":"Polygon","coordinates":[[[0.0801,49.52618],[0.16636,49.68253],[0.21511,49.71434],[0.59013,49.85214],[1.10391,49.93695],[1.38142,50.06415],[1.52393,50.19401],[1.63268,50.19666],[1.55018,50.30002],[1.56893,50.34772],[1.64393,50.35037],[1.56143,50.40867],[1.59143,50.86449],[1.85394,50.9758],[2.54773,51.08975],[2.61523,50.96785],[2.60773,50.9122],[2.63023,50.82474],[2.71649,50.80619],[2.79524,50.73199],[2.90775,50.70284],[3.02025,50.77439],[3.099,50.77969],[3.17776,50.75584],[3.25276,50.69488],[3.30152,50.52263],[3.38402,50.49612],[3.48527,50.52793],[3.61653,50.49082],[3.65403,50.46167],[3.66528,50.35567],[3.70654,50.32122],[3.76279,50.34772],[3.89779,50.33182],[4.02905,50.35832],[4.13781,50.26821],[4.20906,50.25761],[4.16031,50.21256],[4.13781,50.14101],[4.19031,50.12776],[4.21656,50.07475],[4.15281,50.03235],[4.14156,49.97935],[4.43407,49.94225],[4.67783,49.9979],[4.69283,50.08005],[4.79784,50.14896],[4.87284,50.13836],[4.80159,49.96875],[4.87659,49.91575],[4.86909,49.80709],[4.97035,49.80179],[5.15411,49.71699],[5.28911,49.67988],[5.31912,49.62158],[5.39412,49.61628],[5.27786,49.55003],[5.11661,49.58183],[5.0716,49.49967],[5.10911,49.44402],[5.0941,49.39102],[5.0341,49.34067],[5.0416,49.28766],[4.9516,49.23731],[4.97785,49.21346],[4.9516,49.17371],[5.0341,48.9882],[5.0191,48.9564],[4.9366,48.91135],[4.89534,48.81064],[5.00035,48.73644],[4.9891,48.68343],[4.80534,48.67018],[4.84659,48.61983],[4.77909,48.59333],[4.77909,48.54563],[4.67033,48.53238],[4.65533,48.45817],[4.81659,48.33627],[4.85784,48.20906],[4.83159,48.11366],[4.70784,48.0951],[4.70409,48.0209],[4.58408,48.02355],[4.54283,47.9732],[4.32532,47.9573],[4.29156,47.9255],[4.26531,47.85924],[4.33657,47.79299],[4.12656,47.51208],[4.11906,47.45377],[4.07405,47.40342],[4.10781,47.33982],[3.9953,47.32127],[3.94655,47.38487],[3.87529,47.37957],[3.86779,47.42462],[3.81529,47.38752],[3.72154,47.40872],[3.50778,47.53593],[3.48152,47.50148],[3.33902,47.48557],[3.15526,47.52533],[3.099,47.58098],[2.88899,47.55183],[2.87399,47.52003],[2.9265,47.43522],[2.88149,47.33982],[2.97525,47.26031],[3.0315,47.0642],[3.069,47.0218],[3.0615,46.84954],[3.0315,46.79389],[2.94525,46.79654],[2.78399,46.72764],[2.72024,46.73029],[2.60023,46.65078],[2.58148,46.61103],[2.58523,46.54478],[2.34147,46.50238],[2.28146,46.42022],[1.77519,46.45202],[1.72644,46.39902],[1.51268,46.41492],[1.41517,46.34602],[1.35142,46.39372],[1.17891,46.38312],[1.19016,46.41757],[1.13391,46.51033],[0.9164,46.60308],[0.9164,46.70644],[0.86764,46.74884],[0.9914,46.75944],[1.0664,46.99795],[1.14516,47.03505],[1.26891,47.04035],[1.35517,47.12251],[1.32517,47.18611],[1.23516,47.28416],[1.10766,47.30537],[1.12266,47.44847],[1.0589,47.51738],[1.0364,47.59423],[0.94265,47.62868],[0.86764,47.60748],[0.85264,47.68168],[0.61263,47.69493],[0.59763,47.72674],[0.74764,47.81684],[0.76639,47.89104],[0.83764,47.9467],[0.80389,48.05005],[0.88639,48.15076],[0.79639,48.19316],[0.81889,48.22231],[0.78139,48.32832],[0.89764,48.36807],[0.95765,48.42637],[0.95765,48.52178],[0.84514,48.60393],[0.81514,48.67018],[0.76639,48.68873],[0.74389,48.76824],[0.62388,48.82654],[0.59388,48.88219],[0.41012,48.9034],[0.43637,49.00675],[0.38762,49.05445],[0.38762,49.20021],[0.33512,49.24791],[0.37262,49.27441],[0.31637,49.30887],[0.29761,49.43077],[0.40637,49.44667],[0.50388,49.48112],[0.58638,49.43077],[0.63513,49.43872],[0.50388,49.48377],[0.38387,49.45462],[0.18511,49.45462],[0.11386,49.47582],[0.0801,49.52618]]]}},{"type":"Feature","properties":{"territory_id":"FR-03","country_code":"FR","country_name":"France","display_name":"Northeast France","strategic_centre":"Strasbourg","centre":[7.7458,48.5833],"boundary_status":"administrative-comparison-draft","admin_source":"NUTS 2024 level 3","source_region_count":10,"label_anchor":[7.7458,48.5833],"label_anchor_adjusted":false},"geometry":{"type":"Polygon","coordinates":[[[4.65533,48.45817],[4.67033,48.53238],[4.77909,48.54563],[4.77909,48.59333],[4.84659,48.61983],[4.80534,48.67018],[4.9891,48.68343],[5.00035,48.73644],[4.89534,48.81064],[4.9366,48.91135],[5.0191,48.9564],[5.0341,48.9882],[4.9516,49.17371],[4.97785,49.21346],[4.9516,49.23731],[5.0416,49.28766],[5.0341,49.34067],[5.0941,49.39102],[5.10911,49.44402],[5.0716,49.49967],[5.11661,49.58183],[5.27786,49.55003],[5.39412,49.61628],[5.46912,49.49702],[5.81789,49.54738],[5.89289,49.49702],[5.95665,49.49437],[6.0129,49.44932],[6.0954,49.45727],[6.14041,49.49702],[6.20416,49.50498],[6.44792,49.46787],[6.55668,49.42017],[6.59043,49.32742],[6.72169,49.21876],[6.72169,49.18431],[6.75169,49.16576],[6.83044,49.15781],[6.84919,49.20816],[6.9317,49.21611],[7.0217,49.18961],[7.05545,49.12336],[7.10046,49.15516],[7.19421,49.11806],[7.29546,49.12071],[7.37047,49.16046],[7.47922,49.16576],[7.52798,49.10216],[7.63673,49.05445],[7.9105,49.04385],[8.23301,48.967],[8.16926,48.92725],[8.0905,48.81064],[7.81674,48.60393],[7.73799,48.33892],[7.57673,48.11896],[7.57298,48.0421],[7.61048,47.97055],[7.53548,47.79299],[7.54673,47.74264],[7.52048,47.68168],[7.58798,47.58893],[7.50923,47.53858],[7.50923,47.50148],[7.40047,47.43522],[7.18671,47.44317],[7.13046,47.50413],[7.0067,47.49882],[6.9842,47.45112],[6.9392,47.43257],[6.89794,47.36897],[7.0217,47.36897],[7.0442,47.33982],[6.95795,47.28681],[6.94295,47.24176],[6.86044,47.16491],[6.61668,46.9953],[6.45917,46.9476],[6.45917,46.85219],[6.43667,46.76474],[6.13666,46.59248],[6.13666,46.55803],[6.0654,46.61898],[6.09165,46.69318],[6.17041,46.74354],[6.18541,46.78329],[6.02415,46.86279],[5.94915,46.9794],[5.77664,47.04035],[5.81039,47.14371],[5.69788,47.26561],[5.58538,47.25766],[5.51788,47.30537],[5.49162,47.37957],[5.44287,47.39812],[5.39787,47.46967],[5.48412,47.53328],[5.48037,47.59158],[5.43912,47.62338],[5.25911,47.58628],[5.16536,47.66313],[4.97035,47.69758],[4.93285,47.77709],[4.9816,47.82214],[4.91785,47.90165],[4.85034,47.9043],[4.85034,47.94935],[4.80159,47.9679],[4.79034,47.9997],[4.70409,48.0209],[4.70784,48.0951],[4.83159,48.11366],[4.85784,48.20906],[4.81659,48.33627],[4.65533,48.45817]]]}},{"type":"Feature","properties":{"territory_id":"FR-04","country_code":"FR","country_name":"France","display_name":"Atlantic and Southwest France","strategic_centre":"Bordeaux","centre":[-0.58,44.84],"boundary_status":"administrative-comparison-draft","admin_source":"NUTS 2024 level 3","source_region_count":18,"label_anchor":[-0.58,44.84],"label_anchor_adjusted":false},"geometry":{"type":"MultiPolygon","coordinates":[[[[-1.78749,43.35137],[-1.77999,43.36462],[-1.64498,43.39907],[-1.43497,43.65348],[-1.25496,44.46707],[-1.19871,44.59958],[-1.11246,44.68173],[-1.13871,44.71354],[-1.20996,44.72944],[-1.22871,44.76919],[-1.11246,45.47412],[-1.06745,45.50328],[-1.0112,45.48737],[-0.73744,45.23826],[-0.71494,45.32837],[-0.80494,45.47942],[-1.02245,45.61458],[-1.22496,45.70204],[-1.25871,45.85574],[-1.37497,45.9485],[-1.40122,46.03595],[-1.25121,45.98295],[-1.19871,45.88224],[-1.21371,45.80009],[-1.14621,45.80804],[-1.14621,45.85309],[-1.08245,45.90875],[-1.05995,46.02535],[-1.13871,46.12871],[-1.21746,46.16051],[-1.12371,46.25856],[-1.11621,46.30362],[-0.9587,46.35662],[-0.9362,46.31687],[-0.81994,46.33277],[-0.74869,46.30362],[-0.64368,46.33012],[-0.56118,46.38842],[-0.61368,46.44937],[-0.61368,46.59778],[-0.72619,46.81509],[-0.89119,46.97675],[-0.60993,46.99795],[-0.50868,47.07745],[-0.24616,47.10131],[-0.10366,47.0642],[0.00135,47.16226],[0.05385,47.16491],[0.18511,47.10396],[0.20011,47.06155],[0.29761,47.043],[0.32387,46.9423],[0.58263,46.9582],[0.59013,47.00325],[0.67263,46.97675],[0.71389,46.89989],[0.9164,46.70644],[0.9164,46.60308],[1.13391,46.51033],[1.19016,46.41757],[1.17891,46.38312],[1.35142,46.39372],[1.41517,46.34602],[1.40392,46.21086],[1.52393,46.0757],[1.55018,45.94585],[1.64768,45.86104],[1.76394,45.85044],[1.85394,45.80539],[1.89894,45.69938],[2.0527,45.75504],[2.29271,45.67553],[2.49147,45.73649],[2.52148,45.67023],[2.46897,45.59868],[2.51398,45.52713],[2.51023,45.38667],[2.37522,45.40787],[2.33772,45.32572],[2.20271,45.22501],[2.17646,45.0978],[2.10521,45.0554],[2.13146,44.99445],[2.06395,44.9759],[2.0977,44.87519],[2.15771,44.80894],[2.14271,44.70559],[2.20646,44.61548],[2.17271,44.58103],[2.0677,44.57573],[1.85394,44.47502],[1.88394,44.33987],[1.88019,44.29216],[1.9627,44.26831],[1.91395,44.19676],[1.98895,44.14906],[2.13521,44.19676],[2.33772,44.11726],[2.48772,44.02185],[2.57398,43.83899],[2.65273,43.76479],[2.73899,43.73299],[2.83649,43.75419],[2.91525,43.73034],[2.934,43.69588],[2.89649,43.65613],[2.76524,43.62168],[2.64898,43.65083],[2.62273,43.57133],[2.65273,43.47857],[2.56648,43.42292],[2.27771,43.44147],[2.15021,43.39642],[2.0302,43.43617],[1.91395,43.41232],[1.85394,43.43087],[1.80519,43.35667],[1.68893,43.27451],[1.73769,43.18971],[1.92145,43.12346],[1.95145,43.08635],[1.99645,42.96975],[1.9627,42.94855],[1.9702,42.87434],[1.88769,42.80809],[1.95145,42.74979],[2.0677,42.74449],[2.15021,42.69678],[2.16521,42.66498],[2.0152,42.65968],[1.95145,42.61198],[1.78644,42.57488],[1.53893,42.65173],[1.44142,42.60403],[1.34767,42.71269],[1.17516,42.71799],[1.0664,42.77894],[0.85639,42.82664],[0.67638,42.84254],[0.66138,42.69148],[0.35387,42.71269],[0.29761,42.68353],[0.18136,42.73124],[-0.0474,42.69678],[-0.31367,42.85049],[-0.39617,42.80809],[-0.56118,42.79484],[-0.72619,42.9194],[-0.75994,42.9618],[-0.99245,42.96975],[-1.25121,43.04925],[-1.30372,43.0943],[-1.36747,43.0413],[-1.41622,43.0466],[-1.45372,43.0837],[-1.39747,43.18176],[-1.40872,43.25596],[-1.72749,43.29571],[-1.78749,43.35137]]],[[[-1.57373,46.23206],[-1.49497,46.25326],[-1.44247,46.20821],[-1.50623,46.19231],[-1.57373,46.23206]]],[[[-1.40497,46.18171],[-1.31872,46.20026],[-1.27371,46.16316],[-1.33372,46.14196],[-1.40497,46.18171]]]]}},{"type":"Feature","properties":{"territory_id":"FR-05","country_code":"FR","country_name":"France","display_name":"Central and Alpine France","strategic_centre":"Lyon","centre":[4.84,45.76],"boundary_status":"administrative-comparison-draft","admin_source":"NUTS 2024 level 3","source_region_count":19,"label_anchor":[4.84,45.76],"label_anchor_adjusted":false},"geometry":{"type":"Polygon","coordinates":[[[1.40392,46.21086],[1.41517,46.34602],[1.51268,46.41492],[1.72644,46.39902],[1.77519,46.45202],[2.28146,46.42022],[2.34147,46.50238],[2.58523,46.54478],[2.58148,46.61103],[2.60023,46.65078],[2.72024,46.73029],[2.78399,46.72764],[2.94525,46.79654],[3.0315,46.79389],[3.0615,46.84954],[3.069,47.0218],[3.0315,47.0642],[2.97525,47.26031],[2.88149,47.33982],[2.9265,47.43522],[2.87399,47.52003],[2.88899,47.55183],[3.099,47.58098],[3.15526,47.52533],[3.33902,47.48557],[3.48152,47.50148],[3.50778,47.53593],[3.72154,47.40872],[3.81529,47.38752],[3.86779,47.42462],[3.87529,47.37957],[3.94655,47.38487],[3.9953,47.32127],[4.10781,47.33982],[4.07405,47.40342],[4.11906,47.45377],[4.12656,47.51208],[4.33657,47.79299],[4.26531,47.85924],[4.29156,47.9255],[4.32532,47.9573],[4.54283,47.9732],[4.58408,48.02355],[4.70409,48.0209],[4.79034,47.9997],[4.80159,47.9679],[4.85034,47.94935],[4.85034,47.9043],[4.91785,47.90165],[4.9816,47.82214],[4.93285,47.77709],[4.97035,47.69758],[5.16536,47.66313],[5.25911,47.58628],[5.43912,47.62338],[5.48037,47.59158],[5.48412,47.53328],[5.39787,47.46967],[5.44287,47.39812],[5.49162,47.37957],[5.51788,47.30537],[5.58538,47.25766],[5.69788,47.26561],[5.81039,47.14371],[5.77664,47.04035],[5.94915,46.9794],[6.02415,46.86279],[6.18541,46.78329],[6.17041,46.74354],[6.09165,46.69318],[6.0654,46.61898],[6.13666,46.55803],[6.0654,46.41492],[6.15541,46.36987],[6.11041,46.25326],[5.9829,46.20556],[5.95665,46.13136],[6.14041,46.14726],[6.29041,46.22941],[6.29791,46.24796],[6.21916,46.31157],[6.31292,46.39372],[6.51918,46.45202],[6.81919,46.42817],[6.78169,46.34867],[6.85294,46.27446],[6.80044,46.15521],[6.89044,46.11811],[6.89419,46.0545],[6.9467,46.0492],[7.0442,45.922],[6.9692,45.86369],[6.82294,45.82659],[6.80419,45.77889],[6.83794,45.70204],[6.98795,45.63843],[7.0067,45.51123],[7.10421,45.46882],[7.17546,45.39197],[7.11921,45.32307],[7.10796,45.23826],[6.9767,45.20646],[6.87169,45.13491],[6.77044,45.15346],[6.63168,45.11106],[6.50793,45.10311],[6.45917,45.0607],[6.26041,45.12696],[6.21166,45.0183],[6.31667,44.98915],[6.35417,44.9282],[6.34667,44.85929],[6.13291,44.85664],[6.01665,44.82749],[5.93415,44.75859],[5.83289,44.75329],[5.80289,44.70559],[5.81789,44.68438],[5.79164,44.66053],[5.65288,44.64198],[5.60788,44.55453],[5.64163,44.51213],[5.61913,44.48297],[5.46912,44.49092],[5.46912,44.43262],[5.44287,44.41672],[5.47662,44.35047],[5.61538,44.32132],[5.67163,44.26036],[5.67538,44.19146],[5.58913,44.18616],[5.49912,44.11461],[5.34912,44.20736],[5.20286,44.22061],[5.13536,44.28421],[5.01535,44.29746],[5.03035,44.37697],[4.97785,44.41672],[4.92535,44.40082],[4.89534,44.35842],[4.9291,44.27891],[4.85784,44.24711],[4.76784,44.31337],[4.65158,44.32927],[4.64783,44.27096],[4.49407,44.33987],[4.41907,44.29216],[4.38532,44.33987],[4.33657,44.33722],[4.25781,44.27096],[4.12656,44.32927],[4.0628,44.32397],[4.05905,44.41407],[3.99905,44.45912],[3.89779,44.38757],[3.96155,44.25506],[3.87529,44.13581],[3.79279,44.13316],[3.66903,44.18086],[3.62028,44.12786],[3.57153,44.11991],[3.45152,44.13051],[3.37277,44.17026],[3.27526,44.09075],[3.44027,44.02185],[3.35777,43.9132],[3.26401,43.88669],[3.21901,43.81779],[3.069,43.82839],[3.054,43.70119],[2.934,43.69588],[2.91525,43.73034],[2.83649,43.75419],[2.73899,43.73299],[2.65273,43.76479],[2.57398,43.83899],[2.48772,44.02185],[2.33772,44.11726],[2.13521,44.19676],[1.98895,44.14906],[1.91395,44.19676],[1.9627,44.26831],[1.88019,44.29216],[1.88394,44.33987],[1.85394,44.47502],[2.0677,44.57573],[2.17271,44.58103],[2.20646,44.61548],[2.14271,44.70559],[2.15771,44.80894],[2.0977,44.87519],[2.06395,44.9759],[2.13146,44.99445],[2.10521,45.0554],[2.17646,45.0978],[2.20271,45.22501],[2.33772,45.32572],[2.37522,45.40787],[2.51023,45.38667],[2.51398,45.52713],[2.46897,45.59868],[2.52148,45.67023],[2.49147,45.73649],[2.29271,45.67553],[2.0527,45.75504],[1.89894,45.69938],[1.85394,45.80539],[1.76394,45.85044],[1.64768,45.86104],[1.55018,45.94585],[1.52393,46.0757],[1.40392,46.21086]]]}},{"type":"Feature","properties":{"territory_id":"FR-06","country_code":"FR","country_name":"France","display_name":"Mediterranean France","strategic_centre":"Marseille","centre":[5.37,43.2964],"boundary_status":"administrative-comparison-draft","admin_source":"NUTS 2024 level 3","source_region_count":12,"label_anchor":[5.37,43.2964],"label_anchor_adjusted":false},"geometry":{"type":"MultiPolygon","coordinates":[[[[1.68893,43.27451],[1.80519,43.35667],[1.85394,43.43087],[1.91395,43.41232],[2.0302,43.43617],[2.15021,43.39642],[2.27771,43.44147],[2.56648,43.42292],[2.65273,43.47857],[2.62273,43.57133],[2.64898,43.65083],[2.76524,43.62168],[2.89649,43.65613],[2.934,43.69588],[3.054,43.70119],[3.069,43.82839],[3.21901,43.81779],[3.26401,43.88669],[3.35777,43.9132],[3.44027,44.02185],[3.27526,44.09075],[3.37277,44.17026],[3.45152,44.13051],[3.57153,44.11991],[3.62028,44.12786],[3.66903,44.18086],[3.79279,44.13316],[3.87529,44.13581],[3.96155,44.25506],[3.89779,44.38757],[3.99905,44.45912],[4.05905,44.41407],[4.0628,44.32397],[4.12656,44.32927],[4.25781,44.27096],[4.33657,44.33722],[4.38532,44.33987],[4.41907,44.29216],[4.49407,44.33987],[4.64783,44.27096],[4.65158,44.32927],[4.76784,44.31337],[4.85784,44.24711],[4.9291,44.27891],[4.89534,44.35842],[4.92535,44.40082],[4.97785,44.41672],[5.03035,44.37697],[5.01535,44.29746],[5.13536,44.28421],[5.20286,44.22061],[5.34912,44.20736],[5.49912,44.11461],[5.58913,44.18616],[5.67538,44.19146],[5.67163,44.26036],[5.61538,44.32132],[5.47662,44.35047],[5.44287,44.41672],[5.46912,44.43262],[5.46912,44.49092],[5.61913,44.48297],[5.64163,44.51213],[5.60788,44.55453],[5.65288,44.64198],[5.79164,44.66053],[5.81789,44.68438],[5.80289,44.70559],[5.83289,44.75329],[5.93415,44.75859],[6.01665,44.82749],[6.13291,44.85664],[6.34667,44.85929],[6.35417,44.9282],[6.31667,44.98915],[6.21166,45.0183],[6.26041,45.12696],[6.45917,45.0607],[6.50793,45.10311],[6.63168,45.11106],[6.67668,45.0289],[6.74794,44.9971],[6.76294,44.9017],[6.87169,44.85134],[6.9992,44.83809],[7.0292,44.74004],[7.0667,44.71354],[7.06295,44.68703],[6.9467,44.65523],[6.93545,44.58633],[6.86044,44.52803],[6.9242,44.43527],[6.88669,44.36107],[7.01795,44.23916],[7.37047,44.12256],[7.67048,44.17291],[7.71549,44.0616],[7.51298,43.87344],[7.53173,43.78334],[7.43797,43.74889],[7.41547,43.72504],[7.15671,43.64553],[7.11921,43.57663],[6.97295,43.53953],[6.9317,43.48122],[6.84544,43.42027],[6.74794,43.40172],[6.62793,43.30102],[6.67668,43.25596],[6.61668,43.18176],[6.42917,43.14996],[6.33917,43.10226],[6.21541,43.10491],[6.14041,43.05985],[5.97165,43.09695],[5.83664,43.07045],[5.67163,43.17911],[5.39037,43.20296],[5.36412,43.22416],[5.35287,43.31692],[5.32287,43.34607],[5.0716,43.33282],[4.9441,43.42557],[4.85784,43.40967],[4.86909,43.35137],[4.82784,43.33547],[4.59908,43.35932],[4.57283,43.38052],[4.58033,43.42292],[4.52783,43.44942],[4.23156,43.46002],[4.13781,43.49182],[4.10031,43.55543],[3.89779,43.51038],[3.51528,43.28776],[3.37652,43.27451],[3.24151,43.21356],[3.07275,43.0307],[3.04275,42.83724],[3.05025,42.56693],[3.12526,42.51128],[3.17401,42.43442],[2.9265,42.46622],[2.72399,42.41322],[2.63398,42.34962],[2.55523,42.34167],[2.26271,42.42647],[2.02645,42.36817],[1.89519,42.45297],[1.73019,42.49272],[1.78644,42.57488],[1.95145,42.61198],[2.0152,42.65968],[2.16521,42.66498],[2.15021,42.69678],[2.0677,42.74449],[1.95145,42.74979],[1.88769,42.80809],[1.9702,42.87434],[1.9627,42.94855],[1.99645,42.96975],[1.95145,43.08635],[1.92145,43.12346],[1.73769,43.18971],[1.68893,43.27451]],[[1.9402,42.45562],[1.98145,42.43707],[2.00395,42.45032],[1.9777,42.49802],[1.9402,42.45562]]],[[[6.18541,42.99625],[6.24916,43.01745],[6.24541,42.99625],[6.20041,42.97505],[6.18541,42.99625]]],[[[6.36167,43.00685],[6.40292,43.03335],[6.43667,43.01215],[6.41042,42.98035],[6.36167,43.00685]]],[[[8.57428,42.38142],[8.66428,42.43707],[8.67178,42.51128],[8.82554,42.60138],[9.02805,42.65173],[9.13681,42.72594],[9.31307,42.69943],[9.33557,42.74714],[9.32057,42.83989],[9.34307,42.95915],[9.40307,43.0042],[9.44432,42.9883],[9.48557,42.80809],[9.45932,42.67293],[9.52683,42.54308],[9.55308,42.12966],[9.41807,41.9574],[9.39182,41.68973],[9.31307,41.61288],[9.34682,41.57578],[9.28306,41.51748],[9.21931,41.37702],[9.11056,41.39822],[9.08805,41.44327],[8.86304,41.52543],[8.79179,41.59168],[8.86679,41.68443],[8.73179,41.75334],[8.77304,41.89644],[8.62303,41.9415],[8.70929,42.0581],[8.58928,42.16411],[8.59678,42.22771],[8.65303,42.27806],[8.57428,42.38142]]]]}},{"type":"Feature","properties":{"territory_id":"GB-01","country_code":"GB","country_name":"United Kingdom","display_name":"Scotland","strategic_centre":"Edinburgh","centre":[-3.1892,55.9533],"boundary_status":"administrative-comparison-draft","admin_source":"NUTS 2021 level 2","source_region_count":5,"label_anchor":[-3.1892,55.9533],"label_anchor_adjusted":false},"geometry":{"type":"MultiPolygon","coordinates":[[[[-8.62033,57.81314],[-8.60908,57.83964],[-8.56408,57.83699],[-8.56033,57.78664],[-8.62033,57.81314]]],[[[-7.67153,56.80344],[-7.66778,56.82994],[-7.63028,56.83259],[-7.60778,56.80079],[-7.65653,56.78754],[-7.67153,56.80344]]],[[[-7.56278,56.95715],[-7.50278,57.0128],[-7.42402,57.04725],[-7.40902,56.97835],[-7.43152,56.9545],[-7.49152,56.9545],[-7.55903,56.93065],[-7.56278,56.95715]]],[[[-7.54778,56.89619],[-7.52903,56.9121],[-7.48777,56.9068],[-7.47277,56.88559],[-7.52153,56.86969],[-7.54778,56.89619]]],[[[-7.51778,57.60643],[-7.48027,57.65678],[-7.38652,57.64088],[-7.34152,57.67003],[-7.24776,57.67533],[-7.18401,57.73364],[-7.15026,57.68328],[-7.0715,57.67003],[-7.0715,57.63558],[-7.16901,57.47657],[-7.22526,57.47922],[-7.19901,57.40237],[-7.26651,57.39707],[-7.25526,57.34407],[-7.19526,57.29901],[-7.26276,57.23276],[-7.22901,57.10556],[-7.29276,57.0658],[-7.30402,57.10026],[-7.39777,57.13206],[-7.43152,57.23276],[-7.40527,57.38117],[-7.34152,57.40237],[-7.34152,57.41827],[-7.39777,57.44212],[-7.37527,57.50043],[-7.39027,57.56138],[-7.49152,57.57728],[-7.51778,57.60643]]],[[[-7.28151,57.77339],[-7.24776,57.79459],[-7.19526,57.78134],[-7.21776,57.74954],[-7.28151,57.77339]]],[[[-7.13901,58.0172],[-7.0565,58.0331],[-7.05275,58.049],[-7.11276,58.10201],[-7.094,58.17621],[-7.03025,58.23451],[-6.87649,58.19741],[-6.88024,58.25571],[-6.80524,58.24246],[-6.82024,58.28751],[-6.56148,58.36437],[-6.24646,58.50483],[-6.19771,58.47302],[-6.17896,58.41737],[-6.20896,58.33522],[-6.28021,58.28751],[-6.38147,58.16296],[-6.37022,58.0331],[-6.45647,58.0013],[-6.46397,57.9589],[-6.55023,57.91915],[-6.68148,57.9112],[-6.65898,57.87409],[-6.67023,57.86084],[-6.78274,57.88999],[-6.76399,57.82374],[-6.98525,57.73894],[-7.0565,57.79194],[-7.07525,57.72569],[-7.12401,57.74954],[-7.07525,57.78929],[-7.094,57.81844],[-7.049,57.82639],[-6.87649,57.9112],[-6.88024,57.9271],[-6.99275,57.9589],[-7.049,57.9589],[-7.13901,58.0172]]],[[[-7.0565,57.90325],[-6.99275,57.9271],[-6.97775,57.90325],[-7.01525,57.87409],[-7.0565,57.90325]]],[[[-6.9965,56.50398],[-6.94775,56.52783],[-6.88399,56.51988],[-6.80899,56.54108],[-6.81649,56.48807],[-6.87649,56.48807],[-6.89524,56.44567],[-6.9665,56.46157],[-6.9965,56.50398]]],[[[-6.79024,56.53313],[-6.75274,56.56758],[-6.72649,56.53313],[-6.75274,56.50398],[-6.79024,56.53313]]],[[[-6.73399,56.58083],[-6.68148,56.60203],[-6.66648,56.55433],[-6.70024,56.54903],[-6.73399,56.58083]]],[[[-6.72274,57.45272],[-6.57648,57.56138],[-6.43397,57.55343],[-6.38147,57.63293],[-6.32522,57.66738],[-6.17896,57.57198],[-6.10771,57.40767],[-6.0252,57.42357],[-6.0177,57.33082],[-5.9802,57.29901],[-5.83769,57.26986],[-5.50393,57.36792],[-5.75894,57.36792],[-5.81894,57.40767],[-5.84519,57.47922],[-5.83394,57.53223],[-5.71019,57.57198],[-5.77394,57.64618],[-5.75144,57.70714],[-5.78519,57.82374],[-5.71769,57.84759],[-5.63143,57.81314],[-5.60143,57.89264],[-5.48517,57.87674],[-5.26766,57.91915],[-5.27891,57.96685],[-5.40642,58.0649],[-5.31267,58.10996],[-5.32767,58.23186],[-5.15891,58.27956],[-5.15141,58.40677],[-5.0914,58.52338],[-5.0164,58.58963],[-4.71639,58.56578],[-4.66388,58.50748],[-4.54388,58.56313],[-4.38262,58.51278],[-4.04885,58.58168],[-3.87634,58.57108],[-3.63633,58.61348],[-3.42632,58.60818],[-3.33632,58.65323],[-3.07005,58.61878],[-3.10381,58.52073],[-3.0813,58.44387],[-3.12631,58.37232],[-3.9401,57.97745],[-4.04885,57.85024],[-3.89884,57.81314],[-3.89884,57.77339],[-4.21386,57.52693],[-4.43137,57.49512],[-4.18386,57.48982],[-4.02635,57.59318],[-3.89134,57.59053],[-3.65133,57.66208],[-3.58758,57.63558],[-3.48257,57.70184],[-3.35132,57.72304],[-3.11881,57.67798],[-2.80004,57.69653],[-2.51503,57.67003],[-2.08,57.69388],[-1.93375,57.67003],[-1.82499,57.58523],[-1.79874,57.45272],[-2.0275,57.25131],[-2.07625,57.11351],[-2.23376,56.87764],[-2.42502,56.75574],[-2.52253,56.58348],[-2.73629,56.47217],[-3.0513,56.45892],[-3.27631,56.35027],[-2.89379,56.45097],[-2.81129,56.43507],[-2.84129,56.36087],[-2.67253,56.31847],[-2.60503,56.27341],[-2.69878,56.22041],[-2.80754,56.18861],[-2.96505,56.20451],[-3.13756,56.11706],[-3.18256,56.0667],[-3.40007,56.02165],[-3.57258,56.05345],[-3.67758,56.0508],[-3.80134,56.10646],[-3.85759,56.11176],[-3.71509,56.03755],[-3.51633,56.0031],[-3.17131,55.9819],[-3.07755,55.94745],[-2.9163,55.9819],[-2.84504,56.0455],[-2.77004,56.0614],[-2.64628,56.05345],[-2.36502,55.9448],[-2.15876,55.9183],[-2.035,55.81229],[-2.30877,55.63738],[-2.20001,55.44922],[-2.32377,55.40682],[-2.36127,55.35912],[-2.47752,55.35117],[-2.56378,55.31142],[-2.69128,55.18951],[-3.02505,55.0464],[-3.0588,54.9881],[-3.17131,54.9669],[-3.55758,54.97485],[-3.60258,54.88209],[-3.81259,54.85294],[-3.99635,54.77344],[-4.07135,54.79994],[-4.13886,54.78404],[-4.24761,54.84499],[-4.39012,54.87944],[-4.40512,54.84234],[-4.35637,54.75224],[-4.36762,54.70984],[-4.41262,54.68863],[-4.82889,54.85294],[-4.9264,54.81849],[-4.93765,54.79464],[-4.88514,54.68068],[-4.9339,54.65948],[-5.01265,54.77344],[-5.16266,54.90065],[-5.17391,54.97485],[-5.12891,55.0093],[-5.08765,54.9987],[-5.05015,54.9245],[-5.00515,54.9192],[-5.05015,55.03845],[-4.99765,55.12856],[-4.86264,55.23191],[-4.83264,55.32997],[-4.74639,55.41212],[-4.64138,55.46247],[-4.66013,55.57113],[-4.79889,55.63738],[-4.89639,55.70364],[-4.85889,55.76724],[-4.88889,55.87589],[-4.87014,55.9395],[-4.82514,55.95805],[-4.50638,55.9236],[-4.35637,55.87324],[-4.47262,55.92625],[-4.75764,56.0084],[-4.85139,56.00045],[-4.86639,56.072],[-4.75014,56.20451],[-4.87764,56.06935],[-4.96015,55.92625],[-5.0389,55.88119],[-5.0614,55.79109],[-5.29016,55.88649],[-5.32017,56.0296],[-5.38392,56.01105],[-5.40642,55.9183],[-5.36517,55.77784],[-5.46267,55.64003],[-5.54143,55.39622],[-5.63518,55.32467],[-5.75519,55.34057],[-5.75894,55.42272],[-5.63143,55.73809],[-5.66143,55.9554],[-5.57893,56.17536],[-5.60893,56.28666],[-5.43642,56.47747],[-5.35767,56.61528],[-5.37267,56.62323],[-5.66143,56.53048],[-5.91645,56.58613],[-5.9727,56.67093],[-6.0702,56.73719],[-5.82644,56.83789],[-5.83769,56.9386],[-5.71769,57.14266],[-5.96895,57.0658],[-5.9952,57.15856],[-6.27271,57.17446],[-6.40772,57.25926],[-6.48647,57.34672],[-6.63648,57.37587],[-6.72274,57.45272]]],[[[-6.71149,56.98365],[-6.66273,56.9916],[-6.65148,56.9545],[-6.70399,56.94655],[-6.71149,56.98365]]],[[[-6.65898,56.59143],[-6.61398,56.63648],[-6.52773,56.67623],[-6.44897,56.69213],[-6.50148,56.62058],[-6.56898,56.58613],[-6.62898,56.57553],[-6.65898,56.59143]]],[[[-6.51273,55.68243],[-6.44897,55.84409],[-6.34022,55.89444],[-6.32522,55.84409],[-6.14896,55.93155],[-6.10771,55.86264],[-6.0552,55.92625],[-5.99145,55.95275],[-5.9502,56.03755],[-5.78144,56.11441],[-5.72519,56.18066],[-5.68393,56.18066],[-5.70269,56.0985],[-5.9502,55.82024],[-5.9877,55.79639],[-6.0927,55.82289],[-6.02895,55.67978],[-6.28396,55.58438],[-6.32522,55.59498],[-6.31772,55.63738],[-6.27271,55.67183],[-6.33272,55.72749],[-6.29896,55.77784],[-6.33647,55.78049],[-6.43022,55.70099],[-6.51273,55.68243]]],[[[-6.44522,56.33437],[-6.39647,56.35822],[-6.37397,56.33967],[-6.40772,56.30257],[-6.44522,56.33437]]],[[[-6.43397,57.0075],[-6.34397,57.0552],[-6.25396,57.0234],[-6.27646,56.9545],[-6.31772,56.93595],[-6.37022,56.9545],[-6.43397,57.0075]]],[[[-6.39272,56.28931],[-6.34022,56.33967],[-6.16771,56.33702],[-6.10021,56.35557],[-6.10396,56.37147],[-6.18646,56.37147],[-6.13396,56.44567],[-6.08145,56.46422],[-6.0852,56.48277],[-6.23521,56.46422],[-6.25021,56.49072],[-6.22396,56.51193],[-6.31772,56.53578],[-6.30647,56.60203],[-6.10396,56.64708],[-5.94645,56.52253],[-5.80019,56.51193],[-5.68018,56.46687],[-5.65393,56.42977],[-5.76644,56.33702],[-5.84519,56.31582],[-5.88644,56.34762],[-6.04395,56.29461],[-6.21646,56.28931],[-6.28396,56.26811],[-6.39272,56.28931]]],[[[-6.28021,56.03225],[-6.24271,56.08525],[-6.15271,56.13031],[-6.13771,56.11971],[-6.19396,56.0614],[-6.18646,56.04285],[-6.22396,56.00045],[-6.27646,56.00045],[-6.28021,56.03225]]],[[[-6.28021,58.20271],[-6.20146,58.24776],[-6.15271,58.25571],[-6.16021,58.21331],[-6.25396,58.17886],[-6.28021,58.20271]]],[[[-6.21646,56.88824],[-6.21271,56.9068],[-6.16021,56.91475],[-6.13771,56.9492],[-6.10771,56.92535],[-6.12271,56.86704],[-6.21646,56.88824]]],[[[-6.19396,59.0852],[-6.16396,59.12496],[-6.13021,59.11966],[-6.13771,59.0746],[-6.19396,59.0852]]],[[[-5.77019,55.67978],[-5.73269,55.70894],[-5.71769,55.68508],[-5.74394,55.62943],[-5.77019,55.67978]]],[[[-5.59018,56.49337],[-5.54143,56.50398],[-5.48142,56.54638],[-5.46267,56.51988],[-5.48517,56.51723],[-5.51143,56.47747],[-5.53768,56.48542],[-5.56768,56.47217],[-5.59018,56.49337]]],[[[-5.38767,55.63738],[-5.34267,55.69038],[-5.26391,55.71689],[-5.18141,55.68773],[-5.13641,55.63738],[-5.0914,55.46247],[-5.20016,55.43597],[-5.31267,55.47307],[-5.38767,55.63738]]],[[[-4.9864,55.71689],[-4.93015,55.75134],[-4.9339,55.69038],[-4.9864,55.71689]]],[[[-4.9414,55.76459],[-4.93015,55.79904],[-4.88514,55.80434],[-4.88139,55.76194],[-4.9414,55.76459]]],[[[-3.43382,58.87584],[-3.40007,58.9209],[-3.31382,58.9368],[-3.28006,58.92355],[-3.28006,58.90235],[-3.17131,58.85729],[-3.15256,58.82814],[-3.11881,58.84404],[-3.0813,58.82549],[-3.17131,58.78044],[-3.25006,58.79899],[-3.29131,58.77779],[-3.36632,58.83609],[-3.37382,58.86259],[-3.43382,58.87584]]],[[[-3.35507,58.9792],[-3.35132,59.0958],[-3.32507,59.13026],[-3.20131,59.14881],[-3.04005,59.0852],[-3.0363,59.0163],[-2.9238,59.0004],[-2.89004,58.97125],[-2.80379,58.99775],[-2.73254,58.96595],[-2.73254,58.95005],[-2.87504,58.88114],[-2.95005,58.74599],[-3.01005,58.80959],[-2.9388,58.87584],[-2.98005,58.95005],[-3.20131,58.91295],[-3.23506,58.9474],[-3.35507,58.9792]]],[[[-3.11881,59.17266],[-3.07755,59.19916],[-3.04755,59.18326],[-2.96505,59.17796],[-2.9763,59.16206],[-2.95005,59.11966],[-3.0063,59.11171],[-3.11131,59.15411],[-3.11881,59.17266]]],[[[-3.0363,59.31842],[-2.9763,59.34492],[-2.95755,59.31047],[-2.9013,59.29986],[-2.90505,59.27336],[-2.92755,59.28396],[-2.9838,59.26011],[-3.02505,59.27866],[-3.0363,59.31842]]],[[[-2.9538,59.15941],[-2.92755,59.18326],[-2.89754,59.17001],[-2.9163,59.11436],[-2.9538,59.15941]]],[[[-2.93505,59.03485],[-2.9013,59.07195],[-2.85629,59.05605],[-2.83754,59.07725],[-2.80379,59.0693],[-2.83004,59.01895],[-2.93505,59.03485]]],[[[-2.9163,59.34757],[-2.89004,59.38997],[-2.86004,59.35022],[-2.88629,59.31842],[-2.9163,59.34757]]],[[[-2.89379,59.25481],[-2.84879,59.28396],[-2.81504,59.24156],[-2.87129,59.23626],[-2.89379,59.25481]]],[[[-2.81129,59.17531],[-2.78129,59.19121],[-2.78879,59.23361],[-2.75879,59.24951],[-2.71754,59.23096],[-2.75504,59.19386],[-2.75879,59.14881],[-2.78879,59.14086],[-2.81129,59.17531]]],[[[-2.71004,59.20181],[-2.64628,59.24951],[-2.63878,59.23096],[-2.69878,59.18061],[-2.71004,59.20181]]],[[[-2.69878,59.0852],[-2.66503,59.11966],[-2.63503,59.08785],[-2.64253,59.0693],[-2.68753,59.06665],[-2.69878,59.0852]]],[[[-2.66128,59.15146],[-2.65003,59.17266],[-2.60128,59.14351],[-2.60503,59.12231],[-2.56003,59.11966],[-2.54128,59.0905],[-2.60128,59.07195],[-2.62378,59.12496],[-2.66128,59.15146]]],[[[-2.62753,59.24421],[-2.59753,59.27071],[-2.60503,59.28661],[-2.55253,59.29986],[-2.53753,59.26806],[-2.49252,59.27071],[-2.50753,59.24156],[-2.59003,59.21771],[-2.62753,59.24421]]],[[[-2.46627,59.29191],[-2.45127,59.31577],[-2.41002,59.32637],[-2.42127,59.26541],[-2.46627,59.29191]]],[[[-2.45877,59.35287],[-2.43252,59.38202],[-2.40252,59.38732],[-2.38752,59.35022],[-2.42502,59.33962],[-2.45877,59.35287]]],[[[-2.11001,60.13201],[-2.05,60.16116],[-2.035,60.14261],[-2.06125,60.10551],[-2.11001,60.13201]]],[[[-1.75749,60.34137],[-1.74249,60.35727],[-1.68623,60.34402],[-1.71624,60.30427],[-1.75749,60.34137]]],[[[-1.69373,60.25391],[-1.68998,60.29896],[-1.67498,60.30162],[-1.37497,60.30162],[-1.35247,60.38642],[-1.36372,60.40762],[-1.38622,60.35462],[-1.44622,60.36522],[-1.41247,60.39967],[-1.46497,60.47387],[-1.58123,60.49242],[-1.58498,60.50833],[-1.41622,60.61168],[-1.32247,60.61963],[-1.34497,60.49772],[-1.32622,60.45267],[-1.23621,60.48712],[-1.15746,60.39967],[-1.12371,60.41557],[-1.05995,60.35992],[-1.13496,60.34402],[-1.0937,60.30692],[-1.19871,60.22211],[-1.08245,60.16646],[-1.05995,60.12936],[-1.09745,60.11346],[-1.14246,60.15851],[-1.20246,60.11611],[-1.28496,59.89084],[-1.37122,59.90145],[-1.27746,60.11876],[-1.31497,60.19826],[-1.37872,60.20886],[-1.47622,60.15851],[-1.67498,60.23271],[-1.69373,60.25391]]],[[[-1.65623,59.53043],[-1.64123,59.55693],[-1.59623,59.55428],[-1.60373,59.51983],[-1.65248,59.50923],[-1.65623,59.53043]]],[[[-1.20246,60.60638],[-1.18746,60.63553],[-1.14246,60.65673],[-1.12371,60.72829],[-1.01495,60.72829],[-0.98495,60.66998],[-1.0187,60.63818],[-1.0262,60.58783],[-1.0037,60.57988],[-1.0412,60.49507],[-1.06745,60.48712],[-1.11621,60.50038],[-1.13496,60.48447],[-1.17246,60.50303],[-1.20246,60.60638]]],[[[-1.0487,60.13996],[-1.0412,60.16381],[-0.99995,60.16646],[-0.9887,60.13466],[-1.02995,60.11611],[-1.0487,60.13996]]],[[[-1.02245,60.35462],[-0.95495,60.38112],[-0.9437,60.35462],[-0.99995,60.32547],[-1.02245,60.35462]]],[[[-0.97745,60.68853],[-0.93245,60.78129],[-0.9512,60.79454],[-0.86869,60.84224],[-0.78619,60.82899],[-0.79744,60.81044],[-0.77869,60.78394],[-0.81244,60.78394],[-0.81619,60.73624],[-0.86494,60.70444],[-0.87244,60.68058],[-0.90995,60.68853],[-0.93995,60.67528],[-0.97745,60.68853]]],[[[-0.9512,60.61433],[-0.9137,60.64348],[-0.89119,60.62758],[-0.83119,60.63023],[-0.82369,60.60638],[-0.78244,60.60373],[-0.79744,60.56663],[-0.83119,60.58783],[-0.87244,60.58783],[-0.87994,60.56398],[-0.90995,60.57193],[-0.9512,60.61433]]]]}},{"type":"Feature","properties":{"territory_id":"GB-02","country_code":"GB","country_name":"United Kingdom","display_name":"Northern England","strategic_centre":"Manchester","centre":[-2.2453,53.4794],"boundary_status":"administrative-comparison-draft","admin_source":"NUTS 2021 level 2","source_region_count":12,"label_anchor":[-2.2453,53.4794],"label_anchor_adjusted":false},"geometry":{"type":"Polygon","coordinates":[[[-3.61758,54.51108],[-3.56883,54.65153],[-3.44882,54.75489],[-3.38882,54.87149],[-3.30632,54.89004],[-3.25756,54.9457],[-3.11881,54.92715],[-3.11131,54.96425],[-3.0588,54.9881],[-3.02505,55.0464],[-2.69128,55.18951],[-2.56378,55.31142],[-2.47752,55.35117],[-2.36127,55.35912],[-2.32377,55.40682],[-2.20001,55.44922],[-2.30877,55.63738],[-2.035,55.81229],[-1.84749,55.65858],[-1.63748,55.55258],[-1.52123,55.20541],[-1.46122,55.07555],[-1.36372,54.94305],[-1.34872,54.86089],[-1.24371,54.72309],[-1.19496,54.70189],[-1.19871,54.68068],[-1.16121,54.64623],[-1.16871,54.60383],[-1.22871,54.58528],[-1.15371,54.60118],[-1.13871,54.63828],[-1.0037,54.59323],[-0.78994,54.56143],[-0.54993,54.45807],[-0.38492,54.26726],[-0.12991,54.11621],[-0.19366,54.03935],[-0.15616,53.92275],[0.0726,53.65773],[-0.08865,53.64183],[-0.24991,53.73459],[-0.53868,53.71074],[-0.62493,53.72929],[-0.68118,53.71604],[-0.69993,53.68423],[-0.62868,53.70809],[-0.52368,53.68158],[-0.29491,53.71074],[0.01635,53.52523],[-0.0624,53.51198],[-0.12241,53.44042],[-0.20866,53.49342],[-0.20116,53.56763],[-0.29866,53.60473],[-0.33992,53.56498],[-0.43367,53.55703],[-0.41867,53.51993],[-0.49367,53.47222],[-0.60993,53.45897],[-0.63993,53.50933],[-0.71869,53.51728],[-0.79744,53.45632],[-0.75619,53.32912],[-0.77494,53.26021],[-0.68493,53.23371],[-0.73369,53.19396],[-0.71119,53.0853],[-0.78994,53.0111],[-0.77869,52.97665],[-0.81994,52.96075],[-0.9812,52.82824],[-1.20246,52.79114],[-1.26246,52.81234],[-1.26621,52.87329],[-1.34872,52.85739],[-1.40872,52.81234],[-1.53998,52.75934],[-1.59623,52.70104],[-1.68998,52.73814],[-1.61498,52.79379],[-1.61498,52.83619],[-1.83249,52.90775],[-1.82874,52.95545],[-1.77249,53.0217],[-1.80624,53.11976],[-1.86624,53.18336],[-1.98625,53.21251],[-2.13626,53.17276],[-2.24501,53.09325],[-2.35752,53.06145],[-2.38002,52.99785],[-2.53753,52.95545],[-2.69878,52.9952],[-2.72504,52.9846],[-2.84504,53.00845],[-2.90505,53.10386],[-2.9613,53.14096],[-2.9388,53.17806],[-2.9538,53.20721],[-3.08505,53.25491],[-3.18631,53.38212],[-3.05505,53.43512],[-2.92755,53.30792],[-2.75129,53.31587],[-2.9538,53.37152],[-3.09255,53.54908],[-3.0663,53.60473],[-2.9163,53.72664],[-2.83379,53.72134],[-2.85629,53.73724],[-3.01005,53.73989],[-3.0588,53.77699],[-3.04755,53.87504],[-3.0138,53.92275],[-2.88254,53.9837],[-2.91255,54.03405],[-2.81879,54.11091],[-2.87129,54.17716],[-2.9838,54.15331],[-3.0363,54.21691],[-3.14881,54.09235],[-3.26506,54.11621],[-3.20506,54.23546],[-3.23131,54.25931],[-3.28756,54.20366],[-3.38882,54.25666],[-3.43382,54.35207],[-3.61758,54.51108]],[[-1.22871,54.58528],[-1.24371,54.59058],[-1.24746,54.59058],[-1.23246,54.58528],[-1.22871,54.58528]],[[-1.26246,54.57203],[-1.25871,54.57203],[-1.25871,54.58793],[-1.26246,54.57203]],[[-1.25871,54.58793],[-1.25121,54.59058],[-1.25496,54.59058],[-1.25871,54.58793]]]}},{"type":"Feature","properties":{"territory_id":"GB-03","country_code":"GB","country_name":"United Kingdom","display_name":"Midlands","strategic_centre":"Birmingham","centre":[-1.9025,52.48],"boundary_status":"administrative-comparison-draft","admin_source":"NUTS 2021 level 2","source_region_count":5,"label_anchor":[-1.9025,52.48],"label_anchor_adjusted":false},"geometry":{"type":"Polygon","coordinates":[[[-3.22006,52.43867],[-3.0063,52.53408],[-3.01755,52.56588],[-3.10006,52.54203],[-3.12631,52.57118],[-3.00255,52.73814],[-3.15256,52.80174],[-3.14881,52.88919],[-2.9763,52.96075],[-2.78879,52.9051],[-2.73254,52.93425],[-2.72504,52.9846],[-2.69878,52.9952],[-2.53753,52.95545],[-2.38002,52.99785],[-2.35752,53.06145],[-2.24501,53.09325],[-2.13626,53.17276],[-1.98625,53.21251],[-1.86624,53.18336],[-1.80624,53.11976],[-1.77249,53.0217],[-1.82874,52.95545],[-1.83249,52.90775],[-1.61498,52.83619],[-1.61498,52.79379],[-1.68998,52.73814],[-1.59623,52.70104],[-1.53998,52.75934],[-1.40872,52.81234],[-1.34872,52.85739],[-1.26621,52.87329],[-1.26246,52.81234],[-1.20246,52.79114],[-0.9812,52.82824],[-0.81994,52.96075],[-0.77869,52.97665],[-0.78994,53.0111],[-0.71119,53.0853],[-0.73369,53.19396],[-0.68493,53.23371],[-0.77494,53.26021],[-0.75619,53.32912],[-0.79744,53.45632],[-0.71869,53.51728],[-0.63993,53.50933],[-0.60993,53.45897],[-0.49367,53.47222],[-0.41867,53.51993],[-0.43367,53.55703],[-0.33992,53.56498],[-0.29866,53.60473],[-0.20116,53.56763],[-0.20866,53.49342],[-0.12241,53.44042],[-0.0624,53.51198],[0.01635,53.52523],[0.16636,53.47222],[0.34637,53.21516],[0.33512,53.10386],[0.16636,53.01375],[0.05385,52.9157],[0.27136,52.81234],[0.23761,52.76199],[0.0726,52.72224],[0.0276,52.67188],[-0.0324,52.66128],[-0.33617,52.66923],[-0.49367,52.64008],[-0.48242,52.58443],[-0.41492,52.57913],[-0.34742,52.46782],[-0.48992,52.37242],[-0.46367,52.32207],[-0.51993,52.31147],[-0.55368,52.26111],[-0.63618,52.26906],[-0.66993,52.19486],[-0.87244,52.11536],[-0.84244,52.07295],[-0.9062,52.03055],[-0.9887,52.0756],[-1.09745,52.05175],[-1.11621,52.01465],[-1.19121,51.9802],[-1.27371,51.98815],[-1.30372,52.05705],[-1.28121,52.11801],[-1.33372,52.16836],[-1.37497,52.10211],[-1.47247,52.0968],[-1.54748,51.98285],[-1.60748,51.96165],[-1.66748,51.98815],[-1.67498,52.03585],[-1.76874,52.11271],[-1.84749,52.06765],[-1.84374,52.0173],[-1.915,52.0385],[-2.12876,52.00935],[-2.16251,52.04115],[-2.19251,51.99875],[-2.27126,51.9696],[-2.35002,52.0226],[-2.48127,52.0067],[-2.45127,51.9007],[-2.65003,51.82649],[-2.74754,51.84769],[-2.86754,51.9272],[-2.96505,51.91395],[-3.0663,51.98285],[-3.11881,52.0809],[-3.11506,52.16836],[-2.9538,52.34857],[-3.07005,52.35652],[-3.22006,52.43867]]]}},{"type":"Feature","properties":{"territory_id":"GB-04","country_code":"GB","country_name":"United Kingdom","display_name":"Southern England and London","strategic_centre":"London","centre":[-0.1275,51.5072],"boundary_status":"administrative-comparison-draft","admin_source":"NUTS 2021 level 2","source_region_count":16,"label_anchor":[-0.1275,51.5072],"label_anchor_adjusted":false},"geometry":{"type":"MultiPolygon","coordinates":[[[[-6.37772,49.9449],[-6.36272,49.96875],[-6.26146,49.96875],[-6.28396,49.91045],[-6.32897,49.93695],[-6.35147,49.9237],[-6.37772,49.9449]]],[[[-5.69143,50.0615],[-5.65768,50.16486],[-5.53393,50.20991],[-5.42517,50.20726],[-5.28641,50.26821],[-5.05765,50.44047],[-5.0014,50.54118],[-4.79889,50.60743],[-4.58513,50.77704],[-4.51388,51.01555],[-4.35262,50.9917],[-4.25511,51.03145],[-4.22136,51.0712],[-4.20636,51.19046],[-3.72259,51.23286],[-3.47882,51.21696],[-3.31382,51.17986],[-3.07005,51.20636],[-3.02505,51.22756],[-2.9613,51.37597],[-2.81129,51.47667],[-2.68003,51.47932],[-2.70254,51.50848],[-2.53378,51.67808],[-2.66503,51.63833],[-2.68003,51.72844],[-2.65003,51.82649],[-2.45127,51.9007],[-2.48127,52.0067],[-2.35002,52.0226],[-2.27126,51.9696],[-2.19251,51.99875],[-2.16251,52.04115],[-2.12876,52.00935],[-1.915,52.0385],[-1.84374,52.0173],[-1.84749,52.06765],[-1.76874,52.11271],[-1.67498,52.03585],[-1.66748,51.98815],[-1.60748,51.96165],[-1.54748,51.98285],[-1.47247,52.0968],[-1.37497,52.10211],[-1.33372,52.16836],[-1.28121,52.11801],[-1.30372,52.05705],[-1.27371,51.98815],[-1.19121,51.9802],[-1.11621,52.01465],[-1.09745,52.05175],[-0.9887,52.0756],[-0.9062,52.03055],[-0.87244,52.04115],[-0.84244,52.07295],[-0.87244,52.11536],[-0.66993,52.19486],[-0.63618,52.26906],[-0.55368,52.26111],[-0.51993,52.31147],[-0.46367,52.32207],[-0.48992,52.37242],[-0.34742,52.46782],[-0.41492,52.57913],[-0.48242,52.58443],[-0.49367,52.64008],[-0.33617,52.66923],[-0.0324,52.66128],[0.0276,52.67188],[0.0726,52.72224],[0.23761,52.76199],[0.27136,52.81234],[0.38387,52.81499],[0.55263,52.97135],[1.01015,52.97135],[1.34767,52.91835],[1.67393,52.74344],[1.73769,52.64273],[1.72644,52.40687],[1.55393,52.0862],[1.34017,51.9537],[1.05515,51.95105],[1.24266,51.9378],[1.24641,51.85034],[1.12266,51.78674],[1.00265,51.80529],[0.84514,51.78144],[0.82264,51.72844],[0.92765,51.74699],[0.9464,51.72314],[0.92765,51.63038],[0.59013,51.63038],[0.86014,51.60653],[0.82264,51.54028],[0.78139,51.52438],[0.62763,51.53233],[0.58263,51.51113],[0.51513,51.53233],[0.38762,51.45547],[0.19261,51.48992],[0.15511,51.51378],[-0.11116,51.51113],[-0.18616,51.46872],[-0.23866,51.48992],[-0.18991,51.46342],[-0.12991,51.48462],[-0.10741,51.50848],[-0.0249,51.48462],[0.12511,51.51113],[0.36512,51.44752],[0.45887,51.45547],[0.52263,51.48197],[0.66138,51.46077],[0.60513,51.40777],[0.62763,51.37597],[0.76639,51.43957],[0.89014,51.41307],[0.95015,51.34682],[1.24266,51.37862],[1.41517,51.35742],[1.38517,51.30442],[1.37767,51.15336],[1.01765,51.02615],[0.9614,50.9281],[0.77389,50.9281],[0.64263,50.86714],[0.39137,50.82474],[0.24136,50.73994],[-0.21616,50.82739],[-0.68493,50.77704],[-0.79369,50.72934],[-0.89869,50.77439],[-0.93245,50.84329],[-0.9737,50.78764],[-1.02245,50.83269],[-1.0787,50.78234],[-1.11621,50.84329],[-1.15746,50.78499],[-1.47622,50.9228],[-1.34122,50.84064],[-1.32997,50.80089],[-1.41997,50.76909],[-1.52498,50.75584],[-1.56623,50.72139],[-1.69373,50.73729],[-1.93,50.70284],[-2.035,50.71874],[-1.96,50.65778],[-1.975,50.60213],[-2.38377,50.63128],[-2.49252,50.59683],[-2.77004,50.70814],[-2.9463,50.71874],[-3.23131,50.67368],[-3.36257,50.62068],[-3.44507,50.65778],[-3.55008,50.42457],[-3.50883,50.37952],[-3.62883,50.29736],[-3.65508,50.22316],[-3.70759,50.20726],[-3.84259,50.23111],[-3.9326,50.30797],[-4.03385,50.29736],[-4.19136,50.37952],[-4.18761,50.42457],[-4.21761,50.47492],[-4.22136,50.33712],[-4.34137,50.35832],[-4.72014,50.33182],[-4.81014,50.22846],[-4.99015,50.16751],[-5.04265,50.17546],[-5.08765,50.03235],[-5.19266,49.97405],[-5.29766,50.05885],[-5.48142,50.11716],[-5.59393,50.05355],[-5.69143,50.0615]]],[[[-2.46627,50.52263],[-2.44752,50.57828],[-2.40627,50.55178],[-2.44002,50.51203],[-2.46627,50.52263]]],[[[-1.55123,50.67633],[-1.52123,50.70814],[-1.35247,50.73994],[-1.31872,50.76644],[-1.10871,50.72139],[-1.0937,50.67368],[-1.16871,50.64188],[-1.18371,50.59683],[-1.30747,50.57828],[-1.48747,50.66573],[-1.55123,50.67633]]]]}},{"type":"Feature","properties":{"territory_id":"GB-05","country_code":"GB","country_name":"United Kingdom","display_name":"Wales","strategic_centre":"Cardiff","centre":[-3.1791,51.4816],"boundary_status":"administrative-comparison-draft","admin_source":"NUTS 2021 level 2","source_region_count":2,"label_anchor":[-3.1791,51.4816],"label_anchor_adjusted":false},"geometry":{"type":"MultiPolygon","coordinates":[[[[-5.30142,51.89009],[-5.11391,51.96695],[-5.05765,52.01995],[-4.87389,52.02525],[-4.67888,52.12596],[-4.49887,52.14716],[-4.24011,52.25051],[-4.12011,52.35917],[-4.0451,52.51288],[-3.9326,52.55263],[-4.06385,52.54468],[-4.12011,52.60298],[-4.11261,52.64008],[-4.0601,52.70634],[-4.14261,52.80704],[-4.12386,52.84944],[-4.15761,52.9051],[-4.22886,52.9157],[-4.39762,52.88919],[-4.46887,52.86004],[-4.52513,52.78584],[-4.59638,52.82029],[-4.73514,52.78849],[-4.75014,52.80174],[-4.72014,52.85209],[-4.65263,52.90245],[-4.51763,52.94485],[-4.36387,53.02965],[-4.34137,53.0588],[-4.33387,53.11711],[-4.19511,53.20986],[-4.13136,53.23371],[-4.0076,53.24696],[-3.86509,53.29466],[-3.83509,53.32912],[-3.61758,53.29201],[-3.36257,53.35297],[-2.9538,53.20721],[-2.9388,53.17806],[-2.9613,53.14096],[-2.90505,53.10386],[-2.84504,53.00845],[-2.72504,52.9846],[-2.73254,52.93425],[-2.78879,52.9051],[-2.9763,52.96075],[-3.14881,52.88919],[-3.15256,52.80174],[-3.00255,52.73814],[-3.12631,52.57118],[-3.10006,52.54203],[-3.01755,52.56588],[-3.0063,52.53408],[-3.22006,52.43867],[-3.07005,52.35652],[-2.9538,52.34857],[-3.11506,52.16836],[-3.11881,52.0809],[-3.0663,51.98285],[-2.96505,51.91395],[-2.86754,51.9272],[-2.74754,51.84769],[-2.65003,51.82649],[-2.68003,51.72844],[-2.66503,51.63833],[-2.71754,51.58533],[-3.0813,51.50318],[-3.18631,51.40777],[-3.47882,51.39187],[-3.55758,51.40777],[-3.63633,51.46872],[-3.71509,51.48462],[-3.81634,51.59063],[-3.88759,51.61713],[-4.19511,51.54293],[-4.29261,51.58003],[-4.27386,51.62773],[-4.13136,51.63833],[-4.0526,51.70459],[-4.17261,51.66218],[-4.30387,51.67808],[-4.40137,51.75494],[-4.59263,51.73904],[-4.67138,51.71784],[-4.74264,51.65423],[-4.9789,51.60653],[-5.19266,51.71784],[-5.18516,51.75229],[-5.11766,51.79204],[-5.13641,51.84504],[-5.28266,51.86624],[-5.30142,51.89009]]],[[[-4.68638,53.28406],[-4.68638,53.30792],[-4.65263,53.32382],[-4.57388,53.28936],[-4.55513,53.37417],[-4.57388,53.40067],[-4.42762,53.42982],[-4.29636,53.41392],[-4.28136,53.37682],[-4.22886,53.35827],[-4.20261,53.29466],[-4.11636,53.31852],[-4.05635,53.30792],[-4.08635,53.26286],[-4.33762,53.13036],[-4.50638,53.18601],[-4.49887,53.20721],[-4.55513,53.24696],[-4.61138,53.24431],[-4.61888,53.27611],[-4.68638,53.28406]]]]}},{"type":"Feature","properties":{"territory_id":"GB-06","country_code":"GB","country_name":"United Kingdom","display_name":"Northern Ireland","strategic_centre":"Belfast","centre":[-5.93,54.5964],"boundary_status":"administrative-comparison-draft","admin_source":"NUTS 2021 level 2","source_region_count":1,"label_anchor":[-5.93,54.5964],"label_anchor_adjusted":false},"geometry":{"type":"MultiPolygon","coordinates":[[[[-5.97645,55.057],[-5.96895,54.99075],[-5.80394,54.84234],[-5.73644,54.83969],[-5.70269,54.79994],[-5.74019,54.73634],[-5.86769,54.68863],[-5.9127,54.64888],[-5.85644,54.63298],[-5.75144,54.67273],[-5.54893,54.65418],[-5.44017,54.47662],[-5.50393,54.34412],[-5.57143,54.40507],[-5.53768,54.45542],[-5.55643,54.51638],[-5.67268,54.57468],[-5.69143,54.53758],[-5.63143,54.47927],[-5.64643,54.45807],[-5.62393,54.39182],[-5.55268,54.34147],[-5.56393,54.28581],[-5.62393,54.25136],[-5.83019,54.25136],[-5.88269,54.21161],[-5.9052,54.10296],[-6.0477,54.03405],[-6.26896,54.10296],[-6.59523,54.04465],[-6.65523,54.07115],[-6.64398,54.17981],[-6.79774,54.21426],[-6.86524,54.33087],[-7.019,54.41567],[-7.18776,54.33882],[-7.19901,54.29906],[-7.15026,54.23281],[-7.21776,54.21161],[-7.27026,54.15066],[-7.36027,54.12416],[-7.55528,54.13476],[-7.70154,54.20101],[-7.82904,54.21161],[-7.87029,54.27786],[-8.06155,54.37592],[-8.14781,54.45542],[-7.9978,54.54023],[-7.85904,54.53493],[-7.70529,54.60913],[-7.84779,54.64093],[-7.9003,54.68068],[-7.83654,54.72839],[-7.74279,54.70984],[-7.55903,54.75224],[-7.45402,54.86354],[-7.44652,54.9351],[-7.41652,54.94835],[-7.39777,55.01195],[-7.34152,55.0517],[-7.25526,55.0676],[-7.15026,55.04375],[-7.0415,55.0623],[-6.94775,55.18156],[-6.74899,55.17096],[-6.47897,55.24251],[-6.11896,55.21336],[-6.0327,55.15771],[-6.04395,55.06495],[-5.97645,55.057]]],[[[-6.15646,55.30877],[-6.19396,55.24251],[-6.20896,55.27166],[-6.19771,55.31407],[-6.15646,55.30877]]],[[[-6.22396,55.29021],[-6.27271,55.27961],[-6.28396,55.30082],[-6.26521,55.32997],[-6.23146,55.32202],[-6.22396,55.29021]]]]}},{"type":"Feature","properties":{"territory_id":"GR-01","country_code":"GR","country_name":"Greece","display_name":"Northern Greece","strategic_centre":"Thessaloniki","centre":[22.9347,40.6403],"boundary_status":"administrative-comparison-draft","admin_source":"NUTS 2024 level 3","source_region_count":21,"label_anchor":[22.9347,40.6403],"label_anchor_adjusted":false},"geometry":{"type":"MultiPolygon","coordinates":[[[[19.35232,39.85319],[19.38607,39.87704],[19.43107,39.84789],[19.39357,39.82669],[19.35232,39.85319]]],[[[19.54358,39.89559],[19.58483,39.9168],[19.60733,39.88234],[19.57358,39.85584],[19.54358,39.89559]]],[[[19.63733,39.73659],[19.67108,39.78429],[19.78734,39.81609],[19.91485,39.79224],[19.86234,39.67033],[19.9561,39.48217],[20.0686,39.43182],[20.07985,39.39737],[19.89609,39.44507],[19.81734,39.56698],[19.63733,39.73659]]],[[[20.0086,39.69153],[20.20361,39.65178],[20.30112,39.72599],[20.30112,39.81344],[20.39112,39.78959],[20.40612,39.85319],[20.32362,39.9857],[20.38737,40.0016],[20.44362,40.06785],[20.61238,40.07845],[20.67988,40.10761],[20.72114,40.27721],[20.77739,40.34877],[20.79614,40.43357],[20.85239,40.47332],[20.9499,40.47597],[21.0549,40.61643],[21.0474,40.67473],[20.9724,40.77279],[20.9799,40.85494],[21.11866,40.85494],[21.50118,40.9106],[21.58743,40.87084],[21.69618,40.93445],[21.78619,40.9318],[21.9287,41.10141],[22.0562,41.15176],[22.13871,41.13321],[22.21746,41.17031],[22.33372,41.11996],[22.60748,41.12526],[22.66748,41.18621],[22.70874,41.15176],[22.74999,41.17296],[22.75749,41.30282],[22.79874,41.33992],[23.18126,41.32402],[23.29376,41.39822],[23.34627,41.37437],[23.50753,41.40352],[23.62378,41.37702],[23.75504,41.40352],[23.9163,41.46977],[23.97255,41.44592],[24.0513,41.45652],[24.0588,41.52278],[24.10756,41.54398],[24.18631,41.52543],[24.25006,41.56518],[24.31757,41.52013],[24.52383,41.55988],[24.61008,41.43797],[24.72259,41.40882],[24.78259,41.36112],[24.83509,41.39557],[24.91385,41.40087],[25.18011,41.31077],[25.22511,41.26571],[25.31512,41.23921],[25.57013,41.31342],[25.70514,41.30017],[25.81764,41.33992],[25.90765,41.30812],[26.11391,41.35847],[26.17766,41.43267],[26.16641,41.55723],[26.0839,41.65263],[26.0839,41.70829],[26.17391,41.74274],[26.35767,41.71094],[26.58643,41.59168],[26.62018,41.36642],[26.34642,41.24451],[26.32017,41.10141],[26.33892,40.953],[26.12141,40.75424],[26.0314,40.73039],[26.02015,40.78869],[25.95265,40.83639],[25.55138,40.86289],[25.33387,40.93975],[25.17636,40.9424],[25.13886,40.96095],[25.13886,40.9901],[25.0601,40.9954],[24.81259,40.85759],[24.63633,40.87084],[24.50133,40.95565],[24.39632,40.92915],[24.32882,40.88674],[24.29131,40.81254],[24.13006,40.73834],[24.0363,40.72244],[23.86754,40.77809],[23.76629,40.75689],[23.70254,40.68798],[23.75504,40.63233],[23.9013,40.53958],[23.83004,40.49982],[23.85629,40.42297],[23.9313,40.38587],[24.01005,40.38852],[24.0063,40.31432],[23.89379,40.31432],[23.87879,40.36202],[23.74379,40.34347],[23.70254,40.30372],[23.74004,40.23746],[23.97255,40.11026],[23.9988,40.0069],[23.9238,39.9592],[23.81879,40.0228],[23.75129,40.13411],[23.64628,40.21891],[23.42877,40.26926],[23.31252,40.22421],[22.89999,40.38057],[22.82499,40.48392],[22.96375,40.53428],[22.92625,40.62968],[22.87374,40.62968],[22.72749,40.51308],[22.68248,40.52898],[22.66373,40.49187],[22.59248,40.45742],[22.65248,40.35672],[22.55498,40.13676],[22.58873,40.0281],[22.70124,39.95125],[22.73874,39.87174],[22.84749,39.79489],[22.915,39.60408],[22.76124,39.51398],[22.70874,39.42122],[22.61873,39.39737],[22.65623,39.32052],[22.54373,39.25691],[22.55498,39.16946],[22.50623,39.12971],[22.25871,39.27281],[22.14621,39.11646],[22.0637,39.09525],[22.0337,39.04755],[21.96245,39.03695],[21.84244,39.14296],[21.74494,39.11381],[21.72994,39.17476],[21.66243,39.25161],[21.48992,39.22511],[21.39617,39.16416],[21.37367,39.17476],[21.26866,39.12176],[21.12616,39.11911],[21.0999,39.0873],[21.10741,39.0449],[21.0324,39.0184],[20.81489,39.08995],[20.76614,38.976],[20.73614,38.9654],[20.68738,39.0555],[20.49987,39.20921],[20.47737,39.27546],[20.34612,39.28606],[20.30112,39.31522],[20.22986,39.42652],[20.25236,39.50338],[20.15111,39.52193],[20.17736,39.61203],[20.13611,39.64648],[20.0086,39.69153]]],[[[20.12111,39.21451],[20.17361,39.22776],[20.20361,39.18801],[20.15111,39.18536],[20.12111,39.21451]]],[[[23.19626,40.15266],[23.37252,40.16061],[23.56378,39.96715],[23.39502,39.9539],[23.19626,40.15266]]],[[[24.50883,40.65883],[24.55758,40.75424],[24.64383,40.79664],[24.73759,40.76749],[24.78259,40.67208],[24.76759,40.60848],[24.64758,40.57403],[24.50883,40.65883]]],[[[25.44262,40.44682],[25.60388,40.52103],[25.72014,40.46272],[25.58513,40.38852],[25.44262,40.44682]]]]}},{"type":"Feature","properties":{"territory_id":"GR-02","country_code":"GR","country_name":"Greece","display_name":"Southern Greece and Athens","strategic_centre":"Athens","centre":[23.7281,37.9842],"boundary_status":"administrative-comparison-draft","admin_source":"NUTS 2024 level 3","source_region_count":22,"label_anchor":[23.7281,37.9842],"label_anchor_adjusted":false},"geometry":{"type":"MultiPolygon","coordinates":[[[[20.33862,38.18361],[20.40612,38.31877],[20.50738,38.34792],[20.57113,38.43537],[20.63113,38.29226],[20.71739,38.22866],[20.79614,38.0988],[20.75489,38.0723],[20.53363,38.10676],[20.44737,38.23396],[20.41362,38.17566],[20.33862,38.18361]]],[[[20.54488,38.58113],[20.60113,38.79049],[20.66113,38.84614],[20.71364,38.85409],[20.72489,38.68183],[20.75864,38.63943],[20.54488,38.58113]]],[[[20.60488,38.47777],[20.66863,38.49897],[20.70614,38.43007],[20.68363,38.38502],[20.60488,38.47777]]],[[[20.62738,37.86029],[20.70239,37.90535],[20.89739,37.79669],[20.9574,37.72779],[20.89364,37.72249],[20.84489,37.66153],[20.80739,37.65888],[20.70989,37.73574],[20.62738,37.86029]]],[[[20.66863,38.36117],[20.73614,38.38767],[20.75864,38.32672],[20.70989,38.30552],[20.66863,38.36117]]],[[[20.67988,38.53078],[20.69863,38.57848],[20.72864,38.57583],[20.72864,38.52548],[20.67988,38.53078]]],[[[20.73239,38.81434],[20.77364,38.86999],[20.76989,38.9336],[20.9799,38.9389],[21.05865,38.88059],[21.15616,38.89384],[21.15241,38.9866],[21.10741,39.0449],[21.0999,39.0873],[21.12616,39.11911],[21.26866,39.12176],[21.37367,39.17476],[21.39617,39.16416],[21.48992,39.22511],[21.66243,39.25161],[21.72994,39.17476],[21.74494,39.11381],[21.84244,39.14296],[21.96245,39.03695],[22.0337,39.04755],[22.0637,39.09525],[22.14621,39.11646],[22.25871,39.27281],[22.50623,39.12971],[22.55498,39.16946],[22.54373,39.25691],[22.65623,39.32052],[22.61873,39.39737],[22.70874,39.42122],[22.76124,39.51398],[22.915,39.60408],[23.09125,39.49807],[23.26751,39.31522],[23.34252,39.19331],[23.30877,39.14826],[23.20001,39.10586],[23.07625,39.09525],[23.08,39.14296],[23.12501,39.11911],[23.20376,39.16681],[23.18126,39.23836],[23.11751,39.29931],[22.9525,39.34437],[22.92625,39.29931],[22.82874,39.27281],[22.82499,39.21981],[22.85499,39.16681],[22.97125,39.10321],[23.005,39.03165],[23.035,39.0237],[22.99,38.9548],[22.74999,38.87529],[22.60748,38.90445],[22.56248,38.88589],[22.55498,38.85144],[22.59998,38.82759],[22.68998,38.84349],[22.86249,38.76399],[23.035,38.74809],[23.10626,38.63678],[23.20001,38.67123],[23.30877,38.63413],[23.31252,38.56523],[23.35752,38.52548],[23.32752,38.50163],[23.54503,38.50163],[23.60503,38.47512],[23.63128,38.51488],[23.60128,38.56258],[23.51503,38.59438],[23.18876,38.83554],[23.07625,38.84349],[23.01625,38.87794],[22.94875,38.83819],[22.84749,38.83289],[22.85124,38.85939],[23.06125,38.9389],[23.12876,39.0025],[23.31252,39.0343],[23.42127,38.94685],[23.47377,38.83819],[23.61253,38.76134],[23.71379,38.75339],[23.75504,38.71099],[23.88629,38.66858],[24.04755,38.68183],[24.13006,38.65533],[24.13381,38.58908],[24.21631,38.52548],[24.18631,38.40887],[24.26131,38.21806],[24.34757,38.16241],[24.50133,38.14916],[24.57633,38.12001],[24.55008,37.9928],[24.50133,37.9557],[24.43382,38.0034],[24.35507,37.9769],[24.29131,38.07495],[24.21631,38.0882],[24.17881,38.21806],[24.15256,38.25781],[24.10756,38.27636],[24.01755,38.39297],[23.67253,38.40092],[23.65378,38.35322],[23.95005,38.27636],[24.0513,38.19686],[24.0588,38.15181],[23.99505,38.0776],[24.0138,37.92655],[24.0663,37.79669],[24.05505,37.69333],[24.01005,37.66418],[23.78129,37.80994],[23.67253,37.94245],[23.56753,37.9557],[23.46252,37.88414],[23.41002,37.89739],[23.41377,37.92125],[23.47377,37.9398],[23.45502,37.96365],[23.47752,37.99015],[23.57128,37.9928],[23.59753,38.01665],[23.52253,38.0405],[23.38002,37.9769],[23.18126,37.9504],[23.035,37.88414],[23.16251,37.79404],[23.12126,37.73044],[23.16251,37.71189],[23.16626,37.62973],[23.20001,37.59793],[23.33127,37.53963],[23.35752,37.55818],[23.33127,37.62443],[23.39877,37.62708],[23.38377,37.54493],[23.42877,37.51313],[23.49627,37.52638],[23.47752,37.48662],[23.51878,37.44157],[23.42502,37.41242],[23.26751,37.39652],[23.16626,37.29316],[23.0725,37.36472],[23.10626,37.44687],[23.005,37.47072],[22.9525,37.52108],[22.84749,37.52108],[22.77999,37.58203],[22.73874,37.57408],[22.76499,37.39387],[22.89624,37.21366],[22.90375,37.12886],[22.95625,37.10501],[23.0725,36.80289],[23.0425,36.65183],[23.12876,36.54318],[23.15126,36.45307],[23.10626,36.45042],[23.03125,36.50343],[22.95625,36.50078],[22.77249,36.77639],[22.65623,36.79759],[22.58123,36.77109],[22.52498,36.68363],[22.48372,36.58823],[22.49872,36.46632],[22.47247,36.42127],[22.36747,36.50078],[22.35997,36.67303],[22.25871,36.84794],[22.14621,36.91685],[22.12746,37.01225],[22.0562,37.0202],[21.94745,36.97515],[21.9437,36.79229],[21.89119,36.74194],[21.79369,36.80024],[21.68868,36.76579],[21.69618,36.9301],[21.58743,37.05465],[21.57243,37.12886],[21.59493,37.20041],[21.67743,37.29051],[21.68118,37.37797],[21.54243,37.55553],[21.31742,37.66948],[21.28741,37.76754],[21.11491,37.85499],[21.12616,37.9239],[21.25366,37.97425],[21.35117,38.10146],[21.38117,38.20481],[21.60243,38.14651],[21.71869,38.21806],[21.76744,38.29756],[21.85744,38.33202],[21.99995,38.31347],[22.14996,38.21806],[22.37122,38.14121],[22.62998,38.08025],[22.88124,37.9345],[22.96375,37.96895],[22.87374,38.0299],[22.88874,38.04845],[22.96,38.0723],[23.11751,38.0617],[23.20376,38.10411],[23.17751,38.15711],[23.005,38.21276],[22.9525,38.18361],[22.89624,38.21806],[22.78374,38.23661],[22.77624,38.27636],[22.66748,38.37442],[22.60748,38.35852],[22.56998,38.28696],[22.43872,38.42742],[22.36747,38.34262],[22.24371,38.35587],[22.17621,38.33202],[22.06745,38.38767],[21.9512,38.40092],[21.74494,38.33997],[21.61368,38.34527],[21.51618,38.30817],[21.35117,38.39562],[21.27616,38.32672],[21.17491,38.30817],[21.11866,38.34262],[21.11491,38.44067],[21.0774,38.51753],[21.02115,38.52018],[21.0099,38.61558],[20.9799,38.66328],[20.9124,38.68713],[20.86739,38.78519],[20.77364,38.76134],[20.73239,38.81434]]],[[[20.87864,38.63413],[20.9274,38.65798],[20.96865,38.63413],[20.9349,38.61293],[20.87864,38.63413]]],[[[21.07365,38.40622],[21.07365,38.43272],[21.10366,38.43537],[21.11491,38.40092],[21.07365,38.40622]]],[[[21.72994,36.75784],[21.78619,36.74989],[21.77494,36.71014],[21.74869,36.71279],[21.72994,36.75784]]],[[[22.89249,36.32057],[22.945,36.37622],[23.10626,36.24106],[23.0575,36.20661],[23.03875,36.13771],[22.9225,36.18276],[22.89249,36.32057]]],[[[23.09125,37.27461],[23.13251,37.28256],[23.17376,37.24811],[23.13251,37.23221],[23.09125,37.27461]]],[[[23.26751,35.88329],[23.31627,35.89124],[23.32752,35.83824],[23.29376,35.84089],[23.26751,35.88329]]],[[[23.27501,37.33292],[23.32377,37.35677],[23.35752,37.33822],[23.32752,37.30907],[23.27501,37.33292]]],[[[23.30502,37.67743],[23.34252,37.71984],[23.38377,37.70924],[23.35002,37.66948],[23.30502,37.67743]]],[[[23.39502,39.16151],[23.47002,39.20126],[23.53378,39.17741],[23.47002,39.14031],[23.39502,39.16151]]],[[[23.41002,37.76489],[23.56753,37.76489],[23.52253,37.69068],[23.48127,37.67478],[23.41002,37.76489]]],[[[23.42502,37.33292],[23.48502,37.36472],[23.53753,37.34882],[23.48502,37.31437],[23.42502,37.33292]]],[[[23.60878,39.12441],[23.74004,39.13766],[23.79254,39.0926],[23.68753,39.06875],[23.60878,39.12441]]],[[[23.84504,36.84794],[23.89379,36.86649],[23.92755,36.82144],[23.88254,36.81879],[23.84504,36.84794]]],[[[23.84879,39.16416],[23.95005,39.24366],[23.99505,39.16151],[23.87129,39.15356],[23.84879,39.16416]]],[[[23.90505,37.47072],[23.9238,37.48662],[23.95005,37.48132],[23.9688,37.45747],[23.9238,37.44952],[23.90505,37.47072]]],[[[24.03255,39.31787],[24.0663,39.36027],[24.10381,39.34437],[24.0813,39.29401],[24.03255,39.31787]]],[[[24.13381,39.36027],[24.15256,39.41592],[24.19006,39.41327],[24.17881,39.37352],[24.13381,39.36027]]],[[[24.22381,37.9822],[24.24631,38.0299],[24.27631,38.02725],[24.27631,37.97955],[24.22381,37.9822]]],[[[24.31382,38.83554],[24.35132,38.86469],[24.39632,38.83554],[24.35882,38.81434],[24.31382,38.83554]]],[[[24.43757,38.89119],[24.45632,38.9654],[24.50133,38.97335],[24.67383,38.77724],[24.58383,38.76134],[24.55008,38.83024],[24.43757,38.89119]]]]}},{"type":"Feature","properties":{"territory_id":"GR-03","country_code":"GR","country_name":"Greece","display_name":"Crete and the Aegean Islands","strategic_centre":"Heraklion","centre":[25.1442,35.3387],"boundary_status":"administrative-comparison-draft","admin_source":"NUTS 2024 level 3","source_region_count":9,"label_anchor":[25.1442,35.3387],"label_anchor_adjusted":false},"geometry":{"type":"MultiPolygon","coordinates":[[[[23.54503,35.36652],[23.58253,35.52023],[23.68753,35.53083],[23.74754,35.63683],[23.79629,35.56528],[23.86379,35.53348],[23.98755,35.52553],[24.14506,35.57323],[24.15631,35.48312],[24.23131,35.44867],[24.31757,35.35327],[24.69633,35.42217],[25.0226,35.40892],[25.0751,35.34267],[25.36012,35.33737],[25.49137,35.29761],[25.64138,35.34267],[25.75764,35.33472],[25.71639,35.16246],[25.79514,35.11476],[26.03515,35.22606],[26.15891,35.20221],[26.24516,35.26581],[26.29391,35.19161],[26.26391,35.0856],[26.18141,35.01405],[26.10641,35.0008],[25.9639,35.03525],[24.77134,34.9266],[24.72259,35.09355],[24.57258,35.10416],[24.37757,35.18896],[24.28756,35.17571],[23.62753,35.24196],[23.55253,35.28966],[23.54503,35.36652]]],[[[24.04755,34.83914],[24.10756,34.86299],[24.13756,34.83649],[24.10006,34.81264],[24.04755,34.83914]]],[[[24.10381,37.67478],[24.12631,37.74104],[24.14881,37.75959],[24.15256,37.72249],[24.12256,37.67213],[24.10381,37.67478]]],[[[24.20131,36.80024],[24.25006,36.81614],[24.26881,36.78964],[24.23506,36.75784],[24.20131,36.80024]]],[[[24.26506,37.53168],[24.29506,37.65093],[24.38507,37.68008],[24.38507,37.60588],[24.30632,37.53168],[24.26506,37.53168]]],[[[24.31757,36.67038],[24.34382,36.71809],[24.41507,36.71809],[24.50133,36.77109],[24.55008,36.83204],[24.58758,36.82144],[24.52008,36.67833],[24.36632,36.65183],[24.31757,36.67038]]],[[[24.35132,37.31967],[24.37382,37.42832],[24.43382,37.47867],[24.46757,37.38327],[24.35132,37.31967]]],[[[24.39257,37.15801],[24.50133,37.20306],[24.54258,37.14741],[24.49382,37.11031],[24.39257,37.15801]]],[[[24.59883,36.76049],[24.65508,36.78434],[24.68883,36.75784],[24.65133,36.73664],[24.59883,36.76049]]],[[[24.63633,37.0361],[24.69633,37.02815],[24.75634,36.95395],[24.72634,36.90095],[24.63633,37.0361]]],[[[24.67758,37.61383],[24.72634,37.63768],[24.76759,37.61383],[24.73009,37.58998],[24.67758,37.61383]]],[[[24.68508,37.9504],[24.77134,37.99015],[24.85009,37.92125],[24.9401,37.89209],[24.99635,37.75959],[24.9626,37.69863],[24.70759,37.89209],[24.68508,37.9504]]],[[[24.83134,36.65448],[24.87634,36.66243],[24.9026,36.63328],[24.86509,36.62798],[24.83134,36.65448]]],[[[24.83509,37.38592],[24.93635,37.49987],[24.95885,37.38857],[24.89509,37.36207],[24.83509,37.38592]]],[[[24.88384,36.62798],[24.93635,36.63858],[24.9626,36.59618],[24.91385,36.59353],[24.88384,36.62798]]],[[[24.95135,39.50603],[25.00385,39.56168],[25.04885,39.54578],[24.99635,39.46627],[24.95135,39.50603]]],[[[24.98135,36.97515],[25.0301,37.02285],[25.0826,37.0308],[25.0601,36.9672],[24.98135,36.97515]]],[[[25.0151,37.62178],[25.19886,37.63768],[25.27011,37.54493],[25.14636,37.52373],[25.0151,37.62178]]],[[[25.04135,39.95655],[25.05635,39.98305],[25.12386,40.0016],[25.24011,39.99895],[25.29261,39.9539],[25.40887,40.01485],[25.43887,39.991],[25.34887,39.87174],[25.34512,39.78694],[25.26636,39.84259],[25.24761,39.9062],[25.20261,39.88234],[25.19511,39.80549],[25.07135,39.84789],[25.04135,39.95655]]],[[[25.06385,36.67568],[25.11636,36.71014],[25.16886,36.69688],[25.13136,36.65978],[25.06385,36.67568]]],[[[25.08635,37.0255],[25.17261,37.12621],[25.28136,37.14211],[25.23261,36.9937],[25.16136,36.9778],[25.08635,37.0255]]],[[[25.18011,35.44602],[25.21761,35.47252],[25.25886,35.44072],[25.24386,35.41952],[25.18011,35.44602]]],[[[25.18011,37.42567],[25.23636,37.43097],[25.28136,37.38592],[25.22886,37.37532],[25.18011,37.42567]]],[[[25.25136,36.72869],[25.27386,36.78169],[25.30762,36.78434],[25.39012,36.71809],[25.37887,36.65448],[25.34512,36.65448],[25.25136,36.72869]]],[[[25.28886,37.48927],[25.39012,37.49987],[25.45387,37.45747],[25.34137,37.40712],[25.28886,37.48927]]],[[[25.31887,36.41862],[25.33387,36.45837],[25.35637,36.45307],[25.34887,36.40802],[25.31887,36.41862]]],[[[25.34512,36.46102],[25.38262,36.49017],[25.43512,36.47162],[25.40512,36.44777],[25.34512,36.46102]]],[[[25.34887,37.07055],[25.38262,37.11826],[25.52138,37.20041],[25.59638,37.12886],[25.56263,36.9778],[25.46137,36.9195],[25.37887,36.99635],[25.34887,37.07055]]],[[[25.37137,36.40802],[25.45012,36.43452],[25.48762,36.36562],[25.42762,36.33647],[25.37137,36.40802]]],[[[25.42387,36.84264],[25.48012,36.86649],[25.48012,36.82409],[25.42762,36.81879],[25.42387,36.84264]]],[[[25.48012,38.55728],[25.55888,38.59968],[25.62638,38.56523],[25.56638,38.53078],[25.48012,38.55728]]],[[[25.53263,35.60238],[25.53263,35.62093],[25.62263,35.59973],[25.61888,35.58118],[25.53263,35.60238]]],[[[25.56263,36.9407],[25.61138,36.9672],[25.64513,36.93805],[25.60388,36.91685],[25.56263,36.9407]]],[[[25.60763,36.88769],[25.64888,36.9142],[25.68638,36.89034],[25.64138,36.86384],[25.60763,36.88769]]],[[[25.71639,36.36297],[25.77264,36.40272],[25.82889,36.36297],[25.78389,36.34177],[25.71639,36.36297]]],[[[25.76889,36.78964],[25.90765,36.90095],[25.96015,36.9036],[25.88514,36.78699],[25.76889,36.78964]]],[[[25.77264,37.12091],[25.82514,37.13946],[25.84389,37.12356],[25.82514,37.0838],[25.77264,37.12091]]],[[[25.84014,38.55198],[26.00515,38.60233],[26.15516,38.54138],[26.14766,38.31347],[26.10266,38.21806],[26.0389,38.19421],[26.0089,38.15446],[25.9114,38.21806],[25.87764,38.26046],[25.9789,38.33202],[25.99015,38.37177],[25.84014,38.55198]]],[[[25.85139,39.19596],[25.86264,39.25161],[25.90015,39.28341],[26.12891,39.31257],[26.22266,39.38147],[26.35392,39.37352],[26.41017,39.33112],[26.39142,39.27811],[26.53018,39.16681],[26.60893,39.03165],[26.44392,38.96805],[26.17016,39.0131],[26.13266,39.04755],[26.11766,39.0873],[26.27891,39.16416],[26.25641,39.19861],[26.17766,39.19331],[26.07265,39.0926],[25.9564,39.11116],[25.85139,39.19596]]],[[[25.9039,37.51843],[26.08765,37.64033],[26.21141,37.61648],[26.08765,37.50253],[25.9039,37.51843]]],[[[26.18141,38.52548],[26.23391,38.54668],[26.27141,38.52548],[26.23016,38.50163],[26.18141,38.52548]]],[[[26.24891,36.59088],[26.34642,36.58028],[26.36142,36.50608],[26.29391,36.51403],[26.24891,36.59088]]],[[[26.35392,36.9884],[26.35392,37.0096],[26.38017,37.02285],[26.41767,36.99105],[26.38392,36.96985],[26.35392,36.9884]]],[[[26.36517,36.63858],[26.42892,36.62798],[26.45142,36.58558],[26.39892,36.56438],[26.36517,36.63858]]],[[[26.42142,37.57143],[26.47767,37.59528],[26.51143,37.57408],[26.47017,37.55023],[26.42142,37.57143]]],[[[26.48892,37.63238],[26.52268,37.65623],[26.55643,37.58998],[26.52268,37.59528],[26.48892,37.63238]]],[[[26.52268,37.28256],[26.53393,37.36207],[26.57143,37.37797],[26.56393,37.27726],[26.52268,37.28256]]],[[[26.55643,37.73044],[26.63143,37.78079],[26.76269,37.81259],[26.9352,37.77019],[27.0027,37.78874],[27.05145,37.72249],[26.84144,37.63768],[26.71769,37.70394],[26.59018,37.68538],[26.55643,37.73044]]],[[[26.63518,36.34177],[26.69143,36.36562],[26.72519,36.34177],[26.68768,36.32057],[26.63518,36.34177]]],[[[26.70269,37.30377],[26.75894,37.32497],[26.80019,37.30377],[26.75519,37.27991],[26.70269,37.30377]]],[[[26.70269,37.37532],[26.73269,37.40977],[26.77394,37.36207],[26.74394,37.35147],[26.70269,37.37532]]],[[[26.74769,37.18186],[26.84519,37.18981],[26.89019,37.09705],[26.81519,37.11031],[26.74769,37.18186]]],[[[26.83394,35.36652],[26.9052,35.42747],[26.97645,35.43012],[26.9277,35.36122],[26.83394,35.36652]]],[[[26.89769,36.97515],[26.9352,37.0679],[27.0552,36.96985],[26.9577,36.9248],[26.89769,36.97515]]],[[[26.92395,37.47337],[26.9727,37.49192],[27.00645,37.46807],[26.96145,37.44422],[26.92395,37.47337]]],[[[26.93145,36.75519],[27.10771,36.86119],[27.27271,36.91155],[27.33647,36.88504],[27.35522,36.86119],[27.10021,36.76314],[27.0027,36.75784],[26.96145,36.69158],[26.9352,36.69953],[26.93145,36.75519]]],[[[27.02895,35.61033],[27.18271,35.71634],[27.17896,35.41952],[27.0927,35.43542],[27.02895,35.61033]]],[[[27.09645,36.95395],[27.15271,36.96455],[27.17521,36.9407],[27.13771,36.91685],[27.09645,36.95395]]],[[[27.11146,36.56703],[27.15646,36.62533],[27.21646,36.59353],[27.19021,36.55643],[27.11146,36.56703]]],[[[27.24646,36.42392],[27.28396,36.46897],[27.32897,36.48487],[27.38897,36.43982],[27.35147,36.42127],[27.24646,36.42392]]],[[[27.51273,36.21191],[27.56148,36.25696],[27.59148,36.25431],[27.56148,36.20396],[27.51273,36.21191]]],[[[27.65898,36.25696],[27.69648,36.28876],[27.73399,36.28346],[27.70774,36.23841],[27.65898,36.25696]]],[[[27.68898,36.15361],[27.88774,36.32852],[28.23276,36.44512],[28.24026,36.38152],[28.0865,36.14301],[28.0865,36.07145],[27.95525,36.03965],[27.80149,35.89124],[27.72649,35.93365],[27.75274,36.0741],[27.68898,36.15361]]],[[[27.75649,36.60413],[27.81649,36.65183],[27.87274,36.61473],[27.87649,36.55378],[27.75649,36.60413]]],[[[29.53783,36.11386],[29.56783,36.16421],[29.60158,36.16951],[29.59033,36.12181],[29.53783,36.11386]]]]}},{"type":"Feature","properties":{"territory_id":"HR-01","country_code":"HR","country_name":"Croatia","display_name":"Northern Croatia and Zagreb","strategic_centre":"Zagreb","centre":[15.9833,45.8167],"boundary_status":"administrative-comparison-draft","admin_source":"NUTS 2024 level 3","source_region_count":14,"label_anchor":[15.9833,45.8167],"label_anchor_adjusted":false},"geometry":{"type":"Polygon","coordinates":[[[14.9796,45.16671],[14.9946,45.30187],[15.10711,45.28861],[15.16336,45.31247],[15.22711,45.42642],[15.35462,45.48472],[15.29836,45.58543],[15.30212,45.62518],[15.39587,45.65963],[15.35837,45.70204],[15.29461,45.69938],[15.26086,45.72589],[15.40337,45.79214],[15.46337,45.80009],[15.47837,45.82659],[15.53838,45.84249],[15.69213,45.84249],[15.71839,46.0545],[15.62838,46.0863],[15.60588,46.14196],[15.67338,46.22676],[15.76714,46.21351],[15.78964,46.25856],[15.9734,46.30627],[16.0709,46.34867],[16.05965,46.39372],[16.30342,46.37782],[16.24341,46.48912],[16.34467,46.54213],[16.59593,46.47587],[16.85469,46.35132],[16.9522,46.24001],[17.16596,46.15256],[17.29346,45.98825],[17.37972,45.9379],[17.57848,45.92995],[17.64973,45.84779],[17.86724,45.77624],[17.91225,45.78949],[18.43352,45.74179],[18.56853,45.80274],[18.67353,45.9114],[18.78229,45.88754],[18.81979,45.91405],[18.89104,45.922],[18.86479,45.82924],[18.96605,45.71264],[18.92105,45.57218],[19.04855,45.52448],[19.03355,45.48737],[18.9998,45.47677],[18.9923,45.36547],[19.17231,45.27271],[19.41607,45.22766],[19.42357,45.16671],[19.30357,45.20381],[19.26606,45.17731],[19.20231,45.18526],[19.14981,45.14021],[19.08605,45.13226],[19.10106,45.0554],[19.09355,44.98385],[19.14606,44.95735],[19.07105,44.9123],[19.00355,44.907],[19.0223,44.85664],[19.00355,44.85399],[18.83479,44.86459],[18.77479,44.907],[18.78604,44.9653],[18.66603,45.0819],[18.53103,45.0872],[18.52728,45.0607],[18.48977,45.0554],[18.41852,45.10576],[18.25351,45.13226],[18.19726,45.07925],[18.00225,45.13226],[17.84474,45.0501],[17.67223,45.12431],[17.50723,45.11371],[17.29346,45.17466],[17.13971,45.16406],[16.9222,45.26476],[16.82094,45.19056],[16.54343,45.22766],[16.40092,45.11106],[16.38217,45.0554],[16.34467,45.0077],[16.28841,44.99445],[16.17591,45.0554],[15.99965,45.21706],[15.83839,45.22501],[15.77464,45.17466],[15.78214,45.10841],[15.74839,45.0554],[15.77839,44.98915],[15.73714,44.93615],[15.45962,44.93085],[15.29086,45.0554],[15.19336,45.10311],[15.11836,45.08985],[15.0171,45.12431],[14.9796,45.16671]]]}},{"type":"Feature","properties":{"territory_id":"HR-02","country_code":"HR","country_name":"Croatia","display_name":"Adriatic Croatia","strategic_centre":"Split","centre":[16.44,43.51],"boundary_status":"administrative-comparison-draft","admin_source":"NUTS 2024 level 3","source_region_count":7,"label_anchor":[16.0109,44.047025],"label_anchor_adjusted":true},"geometry":{"type":"MultiPolygon","coordinates":[[[[13.49827,45.48472],[13.58453,45.47942],[13.67078,45.44497],[13.77204,45.46087],[13.88079,45.43172],[13.97455,45.45822],[14.0008,45.51918],[14.10956,45.48207],[14.34582,45.47942],[14.46957,45.53243],[14.57083,45.67288],[14.69083,45.58013],[14.69833,45.53773],[14.84084,45.46617],[14.96085,45.51123],[15.05835,45.49267],[15.15211,45.43172],[15.22711,45.42642],[15.16336,45.31247],[15.10711,45.28861],[14.9946,45.30187],[14.9796,45.16671],[15.0171,45.12431],[15.11836,45.08985],[15.19336,45.10311],[15.29086,45.0554],[15.45962,44.93085],[15.73714,44.93615],[15.77839,44.84869],[15.74089,44.82219],[15.74839,44.79569],[15.81589,44.72944],[15.9059,44.73209],[16.03715,44.64198],[16.02965,44.56248],[16.11966,44.50683],[16.15716,44.41142],[16.14591,44.38227],[16.20591,44.34517],[16.20591,44.22856],[16.17216,44.21001],[16.24341,44.19676],[16.54343,43.97415],[17.0197,43.57398],[17.27096,43.46797],[17.28221,43.34607],[17.45097,43.17646],[17.62723,43.09165],[17.67223,43.036],[17.69848,42.9724],[17.58223,42.93795],[17.51848,42.95385],[17.35722,43.0837],[17.0947,43.22416],[16.89219,43.38847],[16.44592,43.50508],[16.40842,43.54483],[16.31842,43.53953],[16.31092,43.48652],[16.21716,43.51303],[16.0409,43.47857],[15.9434,43.54483],[15.9134,43.66938],[15.86464,43.70119],[15.83839,43.67733],[15.81589,43.72769],[15.63213,43.77804],[15.64338,43.83369],[15.57588,43.83899],[15.55713,43.87079],[15.45212,43.9291],[15.39587,43.9026],[15.29836,43.97415],[15.29086,43.99535],[15.33212,44.01655],[15.16711,44.17556],[15.13336,44.25506],[15.19711,44.26301],[15.20836,44.28951],[15.11836,44.33457],[14.89709,44.52803],[14.86334,44.59958],[14.9196,44.59428],[14.9646,44.55188],[14.91585,44.53863],[15.20836,44.36637],[15.25336,44.27361],[15.32087,44.30277],[15.48962,44.24711],[15.51963,44.19411],[15.56088,44.20206],[15.51213,44.26301],[15.29086,44.36372],[15.09585,44.50153],[15.03585,44.51478],[14.9121,44.70294],[14.88959,44.81954],[14.9121,44.94675],[14.88209,45.03155],[14.81459,45.11371],[14.65708,45.18261],[14.66083,45.12166],[14.75834,45.0289],[14.76959,44.9706],[14.70959,44.95735],[14.48457,45.0395],[14.46207,45.08455],[14.52583,45.15876],[14.54083,45.25416],[14.47332,45.30717],[14.38707,45.32837],[14.31207,45.31777],[14.15831,45.0554],[14.15456,44.97325],[14.0683,44.96795],[13.9783,44.81689],[13.9108,44.80099],[13.83204,44.84074],[13.77954,44.95735],[13.67453,45.0554],[13.63703,45.0713],[13.58828,45.16141],[13.58078,45.30187],[13.49827,45.48472]]],[[[14.22206,44.63933],[14.24456,44.67378],[14.27831,44.67643],[14.26331,44.61548],[14.22206,44.63933]]],[[[14.28206,45.10046],[14.31582,45.13756],[14.34957,45.13491],[14.45832,44.95735],[14.49207,44.63403],[14.42832,44.64198],[14.39457,44.61548],[14.36832,44.64993],[14.37957,44.75859],[14.33082,44.89904],[14.37957,44.95205],[14.28206,45.10046]]],[[[14.46207,44.50683],[14.53333,44.50683],[14.56708,44.45382],[14.52208,44.44852],[14.46207,44.50683]]],[[[14.48082,44.98385],[14.52958,44.9971],[14.56333,44.9547],[14.52583,44.94675],[14.48082,44.98385]]],[[[14.64208,44.40612],[14.69083,44.42467],[14.72084,44.38227],[14.68708,44.37432],[14.64208,44.40612]]],[[[14.65708,44.78774],[14.70959,44.84074],[14.75834,44.85664],[14.75834,44.81159],[14.85584,44.70824],[14.82584,44.70029],[14.65708,44.78774]]],[[[14.69458,44.25241],[14.78084,44.27096],[14.83709,44.21531],[14.77709,44.20736],[14.69458,44.25241]]],[[[14.72459,44.68173],[14.76584,44.70029],[14.79209,44.65523],[14.76209,44.64198],[14.72459,44.68173]]],[[[14.74709,44.36372],[14.76209,44.41142],[14.80709,44.40612],[14.80334,44.34782],[14.74709,44.36372]]],[[[14.75084,44.90965],[14.80709,44.9335],[14.83709,44.907],[14.79959,44.88844],[14.75084,44.90965]]],[[[14.85209,44.21001],[14.88209,44.24181],[14.9271,44.21001],[14.89709,44.18616],[14.85209,44.21001]]],[[[14.96085,44.15701],[15.00585,44.17291],[15.0396,44.13581],[15.0021,44.12256],[14.96085,44.15701]]],[[[14.96835,44.06955],[15.04335,44.0669],[15.14836,43.89464],[15.12586,43.89994],[14.96835,44.06955]]],[[[15.01335,44.31072],[15.06585,44.32662],[15.0996,44.29746],[15.0621,44.27891],[15.01335,44.31072]]],[[[15.12961,44.07485],[15.20461,44.08545],[15.24211,44.04835],[15.19336,44.0351],[15.12961,44.07485]]],[[[15.27211,43.80719],[15.33962,43.82044],[15.37337,43.76214],[15.31712,43.76479],[15.27211,43.80719]]],[[[15.27961,43.86549],[15.33587,43.88934],[15.36587,43.86284],[15.32837,43.84164],[15.27961,43.86549]]],[[[15.46337,43.85489],[15.50838,43.87609],[15.53463,43.84164],[15.50088,43.82309],[15.46337,43.85489]]],[[[15.62463,43.66143],[15.66963,43.67203],[15.70714,43.62433],[15.66963,43.62433],[15.62463,43.66143]]],[[[15.70714,43.0201],[15.75589,43.04925],[15.79339,43.0413],[15.75589,43.0042],[15.70714,43.0201]]],[[[15.97715,42.94325],[15.99215,42.9989],[16.0184,43.00685],[16.02965,42.9565],[15.97715,42.94325]]],[[[16.0559,43.0519],[16.16841,43.0837],[16.24341,43.04395],[16.15341,43.00155],[16.0559,43.0519]]],[[[16.09715,43.43882],[16.14216,43.46797],[16.18716,43.45737],[16.15341,43.42292],[16.09715,43.43882]]],[[[16.21716,43.40702],[16.31092,43.42292],[16.35592,43.38052],[16.29591,43.36462],[16.21716,43.40702]]],[[[16.40842,43.39642],[16.77219,43.36197],[16.88469,43.30102],[16.78344,43.25861],[16.54343,43.26391],[16.43092,43.31427],[16.40842,43.39642]]],[[[16.41592,43.19766],[16.55468,43.25066],[16.73094,43.14466],[16.61468,43.11816],[16.41592,43.19766]]],[[[16.65593,42.93],[16.69718,42.98565],[16.84719,42.9618],[17.02345,42.98035],[17.0197,43.04395],[17.07595,43.02275],[17.27846,43.00685],[17.42847,42.9565],[17.45847,42.92735],[17.62723,42.88229],[17.69473,42.9194],[17.82599,42.9088],[17.89349,42.81869],[18.23851,42.61198],[18.32477,42.61728],[18.43727,42.55633],[18.45227,42.48212],[18.52353,42.42117],[18.28726,42.52718],[18.20101,42.61463],[18.0885,42.64378],[17.9835,42.70209],[17.97225,42.69413],[17.98725,42.67558],[17.9385,42.66498],[17.9085,42.68883],[17.94975,42.72329],[17.931,42.73389],[17.85974,42.72329],[17.84849,42.74449],[17.88224,42.75774],[17.83724,42.79749],[17.74724,42.78954],[17.52973,42.84519],[17.28221,42.94855],[17.17721,42.97505],[17.14721,42.96445],[17.16971,42.9353],[17.15096,42.9141],[16.9822,42.9247],[16.80594,42.89819],[16.65593,42.93]]],[[[16.80594,42.76304],[16.88469,42.77894],[16.9297,42.74449],[16.87719,42.72329],[16.80594,42.76304]]],[[[17.28221,42.82664],[17.31597,42.83724],[17.44722,42.78424],[17.42097,42.77894],[17.28221,42.82664]]]]}},{"type":"Feature","properties":{"territory_id":"HU-01","country_code":"HU","country_name":"Hungary","display_name":"Western Hungary and Budapest","strategic_centre":"Budapest","centre":[19.0514,47.4925],"boundary_status":"administrative-comparison-draft","admin_source":"NUTS 2024 level 3","source_region_count":11,"label_anchor":[19.0514,47.4925],"label_anchor_adjusted":false},"geometry":{"type":"Polygon","coordinates":[[[16.11216,46.86809],[16.29216,46.9953],[16.47967,47.0059],[16.49842,47.0642],[16.47592,47.09335],[16.52093,47.13311],[16.42717,47.19671],[16.47967,47.28416],[16.43467,47.35307],[16.46092,47.40342],[16.56968,47.40872],[16.64468,47.44582],[16.70094,47.53858],[16.65593,47.61013],[16.41967,47.66578],[16.60343,47.75589],[16.71219,47.73204],[16.76844,47.68168],[16.86219,47.71084],[16.9072,47.68963],[17.0422,47.70289],[17.06845,47.72674],[17.0347,47.86189],[17.0947,47.90165],[17.10971,47.97585],[17.16221,48.00765],[17.24846,48.01295],[17.34597,47.98115],[17.45472,47.89104],[17.70599,47.75854],[17.89349,47.73999],[18.62478,47.76119],[18.76729,47.81419],[18.84979,47.81684],[18.76729,47.88309],[18.76729,47.9732],[18.83854,48.04475],[18.92855,48.058],[18.99605,48.00765],[18.9548,47.9361],[19.07855,47.84864],[19.32232,47.83009],[19.42732,47.79299],[19.47232,47.70024],[19.56983,47.73469],[19.66733,47.58893],[19.67483,47.53593],[19.75734,47.52798],[19.76484,47.48292],[19.99735,47.32922],[20.0011,47.25501],[20.08735,47.19406],[20.0536,47.11986],[20.09485,47.00855],[20.02735,47.0059],[19.9711,46.9688],[19.88109,46.99],[19.79109,46.95025],[19.67108,47.0112],[19.58858,47.11191],[19.51358,47.11191],[19.46857,47.06155],[19.32232,47.01915],[19.30732,47.04035],[19.33357,47.09865],[19.25856,47.12781],[19.0673,47.043],[18.9923,47.0536],[18.96605,47.02975],[18.95855,46.91845],[18.9248,46.85749],[18.9998,46.69848],[18.86854,46.61103],[18.9173,46.47587],[18.89104,46.38312],[18.9173,46.29301],[18.80104,46.10751],[18.74104,46.04655],[18.85729,46.0227],[18.81979,45.91405],[18.78229,45.88754],[18.67353,45.9114],[18.56853,45.80274],[18.43352,45.74179],[17.91225,45.78949],[17.86724,45.77624],[17.64973,45.84779],[17.57848,45.92995],[17.37972,45.9379],[17.29346,45.98825],[17.16596,46.15256],[16.9522,46.24001],[16.85469,46.35132],[16.59593,46.47587],[16.38967,46.63753],[16.42342,46.69053],[16.36717,46.70379],[16.37092,46.72234],[16.31092,46.77799],[16.34467,46.83629],[16.29591,46.86544],[16.13466,46.85484],[16.11216,46.86809]]]}},{"type":"Feature","properties":{"territory_id":"HU-02","country_code":"HU","country_name":"Hungary","display_name":"Eastern Hungary","strategic_centre":"Debrecen","centre":[21.6392,47.53],"boundary_status":"administrative-comparison-draft","admin_source":"NUTS 2024 level 3","source_region_count":9,"label_anchor":[21.6392,47.53],"label_anchor_adjusted":false},"geometry":{"type":"Polygon","coordinates":[[[18.74104,46.04655],[18.80104,46.10751],[18.9173,46.29301],[18.89104,46.38312],[18.9173,46.47587],[18.86854,46.61103],[18.9998,46.69848],[18.9248,46.85749],[18.95855,46.91845],[18.96605,47.02975],[18.9923,47.0536],[19.0673,47.043],[19.25856,47.12781],[19.33357,47.09865],[19.30732,47.04035],[19.32232,47.01915],[19.46857,47.06155],[19.51358,47.11191],[19.58858,47.11191],[19.67108,47.0112],[19.79109,46.95025],[19.88109,46.99],[19.9711,46.9688],[20.02735,47.0059],[20.09485,47.00855],[20.0536,47.11986],[20.08735,47.19406],[20.0011,47.25501],[19.99735,47.32922],[19.76484,47.48292],[19.75734,47.52798],[19.67483,47.53593],[19.66733,47.58893],[19.56983,47.73469],[19.47232,47.70024],[19.42732,47.79299],[19.32232,47.83009],[19.07855,47.84864],[18.9548,47.9361],[18.99605,48.00765],[18.92855,48.058],[19.0148,48.07655],[19.22856,48.058],[19.47232,48.10306],[19.52858,48.19581],[19.63358,48.24351],[19.9261,48.13751],[20.0536,48.16666],[20.15111,48.24616],[20.31612,48.27531],[20.51863,48.53238],[20.83364,48.57743],[21.12616,48.50058],[21.44867,48.57743],[21.60618,48.50323],[21.67368,48.39457],[21.74494,48.34422],[22.11996,48.37867],[22.15371,48.40252],[22.24746,48.41312],[22.36747,48.25146],[22.49872,48.24086],[22.56623,48.19051],[22.60748,48.10571],[22.82124,48.11101],[22.86999,48.05005],[22.85124,47.9838],[22.89624,47.95465],[22.67873,47.79299],[22.57373,47.77444],[22.47247,47.80094],[22.40872,47.75854],[22.30747,47.74529],[22.17996,47.59953],[22.12746,47.59688],[22.0187,47.50678],[22.0187,47.39282],[21.9362,47.36102],[21.79369,47.11721],[21.72244,47.0907],[21.65868,47.0218],[21.67368,46.9794],[21.49742,46.77534],[21.51993,46.71704],[21.44492,46.69053],[21.44117,46.65078],[21.32117,46.61898],[21.26866,46.50768],[21.29866,46.42817],[21.21616,46.40432],[21.17116,46.31157],[21.0849,46.25591],[20.77739,46.27711],[20.70614,46.16051],[20.62738,46.13666],[20.51113,46.18436],[20.45862,46.14991],[20.34987,46.16581],[20.26361,46.12606],[19.9861,46.17641],[19.79859,46.13666],[19.69733,46.18701],[19.54733,46.16581],[19.42357,46.05185],[19.29981,46.02005],[19.30357,45.9909],[19.16481,45.99885],[19.10856,46.0333],[19.0673,45.96705],[18.81979,45.91405],[18.85729,46.0227],[18.74104,46.04655]]]}},{"type":"Feature","properties":{"territory_id":"IE-01","country_code":"IE","country_name":"Ireland","display_name":"Western Ireland","strategic_centre":"Galway","centre":[-9.0489,53.2719],"boundary_status":"administrative-comparison-draft","admin_source":"NUTS 2024 level 3","source_region_count":4,"label_anchor":[-9.0489,53.2719],"label_anchor_adjusted":false},"geometry":{"type":"MultiPolygon","coordinates":[[[[-10.38667,52.15246],[-10.36792,52.18161],[-10.18791,52.25581],[-9.91415,52.27436],[-9.73039,52.48902],[-9.58788,52.54998],[-9.36662,52.57118],[-9.41912,52.60828],[-9.65538,52.66923],[-9.46787,52.82029],[-9.39287,52.99785],[-9.30662,53.08795],[-9.01035,53.14096],[-8.9691,53.19131],[-9.0216,53.24696],[-9.66288,53.24696],[-9.70039,53.33177],[-9.83539,53.31587],[-10.11666,53.43247],[-10.0829,53.47752],[-10.11291,53.56233],[-9.99665,53.56233],[-9.9854,53.59943],[-9.9104,53.63388],[-9.87289,53.74784],[-9.66663,53.79819],[-9.63663,53.84854],[-9.74164,53.89094],[-9.93665,53.88299],[-10.15791,53.97575],[-10.13916,54.0049],[-10.0304,54.01285],[-9.9179,53.95985],[-9.87289,53.98105],[-9.88039,54.0473],[-9.94415,54.09765],[-9.9779,54.18776],[-10.07165,54.17451],[-10.0379,54.26461],[-9.9929,54.27786],[-9.88039,54.24606],[-9.75289,54.33087],[-9.34412,54.31497],[-9.23536,54.27256],[-9.13411,54.16126],[-9.11536,54.21691],[-9.0291,54.28581],[-8.60533,54.24341],[-8.52283,54.30172],[-8.62408,54.37327],[-8.45532,54.45807],[-8.28656,54.48987],[-8.18906,54.58528],[-8.18531,54.63033],[-8.57908,54.61708],[-8.77784,54.68598],[-8.67283,54.76019],[-8.52658,54.77609],[-8.49657,54.83439],[-8.39157,54.87679],[-8.42907,54.9192],[-8.42532,54.99605],[-8.27531,55.13916],[-8.13656,55.14181],[-7.98655,55.20806],[-7.85904,55.16036],[-7.83279,55.22926],[-7.65278,55.26371],[-7.54028,55.13386],[-7.57778,55.0676],[-7.55528,55.03845],[-7.48027,55.10471],[-7.53278,55.20011],[-7.51778,55.25841],[-7.37902,55.30612],[-7.33777,55.36442],[-7.22151,55.34852],[-6.97025,55.23721],[-7.25526,55.0676],[-7.38652,55.0146],[-7.45402,54.85824],[-7.55153,54.74959],[-7.74654,54.70984],[-7.82904,54.72839],[-7.9003,54.68598],[-7.84779,54.64093],[-7.70529,54.60913],[-7.85904,54.54023],[-8.00905,54.53228],[-8.14031,54.45012],[-8.05405,54.37327],[-7.88154,54.28846],[-7.81779,54.21161],[-7.69028,54.20101],[-7.55903,54.13476],[-7.27026,54.15331],[-7.16526,54.23811],[-7.18776,54.33882],[-7.019,54.41567],[-6.86524,54.33087],[-6.78649,54.21161],[-6.64398,54.17981],[-6.65523,54.0685],[-6.59523,54.04465],[-6.56523,53.98105],[-6.63648,53.97045],[-6.66648,53.91745],[-6.77149,53.9148],[-6.944,53.87239],[-6.959,53.85384],[-6.92525,53.79819],[-7.004,53.77169],[-7.43902,53.79289],[-7.49152,53.85384],[-7.57028,53.85914],[-7.56278,53.89359],[-7.63028,53.93865],[-7.80279,53.81674],[-7.91905,53.82204],[-7.88904,53.76904],[-8.03155,53.62063],[-7.9228,53.36887],[-8.0428,53.28936],[-7.9828,53.21251],[-8.0803,53.16746],[-7.92655,53.0959],[-7.9603,53.00315],[-7.99405,52.9846],[-7.9903,52.94485],[-8.03905,52.9263],[-8.03155,52.89714],[-7.96405,52.86269],[-7.84029,52.96075],[-7.76154,52.9687],[-7.68653,52.92365],[-7.72779,52.86534],[-7.67528,52.78054],[-7.47277,52.60298],[-7.45402,52.48372],[-7.39402,52.41217],[-7.39777,52.35122],[-7.75029,52.34062],[-7.78404,52.30882],[-7.77279,52.22666],[-7.9528,52.23991],[-8.10656,52.20546],[-8.14406,52.14716],[-8.0803,52.13656],[-7.9228,51.98815],[-7.84029,51.9537],[-8.0278,51.84769],[-8.26406,51.79999],[-8.56033,51.64893],[-9.33662,51.49787],[-9.66288,51.52703],[-9.67788,51.56943],[-9.65163,51.66748],[-9.97415,51.64363],[-10.0079,51.76024],[-10.30417,51.86094],[-10.28541,51.92985],[-10.11666,52.0597],[-10.36042,52.12066],[-10.38667,52.15246]]],[[[-10.24041,53.61798],[-10.19916,53.64713],[-10.16166,53.62593],[-10.20291,53.59678],[-10.24041,53.61798]]],[[[-10.16916,51.61713],[-10.12791,51.63038],[-10.09415,51.60918],[-10.15041,51.57738],[-10.16916,51.61713]]],[[[-10.0304,53.79819],[-9.9779,53.82999],[-9.94415,53.80349],[-9.9929,53.78494],[-10.0304,53.79819]]],[[[-9.80539,53.14361],[-9.76789,53.15686],[-9.74164,53.13036],[-9.77164,53.11976],[-9.80539,53.14361]]],[[[-9.77539,53.28141],[-9.72664,53.26021],[-9.72289,53.22311],[-9.76414,53.22311],[-9.77539,53.28141]]],[[[-9.74164,53.13036],[-9.70789,53.14626],[-9.64413,53.12241],[-9.66663,53.0959],[-9.74164,53.13036]]],[[[-9.61788,53.07735],[-9.55038,53.0959],[-9.50538,53.0535],[-9.55413,53.04025],[-9.61788,53.07735]]],[[[-8.57533,54.9775],[-8.53408,55.0199],[-8.48907,54.98545],[-8.50783,54.96955],[-8.57533,54.9775]]]]}},{"type":"Feature","properties":{"territory_id":"IE-02","country_code":"IE","country_name":"Ireland","display_name":"Eastern Ireland and Dublin","strategic_centre":"Dublin","centre":[-6.2603,53.35],"boundary_status":"administrative-comparison-draft","admin_source":"NUTS 2024 level 3","source_region_count":4,"label_anchor":[-6.2603,53.35],"label_anchor_adjusted":false},"geometry":{"type":"MultiPolygon","coordinates":[[[[-8.14406,52.14716],[-8.10656,52.20546],[-7.9528,52.23991],[-7.77279,52.22666],[-7.78404,52.30882],[-7.75029,52.34062],[-7.39777,52.35122],[-7.39402,52.41217],[-7.45402,52.48372],[-7.47277,52.60298],[-7.67528,52.78054],[-7.72779,52.86534],[-7.68653,52.92365],[-7.76154,52.9687],[-7.84029,52.96075],[-7.96405,52.86269],[-8.03155,52.89714],[-8.03905,52.9263],[-7.9903,52.94485],[-7.99405,52.9846],[-7.9603,53.00315],[-7.92655,53.0959],[-8.0803,53.16746],[-7.9828,53.21251],[-8.0428,53.28936],[-7.9228,53.36887],[-8.03155,53.62063],[-7.88904,53.76904],[-7.91905,53.82204],[-7.80279,53.81674],[-7.63028,53.93865],[-7.56278,53.89359],[-7.57028,53.85914],[-7.49152,53.85384],[-7.43902,53.79289],[-7.004,53.77169],[-6.92525,53.79819],[-6.959,53.85384],[-6.944,53.87239],[-6.77149,53.9148],[-6.66648,53.91745],[-6.63648,53.97045],[-6.56523,53.98105],[-6.59523,54.04465],[-6.40022,54.06055],[-6.35522,54.10031],[-6.26896,54.10296],[-6.11521,54.0049],[-6.17896,53.98105],[-6.32147,54.00755],[-6.37397,53.9572],[-6.34772,53.89094],[-6.25021,53.85649],[-6.24646,53.72134],[-6.21271,53.63388],[-6.0852,53.54643],[-6.14521,53.45897],[-6.13771,53.40862],[-6.20896,53.34767],[-6.11521,53.27611],[-6.10396,53.20986],[-6.0477,53.11711],[-6.0177,52.9581],[-6.13021,52.80174],[-6.14521,52.73814],[-6.22396,52.64273],[-6.21271,52.53673],[-6.34022,52.42012],[-6.36647,52.35652],[-6.44522,52.34327],[-6.43772,52.31147],[-6.32897,52.23726],[-6.35522,52.18691],[-6.58023,52.17631],[-6.68523,52.21076],[-6.77149,52.20546],[-6.79774,52.22136],[-6.88024,52.16306],[-6.959,52.22931],[-6.97775,52.16571],[-7.019,52.14186],[-7.36027,52.13921],[-7.60028,52.09415],[-7.63028,52.0703],[-7.57778,52.0385],[-7.59653,51.99345],[-7.72779,51.9484],[-7.84029,51.9537],[-7.9228,51.98815],[-8.0803,52.13656],[-8.14406,52.14716]]],[[[-6.11521,53.38477],[-6.0627,53.40862],[-6.0402,53.37682],[-6.06645,53.35562],[-6.11521,53.38477]]]]}},{"type":"Feature","properties":{"territory_id":"IS-01","country_code":"IS","country_name":"Iceland","display_name":"Iceland","strategic_centre":"Reykjavik","centre":[-21.94,64.1467],"boundary_status":"administrative-comparison-draft","admin_source":"NUTS 2024 level 3","source_region_count":2,"label_anchor":[-21.94,64.1467],"label_anchor_adjusted":false},"geometry":{"type":"MultiPolygon","coordinates":[[[[-24.29611,65.56743],[-24.24361,65.60453],[-24.01485,65.60453],[-24.0261,65.72909],[-23.9961,65.75559],[-23.53483,65.64958],[-23.45982,65.66283],[-23.41482,65.75029],[-23.64733,65.79269],[-23.75234,65.86159],[-23.70359,65.9358],[-23.69608,66.0312],[-23.45982,66.16371],[-23.24606,66.14781],[-22.87104,65.99145],[-22.69478,66.00735],[-22.55603,65.94375],[-22.43602,65.9305],[-22.43977,65.98085],[-22.50728,66.0524],[-22.77354,66.13986],[-22.85229,66.19286],[-22.78104,66.24056],[-22.62353,66.25911],[-22.60853,66.29621],[-23.02855,66.34392],[-23.02105,66.41282],[-22.92355,66.44462],[-22.43227,66.42872],[-22.18101,66.29091],[-21.92225,66.22731],[-21.67473,66.0789],[-21.48347,66.01265],[-21.35972,65.9093],[-21.34472,65.83774],[-21.40847,65.75029],[-21.54348,65.66813],[-21.36722,65.57273],[-21.29596,65.45877],[-21.12346,65.28916],[-21.06345,65.38192],[-20.97345,65.41902],[-20.93595,65.51708],[-20.85719,65.59658],[-20.73719,65.64693],[-20.52718,65.60983],[-20.34717,65.66548],[-20.31342,65.76089],[-20.37342,65.99145],[-20.29841,66.0736],[-20.0884,66.0683],[-19.66838,65.80064],[-19.51088,65.76884],[-19.42837,65.81389],[-19.43587,65.9464],[-19.37212,66.03385],[-18.98585,66.15576],[-18.81709,66.16636],[-18.59958,66.08685],[-18.47207,65.98085],[-18.29206,65.89604],[-18.13081,65.78209],[-18.12331,65.87484],[-18.26581,66.063],[-18.23206,66.13456],[-17.97705,66.13456],[-17.65828,66.01795],[-17.49327,66.01],[-17.15576,66.17696],[-16.83699,66.14781],[-16.55573,66.20611],[-16.47322,66.29356],[-16.46197,66.47642],[-16.06445,66.50558],[-15.76819,66.38367],[-15.65568,66.24851],[-15.47192,66.19551],[-14.88689,66.34392],[-14.88689,66.30682],[-15.06315,66.11071],[-14.98065,66.04975],[-14.76689,66.03385],[-14.68813,65.9994],[-14.67313,65.9305],[-14.74439,65.83774],[-14.74814,65.78209],[-14.41437,65.76089],[-14.23811,65.67343],[-13.72059,65.52768],[-13.67558,65.46672],[-13.71309,65.32892],[-13.63433,65.16991],[-13.57433,65.11426],[-13.57808,65.07185],[-13.69058,65.0109],[-13.85934,64.99765],[-13.83684,64.91815],[-13.86684,64.84129],[-14.0581,64.73794],[-14.32812,64.71939],[-14.37687,64.65843],[-14.49687,64.57628],[-14.53438,64.45172],[-14.72564,64.39607],[-14.9469,64.27416],[-15.32567,64.27681],[-15.9482,64.12841],[-16.67573,63.80774],[-17.32827,63.77064],[-17.62078,63.71764],[-17.93955,63.54008],[-18.19081,63.46587],[-18.73459,63.39962],[-19.10586,63.40492],[-19.74714,63.51888],[-20.15216,63.54273],[-20.69968,63.73884],[-21.18721,63.86604],[-21.59598,63.83159],[-21.79849,63.85809],[-22.07225,63.82894],[-22.33852,63.85279],[-22.70229,63.80774],[-22.72479,63.87929],[-22.69853,63.9376],[-22.73979,63.9747],[-22.67228,64.07805],[-22.57478,64.0383],[-22.53353,63.98265],[-22.43227,63.9747],[-22.0235,64.05155],[-21.92975,64.10191],[-21.9485,64.15226],[-21.76474,64.16816],[-21.76849,64.19731],[-21.87349,64.24501],[-21.77974,64.31392],[-21.58098,64.37222],[-21.45722,64.35632],[-21.37097,64.38017],[-21.64098,64.38812],[-21.95975,64.33247],[-21.98225,64.41462],[-21.95975,64.50473],[-22.21476,64.51003],[-22.33477,64.60278],[-22.37227,64.73529],[-22.48477,64.78829],[-23.28731,64.81744],[-23.79359,64.74324],[-23.90985,64.77504],[-23.97735,64.84924],[-23.85734,64.9102],[-23.62483,64.9049],[-23.17856,64.97645],[-23.0623,64.9632],[-22.81104,65.0374],[-22.61978,65.02945],[-22.44727,65.0745],[-22.16226,65.0374],[-21.89599,65.0427],[-21.81349,65.11426],[-21.82099,65.15666],[-22.10601,65.13016],[-22.42477,65.19111],[-22.33852,65.27591],[-21.97475,65.43757],[-22.06475,65.47997],[-22.27101,65.46672],[-22.52228,65.55948],[-22.9048,65.58068],[-23.86109,65.43757],[-24.29611,65.56743]]],[[[-22.63478,65.10896],[-22.59728,65.15136],[-22.56728,65.14341],[-22.58228,65.10101],[-22.63478,65.10896]]],[[[-22.38727,64.52328],[-22.34602,64.55243],[-22.30852,64.53123],[-22.33852,64.50473],[-22.38727,64.52328]]],[[[-20.32092,63.44202],[-20.26091,63.45792],[-20.22341,63.43937],[-20.27591,63.40757],[-20.32092,63.44202]]],[[[-18.42332,65.9994],[-18.36707,66.01265],[-18.34082,65.9835],[-18.37832,65.9676],[-18.42332,65.9994]]],[[[-18.05205,66.54268],[-17.9958,66.56653],[-17.9658,66.54268],[-17.99955,66.52148],[-18.05205,66.54268]]],[[[-14.65813,66.36247],[-14.61688,66.38897],[-14.57188,66.37572],[-14.61313,66.34127],[-14.65813,66.36247]]]]}},{"type":"Feature","properties":{"territory_id":"IT-01","country_code":"IT","country_name":"Italy","display_name":"Northern Italy and the Po Valley","strategic_centre":"Milan","centre":[9.19,45.4669],"boundary_status":"administrative-comparison-draft","admin_source":"NUTS 2024 level 3","source_region_count":45,"label_anchor":[9.19,45.4669],"label_anchor_adjusted":false},"geometry":{"type":"MultiPolygon","coordinates":[[[[6.63168,45.11106],[6.77044,45.15346],[6.87169,45.13491],[6.9767,45.20646],[7.10796,45.23826],[7.11921,45.32307],[7.17546,45.39197],[7.10421,45.46882],[7.0067,45.51123],[6.98795,45.63843],[6.83794,45.70204],[6.80419,45.77889],[6.82294,45.82659],[6.9692,45.86369],[7.0442,45.922],[7.11171,45.86899],[7.18671,45.86634],[7.29546,45.91405],[7.39672,45.90345],[7.56173,45.97765],[7.86549,45.9167],[7.89549,45.9856],[7.99675,46.0068],[8.038,46.09425],[8.15051,46.14991],[8.15426,46.19231],[8.10551,46.27446],[8.21426,46.31687],[8.29676,46.37517],[8.30802,46.41492],[8.38302,46.45202],[8.46177,46.43612],[8.43552,46.29301],[8.46177,46.24266],[8.61553,46.12606],[8.71304,46.0969],[8.75054,46.11281],[8.83679,46.07305],[8.79554,45.9962],[8.88929,45.9538],[8.9343,45.87694],[8.9118,45.82924],[9.0393,45.83984],[9.0768,45.89549],[9.0093,45.9538],[9.0168,46.03595],[9.24931,46.23471],[9.29056,46.32482],[9.26056,46.44407],[9.30182,46.49707],[9.41432,46.47587],[9.45557,46.49442],[9.46307,46.38842],[9.55683,46.30627],[9.70309,46.29831],[9.73309,46.33807],[9.93935,46.37782],[10.0556,46.23471],[10.11561,46.23206],[10.16436,46.25591],[10.11186,46.33807],[10.15686,46.40697],[10.0631,46.43347],[10.04435,46.46792],[10.05185,46.53683],[10.10811,46.60308],[10.23186,46.62693],[10.30312,46.55273],[10.45312,46.53153],[10.48312,46.61368],[10.40812,46.64548],[10.38937,46.67993],[10.46812,46.85484],[10.66688,46.87074],[10.76064,46.79919],[11.00815,46.77004],[11.16566,46.96615],[11.33067,46.99],[11.41317,46.97145],[11.47692,47.00325],[11.62693,47.01385],[11.74319,46.9794],[12.13696,47.0801],[12.24196,47.0695],[12.12946,47.0059],[12.15571,46.91845],[12.27571,46.87339],[12.29446,46.78859],[12.47822,46.67993],[12.69198,46.65608],[12.73324,46.63488],[13.0445,46.59778],[13.26201,46.55273],[13.50578,46.56598],[13.71579,46.52358],[13.68578,46.43877],[13.59953,46.43082],[13.45327,46.35662],[13.40452,46.30097],[13.42327,46.21881],[13.63328,46.19231],[13.66328,46.17111],[13.49827,46.05185],[13.48702,46.00415],[13.51328,45.9803],[13.62203,45.9856],[13.63703,45.9379],[13.58453,45.86104],[13.59578,45.80804],[13.79454,45.73914],[13.89954,45.64373],[13.82829,45.58543],[13.72329,45.59603],[13.77204,45.61988],[13.74954,45.67553],[13.58078,45.78684],[13.53578,45.77359],[13.50203,45.71264],[13.12326,45.76034],[13.08575,45.70999],[13.097,45.64373],[12.917,45.61193],[12.60198,45.48737],[12.57948,45.49532],[12.61698,45.53508],[12.54573,45.56423],[12.39947,45.53508],[12.17071,45.39462],[12.13321,45.29921],[12.14071,45.26741],[12.20071,45.25681],[12.23071,45.19586],[12.29821,45.19851],[12.33197,45.16141],[12.27196,45.0978],[12.32072,45.04215],[12.31322,45.00505],[12.35072,44.98915],[12.41822,45.02095],[12.48572,44.96],[12.45572,44.85399],[12.42572,44.88844],[12.39947,44.87519],[12.39947,44.79304],[12.28321,44.82484],[12.24196,44.72149],[12.29071,44.45912],[12.38447,44.22591],[12.34322,44.19941],[12.22696,44.22061],[12.0282,44.31867],[11.89694,44.18351],[11.75444,44.18616],[11.71694,44.12256],[11.64193,44.10666],[11.59693,44.15701],[11.52568,44.15701],[11.42067,44.23121],[11.22191,44.14641],[11.24066,44.10666],[11.0494,44.09075],[10.9894,44.11991],[10.91815,44.0722],[10.73064,44.15436],[10.64813,44.15171],[10.62563,44.11991],[10.53938,44.14906],[10.47187,44.22591],[10.32937,44.27891],[10.25436,44.26831],[10.14186,44.35312],[10.05935,44.36902],[10.0031,44.40082],[9.9806,44.45382],[9.9206,44.46972],[9.81934,44.46177],[9.68808,44.36637],[10.05185,44.10666],[10.0181,44.0457],[9.95435,44.0457],[9.84934,44.10136],[9.80434,44.0669],[9.26431,44.33457],[9.18931,44.31072],[9.06555,44.37697],[8.77304,44.42467],[8.63428,44.37962],[8.46552,44.29481],[8.39802,44.18351],[8.27051,44.13581],[8.13551,43.9397],[7.95925,43.85224],[7.67048,43.78069],[7.53173,43.78334],[7.51298,43.87344],[7.71549,44.0616],[7.67048,44.17291],[7.37047,44.12256],[7.01795,44.23916],[6.88669,44.36107],[6.9242,44.43527],[6.86044,44.52803],[6.93545,44.58633],[6.9467,44.65523],[7.06295,44.68703],[7.0667,44.71354],[7.0292,44.74004],[6.9992,44.83809],[6.87169,44.85134],[6.76294,44.9017],[6.74794,44.9971],[6.67668,45.0289],[6.63168,45.11106]]],[[[12.28321,45.39727],[12.32072,45.43967],[12.35447,45.43702],[12.34322,45.39727],[12.28321,45.39727]]],[[[12.44072,45.47412],[12.51198,45.50858],[12.56448,45.48737],[12.51948,45.45292],[12.44072,45.47412]]]]}},{"type":"Feature","properties":{"territory_id":"IT-02","country_code":"IT","country_name":"Italy","display_name":"Central Italy","strategic_centre":"Rome","centre":[12.4828,41.8931],"boundary_status":"administrative-comparison-draft","admin_source":"NUTS 2024 level 3","source_region_count":27,"label_anchor":[11.971945,42.841215000000005],"label_anchor_adjusted":true},"geometry":{"type":"MultiPolygon","coordinates":[[[[9.68808,44.36637],[9.81934,44.46177],[9.9206,44.46972],[9.9806,44.45382],[10.0031,44.40082],[10.05935,44.36902],[10.14186,44.35312],[10.25436,44.26831],[10.32937,44.27891],[10.47187,44.22591],[10.53938,44.14906],[10.62563,44.11991],[10.64813,44.15171],[10.73064,44.15436],[10.91815,44.0722],[10.9894,44.11991],[11.0494,44.09075],[11.24066,44.10666],[11.22191,44.14641],[11.42067,44.23121],[11.52568,44.15701],[11.59693,44.15701],[11.64193,44.10666],[11.71694,44.12256],[11.75444,44.18616],[11.89694,44.18351],[12.0282,44.31867],[12.22696,44.22061],[12.34322,44.19941],[12.38447,44.22591],[12.66573,44.00065],[12.89824,43.9238],[13.21326,43.72504],[13.41577,43.62433],[13.52828,43.61638],[13.61828,43.54483],[13.64078,43.47327],[13.85079,43.0678],[14.0083,42.69678],[14.14706,42.52983],[14.25581,42.44502],[14.17331,42.42647],[14.08705,42.32312],[14.12081,42.22771],[14.08705,42.08725],[14.0983,41.9097],[14.22956,41.87789],[14.16581,41.83019],[14.16206,41.76659],[14.10956,41.72154],[13.9408,41.68708],[13.99705,41.63673],[14.01955,41.54663],[13.9783,41.46182],[13.87329,41.41412],[13.87329,41.29486],[13.76079,41.22331],[13.62203,41.25511],[13.54328,41.21271],[13.28076,41.29486],[13.06325,41.22861],[12.94325,41.36642],[12.61323,41.45917],[12.43697,41.63673],[12.23446,41.74539],[12.12571,41.9203],[11.91945,42.0316],[11.83694,42.0369],[11.63443,42.29131],[11.45067,42.37877],[11.26691,42.41322],[11.14316,42.37612],[11.10566,42.41852],[11.16941,42.46622],[11.16191,42.54308],[10.9669,42.71534],[10.79064,42.78689],[10.76439,42.89024],[10.70439,42.9406],[10.50563,42.95385],[10.52438,43.22416],[10.41937,43.39642],[10.32937,43.48917],[10.25811,43.81514],[10.14186,43.97415],[10.0181,44.0457],[10.05185,44.10666],[9.68808,44.36637]],[[12.41072,43.9503],[12.41447,43.9079],[12.46322,43.89464],[12.48572,43.89729],[12.51198,43.945],[12.50448,43.98475],[12.41072,43.9503]],[[12.42197,41.9044],[12.47447,41.88319],[12.51198,41.9044],[12.47072,41.92825],[12.42197,41.9044]]],[[[9.78184,43.01745],[9.81184,43.0678],[9.84184,43.0678],[9.82684,43.0095],[9.78184,43.01745]]],[[[10.0406,42.57753],[10.0781,42.61198],[10.11186,42.58813],[10.0931,42.55898],[10.0406,42.57753]]],[[[10.0931,42.76569],[10.13811,42.80809],[10.34812,42.80809],[10.41562,42.86374],[10.44187,42.84784],[10.41562,42.71269],[10.34437,42.75509],[10.18686,42.72594],[10.0931,42.76569]]],[[[10.26936,42.33372],[10.30687,42.36022],[10.34437,42.33107],[10.29936,42.30722],[10.26936,42.33372]]],[[[10.86564,42.38142],[10.9144,42.38142],[10.9219,42.32577],[10.88439,42.33902],[10.86564,42.38142]]]]}},{"type":"Feature","properties":{"territory_id":"IT-03","country_code":"IT","country_name":"Italy","display_name":"Southern Italy","strategic_centre":"Naples","centre":[14.25,40.8333],"boundary_status":"administrative-comparison-draft","admin_source":"NUTS 2024 level 3","source_region_count":21,"label_anchor":[14.25,40.8333],"label_anchor_adjusted":false},"geometry":{"type":"MultiPolygon","coordinates":[[[[13.76079,41.22331],[13.87329,41.29486],[13.87329,41.41412],[13.9783,41.46182],[14.01955,41.54663],[13.99705,41.63673],[13.9408,41.68708],[14.10956,41.72154],[14.16206,41.76659],[14.16581,41.83019],[14.22956,41.87789],[14.0983,41.9097],[14.08705,42.08725],[14.12081,42.22771],[14.08705,42.32312],[14.17331,42.42647],[14.25581,42.44502],[14.39457,42.37082],[14.52583,42.24626],[14.70584,42.17206],[14.72834,42.10581],[14.78084,42.07135],[15.13711,41.92825],[15.44462,41.9044],[16.0109,41.9468],[16.15341,41.89379],[16.17216,41.77189],[15.90215,41.59168],[15.93215,41.48832],[16.0259,41.42472],[16.54343,41.22861],[17.0797,41.06695],[17.51473,40.81784],[17.94225,40.67738],[18.021,40.62703],[18.096,40.51573],[18.24226,40.44152],[18.43352,40.27191],[18.51603,40.11026],[18.43352,40.01485],[18.37352,39.80814],[18.18226,39.84789],[18.0135,39.9751],[18.00225,40.10496],[17.901,40.25336],[17.76224,40.29576],[17.52223,40.29841],[17.39472,40.33552],[17.24096,40.40177],[17.22596,40.47067],[17.09845,40.51573],[16.9747,40.48127],[16.86594,40.39912],[16.78719,40.30372],[16.73844,40.21096],[16.60343,40.0599],[16.61843,39.9539],[16.49092,39.79489],[16.56218,39.64648],[16.77219,39.61468],[16.87719,39.53253],[17.02345,39.48482],[17.14721,39.39207],[17.10971,39.29136],[17.13971,39.20656],[17.11721,39.11381],[17.17721,39.01575],[17.15471,38.9495],[17.10221,38.90445],[16.89219,38.9283],[16.64468,38.83289],[16.56968,38.76664],[16.54343,38.71099],[16.58093,38.46982],[16.49842,38.36117],[16.32592,38.29226],[16.18716,38.15446],[16.0709,37.9345],[15.75589,37.92125],[15.64713,38.0034],[15.63963,38.21541],[15.80089,38.28961],[15.91715,38.50693],[15.91715,38.55463],[15.83839,38.62088],[15.85714,38.65533],[15.9959,38.72159],[16.13466,38.72159],[16.21341,38.81169],[16.21341,38.91505],[16.0934,39.04755],[16.02965,39.36557],[15.83839,39.64648],[15.75589,39.9221],[15.64338,40.044],[15.54963,40.0758],[15.42212,39.99895],[15.36587,40.0016],[15.12961,40.16591],[15.0471,40.17386],[14.9271,40.23746],[14.9496,40.32757],[14.99085,40.36732],[14.98335,40.41767],[14.88209,40.57933],[14.78459,40.66413],[14.55208,40.61113],[14.46957,40.61908],[14.33457,40.57933],[14.34582,40.62173],[14.46957,40.69593],[14.45082,40.74099],[14.27081,40.83904],[14.18456,40.80194],[14.0983,40.82579],[14.05705,40.79664],[14.0308,40.89999],[13.76079,41.22331]]],[[[13.83579,40.70654],[13.87329,40.76219],[13.96705,40.72244],[13.9258,40.69328],[13.83579,40.70654]]],[[[14.17331,40.54753],[14.20706,40.57403],[14.25206,40.55283],[14.20706,40.52368],[14.17331,40.54753]]]]}},{"type":"Feature","properties":{"territory_id":"IT-04","country_code":"IT","country_name":"Italy","display_name":"Sicily","strategic_centre":"Palermo","centre":[13.3613,38.1157],"boundary_status":"administrative-comparison-draft","admin_source":"NUTS 2024 level 3","source_region_count":9,"label_anchor":[13.3613,38.1157],"label_anchor_adjusted":false},"geometry":{"type":"MultiPolygon","coordinates":[[[[11.9157,36.80554],[11.98695,36.83999],[12.0657,36.76844],[11.9982,36.73134],[11.9157,36.80554]]],[[[12.0132,37.97425],[12.0732,37.99015],[12.09945,37.961],[12.0582,37.9451],[12.0132,37.97425]]],[[[12.26821,37.92655],[12.32072,37.9504],[12.35447,37.9239],[12.31697,37.90535],[12.26821,37.92655]]],[[[12.30197,38.0034],[12.33572,38.03785],[12.36572,37.9822],[12.32822,37.97425],[12.30197,38.0034]]],[[[12.43697,37.79934],[12.51573,38.014],[12.71449,38.11736],[12.73699,38.17036],[12.87574,38.0405],[12.94325,38.0299],[13.06325,38.0882],[13.06325,38.14386],[13.10451,38.18361],[13.20951,38.17831],[13.31077,38.21541],[13.39702,38.10941],[13.52828,38.10411],[13.56578,38.0458],[13.74204,37.97425],[13.99705,38.03785],[14.18456,38.0193],[14.48832,38.03785],[14.63833,38.0776],[14.74709,38.15711],[14.9121,38.18361],[15.10336,38.12796],[15.23461,38.21276],[15.36212,38.22071],[15.53088,38.29491],[15.59838,38.27636],[15.49337,38.08025],[15.21586,37.74634],[15.17086,37.58203],[15.0921,37.48662],[15.0921,37.35677],[15.11461,37.31437],[15.22711,37.26401],[15.19336,37.18981],[15.22711,37.12886],[15.29086,37.09705],[15.27961,37.04935],[15.31712,37.0202],[15.17086,36.9301],[15.10711,36.82939],[15.12586,36.67833],[15.0771,36.65713],[15.0021,36.70219],[14.69833,36.72339],[14.49957,36.78964],[14.33832,37.00165],[14.19956,37.08115],[14.03455,37.10501],[13.89954,37.0997],[13.73454,37.15801],[13.55453,37.27991],[13.44952,37.29846],[13.28826,37.38327],[13.17576,37.48397],[13.02575,37.50253],[12.94325,37.57143],[12.67323,37.56878],[12.59448,37.64298],[12.48947,37.68803],[12.43697,37.79934]]],[[[12.57573,35.50168],[12.62823,35.52818],[12.66573,35.50963],[12.62448,35.48312],[12.57573,35.50168]]],[[[12.81949,35.87269],[12.87574,35.88859],[12.902,35.85679],[12.85699,35.84354],[12.81949,35.87269]]],[[[13.14201,38.71099],[13.19076,38.73219],[13.23201,38.70834],[13.19826,38.68713],[13.14201,38.71099]]],[[[14.31207,38.54403],[14.34957,38.56788],[14.38332,38.55198],[14.35707,38.51223],[14.31207,38.54403]]],[[[14.52583,38.56788],[14.57833,38.59173],[14.61583,38.57053],[14.57458,38.54668],[14.52583,38.56788]]],[[[14.80709,38.55993],[14.85584,38.58378],[14.89334,38.55993],[14.86334,38.53608],[14.80709,38.55993]]],[[[14.88959,38.47777],[14.9121,38.51753],[14.9646,38.51753],[14.9571,38.44332],[14.88959,38.47777]]],[[[14.93085,38.40622],[14.97585,38.41682],[15.0096,38.37177],[14.96835,38.36912],[14.93085,38.40622]]],[[[15.17086,38.79049],[15.21586,38.81699],[15.24961,38.80374],[15.21961,38.76664],[15.17086,38.79049]]]]}},{"type":"Feature","properties":{"territory_id":"IT-05","country_code":"IT","country_name":"Italy","display_name":"Sardinia","strategic_centre":"Cagliari","centre":[9.1111,39.2278],"boundary_status":"administrative-comparison-draft","admin_source":"NUTS 2024 level 3","source_region_count":5,"label_anchor":[9.1111,39.2278],"label_anchor_adjusted":false},"geometry":{"type":"MultiPolygon","coordinates":[[[[8.16551,40.75424],[8.21426,40.9106],[8.35302,40.85229],[8.58928,40.84964],[8.80304,40.9424],[9.18931,41.22331],[9.30182,41.23126],[9.34307,41.26836],[9.38057,41.22066],[9.46307,41.21536],[9.46307,41.14911],[9.53433,41.10141],[9.59058,40.9318],[9.68058,40.82844],[9.81934,40.50778],[9.76309,40.39912],[9.63183,40.25601],[9.64683,40.16591],[9.72559,40.0705],[9.65058,39.54843],[9.56433,39.15356],[9.52683,39.12706],[9.44057,39.12706],[9.24556,39.22246],[9.08055,39.20126],[9.02055,39.14031],[9.0393,39.0502],[9.02055,38.9972],[8.9118,38.91505],[8.85179,38.88854],[8.73554,38.92565],[8.63053,38.90445],[8.55553,39.0343],[8.48052,39.06875],[8.43177,38.9707],[8.37927,38.9972],[8.35302,39.08465],[8.45052,39.10321],[8.38677,39.21981],[8.42052,39.29931],[8.39427,39.45567],[8.45427,39.56963],[8.45802,39.72599],[8.50303,39.71274],[8.54803,39.81344],[8.54428,39.87704],[8.50303,39.90355],[8.43177,39.88234],[8.40177,39.9168],[8.40927,40.02545],[8.48427,40.0917],[8.46177,40.16856],[8.47302,40.29046],[8.39052,40.34612],[8.39802,40.40707],[8.29676,40.56078],[8.17301,40.62703],[8.16551,40.75424]]],[[[8.20301,41.00335],[8.22551,41.0431],[8.26676,40.9954],[8.23301,40.9795],[8.20301,41.00335]]],[[[8.20676,39.14826],[8.30802,39.18801],[8.31177,39.10851],[8.26301,39.10056],[8.20676,39.14826]]],[[[8.26301,41.09875],[8.31927,41.11731],[8.34927,41.0749],[8.30802,41.05105],[8.26301,41.09875]]]]}},{"type":"Feature","properties":{"territory_id":"LT-01","country_code":"LT","country_name":"Lithuania","display_name":"Lithuania","strategic_centre":"Vilnius","centre":[25.28,54.6872],"boundary_status":"administrative-comparison-draft","admin_source":"NUTS 2024 level 3","source_region_count":10,"label_anchor":[25.28,54.6872],"label_anchor_adjusted":false},"geometry":{"type":"Polygon","coordinates":[[[20.95365,55.27961],[21.07365,55.45717],[21.0999,55.54463],[21.10366,55.66653],[21.05865,55.85469],[21.06615,56.06935],[21.20116,56.08525],[21.22741,56.14621],[21.51243,56.29461],[21.97745,56.38472],[22.02245,56.41917],[22.13496,56.42977],[22.63373,56.36882],[22.86249,56.36882],[22.91875,56.39797],[22.99,56.40327],[23.0275,56.33967],[23.095,56.30522],[23.19251,56.36617],[23.32002,56.37942],[23.53003,56.33702],[23.74004,56.36882],[23.78129,56.33172],[24.01755,56.32907],[24.04755,56.29991],[24.04755,56.27871],[24.0888,56.27871],[24.15256,56.25221],[24.30257,56.29461],[24.44882,56.26281],[24.56883,56.29196],[24.64383,56.37147],[24.89134,56.44302],[25.0826,56.19921],[25.17261,56.17536],[25.67138,56.14091],[25.70889,56.0826],[25.82139,56.05345],[25.87014,56.00575],[26.0464,55.9448],[26.38017,55.71424],[26.63143,55.67978],[26.63143,55.60823],[26.55268,55.51283],[26.51518,55.36177],[26.77394,55.29551],[26.65018,55.15506],[26.34267,55.14711],[26.25266,55.11001],[26.20766,54.9987],[25.87389,54.92715],[25.75014,54.82379],[25.73514,54.68863],[25.75389,54.58263],[25.63763,54.47662],[25.55513,54.32822],[25.67888,54.31497],[25.75389,54.25931],[25.76139,54.16656],[25.64513,54.13741],[25.54388,54.15861],[25.55888,54.26196],[25.49137,54.30172],[25.22511,54.25136],[25.0676,54.14006],[24.95135,54.16656],[24.83509,54.14801],[24.78634,54.11091],[24.82384,54.01815],[24.72259,53.9678],[24.65883,54.0102],[24.44882,53.9095],[24.36632,53.89889],[24.20131,53.97045],[24.0888,53.93865],[23.83379,53.9519],[23.79254,53.90685],[23.51503,53.9572],[23.49252,53.99695],[23.52253,54.06055],[23.48127,54.15066],[23.32002,54.25401],[23.065,54.30967],[23.00125,54.38387],[22.84749,54.40242],[22.79124,54.36267],[22.70499,54.46602],[22.69748,54.58793],[22.73874,54.63033],[22.74999,54.72574],[22.85124,54.77079],[22.87374,54.81584],[22.83999,54.89534],[22.70124,54.9722],[22.63748,54.98015],[22.58873,55.07025],[22.47247,55.0464],[22.27746,55.06495],[22.06745,55.03315],[22.02245,55.0782],[21.86869,55.0941],[21.65118,55.17891],[21.49742,55.19481],[21.38117,55.28491],[21.27241,55.24516],[21.28741,55.30612],[21.24241,55.35117],[21.21241,55.35912],[21.24616,55.41742],[21.24991,55.46512],[21.13366,55.66918],[21.0999,55.41477],[20.98365,55.27696],[20.95365,55.27961]]]}},{"type":"Feature","properties":{"territory_id":"LU-01","country_code":"LU","country_name":"Luxembourg","display_name":"Luxembourg","strategic_centre":"Luxembourg","centre":[6.1319,49.6117],"boundary_status":"administrative-comparison-draft","admin_source":"NUTS 2024 level 3","source_region_count":1,"label_anchor":[6.1319,49.6117],"label_anchor_adjusted":false},"geometry":{"type":"Polygon","coordinates":[[[6.47417,49.82034],[6.51168,49.78324],[6.50043,49.71699],[6.43292,49.66133],[6.38042,49.55003],[6.36542,49.47052],[6.20416,49.50498],[6.14041,49.49702],[6.0954,49.45727],[6.0129,49.44932],[5.95665,49.49437],[5.89289,49.49702],[5.81789,49.54738],[5.85914,49.57388],[5.9004,49.65868],[5.87039,49.71699],[5.75789,49.80179],[5.74664,49.85479],[5.77289,49.9449],[5.82539,49.97935],[5.89664,50.10391],[6.02415,50.18341],[6.13666,50.13041],[6.12541,50.0297],[6.24541,49.89719],[6.32792,49.84419],[6.47417,49.82034]]]}},{"type":"Feature","properties":{"territory_id":"LV-01","country_code":"LV","country_name":"Latvia","display_name":"Latvia","strategic_centre":"Riga","centre":[24.1064,56.9489],"boundary_status":"administrative-comparison-draft","admin_source":"NUTS 2024 level 3","source_region_count":5,"label_anchor":[24.1064,56.9489],"label_anchor_adjusted":false},"geometry":{"type":"Polygon","coordinates":[[[20.97615,56.35292],[20.99865,56.54638],[21.0549,56.68948],[21.05865,56.82464],[21.37742,57.01015],[21.41492,57.0764],[21.42617,57.29371],[21.72619,57.57463],[22.0187,57.60908],[22.58873,57.75219],[22.58123,57.66208],[22.62623,57.59848],[22.95625,57.41297],[23.12126,57.35732],[23.26001,57.0923],[23.48502,57.03135],[23.55253,56.981],[23.79254,56.9757],[24.17506,57.10821],[24.34007,57.19566],[24.40757,57.28311],[24.37757,57.62233],[24.34382,57.71509],[24.35507,57.87674],[24.43382,57.87409],[24.47132,57.9218],[24.56883,57.9536],[24.85009,57.9801],[25.19136,58.07815],[25.28136,57.996],[25.29636,58.07285],[25.62638,57.92975],[25.76889,57.90855],[25.84389,57.85819],[26.0239,57.85024],[26.05015,57.82904],[26.0389,57.77339],[26.18516,57.71509],[26.27891,57.60113],[26.46267,57.56933],[26.52643,57.52163],[26.61268,57.52163],[26.90895,57.62763],[27.35147,57.51898],[27.54648,57.53488],[27.56148,57.50573],[27.53148,57.42622],[27.84274,57.30962],[27.86524,57.26721],[27.81649,57.15326],[27.76399,57.12146],[27.72649,57.0181],[27.75274,56.96775],[27.68523,56.90415],[27.66648,56.84584],[27.84649,56.87234],[27.9665,56.82464],[27.914,56.74514],[28.049,56.59673],[28.12401,56.57023],[28.10901,56.51458],[28.18776,56.43772],[28.17651,56.37412],[28.23276,56.28136],[28.15401,56.17006],[27.97025,56.11176],[27.78274,55.9819],[27.66273,55.93155],[27.59898,55.78844],[27.36647,55.80964],[27.27271,55.79109],[27.13396,55.84674],[26.94645,55.79904],[26.86769,55.71689],[26.78144,55.68508],[26.67268,55.70364],[26.63143,55.67978],[26.38017,55.71424],[26.0464,55.9448],[25.87014,56.00575],[25.82139,56.05345],[25.70889,56.0826],[25.67138,56.14091],[25.17261,56.17536],[25.0826,56.19921],[24.89134,56.44302],[24.64383,56.37147],[24.56883,56.29196],[24.44882,56.26281],[24.30257,56.29461],[24.15256,56.25221],[24.0888,56.27871],[24.04755,56.27871],[24.04755,56.29991],[24.01755,56.32907],[23.78129,56.33172],[23.74004,56.36882],[23.53003,56.33702],[23.32002,56.37942],[23.19251,56.36617],[23.095,56.30522],[23.0275,56.33967],[22.99,56.40327],[22.91875,56.39797],[22.86249,56.36882],[22.63373,56.36882],[22.13496,56.42977],[22.02245,56.41917],[21.97745,56.38472],[21.51243,56.29461],[21.22741,56.14621],[21.20116,56.08525],[21.06615,56.06935],[20.99115,56.21246],[20.97615,56.35292]]]}},{"type":"Feature","properties":{"territory_id":"MD-01","country_code":"MD","country_name":"Moldova","display_name":"Moldova","strategic_centre":"Chisinau","centre":[28.8353,47.0105],"boundary_status":"administrative-comparison-draft","admin_source":"geoBoundaries ADM1 (release 2025)","source_region_count":37,"label_anchor":[28.8353,47.0105],"label_anchor_adjusted":false},"geometry":{"type":"Polygon","coordinates":[[[26.61635,48.27444],[26.69588,48.32717],[26.68236,48.35553],[26.69418,48.36005],[26.73661,48.31298],[26.7579,48.3239],[26.76702,48.30226],[26.79386,48.29185],[26.8264,48.30449],[26.82405,48.34452],[26.76495,48.35377],[26.70911,48.4054],[26.7249,48.41175],[26.75362,48.39895],[26.7751,48.4184],[26.8718,48.42013],[26.90123,48.39687],[26.89438,48.3836],[26.9314,48.3636],[26.99518,48.35982],[27.00163,48.37957],[27.04729,48.37887],[27.04025,48.41082],[27.01206,48.42346],[27.08484,48.43472],[27.08715,48.41328],[27.13909,48.3744],[27.19189,48.3949],[27.23593,48.37285],[27.28617,48.37161],[27.3195,48.44341],[27.37339,48.44181],[27.38316,48.41066],[27.44508,48.40901],[27.46647,48.44879],[27.58788,48.4915],[27.60402,48.48613],[27.58992,48.46141],[27.64727,48.44049],[27.74682,48.45742],[27.78902,48.44442],[27.87285,48.40395],[27.8825,48.37182],[27.95261,48.3285],[28.07155,48.31844],[28.093,48.29298],[28.07973,48.2436],[28.08974,48.23455],[28.11132,48.23324],[28.14529,48.26307],[28.17767,48.2574],[28.18687,48.21477],[28.21349,48.20535],[28.3022,48.2417],[28.35546,48.24547],[28.37023,48.22013],[28.36221,48.19219],[28.30879,48.16272],[28.30693,48.1392],[28.34839,48.13585],[28.38251,48.1749],[28.42964,48.1724],[28.43993,48.14439],[28.42118,48.12307],[28.45431,48.07878],[28.49155,48.06615],[28.50448,48.11925],[28.49192,48.11884],[28.52068,48.13809],[28.50281,48.15117],[28.57725,48.18218],[28.57945,48.16657],[28.59194,48.17335],[28.64756,48.14319],[28.68235,48.14682],[28.6881,48.12446],[28.75544,48.13598],[28.84109,48.12558],[28.85759,48.10251],[28.83318,48.07278],[28.85199,48.06074],[28.83948,48.03468],[28.90184,48.01255],[28.87766,48.00073],[28.92596,47.96002],[28.96139,47.97931],[29.03279,47.94263],[29.07365,47.94402],[29.08654,47.94663],[29.07773,47.97041],[29.09799,47.96004],[29.09227,47.98284],[29.17504,47.99375],[29.20055,47.88431],[29.21619,47.89601],[29.21571,47.88587],[29.28144,47.88772],[29.22512,47.85396],[29.19927,47.81854],[29.21925,47.79838],[29.2471,47.81106],[29.2765,47.80195],[29.24839,47.75126],[29.20447,47.71915],[29.23103,47.68388],[29.2092,47.64229],[29.23396,47.64205],[29.20939,47.62866],[29.21753,47.61217],[29.18445,47.57196],[29.11718,47.5544],[29.15166,47.50663],[29.18985,47.51385],[29.18775,47.47527],[29.15742,47.45925],[29.1905,47.46704],[29.19193,47.42553],[29.24229,47.46194],[29.24396,47.41528],[29.31746,47.44924],[29.33727,47.37027],[29.39056,47.37969],[29.39793,47.35362],[29.38345,47.34489],[29.39838,47.30037],[29.42351,47.30494],[29.42701,47.29221],[29.4858,47.30574],[29.4874,47.35597],[29.57406,47.37054],[29.59892,47.25745],[29.5519,47.2515],[29.58019,47.13555],[29.4955,47.13188],[29.53031,47.07547],[29.54994,47.07595],[29.5475,47.09382],[29.61205,47.10033],[29.6289,47.04463],[29.60242,47.0417],[29.59587,46.96364],[29.55609,46.95788],[29.57149,46.94014],[29.6401,46.95534],[29.64804,46.91979],[29.71835,46.93217],[29.74996,46.86109],[29.88407,46.88605],[29.88349,46.85147],[29.90507,46.82017],[29.9495,46.84188],[29.96804,46.83208],[29.9784,46.81634],[29.93487,46.80594],[29.97452,46.75168],[29.97056,46.68574],[29.94569,46.64839],[29.96792,46.59754],[29.96329,46.58455],[29.93602,46.589],[29.94527,46.55518],[29.87098,46.55464],[29.90606,46.51407],[29.94351,46.5016],[29.93624,46.49364],[29.96093,46.50985],[29.961,46.4905],[29.98739,46.50916],[29.98687,46.49409],[30.00054,46.49566],[29.99417,46.47387],[30.02276,46.46875],[29.99372,46.46168],[30.02555,46.4531],[30.02251,46.44179],[30.06349,46.44271],[30.05585,46.42809],[30.07771,46.4236],[30.08175,46.43448],[30.09783,46.42676],[30.09576,46.43972],[30.13369,46.41083],[30.15672,46.42893],[30.16314,46.41337],[30.09677,46.37536],[30.07106,46.3969],[30.02193,46.38297],[29.93881,46.40096],[29.88685,46.37154],[29.89114,46.35251],[29.80529,46.38561],[29.82305,46.3957],[29.78678,46.41991],[29.7763,46.45493],[29.74126,46.47287],[29.72668,46.4668],[29.73457,46.43498],[29.6604,46.43617],[29.67865,46.36144],[29.6032,46.35375],[29.5803,46.361],[29.56595,46.41647],[29.49471,46.42792],[29.48469,46.44743],[29.50239,46.4615],[29.44811,46.49852],[29.38673,46.44663],[29.39617,46.42539],[29.35126,46.50429],[29.33141,46.49607],[29.33638,46.47401],[29.30835,46.46527],[29.32416,46.41482],[29.26526,46.4066],[29.26799,46.39377],[29.24061,46.37621],[29.2069,46.38632],[29.24588,46.41681],[29.21967,46.46356],[29.25513,46.4853],[29.24093,46.4995],[29.23553,46.55832],[29.16179,46.5445],[29.16361,46.51552],[29.06293,46.51241],[29.03359,46.4907],[28.98155,46.48886],[28.98542,46.47758],[29.02343,46.48018],[29.02558,46.46237],[28.93081,46.45771],[29.00366,46.31642],[28.98383,46.31613],[28.95187,46.25954],[29.06709,46.19559],[28.95038,46.09372],[29.0055,46.04945],[28.97879,46.00359],[28.7765,45.97086],[28.78,45.9607],[28.75677,45.95732],[28.75462,45.928],[28.78539,45.83215],[28.69731,45.81776],[28.70926,45.78013],[28.5791,45.77025],[28.58922,45.72959],[28.52059,45.7377],[28.48035,45.67841],[28.48579,45.66006],[28.51548,45.66491],[28.54429,45.57952],[28.49134,45.57091],[28.51378,45.49935],[28.42067,45.4851],[28.42077,45.51267],[28.30511,45.54698],[28.2143,45.46768],[28.18767,45.47335],[28.16206,45.50047],[28.15635,45.57536],[28.1208,45.57218],[28.089,45.6034],[28.11261,45.62639],[28.14528,45.62237],[28.17434,45.64469],[28.15762,45.65113],[28.17053,45.71002],[28.14344,45.75983],[28.15368,45.78267],[28.11257,45.79311],[28.10575,45.85964],[28.13031,45.88112],[28.11228,45.88467],[28.1229,45.92551],[28.0872,46.00968],[28.10392,46.05138],[28.08942,46.07094],[28.10857,46.08062],[28.1056,46.09837],[28.12914,46.12555],[28.12449,46.15218],[28.14291,46.16415],[28.12806,46.17712],[28.14401,46.17888],[28.1308,46.1843],[28.14168,46.1921],[28.11872,46.19189],[28.12367,46.211],[28.10944,46.20506],[28.11015,46.24362],[28.14662,46.25162],[28.12778,46.2601],[28.13979,46.28501],[28.15249,46.27899],[28.14899,46.29175],[28.16941,46.28253],[28.17247,46.29785],[28.18015,46.28537],[28.1787,46.30028],[28.20245,46.31072],[28.18281,46.35289],[28.20873,46.35954],[28.20046,46.36973],[28.21864,46.3939],[28.24314,46.39572],[28.22491,46.39906],[28.23031,46.41565],[28.25814,46.42624],[28.25761,46.44549],[28.23989,46.4523],[28.25827,46.46181],[28.2091,46.50514],[28.22983,46.52565],[28.2227,46.5792],[28.25122,46.6219],[28.23583,46.67615],[28.18641,46.7234],[28.18243,46.76081],[28.16068,46.77733],[28.17126,46.78244],[28.11434,46.82224],[28.12486,46.85291],[28.10083,46.8695],[28.11444,46.891],[28.08277,46.90286],[28.11275,46.92197],[28.08097,46.9378],[28.09619,46.94061],[28.07819,46.96209],[28.09599,46.97853],[28.03294,47.01064],[28.05385,47.01458],[28.04838,47.02443],[27.95057,47.04675],[27.96002,47.05623],[27.89861,47.07561],[27.87533,47.1074],[27.82873,47.1184],[27.85064,47.12464],[27.84227,47.13554],[27.78255,47.14111],[27.80832,47.16139],[27.80119,47.18792],[27.77682,47.20464],[27.78619,47.21851],[27.74521,47.24257],[27.75668,47.25139],[27.742,47.25658],[27.75868,47.25807],[27.73245,47.29256],[27.70277,47.29895],[27.68542,47.28424],[27.67762,47.30633],[27.63433,47.30224],[27.62207,47.32574],[27.58206,47.32691],[27.61482,47.34094],[27.59426,47.34779],[27.59668,47.36945],[27.56901,47.37279],[27.58415,47.40866],[27.55231,47.43298],[27.57296,47.4626],[27.54057,47.48645],[27.51472,47.47366],[27.51616,47.49072],[27.50634,47.47834],[27.47371,47.48594],[27.44402,47.5303],[27.45663,47.53634],[27.41774,47.56605],[27.42845,47.58193],[27.37284,47.59702],[27.29509,47.66174],[27.2963,47.67984],[27.25107,47.71922],[27.26317,47.73272],[27.29419,47.7242],[27.28078,47.73457],[27.2953,47.75289],[27.26525,47.75982],[27.26237,47.77903],[27.2312,47.79959],[27.24151,47.81571],[27.21449,47.81966],[27.24778,47.83309],[27.21036,47.8464],[27.1998,47.90142],[27.15173,47.92108],[27.17813,47.94693],[27.14153,47.96717],[27.16465,47.99468],[27.12066,47.99409],[27.12566,48.01568],[27.09031,48.00836],[27.10782,48.0323],[27.08382,48.03532],[27.02541,48.08925],[27.03999,48.12959],[26.96041,48.13245],[26.95331,48.1511],[26.99167,48.15014],[26.93473,48.16446],[26.94524,48.19407],[26.91597,48.19914],[26.92088,48.18273],[26.90379,48.18043],[26.89264,48.1921],[26.90838,48.20161],[26.88398,48.20218],[26.85282,48.23365],[26.83108,48.22711],[26.80839,48.25436],[26.73873,48.24449],[26.72961,48.25829],[26.72304,48.2453],[26.70021,48.26481],[26.66777,48.24636],[26.66164,48.26315],[26.64589,48.25189],[26.61635,48.27444]],[[28.58466,48.0464],[28.60088,48.07606],[28.59339,48.06459],[28.58466,48.0464]],[[29.48359,46.86754],[29.48929,46.85369],[29.49922,46.83687],[29.48359,46.86754]]]}},{"type":"Feature","properties":{"territory_id":"ME-01","country_code":"ME","country_name":"Montenegro","display_name":"Montenegro","strategic_centre":"Podgorica","centre":[19.2629,42.4413],"boundary_status":"administrative-comparison-draft","admin_source":"NUTS 2024 level 3","source_region_count":1,"label_anchor":[19.2629,42.4413],"label_anchor_adjusted":false},"geometry":{"type":"Polygon","coordinates":[[[18.43727,42.55633],[18.53103,42.58813],[18.56103,42.65173],[18.54978,42.71269],[18.46727,42.79219],[18.49727,42.9724],[18.54228,43.01745],[18.65103,43.0466],[18.68478,43.22416],[18.71479,43.26656],[18.86854,43.35137],[18.93605,43.34077],[18.9998,43.26126],[19.07105,43.31427],[18.9473,43.51833],[19.0073,43.54483],[19.06355,43.51303],[19.22481,43.52628],[19.23981,43.47592],[19.43482,43.38847],[19.55108,43.25066],[19.59233,43.22416],[19.9636,43.0943],[20.06485,43.00685],[20.32362,42.9088],[20.35362,42.83459],[20.27486,42.82134],[20.22236,42.75509],[20.02735,42.75774],[20.03485,42.70739],[20.0986,42.65703],[20.0761,42.55633],[19.83234,42.46622],[19.76109,42.51923],[19.76484,42.61198],[19.71234,42.65173],[19.64483,42.60933],[19.48357,42.40792],[19.42357,42.37082],[19.41982,42.33107],[19.29231,42.18266],[19.38607,42.10846],[19.37107,41.84344],[19.17606,41.94415],[19.0748,42.11376],[18.89104,42.25951],[18.75979,42.28866],[18.68853,42.37082],[18.59103,42.38407],[18.54603,42.44502],[18.52353,42.42117],[18.45227,42.48212],[18.43727,42.55633]]]}},{"type":"Feature","properties":{"territory_id":"MK-01","country_code":"MK","country_name":"North Macedonia","display_name":"North Macedonia","strategic_centre":"Skopje","centre":[21.4317,41.9961],"boundary_status":"administrative-comparison-draft","admin_source":"NUTS 2024 level 3","source_region_count":8,"label_anchor":[21.4317,41.9961],"label_anchor_adjusted":false},"geometry":{"type":"Polygon","coordinates":[[[20.46987,41.53073],[20.55613,41.58108],[20.52613,41.72154],[20.57488,41.79839],[20.56363,41.84609],[20.59363,41.87789],[20.72864,41.86464],[20.77364,41.9256],[20.75114,42.0104],[20.77739,42.0687],[21.05115,42.16676],[21.0999,42.20121],[21.15241,42.19591],[21.21241,42.11111],[21.24991,42.09255],[21.32117,42.10846],[21.31367,42.15881],[21.37742,42.23831],[21.44492,42.23566],[21.46367,42.27276],[21.67743,42.24096],[21.77869,42.26481],[21.84619,42.31517],[21.9062,42.30722],[21.95495,42.33372],[22.06745,42.29926],[22.13121,42.30722],[22.26621,42.35757],[22.35997,42.30987],[22.50998,42.15616],[22.65998,42.074],[22.86624,42.021],[22.90375,41.87789],[23.005,41.75334],[23.0125,41.69238],[22.9525,41.63143],[22.9675,41.52013],[22.96,41.36642],[22.92625,41.33727],[22.79874,41.33992],[22.77999,41.32667],[22.75749,41.30282],[22.74999,41.17296],[22.70874,41.15176],[22.66748,41.18621],[22.60748,41.12526],[22.33372,41.11996],[22.21746,41.17031],[22.13871,41.13321],[22.0562,41.15176],[21.9287,41.10141],[21.78619,40.9318],[21.69618,40.93445],[21.58743,40.87084],[21.50118,40.9106],[21.11866,40.85494],[20.9799,40.85494],[20.97615,40.88939],[20.83739,40.9265],[20.73239,40.9106],[20.67238,41.08815],[20.59738,41.0908],[20.58238,41.15441],[20.52238,41.22861],[20.49987,41.31607],[20.55988,41.40882],[20.46987,41.53073]]]}},{"type":"Feature","properties":{"territory_id":"MT-01","country_code":"MT","country_name":"Malta","display_name":"Malta","strategic_centre":"Valletta","centre":[14.5125,35.8983],"boundary_status":"administrative-comparison-draft","admin_source":"NUTS 2024 level 3","source_region_count":2,"label_anchor":[14.5125,35.8983],"label_anchor_adjusted":false},"geometry":{"type":"MultiPolygon","coordinates":[[[[14.18831,36.037],[14.19206,36.06085],[14.22956,36.0794],[14.26706,36.0741],[14.32707,36.03435],[14.22956,36.0211],[14.18831,36.037]]],[[[14.33832,35.88594],[14.34582,35.98665],[14.37207,35.98665],[14.39082,35.9575],[14.48832,35.931],[14.50333,35.87799],[14.54458,35.89124],[14.56333,35.87799],[14.56708,35.84619],[14.49957,35.81174],[14.47332,35.81439],[14.39082,35.84619],[14.33832,35.88594]]],[[[14.50708,35.89919],[14.51833,35.90185],[14.51833,35.89654],[14.50708,35.89919]]]]}},{"type":"Feature","properties":{"territory_id":"NL-01","country_code":"NL","country_name":"Netherlands","display_name":"Randstad and Southern Netherlands","strategic_centre":"Amsterdam","centre":[4.8936,52.3728],"boundary_status":"administrative-comparison-draft","admin_source":"NUTS 2024 level 3","source_region_count":29,"label_anchor":[4.8936,52.3728],"label_anchor_adjusted":false},"geometry":{"type":"MultiPolygon","coordinates":[[[[3.36527,51.37067],[3.52653,51.40512],[3.86029,51.33887],[3.9953,51.39717],[4.0853,51.36007],[4.23531,51.34947],[4.14531,51.28321],[3.97655,51.22491],[3.85654,51.21166],[3.80029,51.21961],[3.77404,51.25936],[3.60153,51.29911],[3.53403,51.28586],[3.50028,51.24611],[3.38027,51.27526],[3.36527,51.37067]]],[[[3.47402,51.51113],[3.56403,51.58268],[3.79654,51.59858],[4.10406,51.45282],[4.19406,51.45812],[4.16781,51.51113],[4.0478,51.57208],[4.0553,51.61978],[3.71404,51.69663],[3.74029,51.73109],[3.83779,51.75759],[3.89029,51.82119],[4.0553,51.84239],[4.04405,51.90865],[3.98405,51.9325],[3.97655,51.9749],[4.12656,52.0014],[4.37407,52.18691],[4.44157,52.25846],[4.56158,52.43867],[4.61033,52.57383],[4.64783,52.75669],[4.73784,52.9581],[4.89159,52.89449],[5.16536,53.0005],[5.24411,52.87329],[5.37912,52.76464],[5.69788,52.83354],[5.9154,52.75139],[6.0054,52.64273],[5.78789,52.60298],[5.86289,52.51818],[5.9379,52.47842],[6.03915,52.50228],[6.11041,52.44132],[6.17791,52.46517],[6.39167,52.42807],[6.33542,52.29556],[6.38042,52.24521],[6.49667,52.18161],[6.64668,52.16836],[6.68043,52.13126],[6.75919,52.11801],[6.69543,52.05175],[6.81919,51.9908],[6.77044,51.9219],[6.41792,51.85829],[6.40667,51.82914],[6.16666,51.9007],[6.14416,51.89274],[6.15166,51.84504],[6.06165,51.85829],[5.96415,51.82914],[5.97915,51.77084],[5.9529,51.74699],[6.10291,51.65423],[6.10666,51.60123],[6.20791,51.51643],[6.22291,51.36537],[6.0729,51.24346],[6.0879,51.17986],[6.17416,51.18516],[5.9604,51.04735],[5.9004,51.05795],[5.87789,51.03145],[5.9229,50.98375],[6.01665,50.97845],[6.0279,50.93605],[6.0879,50.9122],[6.0804,50.87509],[6.0204,50.83269],[6.0204,50.75319],[5.76914,50.77439],[5.68288,50.75849],[5.68663,50.81149],[5.65288,50.86714],[5.72789,50.9228],[5.83664,51.15336],[5.56663,51.21961],[5.54788,51.26996],[5.49912,51.29646],[5.23661,51.26201],[5.22911,51.30707],[5.14286,51.32032],[5.0866,51.38392],[5.10161,51.42897],[5.0416,51.47932],[4.89534,51.40777],[4.84284,51.42367],[4.82784,51.48197],[4.76034,51.50318],[4.67033,51.42632],[4.54658,51.42897],[4.52783,51.47667],[4.49032,51.47932],[4.40032,51.44752],[4.40782,51.36537],[4.24281,51.37597],[3.99155,51.44487],[3.81529,51.39982],[3.69528,51.45017],[3.55653,51.45812],[3.47402,51.51113]]],[[[4.63658,52.9634],[4.67783,52.99785],[4.72284,52.9793],[4.68158,52.95015],[4.63658,52.9634]]],[[[4.70034,53.01375],[4.73409,53.08265],[4.83159,53.17541],[4.89909,53.15421],[4.9066,53.0959],[4.86909,53.0482],[4.75284,52.98725],[4.70034,53.01375]]],[[[4.74159,51.43427],[4.79784,51.44222],[4.82409,51.41307],[4.77909,51.39717],[4.74159,51.43427]]]]}},{"type":"Feature","properties":{"territory_id":"NL-02","country_code":"NL","country_name":"Netherlands","display_name":"Northern and Eastern Netherlands","strategic_centre":"Groningen","centre":[6.5667,53.2167],"boundary_status":"administrative-comparison-draft","admin_source":"NUTS 2024 level 3","source_region_count":11,"label_anchor":[6.5667,53.2167],"label_anchor_adjusted":false},"geometry":{"type":"MultiPolygon","coordinates":[[[[4.89534,53.23901],[4.94035,53.26816],[4.9816,53.26021],[4.9516,53.22311],[4.89534,53.23901]]],[[[4.9891,53.28406],[5.03785,53.31587],[5.07535,53.30262],[5.0341,53.26816],[4.9891,53.28406]]],[[[5.08285,53.37417],[5.18411,53.42187],[5.27036,53.40067],[5.18036,53.35827],[5.08285,53.37417]]],[[[5.16536,53.0005],[5.34912,53.0853],[5.41287,53.15156],[5.44287,53.20721],[5.51788,53.25491],[5.88164,53.38477],[6.19291,53.41127],[6.31292,53.40332],[6.75544,53.46427],[6.85669,53.44572],[6.92045,53.33972],[7.07795,53.29731],[7.0892,53.25491],[7.20921,53.24431],[7.20171,52.9846],[7.09295,52.83884],[7.0517,52.65598],[7.0067,52.64008],[6.80419,52.65068],[6.71044,52.62683],[6.72919,52.57383],[6.69543,52.54468],[6.69918,52.48637],[6.98795,52.44927],[7.06295,52.37772],[7.0367,52.28761],[7.0667,52.24256],[6.9917,52.22136],[6.85294,52.12596],[6.75919,52.11801],[6.68043,52.13126],[6.64668,52.16836],[6.49667,52.18161],[6.38042,52.24521],[6.33542,52.29556],[6.39167,52.42807],[6.17791,52.46517],[6.11041,52.44132],[6.03915,52.50228],[5.9379,52.47842],[5.86289,52.51818],[5.78789,52.60298],[6.0054,52.64273],[5.9154,52.75139],[5.69788,52.83354],[5.37912,52.76464],[5.24411,52.87329],[5.16536,53.0005]]],[[[5.60788,53.44572],[5.68663,53.47752],[5.75039,53.45102],[5.68663,53.41657],[5.60788,53.44572]]],[[[6.13291,53.49077],[6.18916,53.51198],[6.24166,53.47752],[6.19666,53.46162],[6.13291,53.49077]]],[[[6.44042,53.53583],[6.48917,53.56498],[6.52293,53.55173],[6.48917,53.51728],[6.44042,53.53583]]]]}},{"type":"Feature","properties":{"territory_id":"NO-01","country_code":"NO","country_name":"Norway","display_name":"Southern Norway and Oslo","strategic_centre":"Oslo","centre":[10.7389,59.9133],"boundary_status":"administrative-comparison-draft","admin_source":"NUTS 2024 level 3","source_region_count":10,"label_anchor":[10.7389,59.9133],"label_anchor_adjusted":false},"geometry":{"type":"MultiPolygon","coordinates":[[[[4.63283,61.0569],[4.70034,61.12316],[4.74534,61.12316],[4.71534,61.0781],[4.72659,61.00125],[4.66658,60.988],[4.63283,61.0569]]],[[[4.67033,61.29806],[4.74159,61.34312],[4.80159,61.33252],[4.72659,61.26891],[4.67033,61.29806]]],[[[4.67783,60.76539],[4.73034,60.78924],[4.76784,60.76804],[4.72659,60.74419],[4.67783,60.76539]]],[[[4.70409,60.64348],[4.72284,60.70444],[4.75284,60.71239],[4.74534,60.65143],[4.70409,60.64348]]],[[[4.71534,61.21856],[4.77159,61.23181],[4.78659,61.19471],[4.74909,61.17881],[4.71534,61.21856]]],[[[4.76409,60.60638],[4.79784,60.65938],[4.82409,60.64878],[4.90285,60.53483],[4.89909,60.49772],[4.83909,60.49772],[4.82784,60.56928],[4.76409,60.60638]]],[[[4.76784,60.81839],[4.82034,60.83164],[4.85034,60.79454],[4.80909,60.78659],[4.76784,60.81839]]],[[[4.77909,61.64788],[4.86159,61.63463],[4.88784,61.58163],[4.82409,61.56573],[4.77909,61.64788]]],[[[4.78659,61.19736],[4.82784,61.22386],[4.85034,61.21591],[4.81284,61.18676],[4.78659,61.19736]]],[[[4.79409,61.33782],[4.83909,61.37227],[4.88034,61.35902],[4.84284,61.32457],[4.79409,61.33782]]],[[[4.81659,61.68498],[4.86909,61.70884],[4.89909,61.67703],[4.86159,61.65583],[4.81659,61.68498]]],[[[4.85409,59.30252],[4.89534,59.33432],[4.93285,59.30782],[4.88784,59.28131],[4.85409,59.30252]]],[[[4.86159,60.94295],[5.17286,61.04895],[5.46537,61.041],[5.88164,61.11256],[6.38792,61.07545],[6.72169,61.13906],[6.9617,61.0993],[6.61293,61.23181],[6.40667,61.14436],[6.00915,61.18411],[5.48787,61.10461],[5.13161,61.13641],[4.87659,61.09135],[4.9066,61.16556],[5.0416,61.22916],[5.0866,61.40407],[5.21786,61.54718],[5.18786,61.60813],[5.0566,61.67703],[5.06785,61.76714],[5.16911,61.81219],[5.32287,61.84664],[5.28161,61.88374],[5.42787,61.9129],[5.69788,61.88374],[5.76164,61.84664],[5.79914,61.85459],[5.78789,61.9129],[5.44662,61.9341],[5.20286,61.9076],[5.0941,61.9288],[5.0641,61.9023],[5.23286,61.86254],[5.24411,61.83339],[5.13536,61.82544],[5.0116,61.78834],[4.9366,61.80424],[4.94035,61.88109],[5.0491,61.97915],[5.24411,62.0242],[5.21411,62.15141],[5.32287,62.12756],[5.49162,62.0136],[5.49537,61.98445],[5.54413,61.96855],[5.69788,61.96855],[5.94165,61.99505],[6.0579,61.9606],[6.20041,62.0083],[6.32042,61.9659],[6.39917,61.9818],[6.49667,61.93145],[7.20921,62.0242],[7.34797,62.0083],[7.42672,62.09045],[7.59923,62.07455],[7.59923,62.12491],[7.75674,62.18586],[7.978,62.18056],[8.18801,62.32102],[8.31177,62.35282],[9.0618,62.37137],[9.61308,62.26006],[9.79309,62.29186],[9.84184,62.35282],[9.9131,62.35017],[9.9656,62.39787],[10.0931,62.43497],[10.01435,62.55688],[10.12686,62.66818],[10.22436,62.69468],[10.74189,62.65228],[10.91815,62.69468],[11.12441,62.66023],[11.26316,62.53568],[11.49567,62.43497],[11.55568,62.37932],[11.70569,62.35282],[11.78819,62.37932],[12.13321,62.31572],[12.25321,62.33162],[12.29821,62.26801],[12.14446,61.73004],[12.41822,61.56838],[12.57948,61.55778],[12.85699,61.36432],[12.82324,61.24241],[12.70324,61.12846],[12.66948,61.0569],[12.23446,61.0092],[12.32447,60.89524],[12.39572,60.74154],[12.60198,60.51098],[12.59823,60.40497],[12.50448,60.31752],[12.53448,60.18766],[12.49322,60.09225],[12.33572,59.9677],[12.17821,59.89614],[11.9757,59.89614],[11.84069,59.84049],[11.9082,59.79809],[11.91945,59.70534],[11.72069,59.62053],[11.69818,59.58608],[11.80694,59.35022],[11.82569,59.23891],[11.78819,59.20181],[11.76194,59.0799],[11.70944,59.02955],[11.65693,58.9156],[11.54443,58.88114],[11.46567,58.89439],[11.45442,59.0057],[11.42442,59.05605],[11.35317,59.11436],[11.21066,59.10111],[11.16191,59.15411],[11.0494,59.13556],[10.9744,59.17796],[10.9519,59.14351],[10.9744,59.08255],[11.0194,59.0958],[11.06815,59.0799],[11.0644,59.01895],[11.0344,59.0057],[10.88064,59.0799],[10.9144,59.14351],[10.78314,59.19121],[10.72314,59.32637],[10.67438,59.33167],[10.64813,59.40587],[10.61438,59.43237],[10.67813,59.49067],[10.58063,59.73714],[10.65938,59.85109],[10.71939,59.76629],[10.76439,59.82989],[10.76064,59.88024],[10.64063,59.91205],[10.51313,59.82194],[10.57688,59.58608],[10.52813,59.54633],[10.45312,59.54368],[10.41562,59.65498],[10.37437,59.67883],[10.38562,59.53308],[10.34062,59.50128],[10.45687,59.41382],[10.49812,59.31577],[10.47562,59.22831],[10.50188,59.18856],[10.44562,59.15411],[10.43812,59.08785],[10.34062,59.15411],[10.18686,59.03485],[10.0631,59.02955],[9.99935,58.98185],[9.90185,58.97125],[9.74059,59.0534],[9.71434,58.99775],[9.53058,58.87054],[9.43682,58.86524],[9.36557,58.77249],[9.01305,58.61083],[8.86304,58.45712],[8.26676,58.15236],[8.13926,58.12321],[8.023,58.13911],[7.83549,58.0596],[7.83924,58.0225],[7.81299,58.0066],[7.75674,58.04105],[7.55423,57.996],[7.20921,58.0384],[7.07045,58.0119],[6.87544,58.10731],[6.78919,58.07285],[6.66543,58.0808],[6.61293,58.12586],[6.66168,58.21066],[6.56418,58.22391],[6.44042,58.29016],[6.26791,58.31932],[5.85164,58.47037],[5.67163,58.57373],[5.56288,58.70359],[5.64163,58.9898],[5.72039,58.9898],[5.81789,58.9421],[5.9979,58.9527],[5.96415,59.20711],[5.99415,59.25481],[6.0729,59.29456],[5.94165,59.45092],[5.85914,59.47212],[5.82914,59.37142],[5.75414,59.32637],[5.37537,59.27866],[5.25536,59.19386],[5.21411,59.33432],[5.24411,59.42972],[5.30412,59.48007],[5.26286,59.51453],[5.27036,59.55958],[5.36037,59.62583],[5.46912,59.60463],[5.45037,59.67618],[5.50663,59.70799],[5.52163,59.58078],[5.45787,59.49862],[5.55163,59.54898],[5.58913,59.67353],[5.82539,59.64703],[5.89289,59.75039],[5.76164,59.80869],[5.77289,59.86699],[5.9979,60.0101],[6.23416,60.25126],[6.51543,60.37317],[6.63918,60.35197],[6.68043,60.41557],[6.50043,60.43412],[6.26041,60.36787],[6.06915,60.23536],[5.86664,60.04455],[5.67538,59.9465],[5.50288,59.81664],[5.40162,59.80339],[5.33412,59.86434],[5.34162,59.96505],[5.44287,60.03395],[5.63413,60.07635],[5.66788,60.13996],[5.57038,60.20091],[5.38287,60.17971],[5.21036,60.24331],[5.0866,60.22211],[5.0041,60.24861],[4.94785,60.34667],[4.9516,60.41292],[5.11661,60.42882],[5.0941,60.51363],[5.03785,60.57723],[4.94785,60.76804],[4.9966,60.76804],[5.12786,60.68588],[5.10536,60.75214],[5.25161,60.75479],[5.16161,60.81574],[4.88034,60.87404],[4.86159,60.94295]]],[[[4.88034,61.35902],[4.91785,61.38817],[5.0041,61.37757],[5.0266,61.33252],[4.9216,61.32192],[4.88034,61.35902]]],[[[4.90285,61.52333],[4.93285,61.54188],[4.9816,61.50478],[4.9441,61.48887],[4.90285,61.52333]]],[[[4.9141,61.63463],[4.9591,61.65848],[5.00035,61.63728],[4.9666,61.61078],[4.9141,61.63463]]],[[[5.03035,60.06045],[5.0791,60.079],[5.10911,60.0419],[5.06785,60.02865],[5.03035,60.06045]]],[[[5.04535,61.49417],[5.10161,61.51273],[5.13536,61.49417],[5.0866,61.46767],[5.04535,61.49417]]],[[[5.0641,59.82194],[5.10161,59.88554],[5.19911,59.86699],[5.25161,59.90675],[5.26286,59.84314],[5.34912,59.71594],[5.28536,59.71329],[5.23661,59.61258],[5.19911,59.59138],[5.16536,59.64968],[5.16911,59.74774],[5.0641,59.82194]]],[[[5.06785,61.56043],[5.12411,61.58693],[5.15411,61.56573],[5.12036,61.53923],[5.06785,61.56043]]],[[[5.10911,60.0048],[5.16911,60.13201],[5.24411,60.12406],[5.28536,60.0843],[5.28536,60.026],[5.24411,59.9942],[5.10911,60.0048]]],[[[5.11661,59.37672],[5.16161,59.41382],[5.18786,59.39527],[5.17661,59.36347],[5.11661,59.37672]]],[[[5.35287,59.0428],[5.39037,59.07725],[5.42787,59.06665],[5.40537,59.0269],[5.35287,59.0428]]],[[[5.36787,59.18326],[5.40162,59.26541],[5.49912,59.23361],[5.43912,59.15411],[5.36787,59.18326]]],[[[5.58538,59.10376],[5.62663,59.13291],[5.72789,59.10906],[5.73539,59.0799],[5.65663,59.04545],[5.58538,59.10376]]],[[[5.63788,59.71859],[5.66413,59.74509],[5.71664,59.71594],[5.70164,59.70534],[5.63788,59.71859]]],[[[5.77289,59.16736],[5.84414,59.19651],[5.89289,59.17531],[5.84414,59.14616],[5.77289,59.16736]]],[[[5.77664,59.24421],[5.82914,59.27336],[5.87789,59.25216],[5.83664,59.22566],[5.77664,59.24421]]]]}},{"type":"Feature","properties":{"territory_id":"NO-02","country_code":"NO","country_name":"Norway","display_name":"Western and Central Norway","strategic_centre":"Trondheim","centre":[10.3933,63.4297],"boundary_status":"administrative-comparison-draft","admin_source":"NUTS 2024 level 3","source_region_count":2,"label_anchor":[10.3933,63.4297],"label_anchor_adjusted":false},"geometry":{"type":"MultiPolygon","coordinates":[[[[5.33412,62.21766],[5.37912,62.23356],[5.42037,62.19116],[5.38662,62.18586],[5.33412,62.21766]]],[[[5.42037,62.24946],[5.46912,62.27331],[5.51038,62.24946],[5.46912,62.22826],[5.42037,62.24946]]],[[[5.46537,62.33427],[5.51788,62.36872],[5.56663,62.35547],[5.52913,62.31837],[5.46537,62.33427]]],[[[5.49162,62.0136],[5.49537,62.15406],[5.59663,62.28921],[5.91915,62.39257],[5.9829,62.37932],[5.99415,62.33427],[5.80289,62.21766],[5.94915,62.13551],[6.00165,62.15141],[6.0504,62.23886],[6.12541,62.29451],[6.27916,62.33427],[6.42167,62.31572],[6.65043,62.41642],[6.83794,62.38992],[6.96545,62.28391],[7.0217,62.27066],[7.01795,62.32367],[6.86044,62.43232],[6.73669,62.45617],[6.47042,62.45617],[6.34667,62.54363],[6.45167,62.59663],[6.90545,62.63108],[7.49422,62.60988],[7.51298,62.66818],[7.47172,62.71059],[7.0442,62.78214],[7.0142,62.89079],[7.11546,62.96235],[7.58423,63.0551],[7.66673,62.9491],[7.9705,62.9385],[8.098,62.89344],[8.0755,62.99945],[8.11676,63.0392],[8.34552,62.9173],[8.42802,62.90935],[8.39052,62.96765],[8.25926,63.02065],[8.18801,63.11341],[8.28926,63.12136],[8.28926,63.08425],[8.31552,63.0763],[8.36427,63.12931],[8.83304,63.20086],[8.59303,63.21146],[8.40552,63.16641],[8.12801,63.14786],[8.038,63.17171],[8.11301,63.22471],[8.45427,63.28036],[8.52553,63.34927],[8.75429,63.42347],[9.04305,63.43672],[9.18181,63.33867],[9.23056,63.37577],[9.20431,63.48177],[9.29806,63.56923],[9.42182,63.54803],[9.69183,63.62223],[9.91685,63.44732],[9.9431,63.34662],[10.12311,63.33072],[10.14561,63.34132],[10.12311,63.39962],[10.20561,63.43672],[10.75689,63.43672],[10.82064,63.45792],[10.83564,63.56393],[10.73439,63.56923],[10.73439,63.60103],[10.9444,63.69113],[11.13566,63.71234],[11.39442,63.78919],[11.40567,63.81039],[11.35692,63.87929],[11.31942,63.89519],[11.08315,63.83689],[10.87314,63.72559],[10.0631,63.50828],[9.9506,63.52418],[9.86809,63.60898],[9.85309,63.65403],[9.88684,63.71234],[9.61308,63.69643],[9.61308,63.77064],[9.68433,63.83689],[10.0481,63.927],[10.02935,64.00915],[10.0481,64.0595],[10.46062,64.32982],[10.58438,64.37487],[10.64813,64.44112],[10.96315,64.55773],[11.35692,64.42787],[11.37192,64.47292],[11.20691,64.52593],[11.12066,64.61603],[11.26691,64.65843],[11.32692,64.58953],[11.45442,64.69288],[11.67943,64.79359],[11.60443,64.83069],[11.39067,64.78564],[11.03815,64.87309],[10.82064,64.85719],[10.79439,64.89429],[10.87314,64.97645],[11.10566,64.9897],[11.29316,64.9314],[11.63443,64.9897],[11.71694,64.9791],[11.9382,65.14871],[11.9232,65.06655],[11.9607,65.07715],[12.0432,65.0639],[12.0732,65.00825],[12.18571,65.0003],[12.18196,64.98175],[12.27571,64.9632],[12.56073,64.98175],[12.62823,64.94465],[12.76324,64.94465],[12.79699,64.9738],[12.917,64.98175],[12.9245,65.0268],[13.11951,65.11161],[13.39702,65.10101],[14.16581,65.13546],[14.32707,65.11956],[13.69328,64.60013],[14.10956,64.42522],[14.14331,64.19731],[13.9933,64.0383],[13.11576,64.0807],[12.92075,64.0542],[12.68448,63.9694],[12.18196,63.60633],[12.19696,63.48177],[11.99445,63.26711],[12.19321,63.01535],[12.09195,62.89609],[12.12571,62.75034],[12.0732,62.60988],[12.25321,62.33162],[12.13321,62.31572],[11.78819,62.37932],[11.70569,62.35282],[11.55568,62.37932],[11.49567,62.43497],[11.26316,62.53568],[11.12441,62.66023],[10.91815,62.69468],[10.74189,62.65228],[10.22436,62.69468],[10.12686,62.66818],[10.01435,62.55688],[10.0931,62.43497],[9.9656,62.39787],[9.9131,62.35017],[9.84184,62.35282],[9.79309,62.29186],[9.61308,62.26006],[9.0618,62.37137],[8.31177,62.35282],[8.18801,62.32102],[7.978,62.18056],[7.75674,62.18586],[7.59923,62.12491],[7.59923,62.07455],[7.42672,62.09045],[7.34797,62.0083],[7.20921,62.0242],[6.49667,61.93145],[6.39917,61.9818],[6.32042,61.9659],[6.20041,62.0083],[6.0579,61.9606],[5.94165,61.99505],[5.69788,61.96855],[5.54413,61.96855],[5.49537,61.98445],[5.49162,62.0136]]],[[[5.58913,62.41377],[5.64538,62.40582],[5.63788,62.35547],[5.61163,62.36077],[5.58913,62.41377]]],[[[5.92665,62.46677],[5.96415,62.50123],[6.01665,62.47737],[5.97915,62.45617],[5.92665,62.46677]]],[[[5.9304,62.21501],[5.9679,62.24681],[5.9979,62.20441],[5.97915,62.18851],[5.9304,62.21501]]],[[[6.04665,62.56218],[6.11416,62.58603],[6.14041,62.50388],[6.11791,62.49857],[6.04665,62.56218]]],[[[6.11041,62.41907],[6.20041,62.45882],[6.26791,62.43497],[6.19666,62.38992],[6.11041,62.41907]]],[[[6.13666,62.62578],[6.17791,62.67878],[6.24166,62.66023],[6.19291,62.60723],[6.13666,62.62578]]],[[[6.26416,62.67613],[6.30917,62.69203],[6.35042,62.65493],[6.31292,62.64433],[6.26416,62.67613]]],[[[6.36542,62.69468],[6.41792,62.72119],[6.45917,62.69468],[6.41792,62.67613],[6.36542,62.69468]]],[[[6.41417,62.73974],[6.44792,62.77949],[6.48167,62.77949],[6.47042,62.73179],[6.41417,62.73974]]],[[[6.71044,62.70794],[6.89794,62.86694],[6.9767,62.86164],[6.90545,62.70264],[6.71044,62.70794]]],[[[7.23921,62.66553],[7.28796,62.68673],[7.32922,62.66023],[7.29546,62.63903],[7.23921,62.66553]]],[[[7.53548,63.21676],[7.60673,63.23796],[7.62173,63.22736],[7.61048,63.20881],[7.56548,63.19556],[7.53548,63.21676]]],[[[7.70049,63.04185],[7.76049,63.13196],[7.83924,63.13461],[7.88799,63.08955],[7.77549,63.0233],[7.70049,63.04185]]],[[[7.76049,63.28036],[7.83549,63.29891],[7.88049,63.25386],[7.82424,63.24326],[7.76049,63.28036]]],[[[7.77174,63.37577],[7.82799,63.42877],[7.98175,63.48177],[8.12051,63.45792],[8.18051,63.38107],[8.01175,63.30422],[7.85799,63.32542],[7.77174,63.37577]]],[[[7.80174,62.97825],[7.84299,63.0074],[7.88049,62.9968],[7.84299,62.965],[7.80174,62.97825]]],[[[7.87674,62.9862],[7.903,63.0392],[7.96675,63.0286],[7.9555,62.9968],[7.87674,62.9862]]],[[[8.17676,63.34397],[8.23301,63.36252],[8.26676,63.34397],[8.23301,63.32012],[8.17676,63.34397]]],[[[8.25926,63.46322],[8.37927,63.58778],[8.45427,63.57188],[8.81054,63.65933],[9.0318,63.63283],[9.14806,63.66463],[9.18931,63.58778],[8.46927,63.41287],[8.25926,63.46322]]],[[[8.44302,63.83424],[8.47302,63.86339],[8.51428,63.86604],[8.49177,63.82629],[8.44302,63.83424]]],[[[8.51428,63.70439],[8.77304,63.82629],[8.87054,63.81039],[8.92305,63.76004],[8.73929,63.66993],[8.51428,63.70439]]],[[[8.51428,63.86339],[8.52928,63.87664],[8.58178,63.87134],[8.56678,63.84749],[8.51428,63.86339]]],[[[8.58178,63.86339],[8.60428,63.87399],[8.61553,63.85279],[8.58178,63.86339]]],[[[9.08055,63.9959],[9.12931,64.01975],[9.16681,63.9959],[9.13306,63.97205],[9.08055,63.9959]]],[[[9.09555,63.50298],[9.12181,63.51358],[9.15556,63.48972],[9.12181,63.47382],[9.09555,63.50298]]],[[[9.36557,64.16551],[9.41057,64.19201],[9.45182,64.18141],[9.41432,64.14696],[9.36557,64.16551]]],[[[9.36932,63.67258],[9.42182,63.69378],[9.45932,63.67523],[9.42557,63.64873],[9.36932,63.67258]]],[[[9.36932,63.77329],[9.38432,63.81834],[9.44432,63.81834],[9.42557,63.78919],[9.36932,63.77329]]],[[[9.44432,63.81569],[9.47057,63.84484],[9.50433,63.84749],[9.48557,63.78654],[9.44432,63.81569]]],[[[9.86434,64.0012],[9.89059,64.0489],[9.95435,64.01445],[9.90935,63.9959],[9.86434,64.0012]]],[[[9.98435,64.18406],[10.0556,64.20261],[10.0556,64.12841],[10.0181,64.12841],[9.98435,64.18406]]],[[[10.17936,64.46497],[10.22811,64.48617],[10.26936,64.46232],[10.22811,64.44112],[10.17936,64.46497]]],[[[10.49062,64.39872],[10.53188,64.44112],[10.58063,64.41992],[10.53188,64.39077],[10.49062,64.39872]]],[[[10.55063,64.84659],[10.60688,64.87839],[10.63313,64.85454],[10.59938,64.82804],[10.55063,64.84659]]],[[[10.80189,64.61338],[10.85439,64.61073],[10.84689,64.55508],[10.82439,64.56038],[10.80189,64.61338]]],[[[11.01565,63.77064],[11.0644,63.80509],[11.10566,63.78919],[11.07565,63.75739],[11.01565,63.77064]]],[[[11.16566,63.80244],[11.21816,63.82894],[11.25566,63.81039],[11.21441,63.78389],[11.16566,63.80244]]],[[[11.19941,64.77239],[11.22941,64.80949],[11.26691,64.78299],[11.24441,64.75119],[11.19941,64.77239]]],[[[11.53318,65.0639],[11.58943,65.10631],[11.74319,65.11161],[11.74319,65.09305],[11.70944,65.0639],[11.65693,65.0427],[11.55943,65.0427],[11.53318,65.0639]]]]}},{"type":"Feature","properties":{"territory_id":"NO-03","country_code":"NO","country_name":"Norway","display_name":"Northern Norway","strategic_centre":"Tromso","centre":[18.9428,69.6828],"boundary_status":"administrative-comparison-draft","admin_source":"NUTS 2024 level 3","source_region_count":4,"label_anchor":[18.9428,69.6828],"label_anchor_adjusted":false},"geometry":{"type":"MultiPolygon","coordinates":[[[[-9.02535,70.85709],[-8.92035,70.9154],[-8.52283,71.01345],[-8.17031,71.14861],[-8.0128,71.16981],[-7.9303,71.14331],[-8.07655,71.0108],[-8.60158,70.9366],[-8.9616,70.84384],[-9.02535,70.85709]]],[[[11.62693,65.56743],[11.85194,65.71849],[12.02445,65.67343],[11.91945,65.59393],[11.73569,65.60188],[11.67943,65.54888],[11.62693,65.56743]]],[[[11.9232,65.06655],[11.9382,65.14871],[12.0207,65.14871],[12.02445,65.0798],[11.9232,65.06655]]],[[[11.9532,65.22821],[11.9982,65.24941],[12.03945,65.21496],[12.0057,65.20171],[11.9532,65.22821]]],[[[11.9757,65.39517],[12.0282,65.41637],[12.0507,65.37927],[12.01695,65.36337],[11.9757,65.39517]]],[[[12.00195,66.10806],[12.0432,66.14251],[12.0732,66.12661],[12.0432,66.0842],[12.00195,66.10806]]],[[[12.01695,65.76619],[12.0507,65.79004],[12.09195,65.76089],[12.0507,65.73704],[12.01695,65.76619]]],[[[12.03945,65.41902],[12.06945,65.49322],[12.12946,65.51178],[12.16321,65.48527],[12.12196,65.40577],[12.03945,65.41902]]],[[[12.0432,65.0639],[12.12946,65.16991],[12.18946,65.19641],[12.26071,65.17256],[12.31697,65.10896],[12.38447,65.10366],[12.36197,65.17521],[12.39572,65.22556],[12.34322,65.29446],[12.39947,65.31567],[12.41072,65.33687],[12.27571,65.31832],[12.20071,65.24676],[12.11071,65.22821],[12.12946,65.29446],[12.26821,65.49057],[12.44822,65.46937],[12.52323,65.48527],[12.40697,65.63898],[12.55698,65.75029],[12.60198,65.83244],[12.50448,65.93315],[12.62073,65.99675],[12.79699,66.03385],[12.88324,66.11866],[13.17951,66.22731],[13.21701,66.29356],[13.0895,66.37042],[13.10451,66.47377],[13.25451,66.52678],[13.31452,66.64868],[13.61078,66.79974],[13.67453,66.9296],[13.94455,67.0091],[14.11706,67.12306],[14.28581,67.11511],[14.57458,67.24231],[14.60083,67.27941],[14.57083,67.36157],[14.85584,67.52588],[15.0471,67.55238],[15.23461,67.49407],[15.49337,67.47287],[15.46337,67.52058],[15.31712,67.57623],[15.28711,67.63453],[15.33587,67.69813],[15.49337,67.74849],[15.51213,67.77764],[15.36587,67.80414],[15.0471,67.70874],[14.9196,67.70874],[14.90085,67.83594],[14.9946,67.934],[15.17086,67.9764],[15.36212,67.91545],[15.78589,67.9552],[15.81214,67.9817],[15.45587,68.04],[15.40712,68.07445],[15.51963,68.13806],[15.75589,68.12481],[15.98465,68.20431],[16.05965,68.17516],[16.14216,68.0453],[16.23216,67.99495],[16.34842,68.12746],[16.34092,68.19636],[16.28466,68.28646],[16.34467,68.35007],[16.65218,68.40042],[17.18846,68.36597],[17.27471,68.41897],[16.9672,68.48787],[16.55843,68.44812],[16.49842,68.46667],[16.40092,68.42692],[16.14591,68.40042],[16.12341,68.43752],[16.19466,68.52498],[16.11591,68.53823],[15.9659,68.41102],[15.9059,68.40307],[15.83839,68.43222],[15.61713,68.32887],[15.42587,68.35802],[15.39962,68.41102],[15.06585,68.29176],[14.9871,68.34477],[14.89334,68.25466],[14.81834,68.22286],[14.72459,68.31297],[14.61583,68.24141],[14.29331,68.16986],[14.24081,68.17781],[14.21831,68.23611],[14.18831,68.24936],[13.68578,68.093],[13.50203,68.11686],[13.53953,68.21491],[13.64453,68.28911],[13.9333,68.32887],[14.0983,68.28381],[14.15456,68.32357],[14.28206,68.29706],[14.37957,68.35802],[14.58583,68.42162],[14.85584,68.41102],[14.94585,68.45077],[15.19336,68.47197],[15.24586,68.55678],[15.44087,68.63893],[15.49337,68.78734],[15.57213,68.82974],[15.60963,68.89864],[15.67713,68.95165],[15.88339,68.9437],[15.92465,68.88274],[15.9134,68.79529],[16.04465,68.74229],[16.17216,68.82444],[16.32967,68.85094],[16.52843,68.79264],[16.69343,68.66808],[17.22221,68.72639],[17.34972,68.81119],[17.26346,68.84564],[17.24846,68.89599],[17.43972,68.93575],[17.71349,69.10006],[18.0885,69.16896],[18.04725,69.21931],[17.991,69.22726],[17.991,69.30942],[18.03225,69.33857],[17.991,69.34387],[17.931,69.30147],[17.89724,69.17691],[17.63473,69.15571],[17.46597,69.18751],[17.21096,69.07355],[17.19596,69.02585],[17.11721,69.0126],[17.05345,69.02585],[17.0647,69.07355],[16.81344,69.07355],[16.84719,69.11596],[17.0197,69.15571],[16.9672,69.21666],[17.0647,69.25906],[16.99345,69.30147],[17.0047,69.34122],[16.97095,69.39157],[17.16221,69.43132],[17.31222,69.42602],[17.37222,69.51878],[17.52973,69.50288],[17.52223,69.56913],[17.63848,69.51878],[17.69848,69.57443],[17.86349,69.55853],[17.92725,69.51613],[17.991,69.51348],[18.04725,69.48962],[17.94975,69.42072],[17.9685,69.40747],[18.10351,69.39687],[18.26851,69.43927],[18.47477,69.35447],[18.56103,69.35182],[18.48977,69.51348],[18.26851,69.53998],[18.17101,69.60358],[18.38852,69.74934],[18.68478,69.79174],[18.77104,69.92425],[18.75604,70.0541],[18.83854,70.11506],[19.02605,70.0541],[19.36732,70.07],[19.66358,69.94545],[19.61108,69.86859],[19.16106,69.81029],[18.9173,69.64068],[18.89104,69.68308],[18.77854,69.68043],[18.72229,69.64598],[18.79729,69.60888],[18.77854,69.56118],[18.83479,69.54528],[18.87604,69.48432],[19.00355,69.38892],[19.11231,69.34917],[19.29981,69.33327],[19.32607,69.30412],[19.29231,69.24051],[19.43482,69.23521],[19.41607,69.30942],[19.36357,69.35977],[19.12731,69.38097],[19.0073,69.44987],[18.98855,69.53733],[18.93605,69.61683],[19.08605,69.69103],[19.10856,69.73344],[19.13106,69.72284],[19.60358,69.76259],[19.71609,69.57443],[19.9561,69.79969],[20.16236,69.9057],[20.30112,69.9004],[20.33487,69.83679],[20.33112,69.66983],[20.19986,69.49227],[20.0836,69.39157],[20.0836,69.35977],[20.22611,69.40482],[20.46987,69.56648],[20.59363,69.84209],[20.73614,69.88979],[20.67613,70.01435],[20.46612,70.10976],[20.47362,70.15746],[20.53363,70.19191],[20.69488,70.19721],[20.78864,70.15746],[20.9274,70.01965],[20.9574,69.89509],[21.0099,69.85004],[21.13741,69.86594],[21.26116,69.95605],[21.36242,69.98255],[21.9287,69.86859],[21.89119,70.0117],[21.51243,70.11506],[21.33992,70.20781],[21.53118,70.27141],[21.77869,70.23166],[22.0712,70.28731],[22.31122,70.19721],[22.47997,70.22901],[22.79874,70.19986],[23.10251,70.00375],[23.31627,69.99315],[23.35377,70.02495],[23.29751,70.10446],[23.31627,70.19986],[23.71754,70.47547],[23.68378,70.63183],[23.72879,70.71399],[23.81879,70.71929],[23.9763,70.67688],[24.0888,70.53643],[24.16381,70.51258],[24.27631,70.62388],[24.50508,70.67688],[24.49382,70.71399],[24.38132,70.76434],[24.35132,70.80939],[24.54633,70.85709],[24.65508,70.9525],[24.95135,70.93925],[25.24761,70.87034],[25.36762,70.9525],[25.38262,71.05055],[25.43137,71.08765],[25.70514,71.14331],[25.9189,71.09295],[25.9489,71.0055],[25.64888,70.92335],[25.75389,70.86504],[25.73514,70.81204],[25.24761,70.54173],[25.12011,70.32442],[24.9776,70.17601],[25.01135,70.11506],[25.14261,70.10976],[25.39387,70.23961],[25.54763,70.40127],[25.88889,70.57618],[26.14016,70.74844],[26.55268,70.92335],[26.62768,70.91805],[26.66143,70.86769],[26.63893,70.77759],[26.56018,70.66628],[26.59393,70.46752],[26.9277,70.49667],[27.16396,70.71134],[27.37022,70.84384],[27.35147,70.88624],[27.25021,70.93395],[27.25396,70.979],[27.47897,71.0161],[27.68148,71.0903],[27.87649,71.05585],[28.15776,71.0532],[28.42777,70.9419],[28.40527,70.88889],[28.33027,70.84649],[28.03775,70.76434],[28.03775,70.70339],[28.15026,70.68483],[28.18776,70.64508],[28.13526,70.58943],[27.974,70.51523],[27.97775,70.48077],[28.40902,70.49932],[28.57778,70.71134],[28.95655,70.84914],[29.22281,70.81204],[29.40282,70.70074],[29.63158,70.71134],[29.84159,70.67158],[30.09285,70.67158],[30.19036,70.62388],[30.26536,70.54173],[30.54663,70.52318],[30.88789,70.42247],[30.9629,70.35622],[30.9254,70.29526],[30.53163,70.22636],[30.11161,70.09915],[29.0578,70.0912],[29.19281,70.0276],[29.53408,69.97195],[29.74409,69.88449],[29.89784,69.86594],[30.04785,69.77584],[30.23911,69.83149],[30.41912,69.77584],[30.83914,69.77849],[30.9404,69.63538],[30.89539,69.55323],[30.53163,69.54263],[30.15661,69.65128],[30.16786,69.55058],[30.07785,69.45252],[29.32407,69.29881],[29.28656,69.18751],[29.17406,69.07885],[29.0578,69.02585],[28.9303,69.05235],[28.82529,69.11066],[28.85154,69.22461],[29.20406,69.39157],[29.30907,69.47107],[29.14406,69.67248],[28.40902,69.82089],[28.32277,69.88184],[28.03775,69.98785],[27.914,70.0859],[27.61023,70.07],[27.27271,69.9534],[27.0402,69.9216],[26.81519,69.95605],[26.49642,69.94015],[26.35767,69.84739],[25.95265,69.68838],[25.95265,69.60358],[25.86639,69.53203],[25.81764,69.44192],[25.81764,69.37302],[25.71639,69.24581],[25.73139,68.98875],[25.61888,68.89864],[25.44262,68.89334],[25.18761,68.80589],[25.13511,68.75819],[25.0976,68.64688],[24.89134,68.57003],[24.73384,68.64688],[24.29881,68.72109],[24.12631,68.78734],[23.89004,68.83239],[23.78129,68.81119],[23.65378,68.70784],[23.19626,68.63893],[23.0275,68.68663],[22.79499,68.69193],[22.53998,68.73964],[22.40122,68.72639],[22.31497,68.84034],[21.9812,69.0762],[21.63243,69.26436],[21.29491,69.30412],[21.02115,69.21136],[21.02115,69.17161],[21.0774,69.10271],[21.05115,69.0444],[20.72489,69.11596],[20.54863,69.0603],[20.19986,69.02585],[20.28986,68.90925],[20.30862,68.80324],[20.19611,68.67338],[20.02735,68.57003],[20.12111,68.46402],[19.9411,68.37922],[19.02605,68.50908],[18.62853,68.51438],[18.40352,68.57268],[18.12601,68.53558],[18.10726,68.42427],[18.14101,68.19636],[17.90475,67.97905],[17.28221,68.11421],[17.16971,68.04795],[16.75719,67.9181],[16.55093,67.64248],[16.41967,67.54443],[16.16841,67.51793],[16.10841,67.45697],[16.11591,67.41987],[16.39342,67.20786],[16.38967,67.07005],[15.9884,66.87129],[15.62838,66.60098],[15.39962,66.49232],[15.41087,66.42872],[15.45212,66.34392],[15.45962,66.27766],[15.05085,66.15841],[14.52958,66.12661],[14.61583,65.81389],[14.54083,65.69463],[14.50708,65.56213],[14.50333,65.31832],[14.38332,65.24411],[14.32707,65.11956],[14.16581,65.13546],[13.39702,65.10101],[13.11951,65.11161],[12.9245,65.0268],[12.917,64.98175],[12.79699,64.9738],[12.76324,64.94465],[12.62823,64.94465],[12.56073,64.98175],[12.27571,64.9632],[12.18196,64.98175],[12.18571,65.0003],[12.0732,65.00825],[12.0432,65.0639]]],[[[12.04695,67.51793],[12.0957,67.53913],[12.12571,67.52323],[12.07695,67.48612],[12.04695,67.51793]]],[[[12.08445,65.9093],[12.13696,65.93845],[12.17821,65.9093],[12.12196,65.89339],[12.08445,65.9093]]],[[[12.09195,66.50823],[12.13696,66.54003],[12.17821,66.52943],[12.14821,66.49497],[12.09195,66.50823]]],[[[12.10321,65.85364],[12.15946,65.86424],[12.18196,65.82979],[12.14446,65.81389],[12.10321,65.85364]]],[[[12.11071,65.60188],[12.14071,65.64163],[12.18196,65.64428],[12.16321,65.59658],[12.11071,65.60188]]],[[[12.17821,66.08155],[12.22321,66.09745],[12.26071,66.0524],[12.23446,66.04445],[12.17821,66.08155]]],[[[12.19321,65.82714],[12.24946,65.82184],[12.24571,65.76354],[12.21946,65.76884],[12.19321,65.82714]]],[[[12.20071,65.98615],[12.55698,66.20346],[12.59823,66.20346],[12.62823,66.16371],[12.54198,66.03915],[12.38072,66.01265],[12.26821,65.95965],[12.20071,65.98615]]],[[[12.28321,66.13456],[12.30572,66.18226],[12.34697,66.16106],[12.33197,66.12926],[12.28321,66.13456]]],[[[12.29071,65.88809],[12.31322,65.9358],[12.35072,65.93845],[12.32072,65.87749],[12.29071,65.88809]]],[[[12.29446,66.36247],[12.34697,66.38632],[12.38822,66.36247],[12.34322,66.34127],[12.29446,66.36247]]],[[[12.36572,65.82449],[12.41447,65.84834],[12.45197,65.82449],[12.41072,65.80064],[12.36572,65.82449]]],[[[12.45197,65.80594],[12.49697,65.81654],[12.53823,65.77414],[12.51198,65.76619],[12.45197,65.80594]]],[[[12.45947,66.33067],[12.50073,66.34127],[12.53448,66.30417],[12.53073,66.28031],[12.45947,66.33067]]],[[[12.48197,66.37307],[12.55698,66.39427],[12.60198,66.37042],[12.55323,66.34392],[12.48197,66.37307]]],[[[12.51948,66.71759],[12.55698,66.74939],[12.59823,66.74409],[12.57573,66.70169],[12.51948,66.71759]]],[[[12.54198,67.63188],[12.64323,67.68753],[12.68448,67.67693],[12.60573,67.62128],[12.54198,67.63188]]],[[[12.57948,66.58243],[12.65448,66.62483],[12.68073,66.56653],[12.62448,66.54533],[12.57948,66.58243]]],[[[12.64323,66.34392],[12.68448,66.34657],[12.71824,66.32272],[12.66948,66.29356],[12.64323,66.34392]]],[[[12.68448,66.15576],[12.68448,66.17696],[12.73324,66.18491],[12.75949,66.16106],[12.72574,66.14251],[12.68448,66.15576]]],[[[12.69948,66.24586],[12.81199,66.30947],[12.89824,66.28296],[12.81199,66.20876],[12.69948,66.24586]]],[[[12.78574,66.53473],[12.81949,66.59833],[12.86824,66.60363],[12.86824,66.52943],[12.83074,66.51088],[12.78574,66.53473]]],[[[12.81574,66.41017],[12.89074,66.45257],[12.9695,66.43137],[12.90575,66.38367],[12.81574,66.41017]]],[[[12.84574,67.87569],[12.94325,68.0029],[13.052,68.07975],[13.19826,68.08505],[13.37077,68.15661],[13.43452,68.13806],[13.36702,68.04265],[13.22451,68.0082],[12.99575,67.88099],[12.84574,67.87569]]],[[[12.88324,66.57713],[12.92075,66.61423],[12.95075,66.61158],[12.93575,66.56388],[12.88324,66.57713]]],[[[12.88324,66.66193],[12.9245,66.69638],[12.95825,66.67783],[12.9395,66.64868],[12.88324,66.66193]]],[[[12.88699,66.19021],[12.96575,66.26441],[13.022,66.25911],[12.977,66.19286],[12.88699,66.19021]]],[[[12.9695,66.67253],[13.0895,66.68843],[13.03325,66.56123],[12.99575,66.57183],[12.9695,66.67253]]],[[[13.08575,66.61158],[13.11951,66.64073],[13.13451,66.62218],[13.11951,66.57713],[13.097,66.58243],[13.08575,66.61158]]],[[[13.32202,66.88984],[13.33702,66.92165],[13.37452,66.9296],[13.39702,66.88984],[13.32202,66.88984]]],[[[13.32577,66.76529],[13.38202,66.79179],[13.42327,66.77059],[13.38202,66.74674],[13.32577,66.76529]]],[[[13.36327,66.82624],[13.40827,66.85539],[13.44952,66.84744],[13.41202,66.80769],[13.36327,66.82624]]],[[[13.40827,66.9296],[13.44952,66.9455],[13.48327,66.92165],[13.43077,66.89249],[13.40827,66.9296]]],[[[13.63703,67.0621],[13.68953,67.08595],[13.72329,67.05945],[13.69328,67.03825],[13.63703,67.0621]]],[[[13.71204,67.16811],[13.76454,67.19196],[13.80204,67.17341],[13.76079,67.14691],[13.71204,67.16811]]],[[[13.76829,67.07005],[13.81329,67.0939],[13.85079,67.078],[13.81329,67.0462],[13.76829,67.07005]]],[[[13.84329,67.39602],[13.88079,67.43577],[13.91455,67.40662],[13.89579,67.38542],[13.84329,67.39602]]],[[[13.9333,67.27676],[13.9858,67.30062],[14.0233,67.27941],[13.98955,67.25291],[13.9333,67.27676]]],[[[13.93705,67.42252],[13.9783,67.44902],[14.0083,67.43047],[13.97455,67.39072],[13.93705,67.42252]]],[[[13.9408,67.14691],[13.98955,67.16811],[14.02705,67.14956],[13.9933,67.12306],[13.9408,67.14691]]],[[[14.26331,68.58858],[14.30832,68.62568],[14.33832,68.60713],[14.31957,68.57533],[14.26331,68.58858]]],[[[14.26706,67.40132],[14.34957,67.44637],[14.40957,67.42517],[14.35707,67.38012],[14.26706,67.40132]]],[[[14.37207,68.68398],[14.52958,68.78999],[14.89709,68.80059],[14.91585,68.90395],[15.0396,68.86949],[15.05835,68.98875],[15.12586,69.0179],[15.28711,68.9172],[15.38837,68.72109],[15.28711,68.64158],[15.02085,68.58063],[14.9196,68.50908],[14.83709,68.49582],[14.73959,68.54088],[14.88209,68.63893],[15.0246,68.68133],[15.03585,68.70784],[14.70584,68.67868],[14.49957,68.61773],[14.42832,68.63098],[14.37207,68.68398]]],[[[15.0471,67.65573],[15.0996,67.67693],[15.14086,67.65308],[15.09585,67.63188],[15.0471,67.65573]]],[[[15.27586,68.31827],[15.29836,68.35537],[15.33962,68.33947],[15.32462,68.30237],[15.27586,68.31827]]],[[[15.43712,68.89069],[15.44087,68.9914],[15.61713,69.12126],[15.78964,69.16101],[15.89089,69.25906],[16.0934,69.31207],[16.15341,69.29086],[16.0784,69.16101],[15.84589,69.0232],[15.66963,68.9755],[15.60213,68.98875],[15.51588,68.89334],[15.43712,68.89069]]],[[[16.08215,68.35007],[16.13466,68.36597],[16.16841,68.33417],[16.12716,68.32092],[16.08215,68.35007]]],[[[16.22841,68.90395],[16.26966,68.9278],[16.30717,68.88539],[16.26966,68.87744],[16.22841,68.90395]]],[[[16.29591,68.9543],[16.53218,69.0497],[16.61468,69.0232],[16.64843,68.9755],[16.50218,68.87479],[16.29591,68.9543]]],[[[16.64843,68.9543],[16.69718,68.97815],[16.73844,68.9649],[16.69343,68.93045],[16.64843,68.9543]]],[[[16.66343,68.85359],[16.68593,68.90395],[16.73469,68.89069],[16.72719,68.86684],[16.66343,68.85359]]],[[[16.86219,68.77674],[17.01595,68.86154],[17.18846,68.78469],[17.0722,68.72904],[16.86219,68.77674]]],[[[17.31597,69.00465],[17.41722,69.0868],[17.51848,69.0709],[17.43222,68.98875],[17.31597,69.00465]]],[[[17.99475,69.62743],[18.0135,69.64068],[18.02475,69.62478],[18.0135,69.60888],[17.99475,69.62743]]],[[[18.10351,69.67248],[18.14851,69.70429],[18.18601,69.69103],[18.15976,69.65923],[18.10351,69.67248]]],[[[18.17851,69.73609],[18.23476,69.75994],[18.26851,69.73344],[18.22726,69.71489],[18.17851,69.73609]]],[[[18.44477,69.83679],[18.50478,69.86859],[18.54603,69.85269],[18.50853,69.81824],[18.44477,69.83679]]],[[[18.46352,69.96135],[18.50478,70.0064],[18.53103,69.99845],[18.52353,69.95605],[18.46352,69.96135]]],[[[18.50853,70.04085],[18.55728,70.06205],[18.59853,70.03555],[18.56103,70.017],[18.50853,70.04085]]],[[[19.03355,70.15216],[19.11231,70.24226],[19.17231,70.27141],[19.26231,70.19456],[19.23981,70.13626],[19.17981,70.10976],[19.03355,70.15216]]],[[[19.32607,70.14686],[19.43107,70.17071],[19.51733,70.09915],[19.44982,70.0806],[19.32607,70.14686]]],[[[19.51358,70.23961],[19.61483,70.27141],[19.73484,70.23961],[19.78734,70.18131],[20.00485,70.16276],[20.0461,70.09385],[19.9336,70.0541],[19.76109,70.06205],[19.51358,70.23961]]],[[[19.86234,70.00905],[19.9111,70.03025],[19.94485,69.99845],[19.9036,69.9852],[19.86234,70.00905]]],[[[20.16236,70.29526],[20.19986,70.30587],[20.28611,70.25816],[20.21486,70.21841],[20.16236,70.29526]]],[[[20.60113,69.95075],[20.63113,69.99315],[20.68363,69.964],[20.65738,69.9375],[20.60113,69.95075]]],[[[20.97615,69.9322],[21.02115,69.964],[21.05865,69.9481],[21.0249,69.9163],[20.97615,69.9322]]],[[[21.20866,70.0435],[21.26491,70.0647],[21.29491,70.04615],[21.26491,70.01965],[21.20866,70.0435]]],[[[21.28366,70.10711],[21.33242,70.13096],[21.36992,70.10181],[21.33242,70.0859],[21.28366,70.10711]]],[[[21.38117,70.35622],[21.42617,70.38272],[21.45242,70.35622],[21.42617,70.32442],[21.38117,70.35622]]],[[[21.59868,70.02495],[21.66618,70.04085],[21.71494,70.00375],[21.66618,69.9905],[21.59868,70.02495]]],[[[21.66618,70.29526],[21.69993,70.38802],[21.81244,70.34827],[21.72619,70.25816],[21.66618,70.29526]]],[[[21.9812,70.63183],[22.23996,70.66098],[22.35622,70.63978],[22.37497,70.69543],[22.45747,70.68483],[22.53623,70.71134],[22.59248,70.69543],[22.58873,70.65568],[22.70874,70.63713],[22.77249,70.66098],[22.71624,70.72989],[22.73124,70.75109],[22.89624,70.72724],[22.9825,70.67423],[23.10626,70.73254],[23.09125,70.80409],[23.29001,70.79349],[23.35377,70.85179],[23.47002,70.79614],[23.28251,70.69543],[23.17751,70.67953],[23.08,70.58678],[22.83624,70.51788],[22.63748,70.53908],[22.52873,70.49667],[22.26996,70.50993],[22.14621,70.48607],[22.13121,70.50993],[22.21746,70.55233],[22.22871,70.59473],[22.0112,70.59473],[21.9812,70.63183]]],[[[22.32622,70.32442],[22.52873,70.40127],[22.70124,70.41717],[22.89249,70.31117],[22.55873,70.23961],[22.32622,70.32442]]],[[[22.87749,70.42512],[23.01625,70.49402],[23.14001,70.50198],[23.17001,70.53113],[23.26376,70.49137],[23.29001,70.54173],[23.43627,70.55763],[23.48877,70.61858],[23.56003,70.60003],[23.55628,70.52848],[23.62003,70.46487],[23.58253,70.42247],[23.30127,70.30322],[23.16626,70.27936],[23.08375,70.29526],[23.03125,70.34827],[22.91875,70.36682],[22.87749,70.42512]]],[[[22.9075,70.75109],[22.945,70.78289],[22.98625,70.77759],[22.95625,70.73784],[22.9075,70.75109]]],[[[23.18501,70.13626],[23.24126,70.16011],[23.27501,70.14156],[23.23376,70.11506],[23.18501,70.13626]]],[[[23.35752,70.62123],[23.41002,70.64243],[23.43252,70.61593],[23.39877,70.58943],[23.35752,70.62123]]],[[[23.87879,70.9949],[23.94255,71.0585],[24.06255,71.0744],[24.13006,70.94985],[23.98755,70.91805],[23.87879,70.9949]]],[[[24.64758,71.06115],[24.75259,71.11416],[24.83134,71.085],[24.75259,71.032],[24.64758,71.06115]]],[[[24.9401,71.0267],[24.9926,71.04525],[25.02635,71.01345],[24.9926,70.99755],[24.9401,71.0267]]],[[[25.26636,70.27936],[25.31512,70.30322],[25.36012,70.28731],[25.32637,70.25816],[25.26636,70.27936]]],[[[25.78389,70.68218],[25.83639,70.71399],[25.87389,70.70074],[25.84389,70.66893],[25.78389,70.68218]]],[[[27.16021,70.79614],[27.20896,70.81999],[27.24646,70.79879],[27.21271,70.77229],[27.16021,70.79614]]],[[[30.0141,69.87654],[30.0891,69.87389],[30.0666,69.81029],[30.04035,69.81294],[30.0141,69.87654]]]]}},{"type":"Feature","properties":{"territory_id":"PL-01","country_code":"PL","country_name":"Poland","display_name":"Pomerania and the Baltic Coast","strategic_centre":"Gdansk","centre":[18.6453,54.3475],"boundary_status":"administrative-comparison-draft","admin_source":"NUTS 2024 level 3","source_region_count":10,"label_anchor":[18.6453,54.3475],"label_anchor_adjusted":false},"geometry":{"type":"Polygon","coordinates":[[[15.36587,54.11621],[15.38837,54.15861],[16.09715,54.27521],[16.28466,54.36797],[16.51718,54.53228],[16.89969,54.59588],[17.25221,54.73104],[17.931,54.82644],[18.32102,54.83174],[18.41477,54.78934],[18.40727,54.73104],[18.46352,54.68863],[18.47477,54.63298],[18.54228,54.58528],[18.57228,54.46072],[18.61728,54.42097],[18.76729,54.36797],[19.20981,54.35207],[19.25856,54.27786],[19.40107,54.26726],[19.66358,54.35737],[19.80234,54.44217],[21.56118,54.32292],[21.57243,54.19306],[21.54243,54.0155],[21.45617,53.9254],[21.52368,53.86974],[21.69618,53.87769],[21.71869,53.84059],[21.67743,53.74254],[21.59868,53.75049],[21.47117,53.70014],[21.42992,53.61533],[21.47492,53.50668],[21.54993,53.47752],[21.38492,53.42187],[21.25366,53.41657],[21.0699,53.33972],[20.9574,53.35827],[20.84489,53.29996],[20.72864,53.31057],[20.67613,53.27081],[20.40987,53.21516],[20.29361,53.14361],[19.9786,53.14891],[19.89609,53.20721],[19.82859,53.14891],[19.76109,53.15156],[19.64483,53.10386],[19.68608,52.9634],[19.59983,52.97665],[19.53233,52.9422],[19.32607,52.9422],[19.23231,52.99785],[19.09355,52.9687],[18.95105,52.9899],[18.84229,53.07205],[18.77104,53.14891],[18.77104,53.22046],[18.74104,53.24961],[18.38477,53.17806],[18.27976,53.25226],[17.89724,53.43247],[17.76599,53.41392],[17.70974,53.35562],[17.70224,53.28671],[17.55598,53.28936],[17.43972,53.26816],[17.25971,53.37417],[17.39097,53.49077],[17.26721,53.53318],[17.0122,53.52258],[16.94845,53.55703],[16.89219,53.65508],[16.86969,53.74254],[16.9222,53.78759],[16.87719,53.85649],[16.9822,53.9042],[16.88469,53.936],[16.83969,53.99165],[16.71219,53.94925],[16.70469,53.89889],[16.37092,53.9095],[16.17591,53.81939],[16.09715,53.89094],[15.93965,53.91745],[15.82714,53.90155],[15.68088,53.9625],[15.47837,53.87769],[15.42212,53.97045],[15.44087,54.0579],[15.36587,54.11621]]]}},{"type":"Feature","properties":{"territory_id":"PL-02","country_code":"PL","country_name":"Poland","display_name":"Western Poland","strategic_centre":"Poznan","centre":[16.9336,52.4083],"boundary_status":"administrative-comparison-draft","admin_source":"NUTS 2024 level 3","source_region_count":20,"label_anchor":[16.9336,52.4083],"label_anchor_adjusted":false},"geometry":{"type":"Polygon","coordinates":[[[14.14331,52.83089],[14.15831,52.89449],[14.14331,52.96075],[14.34207,53.0535],[14.37957,53.18336],[14.43957,53.25491],[14.26706,53.69748],[14.31582,53.73194],[14.51458,53.66038],[14.58583,53.60473],[14.60833,53.64448],[14.54458,53.70809],[14.60833,53.79289],[14.55583,53.85119],[14.40582,53.88564],[14.37957,53.87769],[14.38707,53.84059],[14.33832,53.82204],[14.21456,53.86709],[14.22581,53.92805],[14.39457,53.9201],[14.71709,54.01285],[14.73584,53.98105],[14.68333,53.936],[14.75834,53.91745],[14.76584,53.98635],[14.83709,54.042],[15.38837,54.15861],[15.36587,54.11621],[15.44087,54.0579],[15.42212,53.97045],[15.47837,53.87769],[15.68088,53.9625],[15.82714,53.90155],[15.93965,53.91745],[16.09715,53.89094],[16.17591,53.81939],[16.37092,53.9095],[16.70469,53.89889],[16.71219,53.94925],[16.83969,53.99165],[16.88469,53.936],[16.9822,53.9042],[16.87719,53.85649],[16.9222,53.78759],[16.86969,53.74254],[16.89219,53.65508],[16.94845,53.55703],[17.0122,53.52258],[17.26721,53.53318],[17.39097,53.49077],[17.25971,53.37417],[17.43972,53.26816],[17.55598,53.28936],[17.70224,53.28671],[17.70974,53.35562],[17.76599,53.41392],[17.89724,53.43247],[18.27976,53.25226],[18.38477,53.17806],[18.74104,53.24961],[18.77104,53.22046],[18.77104,53.14891],[18.84229,53.07205],[18.95105,52.9899],[19.09355,52.9687],[19.23231,52.99785],[19.32607,52.9422],[19.44607,52.93955],[19.47982,52.87594],[19.43107,52.82294],[19.49107,52.77524],[19.50233,52.73549],[19.44982,52.71694],[19.38232,52.63478],[19.41232,52.60563],[19.34857,52.56058],[19.35982,52.50493],[19.29231,52.43602],[19.28856,52.39362],[19.04855,52.33267],[19.0448,52.28761],[19.0973,52.25316],[19.07855,52.21341],[18.9398,52.19751],[18.9323,52.09415],[18.82729,52.065],[18.89479,52.0067],[19.12731,52.0014],[19.16856,51.88214],[19.0523,51.80264],[19.16481,51.73109],[19.19106,51.68073],[19.17606,51.62508],[19.27356,51.55618],[19.22106,51.49257],[19.0898,51.45812],[19.03355,51.36007],[18.9023,51.32297],[18.9323,51.29116],[19.07855,51.28586],[19.25856,51.19841],[19.24356,51.03675],[19.20606,50.98905],[18.93605,51.08975],[18.67353,51.05795],[18.58353,51.0871],[18.54228,51.13481],[18.49352,51.10036],[18.16351,51.17191],[17.9385,51.10831],[17.84099,51.11626],[17.84099,51.17721],[17.79599,51.19311],[17.56723,51.15866],[17.57098,51.08445],[17.51473,50.99435],[17.43972,50.96255],[17.41722,50.9175],[17.36847,50.9122],[17.38347,50.87774],[17.33847,50.84594],[17.34222,50.79824],[17.27471,50.78234],[17.27096,50.73994],[17.23346,50.71079],[17.23346,50.62333],[17.16596,50.61273],[17.08345,50.56238],[17.0572,50.48552],[16.9072,50.44842],[16.87344,50.40867],[17.0047,50.29206],[17.01595,50.23111],[16.86219,50.19931],[16.70469,50.10391],[16.58093,50.14366],[16.54718,50.22051],[16.44592,50.30797],[16.21341,50.42722],[16.38217,50.51998],[16.42717,50.59948],[16.33717,50.65248],[16.24716,50.66573],[16.19091,50.63393],[16.10841,50.66308],[16.02215,50.61008],[15.9809,50.68163],[15.86839,50.67898],[15.80839,50.74789],[15.45587,50.80089],[15.38462,50.78234],[15.28336,50.9016],[15.27211,50.96785],[15.16336,51.01025],[15.01335,51.01555],[14.98335,50.99435],[15.0096,50.95725],[14.99085,50.87244],[14.82209,50.86979],[14.90085,50.95195],[14.99835,51.12951],[15.02835,51.28056],[14.97585,51.36272],[14.9496,51.46342],[14.73959,51.53233],[14.72834,51.58268],[14.75834,51.61183],[14.74709,51.66748],[14.60083,51.83179],[14.70209,51.9166],[14.71709,52.0014],[14.75459,52.0703],[14.68333,52.12596],[14.70209,52.24256],[14.60083,52.27171],[14.53333,52.39627],[14.62333,52.48637],[14.62708,52.57648],[14.56333,52.62418],[14.43582,52.67983],[14.34582,52.74874],[14.14331,52.83089]]]}},{"type":"Feature","properties":{"territory_id":"PL-03","country_code":"PL","country_name":"Poland","display_name":"Central Poland and Warsaw","strategic_centre":"Warsaw","centre":[21.0111,52.23],"boundary_status":"administrative-comparison-draft","admin_source":"NUTS 2024 level 3","source_region_count":13,"label_anchor":[21.0111,52.23],"label_anchor_adjusted":false},"geometry":{"type":"Polygon","coordinates":[[[18.82729,52.065],[18.9323,52.09415],[18.9398,52.19751],[19.07855,52.21341],[19.0973,52.25316],[19.0448,52.28761],[19.04855,52.33267],[19.28856,52.39362],[19.29231,52.43602],[19.35982,52.50493],[19.34857,52.56058],[19.41232,52.60563],[19.38232,52.63478],[19.44982,52.71694],[19.50233,52.73549],[19.49107,52.77524],[19.43107,52.82294],[19.47982,52.87594],[19.44607,52.93955],[19.53233,52.9422],[19.59983,52.97665],[19.68608,52.9634],[19.64483,53.10386],[19.76109,53.15156],[19.82859,53.14891],[19.89609,53.20721],[19.9786,53.14891],[20.29361,53.14361],[20.40987,53.21516],[20.67613,53.27081],[20.72864,53.31057],[20.84489,53.29996],[20.9574,53.35827],[21.0699,53.33972],[21.25366,53.41657],[21.38492,53.42187],[21.54993,53.47752],[21.61368,53.48017],[21.68493,53.32382],[21.63618,53.25491],[21.71869,53.12241],[21.9212,53.06675],[21.89119,53.0164],[21.99995,52.9634],[22.00745,52.89184],[22.0487,52.85209],[22.26246,52.88389],[22.29621,52.84944],[22.25871,52.82029],[22.30747,52.75139],[22.37872,52.78849],[22.44247,52.78319],[22.44247,52.63743],[22.40872,52.61093],[22.50998,52.53143],[22.58123,52.39892],[22.9375,52.36977],[23.06125,52.29026],[23.12876,52.28761],[22.88874,52.07295],[22.69373,52.11006],[22.62248,52.01995],[22.49872,52.06235],[22.35247,52.00405],[22.29996,52.0279],[22.0337,52.0173],[21.9062,51.9802],[21.87619,51.9537],[21.90245,51.88744],[21.87244,51.83709],[21.9437,51.79999],[21.84994,51.75229],[21.87619,51.68603],[21.74494,51.62243],[21.65868,51.65158],[21.61368,51.61713],[21.67368,51.58003],[21.81244,51.55883],[21.84994,51.51113],[21.85369,51.44222],[21.77869,51.41042],[21.84244,51.35477],[21.78994,51.18251],[21.80119,51.0712],[21.74869,51.04205],[21.62868,51.06325],[21.45992,51.0182],[21.33992,51.0818],[21.17491,51.0818],[21.0849,51.20106],[21.0324,51.15866],[20.9274,51.18781],[20.87864,51.16131],[20.70614,51.16131],[20.61613,51.23551],[20.54863,51.24081],[20.49612,51.32827],[20.43237,51.33887],[20.37612,51.30707],[20.36487,51.24611],[20.0086,51.18516],[19.9861,51.08975],[20.04235,51.0553],[20.0386,50.98905],[20.0011,50.97315],[19.88109,51.0341],[19.83609,50.9334],[19.70484,50.84859],[19.56983,50.9016],[19.48732,50.88569],[19.39357,50.99435],[19.30732,51.04205],[19.24356,51.03675],[19.25856,51.19841],[19.07855,51.28586],[18.9323,51.29116],[18.9023,51.32297],[19.03355,51.36007],[19.0898,51.45812],[19.22106,51.49257],[19.27356,51.55618],[19.17606,51.62508],[19.19106,51.68073],[19.16481,51.73109],[19.0523,51.80264],[19.16856,51.88214],[19.12731,52.0014],[18.89479,52.0067],[18.82729,52.065]]]}},{"type":"Feature","properties":{"territory_id":"PL-04","country_code":"PL","country_name":"Poland","display_name":"Southern Poland and Silesia","strategic_centre":"Krakow","centre":[19.9372,50.0614],"boundary_status":"administrative-comparison-draft","admin_source":"NUTS 2024 level 3","source_region_count":19,"label_anchor":[19.9372,50.0614],"label_anchor_adjusted":false},"geometry":{"type":"Polygon","coordinates":[[[16.9072,50.44842],[17.0572,50.48552],[17.08345,50.56238],[17.16596,50.61273],[17.23346,50.62333],[17.23346,50.71079],[17.27096,50.73994],[17.27471,50.78234],[17.34222,50.79824],[17.33847,50.84594],[17.38347,50.87774],[17.36847,50.9122],[17.41722,50.9175],[17.43972,50.96255],[17.51473,50.99435],[17.57098,51.08445],[17.56723,51.15866],[17.79599,51.19311],[17.84099,51.17721],[17.84099,51.11626],[17.9385,51.10831],[18.16351,51.17191],[18.49352,51.10036],[18.54228,51.13481],[18.58353,51.0871],[18.67353,51.05795],[18.93605,51.08975],[19.20606,50.98905],[19.24356,51.03675],[19.30732,51.04205],[19.39357,50.99435],[19.48732,50.88569],[19.56983,50.9016],[19.70484,50.84859],[19.83609,50.9334],[19.88109,51.0341],[20.0011,50.97315],[20.0386,50.98905],[20.04235,51.0553],[19.9861,51.08975],[20.0086,51.18516],[20.36487,51.24611],[20.37612,51.30707],[20.43237,51.33887],[20.49612,51.32827],[20.54863,51.24081],[20.61613,51.23551],[20.70614,51.16131],[20.87864,51.16131],[20.9274,51.18781],[21.0324,51.15866],[21.0849,51.20106],[21.17491,51.0818],[21.33992,51.0818],[21.45992,51.0182],[21.62868,51.06325],[21.74869,51.04205],[21.80119,51.0712],[21.86494,50.80354],[21.81994,50.70019],[21.60993,50.53058],[21.46742,50.49612],[21.42992,50.45372],[21.20866,50.35567],[21.21241,50.31327],[21.15241,50.25231],[21.18241,50.0933],[21.15616,49.9767],[21.18991,49.93165],[21.27241,49.9184],[21.23116,49.86539],[21.29866,49.84154],[21.36617,49.86274],[21.41492,49.83624],[21.47867,49.84154],[21.56868,49.79384],[21.66243,49.83624],[21.74119,49.79914],[21.89119,49.78589],[22.08995,49.83094],[22.29621,49.74349],[22.28496,49.71699],[22.40497,49.60833],[22.45747,49.59773],[22.56623,49.66663],[22.68623,49.57388],[22.64873,49.52353],[22.69748,49.47847],[22.74249,49.36452],[22.72749,49.18166],[22.87749,49.0942],[22.86624,49.0041],[22.56623,49.0889],[22.43122,49.10481],[22.0562,49.21611],[21.96245,49.33802],[21.84619,49.38307],[21.77869,49.36717],[21.62868,49.43872],[21.45992,49.41487],[21.28741,49.45462],[21.20116,49.40692],[21.08115,49.42547],[21.0624,49.40957],[21.08865,49.37512],[20.9424,49.30357],[20.82239,49.34597],[20.72489,49.41487],[20.61613,49.41752],[20.56738,49.38307],[20.45487,49.41487],[20.35362,49.39897],[20.31237,49.35657],[20.19236,49.33802],[20.13611,49.29826],[20.07985,49.18696],[19.9636,49.22936],[19.88484,49.20286],[19.76859,49.21611],[19.80984,49.27971],[19.78734,49.40162],[19.64483,49.41222],[19.46857,49.61363],[19.35232,49.53943],[19.25106,49.52088],[19.16481,49.41222],[18.99605,49.39632],[18.95855,49.50498],[18.84979,49.51823],[18.80104,49.66928],[18.62478,49.73289],[18.57978,49.82564],[18.57603,49.91045],[18.39977,49.9396],[18.31352,49.9237],[18.20101,49.9873],[18.12976,49.9979],[18.036,50.0668],[18.0135,50.04825],[18.03225,50.01115],[17.87474,49.9767],[17.78099,50.02705],[17.72474,50.09595],[17.62723,50.12776],[17.61598,50.16751],[17.75474,50.22051],[17.73974,50.29736],[17.71349,50.31592],[17.61973,50.27086],[17.42847,50.25496],[17.19221,50.37952],[16.9072,50.44842]]]}},{"type":"Feature","properties":{"territory_id":"PL-05","country_code":"PL","country_name":"Poland","display_name":"Eastern Poland","strategic_centre":"Lublin","centre":[22.5667,51.25],"boundary_status":"administrative-comparison-draft","admin_source":"NUTS 2024 level 3","source_region_count":11,"label_anchor":[22.5667,51.25],"label_anchor_adjusted":false},"geometry":{"type":"Polygon","coordinates":[[[21.15241,50.25231],[21.21241,50.31327],[21.20866,50.35567],[21.42992,50.45372],[21.46742,50.49612],[21.60993,50.53058],[21.81994,50.70019],[21.86494,50.80354],[21.80119,51.0712],[21.78994,51.18251],[21.84244,51.35477],[21.77869,51.41042],[21.85369,51.44222],[21.84994,51.51113],[21.81244,51.55883],[21.67368,51.58003],[21.61368,51.61713],[21.65868,51.65158],[21.74494,51.62243],[21.87619,51.68603],[21.84994,51.75229],[21.9437,51.79999],[21.87244,51.83709],[21.90245,51.88744],[21.87619,51.9537],[21.9062,51.9802],[22.0337,52.0173],[22.29996,52.0279],[22.35247,52.00405],[22.49872,52.06235],[22.62248,52.01995],[22.69373,52.11006],[22.88874,52.07295],[23.12876,52.28761],[23.06125,52.29026],[22.9375,52.36977],[22.58123,52.39892],[22.50998,52.53143],[22.40872,52.61093],[22.44247,52.63743],[22.44247,52.78319],[22.37872,52.78849],[22.30747,52.75139],[22.25871,52.82029],[22.29621,52.84944],[22.26246,52.88389],[22.0487,52.85209],[22.00745,52.89184],[21.99995,52.9634],[21.89119,53.0164],[21.9212,53.06675],[21.71869,53.12241],[21.63618,53.25491],[21.68493,53.32382],[21.61368,53.48017],[21.54993,53.47752],[21.47492,53.50668],[21.42992,53.61533],[21.47117,53.70014],[21.59868,53.75049],[21.67743,53.74254],[21.71869,53.84059],[21.69618,53.87769],[21.52368,53.86974],[21.45617,53.9254],[21.54243,54.0155],[21.57243,54.19306],[21.56118,54.32292],[22.79124,54.36267],[22.84749,54.40242],[23.00125,54.38387],[23.065,54.30967],[23.32002,54.25401],[23.48127,54.15066],[23.52253,54.06055],[23.49252,53.99695],[23.59003,53.69483],[23.81129,53.25491],[23.90505,53.15951],[23.88254,53.0853],[23.93505,52.9793],[23.9163,52.9051],[23.9388,52.77789],[23.9163,52.70634],[23.80004,52.63743],[23.56003,52.58443],[23.42877,52.52348],[23.17751,52.28231],[23.21876,52.22931],[23.47002,52.17366],[23.64628,52.0703],[23.67628,51.9908],[23.62378,51.92455],[23.60878,51.85034],[23.63128,51.79469],[23.54128,51.73904],[23.54503,51.60123],[23.69128,51.41572],[23.64628,51.30442],[23.71004,51.27791],[23.85254,51.14276],[23.98005,50.9546],[24.10006,50.88039],[23.98755,50.79559],[24.10006,50.63658],[24.0888,50.55443],[24.0063,50.42192],[23.72504,50.38217],[23.54878,50.25231],[23.27501,50.0827],[22.68623,49.57388],[22.56623,49.66663],[22.45747,49.59773],[22.40497,49.60833],[22.28496,49.71699],[22.29621,49.74349],[22.08995,49.83094],[21.89119,49.78589],[21.74119,49.79914],[21.66243,49.83624],[21.56868,49.79384],[21.47867,49.84154],[21.41492,49.83624],[21.36617,49.86274],[21.29866,49.84154],[21.23116,49.86539],[21.27241,49.9184],[21.18991,49.93165],[21.15616,49.9767],[21.18241,50.0933],[21.15241,50.25231]]]}},{"type":"Feature","properties":{"territory_id":"PT-01","country_code":"PT","country_name":"Portugal","display_name":"Northern Portugal and Porto","strategic_centre":"Porto","centre":[-8.622,41.1621],"boundary_status":"administrative-comparison-draft","admin_source":"NUTS 2024 level 3","source_region_count":13,"label_anchor":[-8.622,41.1621],"label_anchor_adjusted":false},"geometry":{"type":"Polygon","coordinates":[[[-8.89784,40.20301],[-8.78534,40.52103],[-8.70284,40.66943],[-8.72909,40.71184],[-8.69158,40.75159],[-8.65408,40.9636],[-8.66533,41.12261],[-8.78159,41.40087],[-8.77784,41.47242],[-8.81159,41.61288],[-8.87534,41.74804],[-8.87159,41.86464],[-8.62408,42.04485],[-8.33907,42.0899],[-8.20031,42.15351],[-8.17406,42.08195],[-8.10281,42.04485],[-8.20031,41.9203],[-8.16656,41.81959],[-8.0503,41.81959],[-7.89654,41.9203],[-7.87779,41.85934],[-7.70529,41.90175],[-7.61528,41.87259],[-7.60028,41.83549],[-7.46902,41.86199],[-7.41652,41.81694],[-7.19901,41.88054],[-7.16526,41.9786],[-7.0565,41.94945],[-6.98525,41.97065],[-6.89899,41.9415],[-6.83524,41.94945],[-6.79774,41.98655],[-6.71524,41.93885],[-6.57648,41.95475],[-6.56148,41.88849],[-6.52398,41.86464],[-6.55398,41.74804],[-6.53898,41.68178],[-6.32522,41.66853],[-6.20521,41.58638],[-6.32897,41.39292],[-6.47897,41.29486],[-6.68898,41.20476],[-6.80899,41.0484],[-6.929,41.02985],[-6.80899,40.86024],[-6.82774,40.75424],[-6.80149,40.66148],[-6.83899,40.57933],[-6.80149,40.51838],[-6.84274,40.44152],[-6.79024,40.35407],[-6.86524,40.27191],[-6.9515,40.25866],[-7.0115,40.21361],[-7.019,40.15531],[-6.94025,40.10231],[-6.87274,40.00425],[-6.91025,39.87174],[-6.974,39.81079],[-7.0115,39.68623],[-7.0565,39.65973],[-7.34902,39.64383],[-7.54403,39.66238],[-7.69028,39.63853],[-7.82529,39.53783],[-7.83654,39.60143],[-7.9528,39.67298],[-7.97155,39.73129],[-8.04655,39.73394],[-8.08405,39.61998],[-8.22281,39.64118],[-8.23406,39.75249],[-8.28656,39.79489],[-8.26781,39.83729],[-8.11781,39.93535],[-8.17031,40.0811],[-8.26781,40.04665],[-8.27906,39.97245],[-8.36532,39.93535],[-8.43282,40.0122],[-8.53408,39.96185],[-8.57158,40.0228],[-8.62408,40.0016],[-8.89409,40.04665],[-8.86784,40.12881],[-8.89784,40.20301]]]}},{"type":"Feature","properties":{"territory_id":"PT-02","country_code":"PT","country_name":"Portugal","display_name":"Southern Portugal and Lisbon","strategic_centre":"Lisbon","centre":[-9.15,38.7253],"boundary_status":"administrative-comparison-draft","admin_source":"NUTS 2024 level 3","source_region_count":11,"label_anchor":[-9.15,38.7253],"label_anchor_adjusted":false},"geometry":{"type":"Polygon","coordinates":[[[-9.48662,38.78784],[-9.42287,38.93625],[-9.41537,39.0555],[-9.34037,39.22776],[-9.35537,39.35497],[-9.10036,39.56433],[-9.04035,39.74189],[-8.89409,40.04665],[-8.62408,40.0016],[-8.57158,40.0228],[-8.53408,39.96185],[-8.43282,40.0122],[-8.36532,39.93535],[-8.27906,39.97245],[-8.26781,40.04665],[-8.17031,40.0811],[-8.11781,39.93535],[-8.26781,39.83729],[-8.28656,39.79489],[-8.23406,39.75249],[-8.22281,39.64118],[-8.08405,39.61998],[-8.04655,39.73394],[-7.97155,39.73129],[-7.9528,39.67298],[-7.83654,39.60143],[-7.82529,39.53783],[-7.69028,39.63853],[-7.54403,39.66238],[-7.49152,39.59083],[-7.30777,39.45832],[-7.31152,39.35497],[-7.23276,39.27811],[-7.23651,39.21451],[-7.15026,39.16946],[-7.13151,39.11116],[-7.0565,39.11646],[-6.98525,39.0873],[-6.959,39.02635],[-7.0565,38.85939],[-7.25901,38.70569],[-7.25526,38.61558],[-7.30777,38.52548],[-7.30777,38.44862],[-7.10901,38.18891],[-7.0565,38.17831],[-6.93275,38.20746],[-7.00775,38.0352],[-7.0565,38.01665],[-7.10526,38.0352],[-7.25151,37.97955],[-7.29276,37.86029],[-7.41652,37.74369],[-7.50653,37.59528],[-7.51403,37.52638],[-7.45777,37.43097],[-7.40152,37.17391],[-7.57028,37.14476],[-7.9078,36.98575],[-8.17406,37.0838],[-8.59783,37.11826],[-8.94285,37.0202],[-8.9616,37.0785],[-8.79659,37.44157],[-8.79659,37.85764],[-8.81159,37.9186],[-8.87534,37.9663],[-8.78159,38.18626],[-8.79284,38.39032],[-8.69533,38.42742],[-8.73659,38.51488],[-8.76659,38.53608],[-8.80784,38.49102],[-8.89034,38.51223],[-9.0516,38.44332],[-9.20911,38.42212],[-9.18661,38.53873],[-9.24661,38.66593],[-9.16036,38.68448],[-9.0966,38.64473],[-9.0216,38.67918],[-9.0291,38.72159],[-8.9241,38.75869],[-8.9691,38.82759],[-9.02535,38.87794],[-9.16036,38.70569],[-9.32162,38.68448],[-9.45662,38.70569],[-9.48662,38.78784]]]}},{"type":"Feature","properties":{"territory_id":"RO-01","country_code":"RO","country_name":"Romania","display_name":"Transylvania","strategic_centre":"Cluj-Napoca","centre":[23.5943,46.7712],"boundary_status":"administrative-comparison-draft","admin_source":"NUTS 2024 level 3","source_region_count":16,"label_anchor":[23.5943,46.7712],"label_anchor_adjusted":false},"geometry":{"type":"Polygon","coordinates":[[[20.26361,46.12606],[20.34987,46.16581],[20.45862,46.14991],[20.51113,46.18436],[20.62738,46.13666],[20.70614,46.16051],[20.77739,46.27711],[21.0849,46.25591],[21.17116,46.31157],[21.21616,46.40432],[21.29866,46.42817],[21.26866,46.50768],[21.32117,46.61898],[21.44117,46.65078],[21.44492,46.69053],[21.51993,46.71704],[21.49742,46.77534],[21.67368,46.9794],[21.65868,47.0218],[21.72244,47.0907],[21.79369,47.11721],[21.9362,47.36102],[22.0187,47.39282],[22.0187,47.50678],[22.12746,47.59688],[22.17996,47.59953],[22.30747,47.74529],[22.40872,47.75854],[22.47247,47.80094],[22.57373,47.77444],[22.67873,47.79299],[22.93375,47.9732],[22.9375,48.0103],[23.08,48.00765],[23.12126,48.0845],[23.17001,48.10836],[23.26376,48.09245],[23.30877,48.0368],[23.49252,47.9679],[23.54128,48.0103],[23.78129,47.99175],[23.86004,47.94405],[23.9913,47.96525],[24.23881,47.90165],[24.42632,47.9626],[24.56133,47.9679],[24.64008,47.93345],[24.68133,47.85659],[24.81259,47.81949],[24.88759,47.73204],[24.9476,47.72939],[25.0376,47.64723],[24.9626,47.59688],[25.0826,47.50943],[25.05635,47.43787],[25.0151,47.41402],[25.07135,47.34512],[25.04135,47.28681],[25.0676,47.25501],[25.06385,47.13576],[25.24761,47.09865],[25.31137,47.15961],[25.39762,47.18081],[25.55138,47.0854],[25.66013,47.0907],[25.73514,47.06685],[25.84389,46.94495],[25.76514,46.86279],[25.81764,46.69583],[25.88139,46.65343],[25.90765,46.69583],[25.97515,46.69848],[26.0764,46.50503],[26.02015,46.48117],[26.0014,46.42552],[26.14766,46.38577],[26.17766,46.31687],[26.27891,46.33542],[26.26391,46.24531],[26.18141,46.16846],[25.87389,46.12341],[25.69763,46.26651],[25.52888,46.19761],[25.45012,46.10486],[25.32262,46.17376],[25.24386,46.14991],[25.17261,46.16581],[25.0076,46.13666],[24.9476,46.07835],[24.71134,45.92465],[24.76759,45.85574],[24.64758,45.79744],[24.68508,45.60398],[24.52383,45.58013],[24.39257,45.58278],[24.0888,45.51123],[23.83379,45.53243],[23.70254,45.49797],[23.65753,45.46352],[23.59753,45.47412],[23.59003,45.35222],[23.83379,45.32837],[23.80379,45.25151],[23.84504,45.15876],[23.81879,45.0766],[23.78504,45.0554],[23.76254,44.88579],[23.78879,44.82484],[23.78129,44.71354],[23.72879,44.71884],[23.69503,44.60223],[23.56378,44.61018],[23.45502,44.57043],[23.41377,44.53333],[23.29376,44.53333],[23.21126,44.46707],[23.20376,44.36637],[23.09875,44.25241],[23.10626,44.16231],[23.0125,44.15171],[22.9675,44.0987],[22.67498,44.21531],[22.67123,44.27626],[22.53998,44.32662],[22.46497,44.46177],[22.53998,44.48562],[22.59623,44.54393],[22.74624,44.53598],[22.74999,44.56248],[22.70124,44.60223],[22.59998,44.62343],[22.43872,44.70824],[22.31122,44.65788],[22.19121,44.49622],[22.14621,44.47767],[22.05245,44.53333],[22.01495,44.59958],[21.93245,44.64463],[21.64368,44.66583],[21.57993,44.75859],[21.40742,44.78244],[21.35867,44.82219],[21.38492,44.86459],[21.54993,44.89639],[21.53118,44.9335],[21.37367,45.01035],[21.44867,45.0554],[21.51618,45.14551],[21.47867,45.19321],[21.24241,45.24356],[21.17491,45.31247],[21.0174,45.32572],[20.85239,45.46617],[20.77739,45.49002],[20.82239,45.54038],[20.76989,45.60663],[20.81114,45.77094],[20.71739,45.75504],[20.66113,45.79479],[20.56738,45.89814],[20.36487,45.9909],[20.26361,46.12606]]]}},{"type":"Feature","properties":{"territory_id":"RO-02","country_code":"RO","country_name":"Romania","display_name":"Wallachia and Bucharest","strategic_centre":"Bucharest","centre":[26.1039,44.4325],"boundary_status":"administrative-comparison-draft","admin_source":"NUTS 2024 level 3","source_region_count":15,"label_anchor":[26.1039,44.4325],"label_anchor_adjusted":false},"geometry":{"type":"Polygon","coordinates":[[[22.84749,43.87609],[22.88874,43.9821],[23.03125,44.04305],[23.0275,44.08015],[22.9675,44.0987],[23.0125,44.15171],[23.10626,44.16231],[23.09875,44.25241],[23.20376,44.36637],[23.21126,44.46707],[23.29376,44.53333],[23.41377,44.53333],[23.45502,44.57043],[23.56378,44.61018],[23.69503,44.60223],[23.72879,44.71884],[23.78129,44.71354],[23.78879,44.82484],[23.76254,44.88579],[23.78504,45.0554],[23.81879,45.0766],[23.84504,45.15876],[23.80379,45.25151],[23.83379,45.32837],[23.59003,45.35222],[23.59753,45.47412],[23.65753,45.46352],[23.70254,45.49797],[23.83379,45.53243],[24.0888,45.51123],[24.39257,45.58278],[24.52383,45.58013],[24.68508,45.60398],[24.64758,45.79744],[24.76759,45.85574],[24.71134,45.92465],[24.9476,46.07835],[25.0076,46.13666],[25.17261,46.16581],[25.24386,46.14991],[25.32262,46.17376],[25.45012,46.10486],[25.52888,46.19761],[25.69763,46.26651],[25.87389,46.12341],[26.18141,46.16846],[26.26391,46.24531],[26.32767,46.22146],[26.35017,46.14991],[26.44017,46.0386],[26.38392,45.9061],[26.39142,45.80274],[26.53018,45.64638],[26.66518,45.61193],[26.74769,45.55363],[26.85269,45.51918],[26.9727,45.52448],[27.0477,45.45557],[27.12271,45.46352],[27.12646,45.41317],[27.26521,45.44232],[27.29146,45.38932],[27.35897,45.37342],[27.43397,45.39462],[27.32147,45.21706],[27.17146,45.23296],[27.0927,45.17201],[27.09645,45.14551],[27.14896,45.15346],[27.26521,44.9812],[27.20521,44.78774],[27.25396,44.75859],[27.34022,44.79304],[27.70399,44.76919],[27.80524,44.81424],[27.88024,44.76389],[27.89524,44.70294],[28.019,44.63138],[28.03025,44.55453],[28.10151,44.45912],[28.019,44.33987],[27.93275,44.25506],[27.62523,44.19941],[27.44897,44.12786],[26.9202,44.13581],[26.78144,44.08545],[26.35767,44.03775],[26.11391,43.96885],[25.75014,43.69588],[25.67138,43.68793],[25.54388,43.64288],[25.38637,43.62433],[24.9926,43.72239],[24.74509,43.69323],[24.59883,43.74889],[24.49007,43.76214],[24.32507,43.69853],[24.11131,43.70119],[23.72879,43.80189],[23.63128,43.79129],[23.43252,43.84959],[22.9975,43.80719],[22.88124,43.83634],[22.84749,43.87609]]]}},{"type":"Feature","properties":{"territory_id":"RO-03","country_code":"RO","country_name":"Romania","display_name":"Moldavia and Dobruja","strategic_centre":"Iasi","centre":[27.5889,47.1622],"boundary_status":"administrative-comparison-draft","admin_source":"NUTS 2024 level 3","source_region_count":11,"label_anchor":[27.5889,47.1622],"label_anchor_adjusted":false},"geometry":{"type":"Polygon","coordinates":[[[24.9476,47.72939],[25.09385,47.74794],[25.21761,47.85659],[25.33387,47.9149],[26.0989,47.9785],[26.18891,48.005],[26.34642,48.17991],[26.55268,48.21701],[26.63143,48.25941],[26.81894,48.24616],[26.9352,48.18786],[26.96895,48.13486],[27.02895,48.13751],[27.03645,48.08715],[27.17521,47.94405],[27.20896,47.85659],[27.28396,47.75854],[27.27646,47.70289],[27.48272,47.49352],[27.55398,47.46967],[27.58398,47.37692],[27.63648,47.31067],[27.73399,47.28151],[27.80899,47.14106],[28.03775,47.02975],[28.10901,46.92375],[28.10901,46.83894],[28.24401,46.63753],[28.21776,46.54478],[28.25151,46.44407],[28.23651,46.39107],[28.11651,46.23471],[28.12401,46.10486],[28.094,46.00415],[28.12401,45.90345],[28.11651,45.81334],[28.16901,45.66228],[28.10151,45.60398],[28.21026,45.46617],[28.27026,45.44232],[28.35652,45.32307],[28.70529,45.22766],[28.76904,45.24091],[28.80654,45.33102],[28.9378,45.28861],[29.22656,45.42642],[29.40657,45.43702],[29.54908,45.40787],[29.61283,45.37077],[29.66533,45.31247],[29.67658,45.27271],[29.66158,45.24621],[29.68033,45.21176],[29.64283,45.19586],[29.67658,45.13491],[29.59783,44.83809],[29.27156,44.80099],[29.08405,44.74799],[28.99405,44.67908],[28.64153,44.30277],[28.65653,43.98475],[28.57778,43.73829],[28.45027,43.73299],[28.22526,43.76214],[28.0115,43.83634],[27.9215,43.998],[27.75649,43.9609],[27.69648,43.9874],[27.65148,44.03775],[27.59523,44.0139],[27.40022,44.0192],[27.29521,44.08015],[27.27271,44.12521],[27.44897,44.12786],[27.62523,44.19941],[27.93275,44.25506],[28.019,44.33987],[28.10151,44.45912],[28.03025,44.55453],[28.019,44.63138],[27.89524,44.70294],[27.88024,44.76389],[27.80524,44.81424],[27.70399,44.76919],[27.34022,44.79304],[27.25396,44.75859],[27.20521,44.78774],[27.26521,44.9812],[27.14896,45.15346],[27.09645,45.14551],[27.0927,45.17201],[27.17146,45.23296],[27.32147,45.21706],[27.43397,45.39462],[27.35897,45.37342],[27.29146,45.38932],[27.26521,45.44232],[27.12646,45.41317],[27.12271,45.46352],[27.0477,45.45557],[26.9727,45.52448],[26.85269,45.51918],[26.74769,45.55363],[26.66518,45.61193],[26.53018,45.64638],[26.39142,45.80274],[26.38392,45.9061],[26.44017,46.0386],[26.35017,46.14991],[26.32767,46.22146],[26.26391,46.24531],[26.27891,46.33542],[26.17766,46.31687],[26.14766,46.38577],[26.0014,46.42552],[26.02015,46.48117],[26.0764,46.50503],[25.97515,46.69848],[25.90765,46.69583],[25.88139,46.65343],[25.81764,46.69583],[25.76514,46.86279],[25.84389,46.94495],[25.73514,47.06685],[25.66013,47.0907],[25.55138,47.0854],[25.39762,47.18081],[25.31137,47.15961],[25.24761,47.09865],[25.06385,47.13576],[25.0676,47.25501],[25.04135,47.28681],[25.07135,47.34512],[25.0151,47.41402],[25.05635,47.43787],[25.0826,47.50943],[24.9626,47.59688],[25.0376,47.64723],[24.9476,47.72939]]]}},{"type":"Feature","properties":{"territory_id":"RS-01","country_code":"RS","country_name":"Serbia","display_name":"Northern Serbia and Belgrade","strategic_centre":"Belgrade","centre":[20.46,44.82],"boundary_status":"administrative-comparison-draft","admin_source":"NUTS 2024 level 3","source_region_count":15,"label_anchor":[20.46,44.82],"label_anchor_adjusted":false},"geometry":{"type":"Polygon","coordinates":[[[18.86479,45.82924],[18.89104,45.922],[19.0673,45.96705],[19.10856,46.0333],[19.16481,45.99885],[19.30357,45.9909],[19.29981,46.02005],[19.42357,46.05185],[19.54733,46.16581],[19.69733,46.18701],[19.79859,46.13666],[19.9861,46.17641],[20.26361,46.12606],[20.36487,45.9909],[20.56738,45.89814],[20.66113,45.79479],[20.71739,45.75504],[20.81114,45.77094],[20.76989,45.60663],[20.82239,45.54038],[20.77739,45.49002],[20.85239,45.46617],[21.0174,45.32572],[21.17491,45.31247],[21.24241,45.24356],[21.47867,45.19321],[21.51618,45.14551],[21.44867,45.0554],[21.37367,45.01035],[21.53118,44.9335],[21.54993,44.89639],[21.38492,44.86459],[21.35867,44.82219],[21.40742,44.78244],[21.57993,44.75859],[21.64368,44.66583],[21.93245,44.64463],[22.0112,44.60223],[21.9512,44.54658],[21.92495,44.46442],[21.81244,44.37697],[21.81994,44.33722],[21.89494,44.30807],[21.9662,44.20206],[21.9437,44.12786],[21.82369,44.0828],[21.56868,44.14906],[21.47117,44.20736],[21.37742,44.21001],[21.31742,44.28686],[21.25741,44.26831],[21.14866,44.31602],[21.15991,44.24976],[21.13366,44.21531],[21.15991,44.13051],[21.10366,44.08015],[21.10366,44.03245],[21.0624,44.00065],[21.0174,43.88669],[20.92365,43.83104],[20.83739,43.86019],[20.73239,43.80454],[20.63488,43.87874],[20.43237,43.73829],[20.43612,43.67998],[20.39112,43.65348],[20.33862,43.55013],[20.41737,43.47592],[20.43612,43.35932],[20.34987,43.28776],[20.29736,43.31162],[20.24111,43.22416],[20.27111,43.17911],[20.17736,43.13671],[20.06485,43.00685],[19.9636,43.0943],[19.59233,43.22416],[19.55108,43.25066],[19.43482,43.38847],[19.23981,43.47592],[19.22481,43.52628],[19.27356,43.59783],[19.49857,43.58988],[19.51733,43.70649],[19.38232,43.81514],[19.24356,43.9874],[19.26606,44.00595],[19.39732,43.96355],[19.50983,43.95825],[19.61108,44.02185],[19.60733,44.05895],[19.49857,44.0987],[19.36732,44.18881],[19.32232,44.26301],[19.17231,44.28951],[19.11606,44.36107],[19.13481,44.51213],[19.28481,44.67378],[19.35232,44.88844],[19.16856,44.91495],[19.0223,44.85664],[19.00355,44.907],[19.07105,44.9123],[19.14606,44.95735],[19.09355,44.98385],[19.10106,45.0554],[19.08605,45.13226],[19.14981,45.14021],[19.20231,45.18526],[19.26606,45.17731],[19.30357,45.20381],[19.42357,45.16671],[19.41607,45.22766],[19.17231,45.27271],[18.9923,45.36547],[18.9998,45.47677],[19.03355,45.48737],[19.04855,45.52448],[18.92105,45.57218],[18.96605,45.71264],[18.86479,45.82924]],[[19.37857,43.55543],[19.42732,43.53158],[19.46857,43.56073],[19.41982,43.57663],[19.37857,43.55543]]]}},{"type":"Feature","properties":{"territory_id":"RS-02","country_code":"RS","country_name":"Serbia","display_name":"Southern Serbia","strategic_centre":"Nis","centre":[21.8958,43.3209],"boundary_status":"administrative-comparison-draft","admin_source":"NUTS 2024 level 3","source_region_count":10,"label_anchor":[21.8958,43.3209],"label_anchor_adjusted":false},"geometry":{"type":"Polygon","coordinates":[[[20.06485,43.00685],[20.17736,43.13671],[20.27111,43.17911],[20.24111,43.22416],[20.29736,43.31162],[20.34987,43.28776],[20.43612,43.35932],[20.41737,43.47592],[20.33862,43.55013],[20.39112,43.65348],[20.43612,43.67998],[20.43237,43.73829],[20.63488,43.87874],[20.73239,43.80454],[20.83739,43.86019],[20.92365,43.83104],[21.0174,43.88669],[21.0624,44.00065],[21.10366,44.03245],[21.10366,44.08015],[21.15991,44.13051],[21.13366,44.21531],[21.15991,44.24976],[21.14866,44.31602],[21.25741,44.26831],[21.31742,44.28686],[21.37742,44.21001],[21.47117,44.20736],[21.56868,44.14906],[21.82369,44.0828],[21.9437,44.12786],[21.9662,44.20206],[21.89494,44.30807],[21.81994,44.33722],[21.81244,44.37697],[21.92495,44.46442],[21.9512,44.54658],[22.0112,44.60223],[22.05245,44.53333],[22.14621,44.47767],[22.19121,44.49622],[22.31122,44.65788],[22.43872,44.70824],[22.59998,44.62343],[22.70124,44.60223],[22.74999,44.56248],[22.74624,44.53598],[22.59623,44.54393],[22.53998,44.48562],[22.46497,44.46177],[22.53998,44.32662],[22.67123,44.27626],[22.67498,44.21531],[22.62248,44.17291],[22.61123,44.0669],[22.41622,43.998],[22.36747,43.80984],[22.41622,43.69323],[22.47622,43.64553],[22.52873,43.48652],[22.66748,43.40172],[22.74624,43.38582],[22.91125,43.22416],[23.005,43.19236],[22.975,43.11021],[22.79499,42.98035],[22.74999,42.89024],[22.51373,42.86904],[22.44247,42.82664],[22.49122,42.74184],[22.44622,42.57223],[22.55123,42.48212],[22.52498,42.41322],[22.41247,42.33902],[22.35997,42.30987],[22.26621,42.35757],[22.13121,42.30722],[22.06745,42.29926],[21.95495,42.33372],[21.9062,42.30722],[21.84619,42.31517],[21.77869,42.26481],[21.67743,42.24096],[21.58743,42.26216],[21.54993,42.35757],[21.61743,42.39732],[21.64743,42.46887],[21.74119,42.57753],[21.77119,42.64643],[21.75244,42.70209],[21.65868,42.67823],[21.40742,42.75244],[21.43367,42.87169],[21.27241,42.90615],[21.23116,43.0042],[21.16741,43.0148],[21.11866,43.12081],[20.96865,43.12346],[20.92365,43.14731],[20.81864,43.27186],[20.62738,43.19236],[20.67613,43.0996],[20.64988,43.0307],[20.51113,42.9459],[20.53738,42.88229],[20.35362,42.83459],[20.32362,42.9088],[20.06485,43.00685]]]}},{"type":"Feature","properties":{"territory_id":"RU-01","country_code":"RU","country_name":"Russia","display_name":"Kaliningrad","strategic_centre":"Kaliningrad","centre":[20.4531,54.7003],"boundary_status":"administrative-comparison-draft","admin_source":"geoBoundaries ADM1 (release 2025)","source_region_count":1,"label_anchor":[20.4531,54.7003],"label_anchor_adjusted":false},"geometry":{"type":"MultiPolygon","coordinates":[[[[19.64862,54.45323],[19.63893,54.45845],[19.84856,54.6068],[19.87741,54.63622],[19.86563,54.6467],[19.88722,54.63323],[19.88193,54.61017],[19.77199,54.54034],[19.73456,54.4961],[19.64862,54.45323]]],[[[20.9537,55.28083],[20.99818,55.26489],[20.9131,55.22436],[20.84995,55.16609],[20.86371,55.15324],[20.7947,55.12613],[20.7067,55.05808],[20.5117,54.954],[20.57403,54.93406],[20.69245,54.93043],[20.7801,54.94808],[20.86909,54.89981],[20.99673,54.89081],[21.05814,54.90165],[21.0856,54.89065],[21.10091,54.90631],[21.20752,54.91926],[21.24841,54.95779],[21.2133,55.00781],[21.28093,55.02453],[21.21419,55.00908],[21.17915,55.19712],[21.22511,55.20882],[21.22638,55.19473],[21.28766,55.18718],[21.25863,55.19749],[21.28927,55.22405],[21.27121,55.24409],[21.38055,55.29351],[21.50151,55.18682],[21.57013,55.19813],[21.64919,55.18081],[21.7226,55.13305],[21.81627,55.11868],[21.91639,55.08099],[22.03241,55.0841],[22.03691,55.04254],[22.07271,55.02556],[22.11993,55.02754],[22.15857,55.05564],[22.29136,55.06476],[22.4706,55.04453],[22.58924,55.07024],[22.59605,55.0255],[22.64406,54.9699],[22.66381,54.96457],[22.65937,54.98188],[22.67807,54.9875],[22.76635,54.93548],[22.75449,54.91861],[22.78302,54.92483],[22.79326,54.90372],[22.8204,54.91198],[22.84631,54.89738],[22.85532,54.88633],[22.83969,54.86423],[22.86908,54.85315],[22.85875,54.83879],[22.88666,54.81408],[22.8441,54.76685],[22.74358,54.7315],[22.74896,54.70644],[22.72334,54.68602],[22.7572,54.65262],[22.74168,54.64265],[22.74877,54.63089],[22.68386,54.58597],[22.71376,54.56366],[22.68059,54.53337],[22.69919,54.50738],[22.70109,54.4536],[22.73644,54.44292],[22.79199,54.36334],[21.44611,54.31822],[20.63108,54.36633],[19.80386,54.4424],[19.8309,54.46929],[19.94407,54.5006],[19.99332,54.57685],[20.06749,54.54952],[20.15949,54.59732],[20.28724,54.63197],[20.27404,54.69223],[20.17394,54.69469],[20.11779,54.65737],[20.08236,54.65204],[20.06204,54.67269],[20.05534,54.71335],[20.02184,54.72653],[19.97542,54.72461],[19.94676,54.70307],[19.94073,54.65503],[19.96384,54.63967],[19.90257,54.63471],[19.91689,54.64538],[19.86868,54.6492],[19.91998,54.69111],[19.95755,54.75619],[19.96371,54.79509],[19.93283,54.86083],[19.93144,54.90159],[19.97726,54.96046],[20.12231,54.94394],[20.27081,54.96317],[20.29922,54.94342],[20.35393,54.93724],[20.49989,54.96931],[20.68016,55.05776],[20.9537,55.28083]]]]}},{"type":"Feature","properties":{"territory_id":"RU-02","country_code":"RU","country_name":"Russia","display_name":"Northwest Russia and St Petersburg","strategic_centre":"St Petersburg","centre":[30.3351,59.9343],"boundary_status":"administrative-comparison-draft","admin_source":"geoBoundaries ADM1 (release 2025)","source_region_count":8,"label_anchor":[30.3351,59.9343],"label_anchor_adjusted":false},"geometry":{"type":"MultiPolygon","coordinates":[[[[26.89694,59.81655],[26.91943,59.81814],[26.95211,59.79732],[26.89694,59.81655]]],[[[26.94109,60.0957],[26.95661,60.10567],[26.97813,60.09363],[26.97159,60.08397],[27.02948,60.02299],[26.98312,60.01473],[26.94109,60.0957]]],[[[27.17383,59.84708],[27.19566,59.86598],[27.22865,59.84875],[27.196,59.83378],[27.17383,59.84708]]],[[[27.31746,57.57998],[27.40476,57.61257],[27.3888,57.61601],[27.401,57.63286],[27.37842,57.64431],[27.37631,57.66866],[27.41109,57.70048],[27.49257,57.72288],[27.49703,57.70808],[27.52559,57.70941],[27.52664,57.73106],[27.54546,57.73334],[27.51131,57.75072],[27.52781,57.75417],[27.49432,57.7889],[27.53623,57.79417],[27.53225,57.80674],[27.55414,57.81427],[27.54157,57.82318],[27.54971,57.83363],[27.68597,57.8352],[27.70842,57.84844],[27.74093,57.82772],[27.79564,57.84122],[27.81779,57.86567],[27.81661,57.89533],[27.70543,57.90013],[27.69491,57.90745],[27.71823,57.92],[27.67889,57.9237],[27.65637,57.95533],[27.68446,57.96002],[27.67863,57.97444],[27.69857,57.99899],[27.65757,58.01857],[27.65393,57.99541],[27.61801,58.01354],[27.60803,58.05431],[27.63446,58.09715],[27.59027,58.11856],[27.49097,58.22463],[27.48833,58.30398],[27.55299,58.36627],[27.35734,58.78722],[27.73776,58.97789],[27.74483,59.02681],[27.76808,59.03312],[27.79215,59.07004],[27.80871,59.12973],[27.88766,59.18386],[27.90433,59.24127],[28.02641,59.28748],[28.12953,59.29094],[28.2058,59.36414],[28.19123,59.40065],[28.04275,59.47161],[28.08669,59.53961],[28.09438,59.59151],[27.99666,59.69185],[28.03758,59.72966],[28.02902,59.75208],[28.06149,59.7566],[28.09582,59.79036],[28.17059,59.78677],[28.22727,59.71216],[28.21289,59.70001],[28.22425,59.68506],[28.40125,59.67018],[28.42988,59.6768],[28.421,59.69116],[28.4425,59.73788],[28.44074,59.79372],[28.47145,59.82715],[28.54408,59.84936],[28.57289,59.82702],[28.67278,59.80879],[28.7197,59.77452],[28.77894,59.7823],[28.78352,59.80335],[28.80816,59.77988],[28.845,59.78179],[28.87965,59.8096],[28.99216,59.82059],[29.05732,59.86016],[29.06014,59.89382],[28.9883,59.91375],[29.04215,59.91897],[29.05707,59.95753],[29.12335,59.96957],[29.12629,59.98641],[29.20176,59.98041],[29.20752,59.99267],[29.55077,59.95799],[29.63692,59.92947],[29.77928,59.93054],[29.76613,59.92045],[29.78197,59.92917],[29.77175,59.91878],[30.02691,59.86067],[30.17563,59.87035],[30.16148,59.87425],[30.1691,59.88835],[30.23455,59.91338],[30.23231,59.93302],[30.17782,59.94406],[30.21745,59.96329],[30.18442,59.98961],[30.01139,59.9927],[29.96261,60.00965],[29.96495,60.05575],[29.93219,60.07006],[29.95657,60.07425],[29.91923,60.08888],[29.94446,60.09991],[29.93731,60.12966],[29.8692,60.16187],[29.59331,60.19715],[29.42319,60.15903],[29.14703,60.1606],[29.04163,60.17581],[29.01004,60.18286],[28.98885,60.21535],[28.99844,60.23467],[28.95204,60.2452],[28.95577,60.26119],[28.85495,60.28547],[28.80532,60.35704],[28.78411,60.36151],[28.79543,60.32471],[28.76961,60.31902],[28.61655,60.35183],[28.62281,60.36062],[28.58479,60.37779],[28.57089,60.42578],[28.43718,60.54767],[28.4989,60.54535],[28.51546,60.52794],[28.50442,60.51501],[28.56405,60.4766],[28.67277,60.42944],[28.70915,60.43554],[28.702,60.4881],[28.65546,60.52726],[28.66971,60.54525],[28.65168,60.55605],[28.68177,60.55399],[28.64498,60.5919],[28.67401,60.60081],[28.69856,60.58771],[28.67561,60.6161],[28.69963,60.61584],[28.67352,60.6326],[28.66624,60.61465],[28.65234,60.63392],[28.66726,60.63674],[28.64198,60.65555],[28.6587,60.65975],[28.65171,60.66919],[28.68295,60.66456],[28.71228,60.6285],[28.70155,60.66185],[28.74558,60.66445],[28.72179,60.69084],[28.74752,60.69553],[28.70029,60.73552],[28.70792,60.7252],[28.67878,60.72931],[28.69045,60.73735],[28.67997,60.74017],[28.65308,60.73051],[28.66642,60.71512],[28.64844,60.71348],[28.65615,60.70008],[28.61704,60.70486],[28.65761,60.68625],[28.6174,60.66493],[28.63687,60.68143],[28.58439,60.69039],[28.59509,60.67803],[28.58121,60.66861],[28.54446,60.68171],[28.54406,60.66919],[28.52683,60.66971],[28.5426,60.65935],[28.50868,60.68198],[28.51583,60.66946],[28.50197,60.66225],[28.46616,60.66106],[28.47834,60.64673],[28.40015,60.66235],[28.39764,60.64761],[28.37411,60.64689],[28.39431,60.61654],[28.3857,60.60451],[28.29752,60.62314],[28.34487,60.5963],[28.27222,60.59684],[28.28798,60.5736],[28.26781,60.57617],[28.26959,60.56596],[28.24154,60.57682],[28.22233,60.55496],[28.2317,60.51075],[28.1591,60.5428],[28.13891,60.53339],[28.15366,60.5154],[28.14131,60.50589],[28.07435,60.52836],[28.05859,60.51444],[28.08004,60.50862],[28.07219,60.49921],[28.00739,60.5254],[27.99872,60.51641],[28.01213,60.50494],[27.99751,60.49711],[27.95746,60.51826],[27.93199,60.50652],[27.91956,60.52136],[27.89611,60.50238],[27.86372,60.51569],[27.85285,60.53895],[27.86912,60.54536],[27.85517,60.5526],[27.82036,60.52646],[27.84784,60.50083],[27.83778,60.49159],[27.78455,60.53669],[27.80975,60.53544],[27.79509,60.5448],[27.84739,60.56144],[27.83844,60.57846],[27.87341,60.60456],[28.13546,60.74087],[28.17428,60.77862],[28.22049,60.78279],[28.32423,60.85791],[28.48399,60.92496],[28.52467,60.95714],[28.65547,60.94953],[28.7138,61.04459],[28.80429,61.09338],[28.81898,61.12165],[28.95677,61.15162],[29.23999,61.26801],[29.32812,61.35199],[29.50307,61.46134],[29.49646,61.49157],[29.60733,61.50047],[29.7403,61.5737],[29.75461,61.60312],[29.81859,61.65533],[30.03873,61.765],[30.07139,61.81868],[30.27418,61.93364],[30.30072,61.93497],[30.31273,61.94501],[30.30611,61.96455],[30.44468,62.03229],[30.60207,62.14135],[30.65641,62.20859],[30.72041,62.20891],[30.81096,62.27069],[30.90435,62.31026],[30.95517,62.31227],[30.96225,62.32725],[30.94244,62.333],[31.16341,62.44549],[31.18583,62.49357],[31.22183,62.4983],[31.34596,62.64352],[31.37303,62.64971],[31.38014,62.68985],[31.43906,62.78538],[31.46749,62.78328],[31.4547,62.79627],[31.58671,62.90871],[31.50213,62.99625],[31.44876,63.00606],[31.463,63.02425],[31.27212,63.10763],[31.23753,63.21922],[31.13879,63.26498],[30.97919,63.30784],[30.93442,63.35544],[30.84999,63.36857],[30.7877,63.40527],[30.48399,63.4667],[30.38453,63.54549],[30.25825,63.58394],[30.24417,63.60726],[29.97189,63.75717],[30.26042,63.822],[30.32091,63.90953],[30.49269,64.01759],[30.52802,64.04888],[30.55358,64.10168],[30.55343,64.13224],[30.4664,64.20443],[30.5096,64.22169],[30.48244,64.26234],[30.38828,64.26906],[30.36078,64.28132],[30.36693,64.29968],[30.21015,64.35047],[30.1099,64.36505],[30.04489,64.40201],[30.05833,64.45087],[30.02441,64.48296],[30.0297,64.50063],[29.98696,64.5339],[29.98942,64.58758],[30.13015,64.63472],[30.13579,64.64898],[30.0537,64.71305],[30.0414,64.74119],[30.08651,64.77399],[30.04294,64.79289],[29.73963,64.78978],[29.68752,64.8188],[29.6997,64.83722],[29.64493,64.86648],[29.61104,64.92733],[29.61919,64.95966],[29.59933,64.99506],[29.62697,65.0606],[29.73269,65.0913],[29.89687,65.10515],[29.81934,65.14446],[29.89353,65.19296],[29.88576,65.20631],[29.76408,65.22892],[29.63479,65.2313],[29.60185,65.25994],[29.60497,65.27365],[29.74676,65.34739],[29.72776,65.39971],[29.73312,65.47264],[29.86375,65.56047],[29.72243,65.63705],[30.01709,65.69653],[30.13846,65.66869],[30.11969,65.75118],[30.0682,65.89518],[30.02417,65.96685],[29.99727,65.97889],[29.99234,66.02264],[29.92394,66.12625],[29.69664,66.26849],[29.70661,66.27465],[29.52429,66.4907],[29.41101,66.58335],[29.41659,66.5925],[29.3764,66.60376],[29.38682,66.60808],[29.35765,66.64108],[29.14965,66.78029],[29.10556,66.79007],[29.11942,66.80137],[29.06075,66.85269],[29.03312,66.92547],[29.04056,66.96182],[29.07325,66.99615],[29.48661,67.26011],[29.51536,67.28079],[29.50445,67.28539],[29.52271,67.30992],[29.64454,67.33592],[29.61698,67.3452],[29.93051,67.52282],[30.01734,67.67357],[29.65939,67.80297],[29.32713,68.07452],[28.64784,68.19591],[28.43412,68.53979],[28.70721,68.73256],[28.80145,68.86937],[28.66118,68.88647],[28.46808,68.88551],[28.41578,68.91545],[28.92945,69.05194],[29.0567,69.01522],[29.24223,69.11306],[29.23229,69.12284],[29.258,69.15437],[29.24977,69.16107],[29.28894,69.17882],[29.31409,69.23368],[29.27962,69.25369],[29.29077,69.29691],[29.39054,69.32222],[29.57299,69.31852],[29.69508,69.36345],[29.72312,69.38919],[29.85219,69.42303],[29.94758,69.40511],[30.03516,69.42495],[30.1151,69.46834],[30.11947,69.51366],[30.17722,69.53698],[30.18451,69.55334],[30.17989,69.58605],[30.13781,69.64354],[30.09129,69.64284],[30.08533,69.65811],[30.13063,69.66637],[30.13816,69.64762],[30.13543,69.66708],[30.15166,69.66938],[30.23997,69.64841],[30.41772,69.58992],[30.51607,69.5405],[30.81756,69.52877],[30.9388,69.56074],[30.9465,69.57626],[30.93849,69.5964],[30.95448,69.63243],[30.92294,69.66872],[30.94476,69.68354],[30.8741,69.7149],[30.89043,69.71992],[30.89032,69.73729],[30.822,69.7878],[30.88584,69.79151],[30.93307,69.76982],[30.93474,69.78314],[30.98415,69.78435],[31.04912,69.75753],[31.04089,69.77054],[31.17028,69.7525],[31.19347,69.74647],[31.20411,69.7126],[31.22299,69.70498],[31.2203,69.73597],[31.20153,69.74081],[31.31196,69.73449],[31.31665,69.72175],[31.41611,69.7083],[31.42914,69.70051],[31.40957,69.70009],[31.44582,69.6892],[31.4091,69.64989],[31.35894,69.64515],[31.37641,69.63596],[31.37175,69.62257],[31.27254,69.59156],[31.32862,69.58934],[31.3393,69.60611],[31.3824,69.60978],[31.38695,69.63858],[31.45284,69.64324],[31.47715,69.67917],[31.5069,69.66825],[31.5033,69.65671],[31.53564,69.65647],[31.51005,69.68617],[31.52657,69.67071],[31.70292,69.67236],[31.81536,69.64708],[31.82519,69.65261],[31.75594,69.69002],[31.68619,69.7052],[31.68202,69.72486],[31.71621,69.7384],[31.71884,69.7985],[31.77904,69.83177],[31.95997,69.79304],[31.98014,69.7689],[32.00876,69.76751],[31.99613,69.75971],[32.05509,69.74668],[32.02154,69.77183],[32.09499,69.76493],[32.00255,69.83612],[31.9368,69.85282],[31.98121,69.86588],[31.96048,69.8938],[31.88906,69.90439],[31.90344,69.91808],[31.89581,69.93593],[31.91894,69.94936],[31.98689,69.94593],[31.97648,69.92424],[32.05418,69.94538],[32.20113,69.91379],[32.24828,69.88448],[32.33125,69.8819],[32.52202,69.83086],[32.48138,69.81184],[32.51055,69.79837],[32.48546,69.79841],[32.50139,69.79013],[32.56283,69.79715],[32.61804,69.77184],[32.67682,69.77486],[32.6885,69.79227],[32.91927,69.77297],[33.03251,69.74888],[33.0277,69.73717],[33.0505,69.73029],[33.07722,69.74658],[33.10637,69.73491],[33.13133,69.71459],[33.10251,69.72098],[33.07976,69.70768],[33.1064,69.67828],[33.07923,69.68291],[33.09854,69.6516],[33.08635,69.64058],[32.95107,69.5836],[32.83442,69.56691],[32.50369,69.60258],[32.42334,69.63428],[32.38673,69.61671],[32.18611,69.63131],[32.14965,69.65556],[32.1879,69.70003],[32.12399,69.74253],[32.09741,69.73973],[32.11181,69.72265],[32.08994,69.72684],[32.14758,69.71386],[32.14561,69.69992],[32.09192,69.65358],[32.05605,69.63422],[31.95314,69.62849],[32.05405,69.58846],[31.9895,69.54363],[32.04476,69.55116],[32.1001,69.58167],[32.11373,69.57088],[32.12912,69.58889],[32.1797,69.58667],[32.26872,69.56551],[32.43812,69.5547],[32.38744,69.51736],[32.50252,69.50164],[32.48812,69.47859],[32.4276,69.48058],[32.406,69.47143],[32.41042,69.45745],[32.35852,69.45814],[32.36105,69.4467],[32.25989,69.42234],[32.32792,69.41826],[32.37186,69.42755],[32.36453,69.43903],[32.43059,69.42893],[32.40788,69.44267],[32.44144,69.44894],[32.44293,69.47114],[32.51346,69.46216],[32.53771,69.48689],[32.5523,69.48591],[32.53876,69.47207],[32.57789,69.48163],[32.584,69.46733],[32.56966,69.4563],[32.59723,69.46046],[32.60218,69.42929],[32.62336,69.46512],[32.6668,69.48029],[32.67845,69.48108],[32.65236,69.47234],[32.89855,69.46422],[32.80388,69.41583],[32.81618,69.40892],[32.78754,69.38168],[32.805,69.3729],[32.82976,69.41666],[32.89982,69.44249],[33.07251,69.45248],[32.93915,69.38386],[32.90435,69.38206],[32.93557,69.36878],[32.8832,69.3286],[32.81504,69.32578],[32.84703,69.32253],[32.8446,69.30096],[32.88812,69.308],[32.88156,69.29269],[32.86262,69.30035],[32.88177,69.27564],[32.93645,69.3175],[32.93143,69.33231],[32.96499,69.36143],[33.07569,69.37862],[33.05173,69.36121],[33.06202,69.35089],[33.08943,69.38766],[33.29151,69.41084],[33.27946,69.41723],[33.30908,69.42853],[33.3825,69.41071],[33.43814,69.42486],[33.43669,69.41053],[33.4973,69.40302],[33.4987,69.39145],[33.40405,69.34988],[33.47528,69.36147],[33.48756,69.33802],[33.59485,69.30126],[33.67171,69.30218],[33.65324,69.28896],[33.7427,69.30752],[33.68834,69.27988],[33.70929,69.28031],[33.68881,69.27196],[33.69412,69.26196],[33.70525,69.26729],[33.69462,69.27295],[33.72524,69.28254],[33.73479,69.272],[33.73619,69.28607],[33.80017,69.29806],[33.79395,69.28607],[33.83989,69.27527],[33.82014,69.26775],[33.88202,69.25976],[33.84903,69.27014],[33.85917,69.27111],[33.8222,69.29399],[33.83421,69.3002],[33.82373,69.30971],[33.89033,69.29431],[33.94902,69.31507],[34.07529,69.29749],[34.31628,69.30232],[34.40091,69.29219],[34.35625,69.27108],[34.36451,69.26475],[34.57198,69.2603],[34.57613,69.24799],[34.62559,69.25392],[34.64043,69.23352],[34.67352,69.24404],[34.80512,69.22734],[34.78036,69.21533],[34.87911,69.22502],[34.90956,69.21906],[34.9062,69.1971],[34.92644,69.21452],[34.93888,69.20058],[34.97845,69.21649],[34.92034,69.17393],[34.93863,69.16555],[35.00022,69.21238],[35.12742,69.2027],[35.13616,69.18835],[35.11834,69.16502],[35.14338,69.1511],[35.14911,69.12509],[35.18103,69.11831],[35.16721,69.11353],[35.18644,69.11528],[35.12929,69.16881],[35.17638,69.17208],[35.19244,69.18046],[35.16199,69.18453],[35.20384,69.19548],[35.2592,69.1822],[35.28924,69.20341],[35.15159,69.25073],[35.25311,69.2543],[35.34692,69.24128],[35.37484,69.22084],[35.44393,69.23201],[35.5352,69.22353],[35.58344,69.19902],[35.6349,69.20797],[35.66514,69.19036],[35.70974,69.20194],[35.76563,69.17727],[35.80902,69.17912],[35.8095,69.19062],[35.85659,69.1745],[35.86364,69.18436],[35.923,69.14789],[35.94831,69.15428],[36.04243,69.1135],[36.04249,69.08393],[36.06671,69.10019],[36.03969,69.1277],[36.04534,69.13852],[36.09839,69.10882],[36.11199,69.12419],[36.20687,69.09803],[36.21536,69.11085],[36.22637,69.09325],[36.28349,69.09776],[36.31246,69.07497],[36.2478,69.07804],[36.32517,69.05963],[36.35019,69.03611],[36.37089,69.03826],[36.36298,69.05428],[36.40157,69.02858],[36.53445,69.01329],[36.50311,68.98838],[36.56306,69.01364],[36.62193,69.001],[36.61524,68.9904],[36.63298,68.98],[36.74076,68.96554],[36.69749,68.95753],[36.77613,68.94838],[36.77467,68.93236],[36.80385,68.93574],[36.82824,68.91897],[36.78576,68.9049],[36.88167,68.91683],[36.89276,68.9112],[36.87332,68.90575],[37.0287,68.87295],[37.01686,68.86349],[37.04793,68.86941],[37.10841,68.83967],[37.18829,68.83478],[37.2428,68.79558],[37.38529,68.7737],[37.44141,68.73612],[37.55781,68.72559],[37.57611,68.71331],[37.55431,68.71185],[37.57344,68.70544],[37.56076,68.68477],[37.58953,68.71319],[37.63072,68.68594],[37.66593,68.68933],[37.70745,68.67075],[37.69439,68.66727],[37.72858,68.6658],[37.71893,68.65526],[37.80497,68.64468],[37.73722,68.62586],[37.82499,68.62668],[37.83337,68.6167],[37.80824,68.58795],[37.84013,68.60895],[37.87329,68.60324],[37.87208,68.59124],[37.89782,68.59664],[37.98151,68.56906],[38.00325,68.54868],[37.98431,68.54268],[38.0199,68.54331],[38.01559,68.52396],[38.06081,68.52285],[38.0419,68.5165],[38.07508,68.50858],[38.08525,68.48137],[38.19572,68.46181],[38.21641,68.43655],[38.20713,68.43067],[38.25058,68.44266],[38.27768,68.43334],[38.28036,68.41198],[38.33407,68.41655],[38.31389,68.41245],[38.35652,68.40134],[38.36462,68.3621],[38.28718,68.35176],[38.32021,68.34455],[38.37236,68.35955],[38.39138,68.38406],[38.42347,68.36122],[38.40221,68.35653],[38.42355,68.35866],[38.39841,68.32123],[38.41661,68.32375],[38.4062,68.30332],[38.43043,68.30612],[38.43861,68.28814],[38.44844,68.30604],[38.43262,68.324],[38.44652,68.33277],[38.43383,68.34063],[38.4539,68.35189],[38.44887,68.3368],[38.54144,68.30937],[38.58002,68.31398],[38.62262,68.28715],[38.70403,68.28027],[38.70241,68.26827],[38.78289,68.24444],[38.76902,68.2675],[38.73797,68.26302],[38.7513,68.27274],[38.7092,68.29677],[38.63114,68.29918],[38.57207,68.324],[38.58333,68.32747],[38.51788,68.3294],[38.49427,68.34941],[38.5515,68.35623],[38.60085,68.32816],[38.62617,68.33936],[38.61034,68.36657],[38.64761,68.37459],[38.64709,68.35507],[38.69262,68.35095],[38.7759,68.30421],[38.89135,68.30015],[38.97411,68.27205],[38.91692,68.2732],[38.98352,68.23142],[39.08904,68.20447],[39.0831,68.19519],[39.10013,68.19174],[39.08977,68.17878],[39.10766,68.18376],[39.08386,68.16693],[39.13704,68.19551],[39.1706,68.19453],[39.36335,68.10555],[39.50464,68.06197],[39.49762,68.05465],[39.52127,68.06045],[39.52533,68.04654],[39.70614,68.00019],[39.63498,68.03242],[39.64507,68.04716],[39.67065,68.04305],[39.66357,68.05181],[39.73078,68.02569],[39.87042,68.03276],[39.7418,68.15815],[39.89634,68.09977],[40.01118,67.9834],[40.07227,67.98524],[40.10875,67.94951],[40.16834,67.93735],[40.16182,67.92725],[40.22464,67.93208],[40.19276,67.91167],[40.23168,67.92767],[40.25585,67.91274],[40.2316,67.91302],[40.2398,67.90086],[40.28704,67.91339],[40.25245,67.88699],[40.30528,67.90059],[40.28891,67.88298],[40.33437,67.89809],[40.37697,67.88571],[40.36774,67.86034],[40.40624,67.86143],[40.39351,67.84339],[40.30837,67.8516],[40.29411,67.84825],[40.2991,67.83699],[40.27328,67.84047],[40.38179,67.78951],[40.41647,67.75769],[40.45795,67.76346],[40.45736,67.7491],[40.50014,67.74106],[40.48217,67.72212],[40.54505,67.7323],[40.53231,67.74246],[40.57666,67.76339],[40.5559,67.79613],[40.58747,67.80468],[40.58844,67.7924],[40.61255,67.801],[40.62851,67.7881],[40.62516,67.79877],[40.65718,67.80142],[40.67648,67.78861],[40.66946,67.77536],[40.69769,67.77637],[40.69953,67.759],[40.76477,67.74968],[40.78576,67.71566],[40.91197,67.72707],[40.92294,67.70413],[40.9407,67.71319],[40.98062,67.69677],[40.97456,67.68099],[41.01979,67.65651],[41.01107,67.64059],[41.02852,67.64468],[41.01417,67.63407],[41.0374,67.63388],[41.01099,67.59329],[41.01842,67.57708],[40.95382,67.55679],[40.99852,67.53818],[40.98596,67.5208],[41.01418,67.50681],[40.96995,67.4641],[40.98563,67.4601],[40.94819,67.44032],[41.02629,67.45846],[41.08094,67.44673],[41.09605,67.4238],[41.08407,67.41557],[41.10771,67.42177],[41.11903,67.40745],[41.10304,67.36072],[41.11417,67.34332],[41.09809,67.30964],[41.10677,67.295],[41.09417,67.27267],[41.04784,67.27256],[41.08635,67.27197],[41.08069,67.24981],[41.13824,67.2169],[41.25501,67.19663],[41.27628,67.19994],[41.27689,67.21841],[41.31397,67.21669],[41.34955,67.19984],[41.30431,67.14196],[41.27651,67.13836],[41.39259,67.113],[41.34561,67.07353],[41.32125,67.07835],[41.34788,67.04542],[41.33459,67.02489],[41.35237,67.01362],[41.34383,66.99009],[41.30442,66.97344],[41.25076,66.97934],[41.28299,66.95533],[41.28606,66.93518],[41.25606,66.92218],[41.24124,66.89068],[41.25396,66.88152],[41.23636,66.87359],[41.24169,66.85426],[41.22085,66.82986],[41.12369,66.77972],[41.13254,66.773],[41.08315,66.74105],[41.02657,66.73835],[41.04865,66.72995],[41.01634,66.71556],[40.97222,66.7202],[40.99131,66.70827],[40.9345,66.67415],[40.8634,66.655],[40.76521,66.59501],[40.69315,66.58407],[40.69007,66.52893],[40.60821,66.50263],[40.5804,66.51652],[40.58834,66.50243],[40.54646,66.48413],[40.56417,66.4847],[40.55781,66.45092],[40.49063,66.43362],[40.47779,66.41532],[40.37533,66.3813],[40.30447,66.39122],[40.31731,66.37726],[40.29258,66.38303],[39.99729,66.25427],[39.63279,66.19648],[39.51182,66.19574],[39.51794,66.18623],[39.23152,66.13889],[39.111,66.10188],[38.86206,66.10801],[38.88249,66.10355],[38.76844,66.07302],[38.31974,66.05649],[38.12589,66.08106],[37.91038,66.08477],[37.74965,66.11351],[37.72693,66.10512],[37.56162,66.13597],[37.34397,66.20441],[36.94382,66.26725],[36.73015,66.28278],[36.51706,66.27561],[35.94862,66.35128],[35.55389,66.38373],[35.35153,66.42504],[35.33793,66.43285],[35.36042,66.43788],[35.32575,66.4712],[35.20404,66.46826],[35.16972,66.49868],[35.10579,66.50791],[34.91067,66.59243],[34.81073,66.60781],[34.70415,66.59124],[34.68983,66.58468],[34.70232,66.57153],[34.68441,66.57599],[34.66128,66.55684],[34.46157,66.54116],[34.3879,66.58581],[34.36714,66.61881],[34.3771,66.63064],[34.50535,66.63152],[34.38117,66.64555],[34.35663,66.6634],[34.37429,66.67653],[34.35189,66.69937],[34.35942,66.67475],[34.33886,66.65511],[34.32543,66.66488],[34.34053,66.68523],[34.31803,66.6595],[34.29971,66.6653],[34.30716,66.67756],[34.28862,66.66216],[34.22725,66.66656],[34.25264,66.71379],[34.20639,66.66301],[34.20381,66.68104],[34.17295,66.68059],[34.17968,66.70335],[34.14326,66.68562],[34.15559,66.67354],[34.09287,66.67403],[34.14055,66.69495],[34.18379,66.74581],[34.17245,66.77701],[34.15001,66.78631],[34.15652,66.75805],[34.14349,66.75229],[34.16377,66.74247],[34.14377,66.73746],[34.13028,66.70251],[34.10822,66.6945],[34.08101,66.70722],[34.09746,66.69245],[34.06376,66.68039],[34.05245,66.71176],[34.06869,66.72112],[34.03264,66.74495],[34.05362,66.76011],[34.0148,66.74856],[34.05019,66.72127],[34.02762,66.68609],[33.92491,66.68552],[33.89564,66.72099],[33.85188,66.71674],[33.8771,66.69506],[33.82049,66.72234],[33.82511,66.74587],[33.81092,66.75591],[33.82983,66.76471],[33.73523,66.77092],[33.70206,66.78753],[33.69083,66.82114],[33.65772,66.79964],[33.60688,66.85198],[33.61794,66.82579],[33.5998,66.80942],[33.62524,66.78662],[33.57808,66.79694],[33.57604,66.81719],[33.5463,66.82764],[33.55524,66.79381],[33.54205,66.79846],[33.64311,66.73366],[33.53702,66.77691],[33.60782,66.73015],[33.56049,66.7396],[33.51911,66.7665],[33.63192,66.70484],[33.54314,66.73368],[33.5572,66.71834],[33.50404,66.71684],[33.16783,66.8213],[33.11066,66.86066],[32.95002,66.90876],[32.79105,67.02423],[32.79823,67.05709],[32.99829,67.08395],[32.76248,67.07508],[32.64181,67.11745],[32.49112,67.11233],[32.32455,67.16708],[32.33907,67.14948],[32.32281,67.15362],[32.31714,67.13759],[32.26212,67.14264],[32.28122,67.12899],[32.24051,67.11246],[32.35387,67.06996],[32.28241,67.07081],[32.32416,67.04717],[32.31095,67.03921],[32.4811,67.02574],[32.56598,66.97688],[32.57133,66.9565],[32.52087,66.95539],[32.53805,66.94419],[32.52849,66.93266],[32.41669,66.94686],[32.41308,66.93406],[32.49006,66.92876],[32.44867,66.9168],[32.50182,66.90853],[32.48605,66.90238],[32.50398,66.89658],[32.46673,66.89115],[32.49359,66.88014],[32.38668,66.86944],[32.53778,66.87416],[32.7057,66.80705],[32.70906,66.79374],[32.67721,66.80725],[32.67129,66.79512],[32.76538,66.76828],[32.85146,66.77478],[32.95631,66.72875],[32.81912,66.74165],[32.88671,66.71396],[32.85441,66.71278],[32.77729,66.74017],[32.81823,66.73883],[32.805,66.75274],[32.6847,66.74871],[32.76633,66.73683],[32.75535,66.73554],[32.86812,66.69604],[32.85478,66.69147],[33.08747,66.6677],[33.18617,66.67349],[33.2602,66.65958],[33.24467,66.65372],[33.26387,66.64118],[33.32051,66.63774],[33.28628,66.62962],[33.32463,66.60781],[33.28158,66.6125],[33.26024,66.63272],[33.11958,66.64134],[33.13693,66.63289],[33.11307,66.62652],[33.12559,66.61935],[33.11875,66.60197],[33.06212,66.58922],[33.09873,66.58166],[32.82394,66.5922],[32.8816,66.56721],[32.98476,66.56811],[33.19607,66.53848],[32.93157,66.51888],[33.05568,66.49805],[33.23823,66.51951],[33.25804,66.51359],[33.23432,66.51312],[33.25151,66.50184],[33.31167,66.49816],[33.27445,66.49209],[33.29614,66.48438],[33.282,66.47919],[33.52251,66.44262],[33.54871,66.44279],[33.52776,66.44925],[33.54687,66.47552],[33.6089,66.47401],[33.62854,66.46627],[33.55148,66.45249],[33.59822,66.42854],[33.71855,66.41525],[33.53054,66.39964],[33.4638,66.37812],[33.60949,66.36688],[33.58062,66.3583],[33.67755,66.33924],[33.65649,66.33703],[33.66678,66.33452],[33.41001,66.32432],[33.21627,66.27958],[33.07816,66.2757],[32.98192,66.24936],[33.25239,66.27275],[33.34742,66.3053],[33.46718,66.3021],[33.43455,66.29087],[33.57332,66.31478],[33.63192,66.30585],[33.58046,66.29536],[33.61065,66.29199],[33.56315,66.27565],[33.74953,66.27672],[33.83147,66.24978],[33.78746,66.24252],[33.9104,66.23459],[33.8708,66.22135],[33.89767,66.21242],[33.87927,66.20045],[33.94918,66.2246],[34.10581,66.22757],[34.15236,66.20437],[34.13468,66.19488],[34.18187,66.18857],[34.14135,66.16681],[34.20062,66.173],[34.21789,66.16805],[34.17116,66.16715],[34.3179,66.14406],[34.53868,66.0691],[34.55824,66.05196],[34.53637,66.04558],[34.58444,66.04781],[34.57596,66.04223],[34.60781,66.0352],[34.58194,66.03344],[34.61965,66.0143],[34.60626,66.00979],[34.701,65.98193],[34.71959,65.96792],[34.71206,65.95885],[34.66344,65.95636],[34.67613,65.946],[34.66205,65.94155],[34.68273,65.94158],[34.63429,65.92036],[34.70335,65.91756],[34.66192,65.90316],[34.699,65.89869],[34.68282,65.87611],[34.70009,65.87259],[34.69835,65.89358],[34.73967,65.90335],[34.78711,65.88362],[34.82608,65.88648],[34.85679,65.86567],[34.81717,65.849],[34.83888,65.84695],[34.81652,65.8398],[34.83257,65.8373],[34.80778,65.82199],[34.82006,65.81929],[34.77665,65.81068],[34.83371,65.80941],[34.8469,65.82818],[34.83404,65.80531],[34.85049,65.79999],[34.89793,65.81783],[34.86289,65.81647],[34.86626,65.82845],[34.89245,65.82838],[34.91982,65.81449],[34.88939,65.81206],[34.90423,65.79346],[34.88888,65.78802],[34.9109,65.78672],[34.89678,65.77692],[34.9877,65.78498],[34.97834,65.77666],[35.00018,65.77714],[34.96155,65.76868],[35.02338,65.76328],[35.01372,65.74319],[34.99329,65.74449],[35.01008,65.73634],[34.96588,65.72757],[34.89609,65.74214],[34.94592,65.74305],[34.91461,65.757],[34.91883,65.77191],[34.86556,65.77577],[34.88993,65.76831],[34.83869,65.75691],[34.91395,65.7565],[34.88098,65.73952],[34.97747,65.71655],[34.9485,65.7113],[34.97842,65.70861],[34.92777,65.67485],[34.79622,65.72775],[34.8096,65.73245],[34.74838,65.76488],[34.70407,65.76295],[34.73333,65.77247],[34.68735,65.76429],[34.72837,65.77594],[34.66097,65.79405],[34.66172,65.78123],[34.71002,65.77759],[34.66156,65.76968],[34.67902,65.76526],[34.6594,65.75752],[34.66545,65.74831],[34.69453,65.74093],[34.68436,65.728],[34.71832,65.72915],[34.68651,65.72286],[34.6969,65.72019],[34.68325,65.71087],[34.71293,65.70901],[34.68065,65.69965],[34.721,65.70892],[34.77285,65.68607],[34.6867,65.66863],[34.72622,65.66614],[34.69868,65.65263],[34.75823,65.6535],[34.71981,65.64422],[34.73455,65.64226],[34.72674,65.62726],[34.75275,65.62747],[34.74873,65.6045],[34.79693,65.58143],[34.78108,65.57113],[34.73675,65.58264],[34.71162,65.5576],[34.75239,65.54844],[34.73713,65.53276],[34.75354,65.52924],[34.63498,65.48648],[34.67483,65.46542],[34.66573,65.45785],[34.69011,65.43533],[34.57185,65.42289],[34.59243,65.43076],[34.50157,65.43744],[34.45605,65.42985],[34.53107,65.40581],[34.47403,65.40664],[34.50552,65.38842],[34.44171,65.41053],[34.42941,65.41013],[34.45278,65.39431],[34.35499,65.40676],[34.40073,65.39071],[34.38013,65.38374],[34.45304,65.37129],[34.44237,65.36667],[34.36219,65.3807],[34.27129,65.37096],[34.45848,65.34771],[34.47595,65.34244],[34.45346,65.3415],[34.4686,65.33149],[34.5008,65.32734],[34.44645,65.31698],[34.47826,65.30901],[34.46371,65.30814],[34.47828,65.29687],[34.462,65.27887],[34.47109,65.27064],[34.45666,65.26935],[34.50831,65.25539],[34.49719,65.24747],[34.50923,65.23941],[34.51316,65.25483],[34.53271,65.25515],[34.53992,65.22182],[34.52397,65.21994],[34.60593,65.22471],[34.61816,65.21537],[34.59751,65.21649],[34.60671,65.20731],[34.65952,65.19446],[34.59871,65.19589],[34.66536,65.18084],[34.67574,65.17177],[34.65527,65.16535],[34.69121,65.15676],[34.64786,65.15392],[34.65525,65.14565],[34.63746,65.13335],[34.661,65.13075],[34.6453,65.11379],[34.67985,65.12133],[34.66172,65.10158],[34.70243,65.08987],[34.68564,65.07855],[34.78329,65.07895],[34.78863,65.05919],[34.75628,65.03721],[34.7887,65.0331],[34.78191,65.01297],[34.79967,65.01634],[34.77405,64.99491],[34.83078,65.02162],[34.7817,64.98039],[34.60816,64.95132],[34.76861,64.953],[34.82763,64.92084],[34.82928,64.90087],[34.76171,64.88915],[34.8258,64.894],[34.83799,64.91381],[34.8442,64.89889],[34.90231,64.88547],[34.87963,64.87159],[34.91812,64.8528],[34.92057,64.83412],[34.96141,64.83624],[34.92768,64.7999],[34.87709,64.78307],[34.88217,64.76673],[34.81853,64.76072],[34.77954,64.73167],[34.81565,64.7258],[34.80678,64.7119],[34.84068,64.67812],[34.91266,64.66198],[34.89962,64.65483],[34.92984,64.63801],[34.91249,64.62982],[34.99587,64.61813],[34.8155,64.54423],[34.85935,64.53806],[34.73132,64.53082],[34.68983,64.509],[34.76539,64.52497],[34.72256,64.525],[34.75867,64.5331],[34.78652,64.5101],[34.82935,64.51437],[34.80945,64.5021],[34.86756,64.50267],[34.85792,64.49573],[34.8857,64.47902],[34.91655,64.4986],[34.97713,64.48435],[34.95675,64.50479],[35.0114,64.50608],[35.00296,64.49481],[35.02994,64.48213],[34.98993,64.47489],[34.99775,64.45611],[34.97469,64.45091],[34.98312,64.42996],[34.96475,64.41776],[35.01199,64.4201],[35.04215,64.40396],[35.11827,64.41896],[35.14519,64.34978],[35.34186,64.3439],[35.32392,64.31976],[35.328,64.29674],[35.37741,64.30188],[35.40361,64.28366],[35.45457,64.29232],[35.4577,64.31304],[35.54523,64.33019],[35.59335,64.31501],[35.61397,64.32412],[35.62674,64.34666],[35.58222,64.37444],[35.60403,64.38326],[35.71426,64.35637],[35.76663,64.31777],[35.83164,64.32109],[35.92159,64.26813],[35.89429,64.2373],[35.95958,64.20824],[35.95458,64.19119],[36.01501,64.18534],[36.04696,64.21273],[36.14,64.17607],[36.15821,64.16531],[36.15528,64.14969],[36.24146,64.12762],[36.17854,64.10354],[36.17158,64.09035],[36.19123,64.07735],[36.17603,64.07389],[36.26197,64.05271],[36.24876,64.00599],[36.3004,63.97103],[36.31511,63.99003],[36.46051,63.9788],[36.45945,63.96372],[36.5099,63.95253],[36.59777,63.95652],[36.64566,63.9374],[36.64866,63.91351],[36.76701,63.90254],[36.75353,63.89626],[36.79519,63.91826],[36.82126,63.91238],[36.8113,63.90711],[36.82755,63.89454],[36.88364,63.88818],[36.93417,63.89834],[36.92336,63.91495],[36.99197,63.88382],[37.20516,63.87714],[37.25128,63.8248],[37.20491,63.81943],[37.23397,63.82544],[37.311,63.79818],[37.4386,63.78354],[37.6205,63.81712],[37.64021,63.83545],[37.63689,63.88186],[37.67412,63.89582],[37.85755,63.88858],[38.00921,63.93525],[37.999,63.95137],[38.07171,64.00015],[38.04377,64.02748],[38.06035,64.07063],[38.00716,64.11452],[37.99951,64.14751],[37.93461,64.16057],[37.89135,64.21146],[37.90415,64.2334],[38.00965,64.28989],[37.91587,64.31015],[37.9146,64.32535],[37.95277,64.33152],[37.93959,64.34253],[37.7886,64.3674],[37.79064,64.43825],[37.70258,64.44088],[37.65405,64.42409],[37.61499,64.35514],[37.56618,64.36871],[37.57415,64.38707],[37.43478,64.379],[37.45275,64.3801],[37.35005,64.34443],[37.30919,64.34614],[37.11052,64.40024],[36.91841,64.52684],[36.78365,64.62888],[36.75196,64.67829],[36.69611,64.70908],[36.53463,64.71617],[36.55167,64.73735],[36.52174,64.76306],[36.52889,64.79226],[36.49982,64.82156],[36.57087,64.81194],[36.46345,64.859],[36.4373,64.92157],[36.52277,64.93283],[36.56871,64.89789],[36.61192,64.89706],[36.64834,64.90472],[36.65684,64.92832],[36.81138,64.95651],[36.83074,64.97039],[36.81005,65.00238],[36.84193,65.01749],[36.86342,65.09295],[36.81828,65.1233],[36.84887,65.15402],[36.90602,65.14682],[37.02905,65.1699],[37.17513,65.14964],[37.67957,65.02877],[37.70995,65.00819],[37.70161,64.96258],[37.88652,64.89203],[38.08744,64.84747],[38.36971,64.84393],[38.33777,64.8028],[38.37098,64.77682],[38.36829,64.76319],[38.33258,64.77411],[38.32547,64.79744],[38.28805,64.80442],[38.20706,64.7714],[38.14765,64.79065],[38.00729,64.75675],[37.99573,64.74458],[38.00424,64.72738],[38.12468,64.673],[37.99436,64.61389],[38.01674,64.61057],[37.98223,64.59166],[38.01921,64.59484],[38.01294,64.58352],[38.04982,64.60401],[38.0397,64.60876],[38.05578,64.63743],[38.14908,64.65497],[38.13209,64.68646],[38.15707,64.7111],[38.36561,64.74381],[38.4952,64.73456],[38.48601,64.75131],[38.42712,64.76605],[38.39487,64.79911],[38.43433,64.80792],[38.54413,64.77403],[38.89784,64.73648],[39.14132,64.65644],[39.28262,64.64605],[39.532,64.54904],[39.54552,64.59132],[39.6192,64.65683],[39.89586,64.81786],[40.10407,65.07842],[40.08649,65.0879],[40.10495,65.09987],[40.08539,65.08949],[40.09556,65.08079],[40.04942,65.10431],[40.009,65.17045],[39.95197,65.18828],[39.84207,65.28095],[39.72242,65.33851],[39.70348,65.45674],[39.7727,65.57336],[39.87431,65.62657],[40.17413,65.69301],[40.26896,65.7426],[40.47751,65.80834],[40.64138,65.93524],[40.74702,65.98626],[40.98847,66.00621],[41.33357,66.0604],[41.52498,66.12166],[41.57601,66.15544],[41.63001,66.15648],[41.63306,66.13605],[41.65842,66.12856],[41.64079,66.14456],[41.64575,66.16111],[41.59227,66.15826],[41.76618,66.24132],[41.85893,66.32205],[41.90596,66.32786],[41.97824,66.36741],[42.10734,66.48655],[42.21475,66.51153],[42.31198,66.50786],[42.59458,66.44288],[42.63389,66.41943],[42.57798,66.40962],[42.4509,66.3365],[42.58869,66.3953],[42.81214,66.3898],[43.22026,66.41468],[43.27273,66.40837],[43.32803,66.37368],[43.3634,66.32981],[43.34888,66.33784],[43.35627,66.31719],[43.34335,66.31553],[43.40431,66.32704],[43.6002,66.29401],[43.67954,66.23487],[43.46534,66.17663],[43.46016,66.15254],[43.39996,66.13518],[43.36839,66.10582],[43.27762,66.10023],[43.29302,66.08224],[43.2861,66.09137],[43.30968,66.09701],[43.32814,66.09439],[43.31708,66.08046],[43.34336,66.0833],[43.32362,66.06749],[43.3192,66.08176],[43.30071,66.08028],[43.36148,66.02723],[43.43814,66.03813],[43.47583,66.00743],[43.45998,65.99423],[43.49166,65.9682],[43.45995,65.94257],[43.48285,65.9052],[43.47207,65.89179],[43.4871,65.90729],[43.46943,65.93601],[43.49939,65.97544],[43.47995,66.01745],[43.42439,66.05193],[43.37318,66.04078],[43.34923,66.05114],[43.39325,66.07667],[43.39843,66.09885],[43.46382,66.13391],[43.6596,66.16872],[43.71691,66.18556],[43.71758,66.19734],[43.74641,66.17763],[43.75717,66.19025],[43.8398,66.19228],[43.88391,66.17756],[43.9582,66.09836],[44.0758,66.06292],[44.0252,66.01746],[44.03246,65.98554],[44.0189,65.9827],[44.11811,65.93308],[44.12825,65.88522],[44.19352,65.81169],[44.21381,65.83198],[44.18203,65.86993],[44.23406,65.84598],[44.16682,65.88537],[44.15566,65.91101],[44.18652,65.89494],[44.1616,65.91117],[44.16604,65.92858],[44.08557,65.98848],[44.16247,66.04594],[44.18253,66.0411],[44.16385,66.04186],[44.16113,66.07986],[44.14662,66.08676],[44.14716,66.10824],[44.16373,66.10322],[44.12029,66.12102],[44.11121,66.16577],[44.13254,66.16865],[44.09729,66.15471],[44.07206,66.22186],[44.11969,66.30934],[44.25026,66.43597],[44.52075,66.36162],[44.58952,66.29758],[44.85494,66.23057],[44.989,66.22505],[45.26754,66.17825],[45.72583,66.06902],[45.84849,66.08543],[46.3471,66.03829],[46.77045,65.93534],[47.14476,65.82131],[47.47135,65.84393],[47.73835,65.82097],[47.79742,65.8379],[47.84353,65.85534],[47.74923,65.90646],[47.82456,65.98159],[47.84917,65.98297],[47.91104,66.03228],[48.02913,66.01328],[48.08465,66.12925],[49.00047,66.11357],[49.05216,65.22545],[49.63541,65.288],[50.23293,64.83088],[50.49891,64.79268],[50.36068,64.51039],[49.9125,64.55788],[49.90542,64.54751],[49.55241,64.57583],[49.48316,64.42506],[48.96106,64.47755],[48.88552,64.34267],[48.89312,64.32928],[48.52447,64.35562],[48.46473,64.20433],[48.18875,64.23064],[48.16576,64.27617],[48.16144,64.34525],[47.34453,64.35439],[46.63022,64.3169],[46.32108,64.24799],[45.85201,64.27803],[45.71404,64.25744],[45.39935,64.17492],[45.59452,64.05696],[45.94339,63.95663],[46.15116,63.94385],[46.40833,63.88911],[46.80988,63.75665],[47.01732,63.57773],[47.01197,63.51797],[46.93926,63.45355],[46.94272,63.34941],[47.03202,63.29242],[47.05102,63.25391],[47.16017,63.24544],[47.39005,63.15633],[47.56736,63.14488],[47.55982,63.11333],[47.54238,63.11506],[47.53081,63.04995],[47.40906,62.9648],[47.44274,62.96498],[47.06089,62.82629],[47.24536,62.63873],[47.23191,62.33719],[47.40289,62.33443],[47.38908,62.18141],[47.64262,62.17571],[47.65936,62.32839],[48.3229,62.30715],[48.29802,62.47692],[48.25399,62.50747],[48.35223,62.73374],[48.68141,62.70214],[48.74133,62.8517],[49.56741,62.77674],[49.42502,62.44705],[49.46964,62.36515],[49.37457,62.13391],[49.28849,62.14047],[49.2798,62.11785],[49.3049,62.10824],[49.22795,62.10204],[49.04031,61.64869],[49.5021,61.60504],[49.32082,61.15277],[49.12675,61.17223],[48.95936,61.10567],[48.93074,61.13864],[48.47497,61.02214],[48.41968,60.83721],[47.96653,60.87917],[47.95599,60.98855],[47.8972,61.01682],[47.83621,61.00797],[47.78907,61.02636],[47.66256,61.03102],[47.64545,61.0507],[47.60308,61.06059],[47.48606,61.04667],[47.48258,61.03547],[47.19318,61.06739],[47.18224,61.02834],[47.19395,60.99698],[47.1023,60.96175],[47.09918,60.9443],[47.11654,60.93843],[47.03308,60.72568],[46.98295,60.72181],[47.01561,60.70868],[46.97648,60.69233],[47.00609,60.66994],[46.96086,60.65546],[46.96275,60.63973],[47.01314,60.62454],[46.99589,60.58474],[47.01787,60.56716],[47.00162,60.5577],[47.03869,60.55563],[47.03802,60.5446],[46.97929,60.55195],[46.95245,60.53125],[46.87384,60.51351],[46.89548,60.48929],[46.88875,60.45413],[46.83565,60.4329],[46.87173,60.4142],[46.77935,60.39604],[46.75846,60.36478],[46.84354,60.35823],[46.79437,60.32473],[46.81634,60.29745],[46.76303,60.23368],[46.63598,60.2627],[46.47785,60.24255],[46.41582,60.26892],[46.39061,60.26311],[46.38498,60.24619],[46.2831,60.25382],[46.26378,60.23715],[46.34082,60.2073],[46.32656,60.16617],[46.35865,60.16128],[46.35318,60.14702],[46.37798,60.13209],[46.35269,60.11045],[46.49788,60.10631],[46.58695,60.0811],[46.59831,60.06451],[46.62451,60.06194],[46.6515,60.08466],[46.66452,60.0619],[46.74131,60.06837],[46.76088,60.06199],[46.75238,60.04532],[46.77883,60.04105],[46.77863,60.05768],[46.83236,60.05341],[46.82357,60.06891],[46.89082,60.0758],[46.88336,60.10109],[46.92059,60.12323],[47.03477,60.12638],[46.92235,59.7655],[47.15288,59.75223],[47.11782,59.59897],[46.79716,59.6236],[46.78983,59.59309],[46.70953,59.59065],[46.40891,59.61865],[46.37246,59.50016],[46.40631,59.49639],[46.36887,59.34248],[46.16577,59.35372],[46.16307,59.31361],[46.02029,59.32395],[45.97903,59.17165],[45.69216,59.19933],[45.60998,59.19783],[45.60597,59.17714],[45.57991,59.17945],[45.57033,59.20102],[45.34047,59.21604],[45.3339,59.18388],[45.05626,59.1983],[45.03964,59.12181],[44.40025,59.15869],[44.35263,59.13254],[44.33346,59.14968],[44.29462,59.15147],[44.28649,59.17327],[44.19022,59.17012],[44.20777,59.2257],[44.17111,59.23733],[43.94817,59.20809],[43.90083,59.23943],[43.80635,59.24256],[43.77638,59.26837],[43.69473,59.26028],[43.67454,59.23359],[43.60926,59.23455],[43.63693,59.21762],[43.6109,59.1898],[43.53496,59.1785],[43.52539,59.20758],[43.55707,59.21769],[43.53088,59.24026],[43.5443,59.25731],[43.50845,59.25955],[43.50405,59.30589],[43.33743,59.26616],[43.38257,59.20441],[43.33457,59.19814],[43.26392,59.24694],[43.24048,59.22841],[43.21068,59.23588],[43.14352,59.26796],[43.14382,59.29255],[43.1325,59.28169],[43.15149,59.25451],[43.14085,59.24915],[43.08448,59.25014],[43.08598,59.23376],[43.02818,59.2029],[43.00133,59.21278],[42.96162,59.19137],[42.90898,59.20064],[42.86653,59.16117],[42.86455,59.17756],[42.82322,59.18509],[42.79969,59.17003],[42.75732,59.21692],[42.6924,59.2235],[42.65493,59.26431],[42.68323,59.27374],[42.67317,59.29803],[42.65278,59.30051],[42.67348,59.31514],[42.63638,59.32818],[42.5738,59.32992],[42.55706,59.31346],[42.5231,59.3311],[42.54989,59.33687],[42.50768,59.33841],[42.50724,59.31914],[42.34839,59.30463],[42.31212,59.27192],[42.31418,59.2575],[42.27922,59.26154],[42.29075,59.26951],[42.27252,59.2918],[42.23184,59.30069],[42.20277,59.32755],[42.21625,59.40848],[42.03486,59.42955],[41.98646,59.3929],[41.9622,59.28171],[41.89394,59.29301],[41.94835,59.26152],[42.0292,59.24196],[42.03168,59.25432],[42.09866,59.24982],[42.09034,59.15592],[42.03826,59.13633],[42.05745,59.12289],[42.00134,59.10473],[41.95869,59.12238],[41.92708,59.10171],[41.94891,59.07864],[41.90684,59.07355],[41.82613,59.10498],[41.72852,59.11091],[41.71442,59.08494],[41.52521,59.04127],[41.52819,59.01953],[41.39821,58.98897],[41.34903,58.95194],[41.33408,58.98306],[41.30549,58.99124],[41.26823,58.992],[41.19001,58.95603],[41.17162,58.93156],[41.18726,58.92171],[41.18171,58.8954],[41.22592,58.88432],[41.26362,58.89871],[41.27111,58.88693],[41.25528,58.8757],[41.25881,58.83818],[41.24291,58.85188],[41.19955,58.8484],[41.22177,58.8195],[41.15589,58.80309],[41.23006,58.74104],[41.22066,58.71333],[41.18941,58.71224],[41.1941,58.7011],[41.1678,58.68842],[41.16536,58.65695],[41.10521,58.65441],[41.06573,58.63278],[41.0522,58.60677],[40.95802,58.57812],[40.93248,58.58887],[40.93007,58.57634],[40.89986,58.57411],[40.87997,58.59121],[40.83474,58.57462],[40.81372,58.59082],[40.69444,58.59432],[40.53503,58.56713],[40.49622,58.54333],[40.45793,58.54756],[40.46941,58.53823],[40.34303,58.55487],[40.31746,58.53434],[40.26417,58.55235],[40.204,58.54926],[40.16247,58.57859],[40.08087,58.60274],[40.09108,58.62319],[40.13594,58.62693],[40.13023,58.64275],[40.10066,58.66086],[40.04849,58.6562],[40.05428,58.67939],[40.03574,58.67731],[40.01903,58.70384],[40.02008,58.74122],[39.97333,58.73935],[39.95429,58.75844],[39.87096,58.75241],[39.79326,58.83706],[39.71973,58.82044],[39.60412,58.90493],[39.5714,58.87586],[39.4546,58.88264],[39.45737,58.89403],[39.43084,58.90568],[39.37783,58.88328],[39.36312,58.8976],[39.37075,58.91108],[39.32932,58.91709],[39.33427,58.92616],[39.26119,58.91802],[39.2674,58.90578],[39.24252,58.89493],[39.22535,58.92135],[39.12412,58.95099],[39.02382,58.92807],[39.00611,58.94427],[39.01476,58.95118],[38.98981,58.95601],[38.94876,58.94336],[38.94418,58.90742],[38.92622,58.89697],[39.03606,58.85566],[38.92009,58.80716],[38.93828,58.79538],[38.91583,58.77906],[38.92326,58.73333],[38.71912,58.7536],[38.69066,58.74747],[38.702,58.73265],[38.68719,58.72796],[38.66289,58.7573],[38.55729,58.77283],[38.55006,58.76361],[38.56522,58.75171],[38.48691,58.69989],[38.41296,58.72682],[38.06455,58.73011],[37.98348,58.70712],[38.02297,58.68945],[37.95482,58.6775],[37.96659,58.66312],[37.92738,58.64745],[37.89682,58.61132],[37.83326,58.63054],[37.71215,58.62568],[37.69746,58.57141],[37.71639,58.55464],[37.69426,58.52332],[37.62805,58.4831],[37.58509,58.51283],[37.53575,58.52226],[37.51229,58.55392],[37.41397,58.58347],[37.36489,58.64646],[37.28427,58.64806],[37.3197,58.69583],[37.27616,58.68144],[37.27515,58.6964],[37.23041,58.7186],[37.23868,58.73656],[37.19882,58.75159],[37.19175,58.82007],[37.07096,58.86314],[36.99332,58.83113],[36.84786,58.83617],[36.76545,58.80094],[36.82919,58.74211],[36.80752,58.72225],[36.69725,58.71474],[36.6875,58.69444],[36.66368,58.70175],[36.62974,58.65061],[36.6305,58.61925],[36.58709,58.62669],[36.58518,58.60125],[36.53913,58.60382],[36.50785,58.58059],[36.54375,58.55971],[36.50305,58.51548],[36.46414,58.52907],[36.43424,58.51164],[36.3913,58.5193],[36.34979,58.47731],[36.26546,58.52069],[36.24381,58.52141],[36.23157,58.50216],[36.10245,58.50495],[36.0153,58.4726],[36.0197,58.45917],[35.94154,58.46484],[35.91801,58.43987],[35.94191,58.4384],[35.93963,58.42303],[35.91631,58.42043],[35.90265,58.43508],[35.83532,58.41584],[35.82958,58.42959],[35.76811,58.43224],[35.77779,58.4529],[35.73274,58.43408],[35.64488,58.46017],[35.51653,58.44767],[35.49756,58.4286],[35.46012,58.42866],[35.47066,58.40999],[35.30394,58.40977],[35.30468,58.39601],[35.24731,58.38357],[35.28333,58.36566],[35.25575,58.31723],[35.25717,58.2742],[35.14244,58.23915],[35.11844,58.21246],[35.08286,58.21495],[35.05089,58.19462],[34.9843,58.22563],[34.84932,58.2278],[34.79348,58.24597],[34.6895,58.20013],[34.72422,58.20207],[34.71657,58.18545],[34.7366,58.17214],[34.7118,58.15402],[34.73135,58.14232],[34.72149,58.0903],[34.67165,58.07347],[34.6151,58.09445],[34.59693,58.11842],[34.55197,58.10472],[34.50472,58.11482],[34.48434,58.12774],[34.49809,58.13929],[34.47249,58.15477],[34.42548,58.14926],[34.35748,58.17697],[34.33612,58.1609],[34.27693,58.18792],[34.20753,58.19064],[34.18069,58.21275],[34.14926,58.20087],[34.12146,58.21329],[34.02601,58.18429],[33.99828,58.21339],[33.96341,58.19944],[33.97156,58.18028],[33.92813,58.16329],[33.80297,58.13781],[33.78001,58.16979],[33.70587,58.17031],[33.6968,58.15254],[33.63784,58.12863],[33.63532,58.10733],[33.58596,58.12048],[33.57519,58.10856],[33.60298,58.10081],[33.5941,58.09051],[33.52856,58.05841],[33.5695,58.02369],[33.62454,58.03873],[33.62516,58.00513],[33.6895,58.00284],[33.69273,57.99043],[33.67797,57.98137],[33.69115,57.96851],[33.66835,57.96105],[33.68189,57.89999],[33.64706,57.87323],[33.59756,57.87436],[33.54735,57.85116],[33.57531,57.84394],[33.54499,57.83626],[33.56474,57.79536],[33.54349,57.79132],[33.5466,57.76265],[33.59312,57.72762],[33.53553,57.71068],[33.50966,57.72881],[33.48021,57.71453],[33.49213,57.69927],[33.47654,57.67935],[33.42086,57.70227],[33.35066,57.65576],[33.30663,57.64853],[33.30101,57.62919],[33.32693,57.60653],[33.31859,57.5833],[33.29492,57.58294],[33.30475,57.56524],[33.29307,57.54945],[33.23141,57.53537],[33.23223,57.47753],[33.26663,57.4634],[33.26403,57.42192],[33.24004,57.41143],[33.17758,57.42231],[33.16037,57.4308],[33.18491,57.45396],[33.12734,57.46522],[33.07835,57.46611],[33.07302,57.44279],[33.05049,57.4299],[32.99332,57.45237],[32.96256,57.44661],[32.93728,57.46557],[32.91592,57.44514],[32.78858,57.46719],[32.76576,57.44048],[32.70692,57.43403],[32.70684,57.40656],[32.68197,57.41007],[32.66226,57.39089],[32.66391,57.36792],[32.63627,57.36745],[32.64839,57.35755],[32.63168,57.33486],[32.58265,57.32079],[32.54133,57.33964],[32.54762,57.32445],[32.48548,57.28244],[32.39195,57.26014],[32.37713,57.22465],[32.32244,57.22731],[32.27617,57.25978],[32.23637,57.25511],[32.23113,57.22968],[32.25103,57.22259],[32.25035,57.20256],[32.18159,57.1786],[32.1034,57.18671],[32.08108,57.15903],[32.02045,57.14956],[32.00167,57.11384],[31.92292,57.09523],[31.92668,57.08023],[31.88215,57.09454],[31.90121,57.11461],[31.88009,57.13084],[31.80225,57.10036],[31.75573,57.11405],[31.64739,57.02619],[31.69601,56.99006],[31.64675,57.00331],[31.56395,56.97763],[31.531,56.94658],[31.44173,56.95444],[31.43438,56.92469],[31.39086,56.90907],[31.33498,56.93924],[31.30822,56.93768],[31.32296,56.95126],[31.29876,56.95574],[31.10095,56.93098],[31.04922,56.95809],[31.0309,56.98758],[31.00493,56.98664],[30.97887,56.97525],[30.97596,56.91179],[30.94161,56.89598],[30.96244,56.88949],[30.93545,56.86572],[30.89615,56.87118],[30.90001,56.89033],[30.87983,56.88576],[30.87475,56.85395],[30.88985,56.84849],[30.87013,56.82818],[30.87655,56.80646],[30.81804,56.82384],[30.72839,56.78077],[30.78482,56.78968],[30.76287,56.75897],[30.83484,56.75504],[30.8362,56.74212],[30.77563,56.73391],[30.83306,56.71564],[30.80965,56.69919],[30.89012,56.6601],[30.88786,56.64517],[31.05897,56.6548],[31.04953,56.5723],[31.01449,56.5455],[31.02112,56.52287],[31.00182,56.51711],[31.01883,56.50247],[30.98948,56.48367],[31.1188,56.43958],[31.2126,56.42722],[31.2066,56.41415],[31.2297,56.40843],[31.2306,56.33882],[31.36107,56.32553],[31.38838,56.30165],[31.40547,56.31398],[31.51786,56.30609],[31.51718,56.28971],[31.49388,56.28923],[31.49592,56.27122],[31.46266,56.25378],[31.47374,56.24555],[31.46189,56.19763],[31.50119,56.18403],[31.50761,56.15813],[31.44939,56.13339],[31.46945,56.11489],[31.46731,56.08741],[31.49942,56.07183],[31.50844,56.04989],[31.49113,56.02369],[31.46475,56.02449],[31.34965,55.94483],[31.38947,55.92713],[31.41615,55.89143],[31.3949,55.86802],[31.41466,55.83644],[31.40377,55.81108],[31.48914,55.70714],[31.42218,55.71604],[31.46707,55.72934],[31.45643,55.74015],[31.41882,55.72449],[31.31102,55.74221],[31.30533,55.72551],[31.25952,55.74397],[31.21564,55.7203],[31.14013,55.758],[31.0743,55.75939],[31.07778,55.74768],[31.03806,55.76084],[31.03015,55.72502],[31.06056,55.69877],[30.95997,55.67635],[30.9517,55.64933],[30.92801,55.64181],[30.93262,55.62474],[30.83814,55.62898],[30.85623,55.62119],[30.80949,55.59052],[30.75078,55.59724],[30.75825,55.60898],[30.72932,55.66339],[30.67258,55.63611],[30.67569,55.65902],[30.65658,55.65914],[30.67186,55.67381],[30.64147,55.67579],[30.65134,55.69828],[30.62904,55.73057],[30.58169,55.75113],[30.52628,55.75268],[30.49288,55.78292],[30.51789,55.78877],[30.51173,55.79931],[30.4815,55.81272],[30.36668,55.80904],[30.33948,55.83525],[30.28673,55.83164],[30.27709,55.87014],[30.18046,55.86248],[30.15938,55.87856],[30.165,55.84982],[30.10698,55.83125],[29.9971,55.87031],[29.94093,55.85173],[29.89498,55.86268],[29.86407,55.84901],[29.87768,55.84144],[29.80634,55.78342],[29.76917,55.77888],[29.74529,55.80225],[29.62265,55.78025],[29.58606,55.75973],[29.57846,55.73407],[29.51529,55.70158],[29.35862,55.76797],[29.39588,55.86114],[29.42525,55.87256],[29.39543,55.9034],[29.47953,55.91813],[29.42242,55.94537],[29.44991,55.95846],[29.42261,55.96893],[29.25793,55.99663],[29.21615,55.98788],[29.15578,56.0267],[29.11399,56.01601],[29.08815,56.0341],[28.85807,55.98854],[28.84516,55.9542],[28.80997,55.9719],[28.73383,55.96701],[28.69994,56.02641],[28.63641,56.07445],[28.68127,56.10463],[28.6199,56.09936],[28.54913,56.11576],[28.41928,56.08629],[28.42149,56.09829],[28.37837,56.11124],[28.37159,56.09611],[28.39493,56.07904],[28.35583,56.05823],[28.30439,56.06263],[28.27791,56.09512],[28.24309,56.08581],[28.24795,56.1134],[28.15743,56.14318],[28.14673,56.16334],[28.17951,56.1799],[28.1866,56.20025],[28.17488,56.20523],[28.20388,56.21468],[28.18541,56.2304],[28.24149,56.27855],[28.19376,56.35787],[28.16306,56.37957],[28.19512,56.40497],[28.18259,56.42797],[28.19277,56.44857],[28.12963,56.49073],[28.13373,56.50949],[28.09468,56.51689],[28.10312,56.54168],[28.14174,56.55197],[28.14353,56.57177],[28.04321,56.59038],[28.01144,56.63669],[28.01273,56.67244],[27.97872,56.6888],[27.98102,56.70694],[27.89873,56.75213],[27.91508,56.77321],[27.94493,56.77666],[27.94425,56.80259],[27.97671,56.8116],[27.96891,56.83572],[27.90164,56.8206],[27.87396,56.87742],[27.84733,56.88013],[27.65934,56.83435],[27.67216,56.89575],[27.68634,56.91583],[27.73744,56.92008],[27.76961,57.00522],[27.7154,57.00629],[27.74873,57.05325],[27.74301,57.06784],[27.76878,57.08561],[27.71517,57.09765],[27.75239,57.0983],[27.73663,57.11871],[27.81827,57.14326],[27.83331,57.16663],[27.82874,57.2086],[27.87063,57.24831],[27.86731,57.29721],[27.82371,57.323],[27.78223,57.32041],[27.77942,57.34332],[27.68193,57.37325],[27.67127,57.39502],[27.51734,57.42696],[27.56779,57.51061],[27.54624,57.51927],[27.55635,57.53777],[27.41523,57.5226],[27.37443,57.53543],[27.35159,57.51807],[27.31746,57.57998]],[[29.78593,61.22215],[29.9055,61.17496],[29.86089,61.17067],[29.90375,61.1482],[29.88828,61.14285],[30.02814,61.11544],[30.09101,61.07916],[30.12576,61.07787],[30.11411,61.09095],[30.15514,61.07882],[30.1897,61.04132],[30.25557,61.01687],[30.28905,60.97801],[30.36043,60.95985],[30.45333,60.87512],[30.42691,60.85699],[30.45211,60.83873],[30.53035,60.81225],[30.54487,60.72635],[30.49722,60.7266],[30.50065,60.69808],[30.5298,60.66376],[30.51289,60.65703],[30.50644,60.62256],[30.56725,60.59548],[30.61094,60.60131],[30.63836,60.57092],[30.67646,60.57787],[30.86422,60.3993],[30.95913,60.19914],[31.00294,60.17164],[31.05069,60.17635],[31.05409,60.14132],[31.09025,60.11662],[31.06482,60.0724],[31.11368,60.04013],[31.08113,60.01938],[31.09669,59.9901],[31.02904,59.95628],[31.09114,59.92455],[31.20766,59.91254],[31.22344,59.93906],[31.30118,59.93431],[31.30577,59.94506],[31.34134,59.90671],[31.38873,59.89831],[31.5317,59.92491],[31.55975,59.949],[31.56267,59.99233],[31.47316,60.07951],[31.50461,60.07083],[31.56932,60.09142],[31.61043,60.13762],[31.58174,60.14941],[31.54398,60.13212],[31.5498,60.14786],[31.65995,60.19141],[31.69269,60.22963],[31.71688,60.22737],[31.71933,60.24514],[31.75243,60.24506],[31.753,60.2251],[31.81032,60.23964],[31.81181,60.22677],[31.88738,60.21856],[31.94939,60.23063],[32.03771,60.20629],[32.09553,60.21248],[32.07544,60.20433],[32.0815,60.19298],[32.09673,60.19428],[32.09917,60.2125],[32.1165,60.20899],[32.11377,60.19686],[32.14127,60.20892],[32.16668,60.1769],[32.14751,60.16236],[32.23183,60.11981],[32.4312,60.14241],[32.57684,60.18448],[32.61336,60.20776],[32.63362,60.2453],[32.62044,60.28513],[32.59493,60.2887],[32.60842,60.2922],[32.58414,60.3273],[32.5856,60.35235],[32.61385,60.32533],[32.6915,60.39759],[32.68717,60.42073],[32.60658,60.47245],[32.58277,60.51174],[32.6142,60.51726],[32.62476,60.53835],[32.75633,60.50681],[32.83866,60.51893],[32.91239,60.55816],[32.96321,60.64041],[32.93045,60.67821],[32.82107,60.708],[32.81005,60.83908],[32.77129,60.87053],[32.7064,60.88924],[32.71292,60.90343],[32.61782,60.97248],[32.63339,60.98553],[32.62538,60.99279],[32.60041,60.9972],[32.60328,60.97586],[32.58611,60.98684],[32.59359,61.06482],[32.50975,61.12859],[32.35513,61.18492],[32.24851,61.1993],[32.20664,61.23219],[31.90734,61.29577],[31.86172,61.32516],[31.86489,61.34501],[31.85064,61.35398],[31.76537,61.36272],[31.70373,61.38682],[31.66314,61.41698],[31.67692,61.43469],[31.65547,61.46708],[31.61114,61.49246],[31.58253,61.48049],[31.57934,61.45111],[31.65614,61.4186],[31.67898,61.38828],[31.61029,61.41946],[31.61013,61.40833],[31.56442,61.46357],[31.53861,61.46711],[31.54159,61.48279],[31.56272,61.48677],[31.543,61.49252],[31.56899,61.5076],[31.48439,61.53441],[31.4971,61.54699],[31.41589,61.59996],[31.40453,61.63504],[31.36937,61.6109],[31.36069,61.63892],[31.3442,61.63517],[31.35616,61.62951],[31.34792,61.62176],[31.33264,61.65201],[31.32869,61.63473],[31.35478,61.60715],[31.34792,61.59809],[31.31461,61.61743],[31.32938,61.58355],[31.28075,61.61664],[31.30404,61.59913],[31.2911,61.58477],[31.27079,61.59673],[31.27226,61.64964],[31.2276,61.65817],[31.24778,61.61623],[31.23545,61.60687],[31.17671,61.63864],[31.18987,61.61213],[31.16637,61.63099],[31.16845,61.66755],[31.15025,61.64825],[31.18265,61.60252],[31.10862,61.59658],[31.09952,61.6229],[31.07988,61.62722],[31.07345,61.6608],[31.0978,61.68785],[31.03378,61.70055],[31.03705,61.71476],[31.00888,61.70381],[30.87174,61.72415],[30.86175,61.72792],[30.92271,61.73049],[30.90741,61.74336],[30.92065,61.74731],[30.82366,61.75591],[30.76202,61.78547],[30.74669,61.78059],[30.8022,61.76509],[30.79405,61.74427],[30.74373,61.7416],[30.77209,61.73225],[30.76835,61.71609],[30.67799,61.70449],[30.69453,61.67707],[30.65571,61.66442],[30.68942,61.64963],[30.6549,61.64915],[30.66953,61.6388],[30.6591,61.62792],[30.69766,61.63088],[30.72135,61.6144],[30.619,61.63161],[30.56662,61.6211],[30.61471,61.61981],[30.59802,61.61216],[30.55199,61.61125],[30.61093,61.61062],[30.62109,61.59552],[30.54536,61.59955],[30.56127,61.59629],[30.53728,61.58766],[30.59091,61.57832],[30.63978,61.5478],[30.60798,61.55808],[30.62538,61.54922],[30.58631,61.53844],[30.51163,61.56086],[30.55804,61.54018],[30.4857,61.51272],[30.40886,61.54091],[30.46772,61.51353],[30.44409,61.49667],[30.49148,61.50316],[30.47503,61.48748],[30.49542,61.48248],[30.4688,61.47779],[30.34998,61.49588],[30.35333,61.51095],[30.32832,61.51027],[30.31049,61.53102],[30.31031,61.50993],[30.26557,61.5182],[30.24501,61.50033],[30.21181,61.52682],[30.21651,61.48346],[30.234,61.48391],[30.22174,61.46424],[30.24781,61.45384],[30.23013,61.43073],[30.25507,61.44614],[30.24908,61.42149],[30.19665,61.43192],[30.22183,61.4118],[30.19936,61.42457],[30.17967,61.42215],[30.19723,61.41187],[30.17678,61.4164],[30.21726,61.40024],[30.21623,61.35543],[30.14118,61.36187],[30.16076,61.35702],[30.16038,61.33681],[30.18378,61.35212],[30.24266,61.3498],[30.25255,61.32589],[30.21045,61.32505],[30.18537,61.3411],[30.19388,61.33079],[30.15867,61.32941],[30.21263,61.32329],[30.23212,61.29483],[30.17849,61.2858],[30.12191,61.31244],[30.08223,61.29669],[30.10438,61.28946],[30.06091,61.29214],[30.08528,61.27487],[30.05522,61.27335],[30.10925,61.25367],[30.07227,61.2494],[30.09044,61.24128],[30.07864,61.22611],[29.99605,61.2453],[29.98221,61.25518],[29.99894,61.26152],[29.97383,61.26076],[29.97786,61.2711],[29.94629,61.26365],[29.9012,61.28316],[29.89897,61.29422],[29.93634,61.30302],[29.9016,61.29837],[29.88669,61.29186],[29.8999,61.27709],[29.87722,61.28096],[29.90236,61.2712],[29.904,61.25093],[29.85171,61.27152],[29.84199,61.26587],[29.88174,61.25235],[29.82242,61.2613],[29.92123,61.23594],[29.91319,61.21792],[29.85105,61.22697],[29.88731,61.2182],[29.88069,61.19991],[29.91487,61.18933],[29.78593,61.22215]],[[34.21657,62.18278],[34.2874,62.14503],[34.30807,62.11207],[34.27987,62.13151],[34.27247,62.10779],[34.28589,62.09725],[34.3917,62.06265],[34.37216,62.07902],[34.41774,62.04577],[34.52105,62.01326],[34.59513,61.95605],[34.58692,61.94747],[34.63023,61.89575],[34.6116,61.86851],[34.49916,61.90246],[34.61737,61.85683],[34.5402,61.86499],[34.59408,61.83035],[34.55936,61.81714],[34.57157,61.79122],[34.47918,61.83126],[34.35573,61.84656],[34.31102,61.83526],[34.3197,61.81638],[34.49973,61.7416],[34.59336,61.64537],[34.63814,61.63257],[34.65699,61.64766],[34.69177,61.62395],[34.6583,61.62497],[34.64874,61.61002],[34.69918,61.59945],[34.70772,61.57612],[34.77054,61.57201],[34.91622,61.51282],[34.95432,61.52575],[35.07414,61.52084],[35.04426,61.4888],[35.05526,61.48235],[35.09577,61.50643],[35.09072,61.49643],[35.14315,61.4889],[35.1472,61.47139],[35.25088,61.47974],[35.26503,61.46874],[35.25164,61.45594],[35.35567,61.42328],[35.32452,61.41539],[35.35361,61.38351],[35.48682,61.36904],[35.48485,61.34657],[35.53969,61.3002],[35.53434,61.27683],[35.60342,61.24666],[35.61482,61.2188],[35.59733,61.20021],[35.6023,61.17875],[35.69589,61.13259],[35.63733,61.08276],[35.64882,61.05916],[35.59635,61.03002],[35.57148,60.99726],[35.48645,61.01183],[35.47596,60.98716],[35.49699,60.97454],[35.47654,60.96649],[35.47939,60.95166],[35.52617,60.92063],[35.69326,60.89141],[35.79162,60.91433],[35.80907,60.93993],[36.00524,60.96122],[36.10087,61.08333],[36.17692,61.06827],[36.28588,61.09516],[36.39796,61.14678],[36.43911,61.19796],[36.34169,61.27247],[36.39731,61.28981],[36.46415,61.35147],[36.46917,61.38618],[36.44926,61.42218],[36.3798,61.4607],[36.24702,61.48465],[36.24995,61.51328],[36.1685,61.60524],[36.02147,61.67278],[36.05482,61.68326],[36.0613,61.71548],[36.00489,61.78379],[35.94775,61.802],[35.9455,61.824],[35.8805,61.8225],[35.83025,61.8485],[35.89537,61.88281],[35.86795,61.90048],[35.86608,61.92335],[35.90876,61.92533],[35.83747,61.97333],[35.78038,61.97661],[35.72778,62.00278],[35.70963,62.0321],[35.6753,62.0408],[35.70689,62.04933],[35.68423,62.07941],[35.73607,62.11202],[35.81942,62.21649],[35.81469,62.28384],[35.86207,62.3097],[35.83746,62.33282],[35.86334,62.346],[35.8411,62.37248],[35.85646,62.3751],[35.87271,62.41131],[35.84259,62.43367],[35.86131,62.43701],[35.83381,62.47263],[35.74946,62.51353],[35.7474,62.53951],[35.63602,62.56382],[35.54297,62.55868],[35.59518,62.57253],[35.57302,62.57987],[35.59367,62.60906],[35.56315,62.62586],[35.52623,62.6213],[35.50617,62.63843],[35.47978,62.60885],[35.55766,62.53203],[35.50265,62.57859],[35.42299,62.60895],[35.41855,62.62259],[35.45272,62.62878],[35.41646,62.65683],[35.25898,62.67261],[35.20444,62.71585],[34.96982,62.75239],[35.00809,62.7635],[35.07924,62.73499],[35.11456,62.74035],[35.02388,62.77344],[34.99726,62.76847],[34.98611,62.78858],[34.96019,62.77928],[34.81116,62.84579],[34.81472,62.83223],[34.73531,62.82746],[34.73755,62.79245],[34.71678,62.79543],[34.65069,62.83551],[34.63301,62.86308],[34.55916,62.8944],[34.59019,62.89053],[34.5769,62.90282],[34.48796,62.91448],[34.44249,62.89601],[34.45437,62.84813],[34.49992,62.82438],[34.4825,62.85286],[34.52437,62.84496],[34.58278,62.75573],[34.57845,62.73812],[34.64554,62.70599],[34.65635,62.69638],[34.64348,62.69977],[34.6464,62.68599],[34.7978,62.56538],[34.77274,62.59274],[34.79025,62.58665],[34.66442,62.67976],[34.81583,62.61248],[34.84226,62.5744],[34.81943,62.56783],[34.94801,62.47183],[34.87041,62.55953],[34.9044,62.5346],[34.92037,62.51052],[34.89925,62.52288],[34.9844,62.45247],[35.03212,62.37878],[35.0783,62.34023],[35.0911,62.33509],[34.97049,62.47953],[34.98096,62.47921],[34.94148,62.51052],[34.96036,62.48127],[34.94904,62.48983],[34.92826,62.5251],[34.82304,62.61051],[34.84759,62.60302],[34.84878,62.62283],[34.89513,62.63167],[34.99418,62.5955],[34.91522,62.64311],[34.94577,62.64642],[35.05615,62.59653],[35.11643,62.54638],[35.1559,62.54827],[35.28167,62.50633],[35.25821,62.52962],[35.33424,62.49824],[35.35707,62.51116],[35.33339,62.52581],[35.34935,62.52462],[35.32738,62.54085],[35.32723,62.575],[35.37206,62.55677],[35.35429,62.54159],[35.37692,62.5269],[35.35643,62.53129],[35.539,62.37249],[35.52767,62.36963],[35.56131,62.33684],[35.5645,62.31213],[35.60835,62.26764],[35.60629,62.23377],[35.56796,62.23693],[35.57161,62.21987],[35.55194,62.21872],[35.56543,62.20627],[35.46544,62.15742],[35.41412,62.18239],[35.41981,62.16604],[35.36974,62.15232],[35.37283,62.12362],[35.28306,62.17484],[35.17284,62.17274],[35.06095,62.25453],[35.04177,62.25423],[35.04934,62.23839],[35.02004,62.24972],[35.05152,62.21272],[35.01701,62.20322],[35.1629,62.12109],[35.21752,62.04881],[35.20186,62.0467],[35.2112,62.02996],[35.17736,62.04535],[35.1529,62.03474],[35.18084,62.01549],[35.18378,62.00343],[35.16496,61.99788],[35.10677,62.0404],[35.08553,62.03274],[35.04709,62.05589],[34.98282,62.11315],[34.91517,62.13863],[34.82475,62.25925],[34.86175,62.22275],[34.884,62.22075],[34.85975,62.2735],[34.8723,62.28958],[34.81925,62.3495],[34.803,62.355],[34.84,62.307],[34.8375,62.2615],[34.81525,62.27425],[34.82625,62.2865],[34.81625,62.306],[34.83075,62.3135],[34.74375,62.40275],[34.71516,62.41218],[34.70539,62.44285],[34.58572,62.51143],[34.59647,62.49057],[34.44116,62.60706],[34.43393,62.59529],[34.48011,62.55471],[34.4513,62.56379],[34.57817,62.43529],[34.59346,62.44471],[34.6214,62.40508],[34.71939,62.34609],[34.73972,62.35364],[34.78365,62.30789],[34.76492,62.31278],[34.80864,62.22618],[34.67593,62.30573],[34.63077,62.35903],[34.4195,62.47675],[34.47136,62.40965],[34.53991,62.36995],[34.50483,62.37738],[34.52387,62.35763],[34.58636,62.32335],[34.57188,62.31129],[34.61658,62.29187],[34.6006,62.29134],[34.64817,62.25085],[34.67417,62.25551],[34.69158,62.23801],[34.70341,62.21287],[34.68878,62.20502],[34.72091,62.18249],[34.70872,62.18871],[34.72213,62.16201],[34.59447,62.24328],[34.57644,62.24149],[34.59779,62.23413],[34.60194,62.2151],[34.54359,62.23861],[34.66354,62.15724],[34.60108,62.18857],[34.68653,62.10817],[34.737,62.01906],[34.62014,62.07123],[34.60797,62.07357],[34.62922,62.05446],[34.31445,62.15465],[34.24432,62.20343],[34.24688,62.18339],[34.21657,62.18278]],[[38.68454,58.77908],[38.72653,58.77856],[38.70043,58.80535],[38.68454,58.77908]]],[[[27.77021,60.45447],[27.80139,60.44763],[27.79064,60.4422],[27.77021,60.45447]]],[[[27.77556,60.5049],[27.78384,60.51414],[27.84655,60.48653],[27.80998,60.47048],[27.79987,60.49321],[27.80224,60.48293],[27.77641,60.48709],[27.77556,60.5049]]],[[[27.7936,59.99423],[27.81056,60.00971],[27.7952,60.02277],[27.82646,60.02775],[27.81357,60.0309],[27.82341,60.03813],[27.85872,60.00778],[27.89984,60.00408],[27.89106,59.98087],[27.87738,60.00275],[27.82861,59.98137],[27.7936,59.99423]]],[[[27.84739,60.46885],[27.87409,60.4638],[27.85397,60.45878],[27.84739,60.46885]]],[[[27.99449,60.0279],[28.0055,60.03678],[28.05961,60.01717],[27.99449,60.0279]]],[[[28.351,60.02909],[28.38803,60.03357],[28.40272,60.00603],[28.37815,60.00526],[28.351,60.02909]]],[[[28.41537,60.36337],[28.48097,60.36657],[28.52846,60.32124],[28.51129,60.30147],[28.41537,60.36337]]],[[[28.4221,60.62553],[28.45243,60.61237],[28.43587,60.6114],[28.4221,60.62553]]],[[[28.4299,60.60788],[28.47197,60.5869],[28.4396,60.59359],[28.4299,60.60788]]],[[[28.43316,60.44873],[28.44417,60.4632],[28.49769,60.43241],[28.51139,60.41512],[28.49058,60.42405],[28.50246,60.40114],[28.53447,60.37709],[28.50081,60.38317],[28.53024,60.34886],[28.50239,60.36044],[28.47524,60.42475],[28.43316,60.44873]]],[[[28.50774,60.64907],[28.54724,60.62761],[28.54983,60.61214],[28.50774,60.64907]]],[[[28.52993,60.6444],[28.55128,60.6386],[28.55417,60.62819],[28.52993,60.6444]]],[[[28.53679,60.35303],[28.55164,60.34074],[28.58085,60.34773],[28.58295,60.33239],[28.59947,60.3424],[28.67063,60.29728],[28.72057,60.28512],[28.69381,60.27856],[28.69444,60.26076],[28.61529,60.26974],[28.55239,60.29431],[28.53679,60.35303]]],[[[28.54563,60.59875],[28.55134,60.60953],[28.57272,60.59912],[28.55728,60.62301],[28.57493,60.63737],[28.59883,60.61106],[28.62679,60.61365],[28.59995,60.59443],[28.64296,60.55997],[28.60784,60.57617],[28.61274,60.55838],[28.57649,60.56768],[28.54563,60.59875]]],[[[28.56224,60.51708],[28.56834,60.52977],[28.61138,60.51535],[28.69583,60.46357],[28.59307,60.4877],[28.56224,60.51708]]],[[[28.56932,60.66549],[28.6059,60.67305],[28.59158,60.65877],[28.56932,60.66549]]],[[[28.58585,60.55181],[28.60767,60.54788],[28.6028,60.52239],[28.58585,60.55181]]],[[[28.59957,60.68459],[28.6276,60.68026],[28.61422,60.67021],[28.59957,60.68459]]],[[[28.60838,60.60095],[28.64452,60.59264],[28.62702,60.57825],[28.60838,60.60095]]],[[[28.62091,60.53394],[28.62969,60.54127],[28.64719,60.52248],[28.62387,60.52106],[28.62091,60.53394]]],[[[28.66427,60.46064],[28.67691,60.46214],[28.6951,60.44962],[28.66427,60.46064]]],[[[29.63474,60.03043],[29.7256,60.01867],[29.75941,60.03022],[29.74526,60.0214],[29.778,60.02076],[29.74862,60.01047],[29.80492,59.98326],[29.78445,59.97023],[29.78532,59.98346],[29.71707,60.00539],[29.69434,59.99227],[29.68258,60.0188],[29.63474,60.03043]]],[[[29.88572,61.20901],[29.93889,61.2194],[30.02222,61.20306],[30.00299,61.19031],[30.03768,61.18505],[30.01858,61.17982],[30.04112,61.1722],[29.93612,61.17833],[30.0441,61.1544],[29.94423,61.15904],[29.95854,61.16198],[29.91159,61.18521],[29.93797,61.19091],[29.88572,61.20901]]],[[[29.90722,61.24951],[29.92618,61.26599],[30.00544,61.23145],[29.90722,61.24951]]],[[[29.91982,61.22526],[29.92388,61.23387],[29.94679,61.22103],[29.91982,61.22526]]],[[[29.94303,61.23175],[29.96604,61.23019],[29.9706,61.22302],[29.94303,61.23175]]],[[[29.98263,61.22988],[29.98979,61.23213],[30.02929,61.21944],[29.98263,61.22988]]],[[[30.08864,61.285],[30.14114,61.28177],[30.09409,61.27307],[30.08864,61.285]]],[[[30.1715,61.2806],[30.20818,61.28961],[30.25035,61.2842],[30.1715,61.2806]]],[[[30.21328,61.31931],[30.25081,61.32367],[30.27106,61.30475],[30.23361,61.29579],[30.21328,61.31931]]],[[[30.22145,61.36247],[30.23724,61.36153],[30.22465,61.36968],[30.23448,61.37954],[30.27106,61.3726],[30.25763,61.38781],[30.35381,61.38088],[30.34898,61.36702],[30.22145,61.36247]]],[[[30.22476,61.39547],[30.24748,61.40402],[30.26618,61.38957],[30.22476,61.39547]]],[[[30.23459,61.47289],[30.23485,61.48551],[30.25523,61.48786],[30.30579,61.45973],[30.35933,61.45235],[30.32995,61.45048],[30.32708,61.42754],[30.30164,61.45067],[30.25817,61.44946],[30.24809,61.46154],[30.25984,61.46393],[30.23459,61.47289]]],[[[30.24297,61.35497],[30.28124,61.34999],[30.26723,61.34512],[30.24297,61.35497]]],[[[30.24616,61.34878],[30.2892,61.3363],[30.26075,61.33339],[30.24616,61.34878]]],[[[30.25342,61.43904],[30.30197,61.44311],[30.29338,61.41615],[30.30562,61.40733],[30.25342,61.43904]]],[[[30.25641,61.32398],[30.25928,61.33192],[30.30352,61.32482],[30.25641,61.32398]]],[[[30.2694,61.50044],[30.32641,61.50876],[30.30837,61.47929],[30.2694,61.50044]]],[[[30.27626,61.35856],[30.36472,61.35829],[30.28983,61.34582],[30.27626,61.35856]]],[[[30.28639,61.3402],[30.30024,61.34566],[30.32538,61.33862],[30.28639,61.3402]]],[[[30.32019,61.48607],[30.32983,61.50806],[30.40366,61.47265],[30.383,61.46463],[30.34539,61.47463],[30.35876,61.48496],[30.33147,61.47527],[30.32019,61.48607]]],[[[30.40027,61.23092],[30.41969,61.24675],[30.44187,61.24285],[30.40027,61.23092]]],[[[30.40794,61.31772],[30.42626,61.31514],[30.43545,61.30579],[30.40794,61.31772]]],[[[30.5127,61.50739],[30.58357,61.5222],[30.60808,61.50344],[30.58542,61.49784],[30.60934,61.49571],[30.57464,61.48862],[30.5127,61.50739]]],[[[30.56086,60.84331],[30.61061,60.88139],[30.63903,60.88247],[30.61857,60.83644],[30.56086,60.84331]]],[[[30.56676,61.58911],[30.63748,61.58769],[30.69519,61.56303],[30.66499,61.55198],[30.56676,61.58911]]],[[[30.67506,61.20943],[30.6797,61.21464],[30.70906,61.18837],[30.67506,61.20943]]],[[[30.68362,61.58974],[30.70639,61.60703],[30.73537,61.60269],[30.68362,61.58974]]],[[[30.69821,61.66443],[30.72466,61.67737],[30.71742,61.69932],[30.77415,61.709],[30.78279,61.73523],[30.80058,61.72753],[30.78771,61.70304],[30.80225,61.70775],[30.7947,61.69495],[30.8255,61.66925],[30.7556,61.68252],[30.81975,61.65],[30.80113,61.63796],[30.7564,61.64743],[30.7727,61.63537],[30.7467,61.6376],[30.7468,61.62632],[30.70662,61.63897],[30.75316,61.64594],[30.70584,61.64138],[30.69821,61.66443]]],[[[30.70994,61.59252],[30.74112,61.60137],[30.77499,61.5837],[30.70994,61.59252]]],[[[30.75759,61.62654],[30.78449,61.63163],[30.76729,61.61967],[30.75759,61.62654]]],[[[30.76994,61.61475],[30.79412,61.62336],[30.78843,61.60776],[30.80704,61.60054],[30.76994,61.61475]]],[[[30.80468,61.63839],[30.83721,61.6364],[30.84124,61.59659],[30.80468,61.63839]]],[[[30.83038,61.69074],[30.84772,61.70636],[30.92686,61.69741],[30.94042,61.6637],[30.91072,61.6681],[30.8939,61.65392],[30.9376,61.64289],[30.91537,61.63128],[30.88085,61.6425],[30.85339,61.65506],[30.86008,61.67787],[30.83038,61.69074]]],[[[30.86255,61.64042],[30.94535,61.60708],[30.88174,61.61168],[30.86255,61.64042]]],[[[30.87957,61.36659],[30.90092,61.37144],[30.89243,61.38735],[30.94495,61.37207],[30.9376,61.39457],[30.9749,61.40958],[31.03603,61.40595],[31.00074,61.38187],[30.97972,61.38481],[30.98036,61.36242],[31.00463,61.34557],[30.93949,61.34402],[30.87957,61.36659]]],[[[30.89844,61.39652],[30.94439,61.38375],[30.91682,61.38962],[30.92082,61.37889],[30.89844,61.39652]]],[[[30.9395,61.62225],[30.9605,61.6245],[30.95625,61.613],[30.9395,61.62225]]],[[[30.94368,61.66386],[30.95398,61.68145],[30.9823,61.65873],[30.99484,61.66948],[31.00303,61.63704],[30.94368,61.66386]]],[[[30.98725,61.6785],[31.00975,61.69775],[31.02775,61.6735],[31.05025,61.67225],[31.0435,61.66275],[30.98725,61.6785]]],[[[30.99233,61.60696],[31.00006,61.63024],[31.013,61.624],[31.00875,61.604],[30.99233,61.60696]]],[[[31.00624,61.64444],[31.02577,61.65306],[31.05663,61.63333],[31.01755,61.62756],[31.00624,61.64444]]],[[[31.18611,61.63351],[31.20099,61.62866],[31.2036,61.611],[31.18611,61.63351]]],[[[31.2535,61.612],[31.26675,61.5875],[31.25775,61.58625],[31.2535,61.612]]],[[[31.3405,61.58875],[31.34475,61.59475],[31.353,61.5685],[31.3405,61.58875]]],[[[31.41663,61.56302],[31.46394,61.56],[31.43561,61.55093],[31.41663,61.56302]]],[[[31.53731,61.35428],[31.56014,61.38857],[31.55156,61.41051],[31.64859,61.36986],[31.66442,61.34107],[31.63008,61.33593],[31.66035,61.29598],[31.64726,61.28283],[31.61308,61.29291],[31.59705,61.31335],[31.60838,61.32464],[31.53731,61.35428]]],[[[31.54997,69.83481],[31.58183,69.84955],[31.59198,69.82927],[31.54997,69.83481]]],[[[31.65897,61.37663],[31.85064,61.332],[31.9174,61.28213],[31.84808,61.2892],[31.77448,61.32857],[31.71269,61.32975],[31.65897,61.37663]]],[[[32.06076,60.23708],[32.08474,60.25686],[32.09068,60.22921],[32.1245,60.22725],[32.1288,60.20982],[32.0702,60.21661],[32.06076,60.23708]]],[[[32.28698,67.11402],[32.31129,67.12474],[32.33048,67.11486],[32.28698,67.11402]]],[[[32.32409,67.101],[32.37447,67.11071],[32.44501,67.08485],[32.38567,67.07813],[32.36781,67.08924],[32.37483,67.09828],[32.32409,67.101]]],[[[32.48508,66.9198],[32.54146,66.92745],[32.55804,66.90918],[32.48508,66.9198]]],[[[32.52939,67.02137],[32.55078,67.03141],[32.58849,67.00799],[32.52939,67.02137]]],[[[32.55587,67.07346],[32.58599,67.06846],[32.56936,67.06514],[32.55587,67.07346]]],[[[32.56195,67.04532],[32.60539,67.04308],[32.58516,67.03782],[32.56195,67.04532]]],[[[32.61048,67.02287],[32.62675,67.02905],[32.63803,67.01885],[32.61048,67.02287]]],[[[32.61784,69.46817],[32.65,69.48307],[32.63783,69.47026],[32.61784,69.46817]]],[[[32.9039,66.77993],[32.93889,66.77253],[32.92077,66.76984],[32.9039,66.77993]]],[[[32.9782,69.37733],[33.02007,69.40701],[33.10704,69.41448],[33.09855,69.42103],[33.14588,69.43863],[33.14719,69.41767],[33.2166,69.42015],[33.12321,69.41568],[33.14425,69.41154],[33.09697,69.39125],[32.9782,69.37733]]],[[[33.00746,66.5156],[33.09081,66.52452],[33.1398,66.51502],[33.00746,66.5156]]],[[[33.06496,66.56902],[33.12759,66.57027],[33.1054,66.58128],[33.1243,66.58319],[33.24249,66.57279],[33.25068,66.57931],[33.20681,66.58829],[33.2447,66.59674],[33.23485,66.60688],[33.25194,66.6082],[33.24613,66.62378],[33.28782,66.60826],[33.25999,66.60921],[33.27016,66.60115],[33.40879,66.58323],[33.39354,66.57187],[33.45461,66.55712],[33.41261,66.54736],[33.53372,66.51526],[33.06496,66.56902]]],[[[33.40254,66.4832],[33.41079,66.48214],[33.40304,66.48789],[33.44695,66.47998],[33.40254,66.4832]]],[[[33.42463,66.31467],[33.49188,66.31481],[33.45082,66.30603],[33.42463,66.31467]]],[[[33.60332,66.32061],[33.66227,66.31476],[33.62407,66.31236],[33.60332,66.32061]]],[[[33.62571,66.28704],[33.65877,66.29764],[33.7103,66.28213],[33.62571,66.28704]]],[[[33.64599,66.30382],[33.67269,66.31267],[33.65481,66.32118],[33.74344,66.32162],[33.78844,66.3391],[33.808,66.31573],[33.76562,66.31476],[33.78456,66.30197],[33.64599,66.30382]]],[[[33.72578,66.42238],[33.77827,66.42609],[33.80157,66.41638],[33.72578,66.42238]]],[[[33.78695,66.27608],[33.91289,66.28255],[33.97173,66.26046],[33.90281,66.26714],[33.91573,66.25594],[33.8662,66.25443],[33.78695,66.27608]]],[[[33.79659,66.3582],[33.85954,66.35928],[33.83742,66.3477],[33.85939,66.34111],[33.81484,66.33174],[33.79659,66.3582]]],[[[33.8,66.32405],[33.8266,66.32918],[33.88546,66.31378],[33.8,66.32405]]],[[[33.8936,66.21798],[33.93071,66.22744],[33.90893,66.21543],[33.8936,66.21798]]],[[[33.9662,69.34097],[33.989,69.36712],[34.0959,69.38846],[34.20848,69.37775],[34.40592,69.3305],[34.36678,69.316],[34.29992,69.32481],[34.16433,69.30897],[33.9662,69.34097]]],[[[34.20605,66.17826],[34.22236,66.18197],[34.26883,66.16267],[34.20605,66.17826]]],[[[34.32127,66.61473],[34.36702,66.62266],[34.35732,66.61093],[34.32127,66.61473]]],[[[34.36949,62.09298],[34.41615,62.06698],[34.40118,62.06999],[34.36949,62.09298]]],[[[34.47801,62.55259],[34.49975,62.53747],[34.50794,62.51476],[34.47801,62.55259]]],[[[34.53701,62.35618],[34.56949,62.34016],[34.56167,62.33775],[34.53701,62.35618]]],[[[34.55034,61.99348],[34.62275,61.98539],[34.60636,62.00075],[34.67898,61.92937],[34.65385,61.94501],[34.63491,61.92689],[34.62178,61.95336],[34.55034,61.99348]]],[[[34.60903,62.31129],[34.63328,62.29709],[34.66101,62.27002],[34.60903,62.31129]]],[[[34.63032,62.42108],[34.66066,62.41954],[34.68273,62.39176],[34.63032,62.42108]]],[[[34.64754,65.18794],[34.72686,65.19063],[34.70501,65.18217],[34.71674,65.1754],[34.64754,65.18794]]],[[[34.65043,69.25804],[34.82836,69.24678],[34.70505,69.24638],[34.65043,69.25804]]],[[[34.67744,65.10243],[34.69148,65.11327],[34.68127,65.11492],[34.72744,65.11542],[34.67744,65.10243]]],[[[34.69156,65.71462],[34.7041,65.72574],[34.72986,65.72058],[34.69156,65.71462]]],[[[34.7921,65.07476],[34.83139,65.08196],[34.81606,65.06155],[34.7921,65.07476]]],[[[34.7998,64.97983],[34.81247,64.99309],[34.84402,64.98843],[34.7998,64.97983]]],[[[34.80479,65.68956],[34.84955,65.69565],[34.82045,65.68346],[34.80479,65.68956]]],[[[34.82522,64.70873],[34.84625,64.74655],[34.8899,64.75942],[35.02166,64.7437],[34.82522,64.70873]]],[[[34.875,64.91309],[34.89267,64.91723],[34.91017,64.90343],[34.875,64.91309]]],[[[34.93947,64.79836],[34.96009,64.8126],[34.96866,64.80137],[34.93947,64.79836]]],[[[34.96889,64.70811],[35.00773,64.70301],[34.97235,64.69988],[34.96889,64.70811]]],[[[34.97676,64.95385],[35.00874,64.95164],[34.98957,64.94495],[34.97676,64.95385]]],[[[34.98474,64.96303],[35.0164,64.96414],[34.99919,64.95566],[34.98474,64.96303]]],[[[35.08516,62.00159],[35.1055,62.00107],[35.08685,62.02142],[35.09456,62.02963],[35.15569,61.96704],[35.15728,61.93047],[35.0963,61.94337],[35.11209,61.97713],[35.08516,62.00159]]],[[[35.09665,64.93981],[35.13041,64.94885],[35.16235,64.92362],[35.11992,64.91971],[35.09665,64.93981]]],[[[35.13992,64.95058],[35.17419,64.95257],[35.17721,64.94247],[35.13992,64.95058]]],[[[35.16033,61.99705],[35.18036,61.97989],[35.17488,61.97713],[35.16033,61.99705]]],[[[35.16118,61.86642],[35.20489,61.87781],[35.17867,61.9474],[35.19868,61.93336],[35.18878,61.96041],[35.21343,61.96733],[35.20189,61.98077],[35.21475,61.97355],[35.20381,61.99435],[35.24536,61.99794],[35.22313,62.02091],[35.24169,62.02536],[35.233,62.05755],[35.24768,62.04528],[35.25343,62.07666],[35.27744,62.06881],[35.28451,62.08307],[35.32327,62.08393],[35.3652,62.00918],[35.36007,61.99355],[35.34466,61.99651],[35.3451,61.96475],[35.30745,61.98846],[35.33807,61.92479],[35.33577,61.87751],[35.28127,61.89144],[35.22474,61.88491],[35.23679,61.83661],[35.22369,61.85665],[35.19175,61.84102],[35.16118,61.86642]]],[[[35.18654,62.1497],[35.21452,62.14725],[35.23203,62.12958],[35.18654,62.1497]]],[[[35.1885,62.5845],[35.22475,62.59925],[35.23625,62.5895],[35.1885,62.5845]]],[[[35.19155,62.10849],[35.23283,62.07296],[35.22797,62.06117],[35.19155,62.10849]]],[[[35.19635,62.11259],[35.202,62.12631],[35.22708,62.1001],[35.19635,62.11259]]],[[[35.21877,64.38464],[35.2846,64.40309],[35.30592,64.37855],[35.27268,64.35449],[35.21877,64.38464]]],[[[35.23237,62.5716],[35.2575,62.5715],[35.283,62.551],[35.23237,62.5716]]],[[[35.4376,64.39041],[35.45366,64.40529],[35.46935,64.39812],[35.4376,64.39041]]],[[[35.5024,65.10498],[35.5376,65.14543],[35.60586,65.15377],[35.56608,65.14245],[35.58875,65.13667],[35.56536,65.12689],[35.64119,65.14177],[35.66039,65.1306],[35.64365,65.14358],[35.67355,65.16937],[35.76201,65.17212],[35.81571,65.15677],[35.84176,65.1315],[35.82614,65.12392],[35.85338,65.10266],[35.82457,65.09619],[35.85295,65.06541],[35.83977,65.06038],[35.85734,65.05663],[35.83972,65.04852],[35.86368,65.03897],[35.81375,65.05165],[35.81246,65.08829],[35.78667,65.09856],[35.79847,65.09261],[35.76756,65.08783],[35.75579,65.06863],[35.76937,65.06469],[35.73907,65.04314],[35.76027,65.05206],[35.75008,65.04443],[35.7619,65.03737],[35.79858,65.04789],[35.84191,65.03726],[35.87746,65.01952],[35.84464,65.00446],[35.87863,64.99051],[35.82493,64.98899],[35.77048,64.95835],[35.73556,64.95666],[35.72813,64.98737],[35.70764,64.99754],[35.72212,65.0095],[35.68806,65.02204],[35.70855,65.02517],[35.5899,65.04],[35.52807,65.0721],[35.5024,65.10498]]],[[[35.50464,64.67862],[35.5534,64.69164],[35.59876,64.66984],[35.58247,64.65502],[35.50464,64.67862]]],[[[35.52912,64.40545],[35.57986,64.40531],[35.54418,64.38885],[35.52912,64.40545]]],[[[35.56675,62.45725],[35.582,62.47225],[35.629,62.423],[35.56675,62.45725]]],[[[35.63507,64.62879],[35.65418,64.63461],[35.7094,64.60505],[35.63507,64.62879]]],[[[35.63526,64.96473],[35.66654,64.95932],[35.63915,64.95301],[35.63526,64.96473]]],[[[35.65351,64.96995],[35.68065,64.97737],[35.69278,64.9692],[35.67187,64.96166],[35.65351,64.96995]]],[[[35.66698,61.99035],[35.67942,61.99908],[35.6983,61.98586],[35.66698,61.99035]]],[[[35.70837,64.38881],[35.76312,64.38063],[35.73568,64.3741],[35.70837,64.38881]]],[[[35.84472,64.33088],[35.88557,64.33069],[35.8965,64.30627],[35.84472,64.33088]]],[[[35.86586,64.37675],[35.93421,64.39627],[36.00568,64.35165],[36.00677,64.32103],[35.97403,64.30917],[35.92768,64.31871],[35.86586,64.37675]]],[[[35.87582,65.03635],[35.97901,65.0569],[36.02456,65.03886],[36.00564,65.01977],[35.91291,65.01549],[35.88054,65.01986],[35.89809,65.02756],[35.87582,65.03635]]],[[[35.9318,65.15418],[35.93528,65.17993],[35.99049,65.19327],[35.95788,65.18089],[35.9588,65.16895],[35.97682,65.15979],[35.96974,65.1802],[36.0065,65.18607],[36.0626,65.1558],[36.27405,65.15665],[36.10102,65.12825],[36.0693,65.13547],[36.07752,65.12458],[35.93414,65.14329],[35.9318,65.15418]]],[[[35.97268,65.0194],[36.01695,65.01957],[35.979,65.00847],[35.97268,65.0194]]],[[[36.33388,69.07082],[36.34631,69.08097],[36.40935,69.05934],[36.33388,69.07082]]],[[[36.37991,64.31061],[36.39884,64.31056],[36.41874,64.294],[36.37991,64.31061]]],[[[36.41502,64.33498],[36.45998,64.33492],[36.44487,64.32756],[36.41502,64.33498]]],[[[36.56273,64.2282],[36.62265,64.24298],[36.66098,64.21742],[36.69644,64.21565],[36.62823,64.18967],[36.61365,64.20067],[36.61847,64.21768],[36.56273,64.2282]]],[[[36.61555,80.15385],[36.73612,80.16367],[36.83568,80.14239],[36.61555,80.15385]]],[[[36.66241,64.0921],[36.67856,64.099],[36.67107,64.10882],[36.69485,64.10753],[36.66241,64.0921]]],[[[36.76013,64.01386],[36.76516,64.06202],[36.79266,64.03723],[36.76013,64.01386]]],[[[36.78636,65.19645],[36.84128,65.20962],[36.81087,65.18967],[36.78636,65.19645]]],[[[37.30151,68.81197],[37.3041,68.82163],[37.378,68.80488],[37.30151,68.81197]]],[[[37.46423,68.77957],[37.53135,68.76191],[37.48277,68.76808],[37.46423,68.77957]]],[[[37.70574,68.6977],[37.72519,68.70305],[37.75336,68.69304],[37.70574,68.6977]]],[[[38.43267,68.37349],[38.46535,68.39372],[38.50636,68.36491],[38.46775,68.34886],[38.43267,68.37349]]],[[[39.46225,68.08508],[39.48634,68.09118],[39.54315,68.06831],[39.46225,68.08508]]],[[[39.59747,68.06193],[39.62299,68.06347],[39.63621,68.05215],[39.59747,68.06193]]],[[[40.46563,67.81978],[40.53705,67.83456],[40.52962,67.81668],[40.54962,67.80954],[40.48628,67.80242],[40.46563,67.81978]]],[[[42.42968,66.74957],[42.47506,66.77499],[42.61254,66.75653],[42.65119,66.73858],[42.67361,66.67201],[42.65849,66.66142],[42.53215,66.6928],[42.42968,66.74957]]],[[[44.14481,65.93435],[44.16116,65.92319],[44.14874,65.91059],[44.14481,65.93435]]],[[[44.90835,80.598],[45.46498,80.63603],[46.20135,80.66172],[46.53795,80.71016],[46.49089,80.72044],[46.90343,80.74372],[47.01874,80.77709],[47.19746,80.80107],[47.12948,80.82156],[47.20651,80.83038],[47.13826,80.84284],[47.3289,80.83261],[47.46339,80.85651],[47.93736,80.79749],[48.32138,80.81472],[48.51177,80.79359],[48.60625,80.75162],[48.43463,80.73879],[48.58054,80.72],[48.55673,80.71359],[48.62428,80.69543],[48.59138,80.69033],[48.59495,80.67992],[48.76767,80.64996],[48.72953,80.64384],[48.73188,80.6271],[48.63844,80.62073],[48.48384,80.62668],[48.46629,80.6466],[48.41485,80.65623],[48.11505,80.6593],[48.03677,80.67904],[48.02782,80.68707],[48.056,80.6992],[48.02157,80.71164],[48.03166,80.72691],[47.88656,80.71537],[47.87348,80.73068],[47.90956,80.74658],[47.90272,80.75566],[47.83489,80.77269],[47.62238,80.77319],[47.54521,80.75931],[47.63697,80.73261],[47.42883,80.73418],[47.4656,80.71116],[47.5244,80.70815],[47.50419,80.70399],[47.54939,80.69612],[47.55635,80.67903],[47.28349,80.68793],[47.29327,80.67387],[47.2812,80.6705],[47.30029,80.66643],[47.27784,80.65132],[47.4321,80.59564],[47.41823,80.58963],[47.0771,80.60793],[46.96821,80.5694],[46.87281,80.55519],[46.91501,80.5396],[46.89527,80.53468],[46.59196,80.5474],[46.51185,80.53268],[46.57683,80.49062],[46.4062,80.50381],[46.30174,80.47402],[46.3941,80.46807],[46.38382,80.46019],[46.22237,80.44398],[46.03762,80.45887],[46.05396,80.48696],[46.12428,80.51402],[46.1079,80.53777],[46.1194,80.55014],[46.10409,80.55383],[45.92597,80.55732],[45.84253,80.53791],[45.72319,80.55051],[45.63841,80.51783],[45.55743,80.50902],[45.4258,80.55483],[45.16182,80.56553],[44.90835,80.598]]],[[[46.72014,80.29581],[46.79835,80.32407],[46.94578,80.33018],[47.02792,80.36316],[47.22963,80.38055],[47.31253,80.37001],[47.33519,80.34726],[47.24928,80.33367],[47.27237,80.32749],[47.19895,80.30712],[47.32056,80.29639],[47.4712,80.32717],[47.55159,80.32205],[47.5729,80.31192],[47.55257,80.30152],[47.57995,80.29234],[47.7415,80.31125],[47.86973,80.2923],[48.08573,80.30094],[47.9163,80.32537],[48.15366,80.32632],[48.1779,80.33884],[47.69606,80.36226],[47.61437,80.39509],[48.30771,80.41255],[48.1424,80.43707],[48.21072,80.45656],[47.80714,80.46839],[47.42428,80.45481],[48.06533,80.54182],[48.17952,80.52909],[48.31248,80.54998],[48.47521,80.54888],[48.46826,80.54025],[48.56602,80.53126],[48.51315,80.50691],[48.65022,80.51009],[48.76275,80.48482],[48.87166,80.48929],[48.84054,80.51394],[48.87042,80.52675],[49.20575,80.51984],[49.23259,80.534],[49.15243,80.54716],[49.24761,80.56385],[49.21056,80.56983],[49.23274,80.5809],[49.20245,80.58569],[49.44395,80.59669],[49.26375,80.62859],[49.27694,80.63375],[49.61217,80.63984],[49.70037,80.6697],[49.58734,80.69087],[49.63842,80.70197],[49.62162,80.70625],[49.63691,80.71819],[49.61243,80.72237],[49.18357,80.70258],[49.19369,80.71922],[49.31297,80.75145],[49.10589,80.73995],[49.11535,80.72451],[49.09236,80.71897],[48.96745,80.73639],[49.16095,80.76734],[49.00296,80.78241],[49.45261,80.82165],[49.65486,80.85403],[49.78604,80.90856],[50.09222,80.93916],[50.21148,80.94595],[50.422,80.92952],[50.01016,80.89703],[49.95522,80.88524],[50.00954,80.88823],[50.00059,80.8825],[49.95762,80.87649],[50.06612,80.87317],[50.05986,80.85832],[50.14218,80.85316],[50.22655,80.87744],[50.57191,80.89465],[50.86379,80.94954],[50.90894,80.90444],[51.00232,80.85779],[50.62941,80.83719],[50.69018,80.81929],[50.44994,80.81376],[50.43167,80.80421],[50.57185,80.79889],[50.40992,80.78039],[50.42603,80.77116],[50.40078,80.76621],[50.22832,80.75464],[50.33361,80.74726],[50.30016,80.73596],[50.39703,80.72255],[50.6725,80.76907],[50.70806,80.76566],[50.69844,80.74817],[50.76282,80.74858],[50.82131,80.7775],[50.93748,80.78728],[51.02411,80.75628],[51.09098,80.75569],[51.13514,80.76146],[51.11029,80.78747],[51.27405,80.79823],[51.49249,80.75948],[51.46287,80.74232],[51.59822,80.74171],[51.80236,80.71369],[51.36831,80.63002],[51.15588,80.62572],[51.10554,80.60033],[51.10616,80.58749],[50.93918,80.54311],[50.32486,80.53199],[49.62956,80.4692],[49.65197,80.45061],[49.76153,80.43846],[49.74225,80.42255],[49.75371,80.41087],[49.73042,80.39967],[49.72845,80.3801],[49.74478,80.37584],[49.73479,80.36794],[49.41871,80.34814],[48.85856,80.38177],[48.74586,80.36855],[48.80086,80.32783],[48.4462,80.321],[48.42257,80.30078],[48.53305,80.27639],[48.90794,80.27851],[48.95412,80.26381],[48.89204,80.24205],[48.98273,80.23344],[48.8339,80.21163],[48.97151,80.18924],[49.06711,80.19491],[49.09865,80.17274],[49.02756,80.15802],[48.85728,80.16162],[48.86728,80.14859],[48.9332,80.14352],[48.90015,80.13686],[48.62855,80.16553],[48.58481,80.19611],[48.43014,80.19385],[48.43895,80.18434],[48.40159,80.18072],[48.42211,80.17289],[48.39398,80.16994],[48.48181,80.1612],[48.44184,80.15134],[48.48586,80.14055],[48.47589,80.11766],[48.35087,80.07251],[48.30257,80.07724],[48.31935,80.09444],[48.27094,80.12298],[48.16283,80.12798],[48.01108,80.11887],[47.95908,80.09416],[48.04058,80.07536],[48.02513,80.06987],[47.71054,80.04842],[47.6776,80.07534],[47.69583,80.09639],[47.79575,80.1232],[47.85572,80.16257],[48.06976,80.16558],[48.08075,80.16819],[48.05788,80.17545],[48.22146,80.19052],[47.84852,80.19683],[48.06888,80.22442],[48.11825,80.24483],[47.83366,80.2517],[47.82006,80.24605],[47.83376,80.23996],[47.76148,80.23081],[47.60019,80.23433],[47.62798,80.22374],[47.50096,80.23591],[47.5176,80.22781],[47.50205,80.22148],[47.36827,80.23566],[47.30326,80.21103],[47.47854,80.19226],[47.41224,80.17793],[47.20432,80.1842],[47.23031,80.16991],[47.14958,80.1556],[46.95047,80.18254],[46.93182,80.19423],[47.07128,80.21849],[46.72014,80.29581]]],[[[49.11664,80.00019],[49.21873,80.01222],[49.20429,80.02538],[49.12561,80.0212],[49.20306,80.0358],[49.30467,80.01476],[49.28503,80.00412],[49.31467,79.99898],[49.11664,80.00019]]],[[[49.31016,80.03477],[49.37799,80.06154],[49.3654,80.07568],[49.41807,80.08691],[49.68169,80.048],[49.6631,80.02406],[49.39038,80.00238],[49.31016,80.03477]]],[[[49.52898,80.15016],[49.60616,80.17592],[50.02296,80.2186],[50.25483,80.21443],[50.30748,80.20634],[50.3839,80.16611],[50.26533,80.14514],[50.3062,80.12612],[50.20083,80.1331],[50.06533,80.1144],[50.10213,80.10598],[50.07406,80.0966],[50.12158,80.07905],[50.04619,80.06969],[50.1474,80.05488],[50.00512,80.04094],[49.92908,80.04514],[49.83891,80.07442],[49.89218,80.07805],[49.86731,80.0924],[49.74432,80.10225],[49.6907,80.12477],[49.52898,80.15016]]],[[[50.03509,79.95833],[50.22729,79.98432],[50.36725,79.96881],[50.26373,79.94379],[50.03509,79.95833]]],[[[50.30919,79.95608],[50.5833,79.97699],[50.59961,80.00015],[50.67804,80.03941],[50.95808,80.06721],[50.97228,80.07816],[50.94669,80.09362],[50.99745,80.0979],[51.13595,80.07579],[51.09801,80.0652],[51.13231,80.05379],[51.28237,80.04834],[51.231,80.04232],[51.12823,79.99301],[51.14996,79.98109],[51.14429,79.96795],[51.48022,79.92685],[51.29607,79.91298],[50.40221,79.92863],[50.30919,79.95608]]],[[[50.37586,81.04365],[50.496,81.0739],[50.42285,81.09577],[50.4467,81.12026],[50.38209,81.14751],[50.55778,81.16554],[50.49102,81.17295],[50.52316,81.18081],[50.89667,81.16526],[50.96287,81.15406],[51.00302,81.1231],[50.74231,81.09133],[50.73012,81.07743],[50.79637,81.06907],[50.78426,81.06301],[50.64257,81.06647],[50.45632,81.02888],[50.37586,81.04365]]],[[[51.43489,71.82946],[51.50323,71.92298],[51.50957,71.96882],[51.56531,72.06142],[51.80662,72.12645],[51.82188,72.14942],[51.84471,72.13951],[51.86002,72.1535],[51.90259,72.13257],[51.92473,72.10674],[51.9098,72.09738],[51.94989,72.09099],[51.93073,72.08289],[51.97558,72.10062],[52.04047,72.09485],[52.01894,72.07892],[52.04614,72.04886],[52.06918,72.08405],[52.09739,72.08757],[52.09883,72.06327],[52.14064,72.10992],[52.2248,72.12942],[52.23351,72.11502],[52.21453,72.10944],[52.2472,72.09102],[52.21014,72.10549],[52.21045,72.07859],[52.17665,72.06888],[52.21071,72.07758],[52.21315,72.06175],[52.24287,72.08195],[52.25067,72.06779],[52.27314,72.07423],[52.27686,72.09226],[52.29101,72.07594],[52.24835,72.05417],[52.29351,72.07267],[52.31054,72.06617],[52.29944,72.05258],[52.44673,72.05505],[52.43722,72.04304],[52.45959,72.03306],[52.52694,72.02566],[52.45501,72.04498],[52.46837,72.07015],[52.40001,72.09929],[52.41965,72.10744],[52.42734,72.09661],[52.42549,72.11244],[52.44388,72.12235],[52.42605,72.13372],[52.44727,72.14241],[52.44247,72.16689],[52.48695,72.14743],[52.48818,72.13388],[52.45682,72.14263],[52.47957,72.12984],[52.46704,72.11802],[52.4948,72.1307],[52.53026,72.12204],[52.51479,72.13424],[52.53919,72.13684],[52.54228,72.10908],[52.56255,72.12995],[52.50812,72.14792],[52.54445,72.14618],[52.50884,72.15869],[52.52839,72.17451],[52.43211,72.21199],[52.45053,72.21882],[52.462,72.20295],[52.55163,72.18733],[52.49158,72.21721],[52.55182,72.22626],[52.49252,72.239],[52.54005,72.25058],[52.47298,72.24675],[52.45775,72.27433],[52.62824,72.23989],[52.645,72.24705],[52.60037,72.28959],[52.68174,72.28226],[52.71845,72.29732],[52.69487,72.30628],[52.72635,72.31388],[52.5774,72.36361],[52.67316,72.35523],[52.72266,72.33864],[52.71906,72.32883],[52.76452,72.32545],[52.71624,72.35694],[52.71517,72.37765],[52.75021,72.38507],[52.70945,72.41082],[52.70764,72.42743],[52.73223,72.42015],[52.75717,72.4331],[52.78598,72.41861],[52.85104,72.43048],[52.76971,72.43388],[52.81512,72.45021],[52.79977,72.45782],[52.75473,72.44713],[52.73699,72.46122],[52.70793,72.44408],[52.71952,72.47404],[52.75508,72.46737],[52.73667,72.47697],[52.74877,72.48337],[52.77441,72.47188],[52.76447,72.48166],[52.78345,72.4914],[52.79875,72.48597],[52.78022,72.4761],[52.80587,72.47178],[52.82362,72.49059],[52.9023,72.49487],[52.87069,72.50975],[52.98349,72.5461],[52.91386,72.56159],[52.99665,72.55404],[53.00155,72.56464],[52.98298,72.57323],[53.10741,72.57984],[53.32069,72.54875],[53.31597,72.56133],[53.10627,72.59166],[52.97735,72.58695],[52.72868,72.53953],[52.74513,72.55294],[52.74041,72.56923],[52.77952,72.57185],[52.8004,72.60865],[52.84861,72.6112],[52.75268,72.60406],[52.74059,72.61533],[52.74926,72.62934],[52.88442,72.63421],[52.97775,72.66145],[52.85332,72.67223],[52.80811,72.64159],[52.7793,72.65097],[52.80442,72.66097],[52.78421,72.66657],[52.73977,72.64758],[52.71788,72.66376],[52.55973,72.65725],[52.47222,72.70798],[52.42524,72.7029],[52.43467,72.71311],[52.40503,72.71781],[52.42697,72.73561],[52.48564,72.74243],[52.50432,72.7887],[52.61426,72.8513],[52.95549,72.90754],[53.52223,72.85379],[53.51167,72.86333],[53.63432,72.88919],[53.53551,72.9011],[53.55954,72.89383],[53.52418,72.87915],[53.42702,72.87849],[53.31631,72.90108],[53.40645,72.92256],[53.20617,72.9116],[53.1164,72.92783],[53.08734,72.94877],[53.10334,72.95138],[53.12048,72.98831],[53.14964,72.99885],[53.23568,73.00966],[53.31203,72.99212],[53.42272,72.99818],[53.31892,73.01758],[53.29862,73.03487],[53.31949,73.0419],[53.27249,73.04642],[53.28465,73.05915],[53.1873,73.05893],[53.20759,73.0867],[53.15754,73.09037],[53.20774,73.10945],[53.18756,73.12395],[53.19871,73.13542],[53.42436,73.22979],[53.6107,73.2287],[53.70791,73.26724],[53.9366,73.29453],[53.96744,73.27605],[54.04665,73.28718],[54.02554,73.27042],[54.05664,73.26252],[54.24839,73.25772],[54.35576,73.29223],[54.38662,73.3173],[54.41752,73.3072],[54.42727,73.31346],[54.41413,73.3179],[54.53909,73.35881],[54.72261,73.37693],[54.77815,73.40351],[54.91591,73.42401],[55.24532,73.373],[55.23867,73.36426],[55.26561,73.34296],[55.39939,73.31732],[55.80409,73.31876],[55.83874,73.29979],[55.80635,73.28632],[55.9807,73.26604],[55.96771,73.24605],[56.23181,73.24362],[56.39543,73.225],[56.47667,73.20095],[56.55992,73.15809],[56.56793,73.13703],[56.54886,73.10889],[56.16615,73.0626],[55.98275,73.06599],[55.86717,73.05018],[55.79079,73.0652],[55.85694,73.04578],[56.29818,73.04891],[56.43448,73.03196],[56.42531,73.01801],[56.31725,72.98638],[56.16172,72.9904],[55.90261,72.96004],[55.88033,72.9405],[55.8042,72.95911],[55.77197,72.9464],[55.54642,72.94205],[55.81767,72.94015],[55.89273,72.9232],[56.02216,72.92706],[56.12079,72.95437],[56.26598,72.94575],[56.21721,72.90422],[56.24618,72.87432],[56.22694,72.86711],[56.23416,72.8535],[56.12145,72.79218],[56.12161,72.77841],[56.01863,72.76956],[55.9541,72.78298],[55.94675,72.80023],[55.943,72.78114],[55.91588,72.77307],[55.8746,72.7984],[55.88277,72.79231],[55.85263,72.79112],[55.87059,72.78023],[55.7262,72.76072],[55.41232,72.80774],[55.5573,72.78182],[55.33912,72.762],[55.59225,72.76545],[55.63096,72.74962],[55.61952,72.74724],[55.68668,72.74156],[55.67079,72.74107],[55.8435,72.73811],[55.84122,72.72346],[55.89972,72.68681],[55.92191,72.65075],[55.67358,72.6574],[55.65932,72.64232],[55.69105,72.63283],[55.69597,72.59501],[55.62008,72.58024],[55.64031,72.57232],[55.64429,72.54196],[55.60607,72.54208],[55.61498,72.52574],[55.59846,72.52181],[55.51084,72.53139],[55.52778,72.54583],[55.49286,72.55908],[55.29696,72.56865],[55.46272,72.54856],[55.49032,72.53668],[55.437,72.52941],[55.56345,72.50859],[55.54757,72.47636],[55.56649,72.46931],[55.55382,72.45865],[55.30626,72.4406],[55.42187,72.41691],[55.43329,72.42019],[55.42158,72.42892],[55.47955,72.43542],[55.50066,72.38176],[55.46024,72.34281],[55.46972,72.33301],[55.3638,72.28619],[55.55147,72.23341],[55.50273,72.23231],[55.57538,72.17311],[55.45662,72.13306],[55.43241,72.10021],[55.40696,72.09693],[55.43907,72.07342],[55.41833,72.0673],[55.46054,72.05578],[55.40364,72.02718],[55.41309,72.01242],[55.38608,72.00658],[55.3905,71.98067],[55.36423,71.97953],[55.39556,71.96402],[55.37869,71.95749],[55.43302,71.93456],[55.29176,71.95214],[55.27327,71.94252],[55.38084,71.91506],[55.45683,71.91812],[55.52169,71.88469],[55.5087,71.87048],[55.55363,71.84548],[55.53202,71.8408],[55.52758,71.81581],[55.51182,71.8185],[55.53272,71.80608],[55.52929,71.78952],[55.57561,71.76524],[55.57646,71.74808],[55.56018,71.74271],[55.58994,71.73471],[55.57685,71.73068],[55.59017,71.71817],[55.58355,71.70089],[55.63548,71.68325],[55.62309,71.67427],[55.64453,71.66324],[55.63409,71.65351],[55.66612,71.64814],[55.65581,71.62584],[55.7394,71.57616],[55.72706,71.57161],[55.73878,71.55374],[55.82926,71.50832],[55.83628,71.4827],[55.87732,71.46523],[55.86729,71.4509],[55.93086,71.42398],[56.04068,71.34167],[56.03027,71.31861],[56.04741,71.29417],[56.0895,71.28128],[56.21291,71.18482],[56.33546,71.13395],[56.41169,71.12155],[56.66834,71.00066],[56.89263,70.9298],[57.02487,70.85789],[57.19751,70.83362],[57.30507,70.80004],[57.41914,70.8002],[57.61269,70.7091],[57.5424,70.71137],[57.51418,70.69585],[57.5346,70.68451],[57.52269,70.67202],[57.46828,70.65987],[57.48698,70.63097],[57.45313,70.63221],[57.4606,70.62235],[57.44329,70.60502],[57.47605,70.5919],[57.35733,70.60755],[57.43227,70.58669],[57.03583,70.65487],[56.94694,70.64648],[56.98857,70.63249],[56.84091,70.64767],[56.82908,70.67],[56.76212,70.67175],[56.82653,70.64468],[56.83145,70.62807],[57.06291,70.60133],[57.15169,70.61112],[57.19913,70.58461],[57.30817,70.56062],[57.3211,70.55293],[57.30338,70.54785],[57.32017,70.54296],[57.2015,70.55848],[57.10327,70.55216],[57.14164,70.55622],[56.74586,70.61309],[56.62587,70.66036],[56.54838,70.65462],[56.64801,70.62926],[56.62224,70.62111],[56.68194,70.61743],[56.60883,70.61725],[56.50549,70.65885],[56.53877,70.65357],[56.52555,70.65839],[56.54076,70.6669],[56.52969,70.67181],[56.54119,70.69161],[56.51568,70.70303],[56.5258,70.71432],[56.62267,70.71791],[56.53358,70.73966],[56.4579,70.72512],[56.44105,70.70212],[56.37502,70.69968],[56.22172,70.7381],[56.19509,70.71804],[56.3229,70.69072],[56.1794,70.6905],[56.1907,70.67489],[56.32013,70.65239],[56.24229,70.64152],[56.16038,70.65107],[56.22674,70.63314],[56.07574,70.64774],[56.14786,70.65549],[56.04659,70.65277],[56.03272,70.64903],[56.05315,70.63896],[55.9952,70.63012],[55.90535,70.65826],[55.79416,70.66526],[55.86095,70.64501],[55.83515,70.6418],[55.84093,70.63125],[56.01064,70.59244],[56.02322,70.58663],[55.98741,70.58056],[56.03272,70.55652],[55.9305,70.58178],[55.88688,70.5787],[55.88294,70.56666],[55.82705,70.59059],[55.8331,70.60545],[55.74315,70.59259],[55.61446,70.63102],[55.62936,70.63842],[55.7458,70.59951],[55.56726,70.67744],[55.76356,70.61087],[55.8611,70.61139],[55.76985,70.64644],[55.74324,70.66533],[55.74723,70.67744],[55.60956,70.72428],[55.58586,70.72026],[55.59574,70.70066],[55.75777,70.64931],[55.81097,70.61579],[55.57272,70.68744],[55.54957,70.68726],[55.57272,70.68208],[55.55956,70.67712],[55.48437,70.69151],[55.45833,70.70262],[55.47119,70.71666],[55.43658,70.73284],[55.40555,70.7308],[55.42514,70.71949],[55.4117,70.71181],[55.35559,70.71707],[55.34336,70.70598],[55.37199,70.68654],[55.35128,70.68482],[55.12959,70.73497],[55.0952,70.74878],[55.09917,70.76538],[55.04609,70.74957],[54.90868,70.76315],[55.29976,70.70045],[55.35791,70.67926],[55.39744,70.68702],[55.48184,70.63303],[55.40675,70.67091],[55.37956,70.66922],[55.4594,70.63438],[55.44686,70.61716],[55.42057,70.64824],[55.34868,70.66],[55.31589,70.68322],[55.27124,70.68153],[55.272,70.65929],[55.20556,70.6561],[55.31895,70.60042],[55.2845,70.59857],[55.28725,70.58428],[55.26569,70.5759],[55.29295,70.56235],[55.21219,70.57282],[55.19046,70.56238],[55.20561,70.54745],[55.16861,70.54516],[55.0741,70.57116],[54.96458,70.62903],[54.91319,70.62692],[54.87149,70.65225],[54.83227,70.64433],[54.74398,70.67143],[54.69354,70.72259],[54.73198,70.73354],[54.63903,70.74479],[54.54115,70.78218],[54.53069,70.77494],[54.56766,70.74771],[54.50985,70.7679],[54.51258,70.78328],[54.5102,70.77136],[54.4653,70.77662],[54.51212,70.74222],[54.43034,70.73458],[54.47158,70.72697],[54.44674,70.71537],[54.4799,70.71412],[54.48673,70.72675],[54.66308,70.67246],[54.56978,70.67982],[54.79119,70.63674],[54.61449,70.64833],[54.52609,70.67426],[54.56997,70.68593],[54.55703,70.69923],[54.46283,70.70434],[54.30178,70.76317],[54.25124,70.75416],[54.30583,70.72742],[54.25233,70.72791],[54.25973,70.71907],[54.20742,70.71674],[54.10783,70.74181],[54.08553,70.73531],[54.1238,70.72236],[54.04622,70.72343],[53.98745,70.73834],[54.00067,70.74316],[53.90084,70.79216],[53.91718,70.79166],[53.89598,70.80346],[53.9005,70.81441],[53.84726,70.79687],[53.92261,70.77947],[53.89551,70.7716],[53.89956,70.76041],[53.85892,70.77712],[53.69204,70.7907],[53.68931,70.80715],[53.61625,70.83175],[53.64684,70.80997],[53.52188,70.82172],[53.58351,70.7891],[53.55383,70.78547],[53.55981,70.79812],[53.48591,70.80057],[53.43278,70.83512],[53.34984,70.85986],[53.46997,70.86859],[53.52945,70.85424],[53.55911,70.85851],[53.54519,70.8713],[53.57376,70.8685],[53.57394,70.88104],[53.62306,70.87453],[53.74291,70.80974],[53.75183,70.81788],[53.69623,70.85082],[53.6831,70.87761],[53.78189,70.93157],[53.72349,70.97609],[53.55611,71.0373],[53.53035,71.05278],[53.56093,71.05945],[53.53761,71.07703],[53.64016,71.04116],[53.64936,71.04704],[53.6325,71.05846],[53.67327,71.06532],[53.75204,71.05684],[53.68866,71.08151],[53.70286,71.08387],[53.96408,71.01489],[53.98745,71.01871],[53.96279,71.02317],[53.96976,71.03235],[53.90679,71.07271],[54.17507,71.06957],[54.26962,71.09494],[54.20813,71.11679],[54.13698,71.0926],[54.01192,71.13656],[54.06761,71.1474],[54.07655,71.16838],[54.22556,71.14706],[54.12812,71.17235],[54.11873,71.19038],[54.14086,71.19353],[54.22814,71.16518],[54.08128,71.21551],[54.04091,71.21475],[54.03504,71.19854],[54.05398,71.17557],[54.01044,71.1805],[54.03419,71.19111],[53.99654,71.18846],[53.99321,71.16434],[53.96946,71.15349],[53.90268,71.16345],[53.87161,71.17728],[53.87483,71.18901],[53.80631,71.19299],[53.84121,71.17087],[53.84991,71.13914],[53.83809,71.13391],[53.72416,71.15558],[53.7562,71.16527],[53.73394,71.17428],[53.73954,71.18442],[53.68086,71.1752],[53.65414,71.2016],[53.59949,71.18331],[53.54366,71.2009],[53.46367,71.25671],[53.55058,71.2532],[53.53122,71.26359],[53.55231,71.27635],[53.50303,71.26255],[53.47602,71.28461],[53.44282,71.27208],[53.34271,71.32447],[53.3355,71.33462],[53.35598,71.33195],[53.36305,71.35383],[53.30107,71.42685],[53.3283,71.43353],[53.29149,71.43486],[53.31368,71.44067],[53.30757,71.45155],[53.37505,71.45038],[53.35795,71.46993],[53.38428,71.4712],[53.38221,71.49496],[53.4964,71.52704],[53.51352,71.54671],[53.46295,71.53334],[53.46661,71.5485],[53.49163,71.55306],[53.47019,71.57288],[53.45417,71.57207],[53.48457,71.55191],[53.32032,71.53396],[53.27549,71.49674],[53.24184,71.49979],[53.25184,71.48578],[53.20229,71.48173],[53.22165,71.47955],[53.22517,71.45351],[53.17201,71.45795],[53.16108,71.44019],[53.18125,71.41553],[53.16269,71.40797],[53.12053,71.42606],[53.11934,71.44984],[53.08216,71.48235],[53.09754,71.48395],[53.00038,71.51077],[53.05655,71.4639],[52.99513,71.44969],[52.95437,71.45996],[53.00643,71.45722],[52.9403,71.46939],[52.93311,71.44824],[52.94949,71.43348],[53.0311,71.40014],[52.97302,71.39405],[52.92664,71.41238],[52.96898,71.37117],[52.91159,71.3812],[52.93158,71.38906],[52.8901,71.42939],[52.92105,71.41982],[52.91462,71.4312],[52.94251,71.43231],[52.8827,71.46021],[52.77961,71.45871],[52.86696,71.40994],[52.79442,71.43702],[52.76049,71.43421],[52.77614,71.4361],[52.68597,71.49579],[52.72442,71.49512],[52.68958,71.5138],[52.71867,71.52265],[52.70937,71.53345],[52.67387,71.55826],[52.67677,71.53476],[52.63962,71.54698],[52.58295,71.60151],[52.53826,71.60169],[52.51926,71.57967],[52.53528,71.56916],[52.5229,71.55682],[52.48165,71.5602],[52.50553,71.54437],[52.49185,71.53072],[52.40164,71.54025],[52.40634,71.49904],[52.43267,71.48756],[52.41638,71.48264],[52.45382,71.48678],[52.46877,71.47014],[52.45701,71.46221],[52.35929,71.50089],[52.40502,71.502],[52.33261,71.51433],[52.30435,71.55873],[52.31563,71.56387],[52.29766,71.57111],[52.2624,71.56793],[52.19418,71.52783],[52.30356,71.46173],[52.19503,71.48856],[52.14224,71.4798],[52.22175,71.47352],[52.11527,71.45418],[51.91902,71.4568],[51.7717,71.51356],[51.62047,71.536],[51.57834,71.57891],[51.59871,71.59],[51.59027,71.61541],[51.50523,71.68889],[51.52795,71.70621],[51.48633,71.71733],[51.46849,71.74477],[51.47755,71.76273],[51.44268,71.78096],[51.43489,71.82946]]],[[[51.55481,80.32453],[51.59426,80.34131],[51.61611,80.32711],[51.60734,80.31609],[51.55481,80.32453]]],[[[52.21731,80.25581],[52.53699,80.26915],[52.62407,80.25967],[52.65985,80.26749],[52.63728,80.2843],[52.66662,80.29161],[52.92437,80.29659],[52.78628,80.31527],[52.91879,80.32593],[52.90304,80.33237],[52.74859,80.3388],[52.81559,80.35771],[53.00479,80.38975],[53.09014,80.37467],[53.3223,80.38803],[53.40598,80.37036],[53.33171,80.34742],[53.31497,80.32741],[53.32948,80.32224],[53.58748,80.29321],[53.85596,80.23422],[53.93389,80.23023],[53.77726,80.18461],[53.7165,80.19233],[53.73434,80.20353],[53.68494,80.21279],[53.52152,80.20158],[53.50996,80.19714],[53.54714,80.18845],[53.49222,80.1672],[53.53601,80.14849],[53.42927,80.13246],[53.25942,80.1619],[52.98352,80.14964],[52.40511,80.18258],[52.25167,80.21934],[52.21731,80.25581]]],[[[52.23549,71.29463],[52.25753,71.32373],[52.32136,71.34239],[52.56433,71.36106],[52.59665,71.37387],[52.58594,71.38566],[52.6384,71.36976],[52.66949,71.37795],[52.74265,71.33289],[52.78773,71.3289],[52.70944,71.37698],[52.74991,71.37447],[52.71682,71.39557],[52.72904,71.39842],[52.89847,71.36694],[53.07843,71.27404],[53.06642,71.27106],[53.08324,71.25528],[53.05828,71.24535],[53.06739,71.25455],[53.04444,71.27468],[53.03963,71.25487],[52.99368,71.27763],[53.01057,71.28567],[52.90494,71.3398],[52.77122,71.36284],[52.92857,71.3139],[52.89492,71.32086],[52.90951,71.30831],[52.88697,71.29848],[52.80871,71.31366],[52.84593,71.29506],[52.9709,71.26897],[52.93768,71.26202],[53.00487,71.26469],[53.10142,71.21351],[53.11309,71.21679],[53.09416,71.23751],[53.20052,71.25189],[53.23612,71.23407],[53.1882,71.22307],[53.21466,71.19704],[53.26088,71.18795],[53.20516,71.17675],[53.24174,71.14032],[53.15393,71.11008],[53.17907,71.0781],[53.08077,71.0571],[53.05082,71.02959],[53.10068,70.97662],[53.18245,70.95145],[53.06096,70.93969],[53.03166,70.94904],[53.04571,70.97674],[53.03663,70.98679],[52.98394,70.99487],[52.95967,71.04043],[52.8067,71.07085],[52.83149,71.07857],[52.79667,71.12875],[52.7182,71.14745],[52.70814,71.1608],[52.72274,71.16651],[52.70517,71.17072],[52.69961,71.19953],[52.67087,71.21449],[52.58083,71.23301],[52.37549,71.21986],[52.32927,71.24677],[52.25082,71.26145],[52.23549,71.29463]]],[[[52.24146,80.34521],[52.4138,80.35537],[52.65515,80.32416],[52.35693,80.31927],[52.24146,80.34521]]],[[[52.32671,72.09269],[52.37005,72.08424],[52.32767,72.08067],[52.32671,72.09269]]],[[[52.36036,80.07505],[52.39321,80.08455],[52.44842,80.06998],[52.36036,80.07505]]],[[[52.38375,72.17935],[52.41218,72.1626],[52.39701,72.15481],[52.38375,72.17935]]],[[[52.38503,72.0559],[52.43801,72.07021],[52.43581,72.05889],[52.38503,72.0559]]],[[[52.39104,72.12188],[52.4003,72.13158],[52.42723,72.11889],[52.39104,72.12188]]],[[[52.50353,71.42265],[52.54849,71.41936],[52.57701,71.39313],[52.50353,71.42265]]],[[[52.52794,72.33791],[52.57169,72.34889],[52.58884,72.33211],[52.52794,72.33791]]],[[[52.61433,71.46879],[52.65169,71.47093],[52.64857,71.48468],[52.66987,71.4903],[52.70947,71.47186],[52.66937,71.47646],[52.68329,71.46115],[52.66935,71.44624],[52.61433,71.46879]]],[[[52.62865,72.39292],[52.68696,72.39497],[52.68104,72.38255],[52.62865,72.39292]]],[[[52.69196,72.61455],[52.74072,72.61841],[52.71314,72.60834],[52.69196,72.61455]]],[[[52.85576,72.53581],[52.873,72.54615],[52.89391,72.53865],[52.85576,72.53581]]],[[[52.91263,71.30471],[52.96657,71.30239],[52.99065,71.28341],[52.91263,71.30471]]],[[[52.99545,71.4424],[53.04724,71.45834],[53.10758,71.44243],[53.07803,71.43952],[53.08316,71.42425],[53.06105,71.44198],[53.07065,71.4304],[53.02758,71.42695],[52.99545,71.4424]]],[[[53.01142,71.37899],[53.02966,71.37988],[53.05524,71.35276],[53.01142,71.37899]]],[[[53.04998,71.39413],[53.07903,71.40114],[53.12715,71.3732],[53.04998,71.39413]]],[[[53.08066,80.62256],[53.18291,80.62857],[53.15289,80.64286],[53.16954,80.644],[53.37851,80.62302],[53.41567,80.59578],[53.42592,80.56538],[53.41261,80.54608],[53.54667,80.50781],[53.45227,80.47168],[53.27598,80.49401],[53.19966,80.51653],[53.23876,80.5257],[53.19428,80.54289],[53.26267,80.55474],[53.2397,80.56902],[53.33047,80.5816],[53.08066,80.62256]]],[[[53.10747,71.29314],[53.15974,71.28359],[53.16624,71.27119],[53.10747,71.29314]]],[[[53.15445,71.39296],[53.19331,71.3748],[53.16392,71.39775],[53.22787,71.39469],[53.31808,71.34631],[53.19972,71.3748],[53.18241,71.36511],[53.15445,71.39296]]],[[[53.15849,71.3526],[53.22637,71.34501],[53.21138,71.35622],[53.23394,71.3554],[53.40664,71.27767],[53.29723,71.28454],[53.26006,71.29656],[53.22916,71.33073],[53.15849,71.3526]]],[[[53.15964,71.30262],[53.20849,71.30359],[53.25506,71.28442],[53.23489,71.27291],[53.15964,71.30262]]],[[[53.19959,71.44865],[53.24302,71.43211],[53.2512,71.41691],[53.19959,71.44865]]],[[[53.24076,72.89638],[53.29199,72.9009],[53.3205,72.88939],[53.24076,72.89638]]],[[[53.36812,71.24374],[53.40278,71.23562],[53.43474,71.20146],[53.38884,71.19573],[53.37502,71.206],[53.39885,71.20723],[53.36812,71.24374]]],[[[53.46124,71.11958],[53.47303,71.13369],[53.61305,71.10633],[53.54684,71.14438],[53.54777,71.16084],[53.56797,71.16683],[53.65604,71.1171],[53.6161,71.11903],[53.64435,71.10011],[53.61647,71.10317],[53.6214,71.09023],[53.58908,71.08164],[53.54395,71.11048],[53.51711,71.09715],[53.46124,71.11958]]],[[[53.47697,70.9171],[53.55886,70.89151],[53.56342,70.88315],[53.47697,70.9171]]],[[[53.67513,73.7476],[53.70906,73.79016],[53.74728,73.76798],[53.84322,73.75881],[53.98423,73.77228],[54.08955,73.81385],[54.05577,73.82336],[54.08578,73.84577],[54.31928,73.91299],[54.59189,73.94077],[54.61255,73.93205],[54.69036,73.9467],[54.66986,73.95441],[54.68068,73.95964],[54.79952,73.94912],[54.77426,73.95142],[54.81575,73.97306],[54.83241,73.95201],[54.85481,73.96451],[54.57796,73.99788],[54.61468,74.0259],[54.72958,74.06778],[55.02789,74.15632],[55.08758,74.14202],[55.1798,74.16173],[55.38716,74.11864],[55.55019,74.12209],[55.61493,74.10718],[55.61714,74.09211],[55.71788,74.10257],[55.78041,74.08926],[55.78237,74.07547],[55.86843,74.0469],[55.93359,74.05455],[55.95198,74.02858],[56.07782,74.03529],[55.86008,74.07564],[55.83953,74.0832],[55.88012,74.10232],[55.80406,74.10983],[55.79349,74.12664],[55.60942,74.13908],[55.5987,74.14412],[55.62946,74.15071],[55.60637,74.15823],[55.61384,74.17488],[55.29874,74.22351],[55.11906,74.22575],[55.13681,74.23635],[55.10921,74.24952],[55.16935,74.26284],[55.16793,74.27535],[55.28201,74.29263],[55.24714,74.26195],[55.62205,74.27689],[55.65464,74.2477],[55.69509,74.24769],[55.75671,74.2782],[55.6789,74.30764],[55.66461,74.32059],[55.71175,74.32189],[55.6544,74.32972],[55.66598,74.33822],[55.60293,74.32889],[55.66428,74.3188],[55.63106,74.3039],[55.52517,74.33656],[55.29887,74.34745],[55.3553,74.3788],[55.37681,74.40988],[55.44747,74.41626],[55.48404,74.40157],[55.64404,74.43007],[56.0294,74.43474],[56.21767,74.45047],[56.29469,74.47525],[56.17271,74.45427],[56.13028,74.45474],[56.12049,74.46825],[56.05081,74.46132],[56.01893,74.476],[56.07155,74.48159],[56.04941,74.49273],[56.06975,74.50432],[56.04932,74.51023],[55.81175,74.51612],[55.69029,74.49257],[55.72577,74.52663],[55.57065,74.5377],[55.62068,74.57378],[55.60244,74.61174],[55.82424,74.67025],[55.85921,74.65433],[55.91468,74.6615],[55.88922,74.64605],[55.90591,74.63489],[55.99392,74.63007],[56.12427,74.65961],[56.35532,74.67393],[56.41321,74.70193],[56.41868,74.68483],[56.48186,74.67451],[56.47749,74.66045],[56.50801,74.67227],[56.56844,74.65247],[56.56096,74.64403],[56.63135,74.6439],[56.67054,74.66005],[56.64908,74.66998],[56.73546,74.64468],[56.94073,74.67332],[56.88453,74.69705],[56.73315,74.66755],[56.59157,74.67193],[56.55533,74.70686],[56.50441,74.72514],[56.42904,74.71883],[56.42387,74.72776],[56.45818,74.74471],[56.50214,74.75068],[56.46221,74.7686],[56.38496,74.75602],[56.28784,74.77744],[56.02785,74.75157],[55.92289,74.75301],[55.90931,74.76674],[55.83681,74.77455],[55.82994,74.78831],[55.86255,74.80815],[56.33763,74.88719],[56.40862,74.87474],[56.4489,74.89796],[56.36396,74.91395],[56.29462,74.89625],[56.35404,74.92811],[56.25646,74.92551],[56.38972,74.96959],[56.29427,75.00048],[56.07207,74.98768],[55.99032,74.95655],[55.84167,74.95776],[55.8741,74.98526],[55.87095,75.00134],[55.93289,75.04711],[55.82163,75.06534],[55.74747,75.05128],[55.79773,75.11721],[55.8705,75.15488],[56.0153,75.18134],[55.99992,75.16467],[56.02181,75.15786],[56.13975,75.16983],[56.09005,75.14179],[56.12927,75.12649],[56.29295,75.15783],[56.3236,75.14106],[56.31829,75.12623],[56.38109,75.09831],[56.37721,75.08399],[56.40713,75.05419],[56.37659,75.03852],[56.50217,75.06974],[56.58978,75.06215],[56.62688,75.08325],[56.55806,75.09391],[56.6141,75.13695],[56.73176,75.17069],[56.74982,75.19358],[56.91905,75.21374],[57.01067,75.24652],[56.88135,75.2442],[56.83195,75.27022],[56.72087,75.27624],[56.70436,75.2987],[56.71379,75.30561],[57.04111,75.3796],[57.25418,75.35852],[57.39176,75.36625],[57.38114,75.34634],[57.51428,75.31441],[57.87473,75.31232],[57.89623,75.35196],[57.71734,75.34836],[57.70248,75.36527],[57.7271,75.42471],[57.65999,75.44445],[57.5917,75.43889],[57.5903,75.4675],[57.55547,75.47499],[57.65283,75.5128],[58.00002,75.56038],[58.3446,75.57972],[58.32975,75.59427],[58.35454,75.59592],[58.30664,75.62301],[58.1104,75.612],[57.99067,75.61943],[57.98329,75.63198],[58.09568,75.66265],[58.30007,75.66495],[58.46999,75.70331],[58.78044,75.72164],[58.82159,75.7706],[58.73373,75.79915],[58.88374,75.84786],[59.02707,75.85666],[59.14083,75.83421],[59.19428,75.84932],[59.19355,75.86518],[59.36667,75.88092],[59.37798,75.89871],[59.34778,75.90641],[59.41003,75.91475],[59.55106,75.92251],[59.72865,75.89501],[59.8597,75.92648],[60.04344,75.93038],[59.99114,75.93679],[60.01545,75.95733],[60.06199,75.96314],[60.22719,75.95487],[60.34267,75.96891],[60.4126,75.95669],[60.43222,75.96408],[60.33497,75.97656],[60.36442,75.99189],[60.33831,75.99992],[60.05407,76.01989],[60.06796,76.03033],[60.04126,76.03424],[60.26731,76.08682],[60.51367,76.1154],[60.78365,76.10064],[60.57454,76.04416],[60.47377,75.99624],[60.64493,75.99604],[60.62924,75.98629],[60.65207,75.98263],[60.70574,75.99819],[60.80943,75.99454],[60.79509,76.01321],[60.83214,76.03185],[61.09059,76.03964],[61.11732,76.05404],[61.08512,76.08607],[61.20152,76.11382],[61.14958,76.13542],[60.95439,76.13237],[60.90682,76.14759],[60.95063,76.17811],[61.01675,76.19215],[60.95913,76.21023],[60.99156,76.22993],[61.14137,76.27124],[61.19693,76.26954],[61.1691,76.25938],[61.4097,76.28428],[61.56365,76.27958],[61.67255,76.29855],[61.73961,76.2732],[61.86899,76.28517],[61.85587,76.27851],[61.87178,76.27307],[61.86717,76.25984],[61.89382,76.25432],[62.40409,76.25262],[62.41825,76.24555],[62.40192,76.23663],[62.41057,76.22402],[62.34443,76.17599],[62.54702,76.1551],[62.59544,76.181],[62.54815,76.20043],[62.58368,76.20984],[62.59839,76.18941],[62.64528,76.19037],[62.70437,76.21449],[62.65161,76.22392],[62.72412,76.22809],[62.69841,76.24207],[62.76992,76.26083],[62.83717,76.24557],[62.79159,76.22184],[62.93383,76.21434],[62.86559,76.19802],[63.03841,76.19122],[63.1829,76.21341],[63.21697,76.22473],[63.20634,76.22961],[63.21888,76.23837],[63.29758,76.25688],[63.365,76.24226],[63.57717,76.2706],[63.57977,76.2945],[63.56737,76.29577],[63.72009,76.32958],[63.98072,76.33138],[64.05816,76.29347],[64.06804,76.2747],[64.27984,76.28789],[64.26947,76.29526],[64.27984,76.30393],[64.23936,76.30726],[64.30876,76.33573],[64.49821,76.33308],[64.51756,76.34511],[64.50373,76.35956],[64.5407,76.37933],[64.83468,76.33817],[64.85255,76.35066],[64.81724,76.36911],[64.70466,76.39076],[64.78549,76.41825],[64.76657,76.42565],[64.81496,76.42218],[64.87896,76.45564],[64.97139,76.47583],[65.13125,76.46759],[65.38805,76.4888],[65.40213,76.49566],[65.36832,76.50131],[65.43673,76.50792],[65.45124,76.54087],[65.48824,76.55085],[65.5703,76.55684],[65.99359,76.49727],[66.09422,76.49768],[65.99571,76.5602],[66.02461,76.56641],[66.02916,76.58772],[66.00619,76.60293],[65.82219,76.65143],[66.03907,76.73843],[66.28097,76.69356],[66.36468,76.70419],[66.39029,76.71267],[66.23192,76.76513],[66.41287,76.77622],[66.44415,76.79085],[66.45444,76.81625],[66.49653,76.82485],[66.62172,76.81427],[66.75813,76.83193],[66.70145,76.85231],[66.72459,76.87475],[66.99192,76.88246],[67.00682,76.88814],[66.94031,76.9131],[67.04817,76.93923],[67.28142,76.92734],[67.37153,76.96598],[67.56261,76.98959],[68.038,76.9948],[68.12632,76.98769],[68.12624,76.97445],[68.18189,76.95966],[68.57912,76.95559],[68.50167,76.92944],[68.82292,76.86996],[68.75865,76.85167],[68.75595,76.83655],[68.8711,76.79252],[69.00122,76.78432],[68.94792,76.75224],[68.91879,76.75493],[68.94834,76.75041],[68.92158,76.7512],[68.94862,76.74986],[69.00293,76.70827],[69.09173,76.70263],[68.88899,76.65461],[68.81992,76.60911],[68.81936,76.58486],[68.79402,76.57181],[68.84815,76.54834],[68.95684,76.53714],[68.72101,76.48591],[68.69548,76.45472],[68.71213,76.44018],[68.64713,76.42706],[68.61728,76.40481],[68.43535,76.39144],[68.42387,76.38043],[68.46084,76.37391],[68.44172,76.36796],[68.4551,76.35828],[68.381,76.34483],[68.34695,76.32379],[68.3618,76.3154],[68.22727,76.30864],[68.19919,76.29366],[68.20001,76.28262],[68.32236,76.26063],[68.31005,76.24886],[68.00872,76.24145],[67.40168,76.14093],[67.26892,76.10196],[66.50546,76.01615],[66.44377,75.98867],[66.27601,75.99938],[65.96459,75.97316],[65.94865,75.96404],[65.9676,75.94433],[65.94795,75.93769],[65.57156,75.90179],[65.50948,75.87575],[65.1935,75.8221],[65.1665,75.79787],[65.06385,75.80722],[64.72819,75.77051],[64.61763,75.74008],[64.18535,75.7177],[64.00685,75.65996],[63.86587,75.65491],[63.79639,75.61187],[63.7439,75.6202],[63.81608,75.64076],[63.81477,75.65175],[63.71451,75.66877],[63.73245,75.69224],[63.58546,75.71382],[63.68699,75.68893],[63.62704,75.66733],[63.63251,75.65104],[63.51391,75.62807],[63.52948,75.6251],[63.52428,75.61139],[63.46475,75.59692],[63.18192,75.55884],[63.00532,75.56217],[62.73656,75.49574],[62.50822,75.47538],[62.35225,75.44207],[62.31324,75.4185],[62.23085,75.41809],[62.26062,75.42666],[62.24518,75.43367],[61.93273,75.43389],[61.90512,75.41985],[61.95019,75.40075],[61.95033,75.38742],[61.83341,75.35692],[61.82442,75.34188],[61.71657,75.36253],[61.73754,75.35398],[61.72582,75.33606],[61.67407,75.32488],[61.65833,75.30407],[61.68924,75.28674],[61.61358,75.26853],[61.64138,75.25747],[61.54798,75.24805],[61.51253,75.21742],[61.38288,75.21102],[61.41531,75.28098],[61.38331,75.29193],[61.41371,75.31134],[61.38203,75.29964],[61.30365,75.31122],[61.28866,75.30292],[61.33777,75.29484],[61.28975,75.29086],[61.34475,75.28062],[61.25467,75.26308],[61.19076,75.22328],[61.12507,75.21594],[61.13451,75.18937],[61.08983,75.17107],[60.97305,75.16415],[60.95437,75.15576],[60.95943,75.14262],[60.82766,75.14574],[60.73618,75.11922],[60.78405,75.11946],[60.81613,75.09846],[60.75257,75.0908],[60.8147,75.07289],[60.7493,75.01485],[60.65538,75.01509],[60.58841,75.03534],[60.58936,75.05631],[60.61986,75.08244],[60.5958,75.08998],[60.63748,75.09803],[60.49792,75.101],[60.52882,75.08616],[60.50963,75.07187],[60.52361,75.06577],[60.41368,75.06231],[60.31159,75.08555],[60.37252,75.06011],[60.48493,75.04845],[60.38708,75.04301],[60.45073,75.0221],[60.44839,75.0073],[60.41658,74.99985],[60.1927,74.97315],[60.22986,74.98107],[60.16252,74.99902],[60.17588,74.98004],[60.14741,74.96867],[59.96524,75.00223],[59.91292,74.98482],[60.1383,74.94334],[60.56004,74.94533],[60.62945,74.91187],[60.56325,74.85314],[60.52703,74.84295],[60.15686,74.84533],[60.20379,74.8198],[60.18697,74.80359],[60.19632,74.79672],[60.30509,74.78019],[60.30087,74.75706],[60.24673,74.73393],[59.95677,74.70779],[59.72923,74.72659],[59.65705,74.71847],[59.62641,74.74853],[59.49174,74.7876],[59.44994,74.78535],[59.57208,74.74814],[59.59405,74.73339],[59.5745,74.71883],[59.73541,74.70217],[59.75998,74.67316],[59.8374,74.66294],[59.86236,74.60652],[59.77492,74.58785],[59.76159,74.57176],[59.53742,74.58477],[59.33318,74.65506],[59.33666,74.66551],[59.30758,74.67632],[59.16115,74.6959],[59.16894,74.70323],[59.14469,74.73329],[59.08874,74.71786],[59.09036,74.69861],[59.1471,74.65692],[59.21619,74.64705],[59.20687,74.62874],[59.26925,74.61687],[59.14271,74.6176],[59.17148,74.59228],[59.12264,74.52578],[58.77591,74.58018],[58.94033,74.5461],[58.93081,74.53877],[59.11499,74.5187],[59.1254,74.49994],[59.0635,74.46499],[59.12396,74.44985],[59.1155,74.43997],[59.14334,74.42385],[59.07508,74.41837],[58.82332,74.44563],[58.82955,74.45427],[58.70334,74.49126],[58.35609,74.53483],[58.25041,74.56282],[58.2018,74.53981],[58.233,74.52226],[58.36739,74.50487],[58.34803,74.50192],[58.49744,74.49509],[58.50956,74.47175],[58.59118,74.44844],[58.56655,74.41105],[58.39921,74.44284],[58.31217,74.42651],[58.43446,74.43239],[58.50733,74.413],[58.48724,74.40649],[58.60378,74.38421],[58.69651,74.31912],[58.64247,74.28963],[58.67559,74.28606],[58.69039,74.26985],[58.68124,74.25575],[58.72213,74.24941],[58.63459,74.23574],[58.72816,74.22662],[58.71075,74.2219],[58.73334,74.21354],[58.57228,74.20906],[58.53373,74.22115],[58.52239,74.2073],[58.64008,74.20123],[58.62492,74.19036],[58.47291,74.1991],[58.53013,74.17929],[58.52227,74.16894],[58.54319,74.15901],[58.5059,74.15533],[58.50622,74.14368],[58.48211,74.14589],[58.50354,74.15748],[58.41882,74.15985],[58.39473,74.18441],[58.35787,74.18068],[58.3525,74.16117],[58.26939,74.16333],[58.30264,74.18115],[58.31458,74.16664],[58.34406,74.17796],[58.2854,74.18827],[58.25559,74.16034],[58.37229,74.12949],[58.53748,74.11842],[58.52016,74.10501],[58.48264,74.12084],[58.33112,74.12284],[58.306,74.10932],[58.32747,74.10191],[58.33374,74.08067],[58.30234,74.0723],[58.25924,74.0806],[58.29325,74.1103],[58.26869,74.11836],[58.20123,74.1273],[58.14163,74.11626],[58.19223,74.07459],[58.17967,74.05524],[58.11275,74.0349],[58.18806,74.03629],[58.24995,74.0017],[58.16415,74.00039],[58.15052,73.99534],[58.16478,73.9818],[58.14536,73.97243],[58.06862,73.98939],[57.99627,73.98207],[57.9768,73.99698],[57.70937,74.0458],[57.71514,74.0577],[57.64912,74.11956],[57.55947,74.17192],[57.40582,74.20445],[57.3716,74.18459],[57.50208,74.13247],[57.54141,74.07949],[57.34694,74.08308],[57.24801,74.067],[57.37737,74.07013],[57.47267,74.05219],[57.52327,74.06523],[57.86632,73.9042],[57.76132,73.88416],[57.84514,73.86826],[57.83225,73.83126],[57.88482,73.76795],[57.7248,73.72231],[57.64975,73.71335],[57.63209,73.73998],[57.60029,73.74339],[57.60515,73.76407],[57.58329,73.77895],[57.54083,73.78008],[57.53846,73.80589],[57.39584,73.83392],[56.96294,73.85549],[56.79043,73.84619],[56.70451,73.87828],[56.61173,73.8743],[56.74656,73.83401],[56.94278,73.84284],[56.92997,73.83491],[57.30411,73.80763],[57.37727,73.78324],[57.35681,73.76718],[57.40175,73.77451],[57.47332,73.75265],[57.50422,73.70302],[57.62071,73.6299],[57.58371,73.595],[57.47746,73.57815],[57.41443,73.5862],[57.4296,73.57851],[57.36217,73.57225],[57.34212,73.56283],[57.3576,73.54824],[57.33501,73.54547],[56.95268,73.59069],[56.96531,73.60066],[56.8629,73.6277],[56.83089,73.65807],[56.79313,73.66545],[56.79251,73.67976],[56.68605,73.68729],[56.75627,73.67205],[56.74495,73.64036],[56.78145,73.62201],[56.88841,73.60421],[56.75424,73.59362],[56.75488,73.58059],[56.89033,73.58722],[56.98886,73.54701],[57.12394,73.52756],[57.22431,73.49069],[57.24175,73.45363],[57.16134,73.43633],[57.13831,73.41233],[57.14671,73.40134],[56.96587,73.32449],[56.91785,73.31886],[56.9055,73.29995],[56.81628,73.33361],[56.82237,73.34716],[56.76676,73.34123],[56.75066,73.3154],[56.80811,73.30806],[56.73689,73.28575],[56.74071,73.26762],[56.71434,73.25328],[56.7306,73.23363],[56.34775,73.26931],[56.1221,73.25851],[56.0495,73.28911],[56.04434,73.31796],[56.06009,73.33898],[56.04794,73.37342],[56.00218,73.38522],[55.99174,73.41838],[55.93352,73.42653],[55.8874,73.4199],[55.96577,73.40395],[55.98902,73.37366],[55.9705,73.35517],[55.98865,73.31208],[55.96569,73.29459],[55.74039,73.33819],[55.5849,73.32263],[55.41004,73.32724],[55.31177,73.34883],[55.30268,73.37473],[55.25634,73.39425],[54.9551,73.43983],[54.7423,73.41909],[54.64201,73.38554],[54.54281,73.39036],[54.3731,73.32991],[54.22343,73.3162],[54.20173,73.33814],[54.09078,73.34399],[54.0676,73.35749],[54.16157,73.39234],[54.31967,73.39705],[54.3123,73.41305],[54.38929,73.44443],[54.4872,73.46367],[54.44284,73.47235],[54.33542,73.45498],[54.30068,73.47494],[54.23252,73.48221],[54.31769,73.50769],[54.38874,73.55712],[54.64308,73.60945],[54.71054,73.60883],[54.69784,73.61164],[54.71127,73.62942],[54.75425,73.6436],[54.90458,73.64574],[55.10999,73.69087],[55.24474,73.68972],[55.27656,73.70749],[55.36974,73.69494],[55.40578,73.70458],[55.31055,73.72258],[55.23492,73.70523],[55.09493,73.71011],[54.91184,73.68834],[54.87206,73.66612],[54.82895,73.6869],[54.90319,73.71513],[54.70648,73.68305],[54.57579,73.69197],[54.44518,73.65936],[54.36703,73.6195],[54.22038,73.59605],[54.15529,73.61705],[54.08932,73.60554],[53.9995,73.62168],[54.00721,73.62933],[53.99155,73.63575],[54.00353,73.64488],[53.94746,73.64868],[53.89892,73.6837],[53.68474,73.7304],[53.67513,73.7476]]],[[[53.84053,80.45479],[53.90266,80.47488],[53.90318,80.4973],[54.01315,80.51856],[53.84161,80.5603],[53.84675,80.57981],[53.91161,80.60095],[54.28512,80.5815],[54.24421,80.56328],[54.07959,80.54543],[54.38211,80.53017],[54.39051,80.51219],[54.30698,80.49588],[54.47442,80.48648],[54.44528,80.48101],[54.45099,80.4675],[54.35255,80.44355],[54.38288,80.43267],[54.35605,80.41876],[54.20503,80.42365],[54.11451,80.4511],[53.84053,80.45479]]],[[[53.85164,71.09279],[53.95846,71.11811],[54.04038,71.11212],[54.12397,71.08244],[54.03148,71.1081],[54.01828,71.10737],[54.03875,71.09923],[53.92404,71.10735],[53.93816,71.08086],[53.88376,71.08178],[53.89671,71.07435],[53.85164,71.09279]]],[[[53.88323,80.31922],[54.03551,80.33399],[53.95347,80.31224],[54.00037,80.29522],[53.90102,80.30165],[53.91694,80.30807],[53.88323,80.31922]]],[[[53.95888,71.09022],[54.01821,71.09435],[54.04684,71.08598],[53.95888,71.09022]]],[[[54.00751,73.41817],[54.11201,73.4462],[54.12014,73.43412],[54.17482,73.43453],[54.00751,73.41817]]],[[[54.01647,80.81577],[54.16195,80.85517],[54.30702,80.86421],[54.55088,80.84797],[54.73658,80.87308],[54.7916,80.86348],[54.76054,80.84405],[54.82128,80.83704],[54.86667,80.83963],[54.95086,80.8746],[55.11199,80.87671],[55.2259,80.86484],[55.20972,80.85689],[55.27576,80.84456],[55.26366,80.83191],[55.28314,80.82058],[55.46722,80.83177],[55.6614,80.79598],[55.94271,80.77229],[55.24651,80.73459],[55.0921,80.7464],[55.0408,80.7364],[55.05165,80.73005],[55.02615,80.71959],[54.87542,80.71493],[54.67031,80.74572],[54.74843,80.77937],[54.73654,80.78843],[54.21411,80.78955],[54.01647,80.81577]]],[[[54.06917,71.19575],[54.09123,71.20198],[54.11937,71.1753],[54.07998,71.17648],[54.06917,71.19575]]],[[[54.10548,80.26199],[54.16922,80.30926],[54.28098,80.31007],[54.4202,80.28372],[54.36738,80.24636],[54.42232,80.22956],[54.37805,80.20648],[54.16567,80.18953],[54.15229,80.19633],[54.17046,80.21108],[54.15333,80.21633],[54.20313,80.23894],[54.10548,80.26199]]],[[[54.16973,81.34732],[54.30051,81.33747],[54.42336,81.3039],[54.43835,81.28144],[54.53617,81.26607],[54.44528,81.2688],[54.16973,81.34732]]],[[[54.2017,81.10216],[54.30839,81.0946],[54.31879,81.08148],[54.23153,81.07691],[54.2017,81.10216]]],[[[54.30471,80.56596],[54.35414,80.57626],[54.41451,80.57092],[54.30471,80.56596]]],[[[54.3903,80.38748],[54.47051,80.40356],[54.5002,80.44186],[54.64848,80.47831],[54.72402,80.47445],[54.83458,80.42752],[54.81245,80.4086],[54.57433,80.37574],[54.3903,80.38748]]],[[[54.42031,81.02644],[54.63509,81.07088],[54.58267,81.09464],[54.7136,81.10897],[54.85868,81.07902],[55.23894,81.05582],[55.22128,81.04252],[55.46754,80.99911],[56.09464,81.01485],[56.62333,80.95905],[56.64022,80.94708],[56.61871,80.94141],[56.70163,80.9299],[56.63817,80.91257],[56.81194,80.90126],[56.93454,80.84256],[57.15779,80.85065],[57.41332,80.83806],[57.62755,80.80825],[57.64652,80.78919],[57.74003,80.77371],[57.74625,80.76],[57.67527,80.75043],[57.66985,80.73476],[57.54766,80.70317],[57.08799,80.67306],[56.99646,80.68684],[56.94927,80.71232],[56.97604,80.72608],[56.71034,80.76271],[56.7738,80.7759],[56.76538,80.78605],[56.35221,80.79861],[56.30069,80.80432],[56.33069,80.81502],[56.22106,80.82395],[56.01897,80.81205],[55.74323,80.84822],[55.91301,80.87444],[55.87966,80.88529],[55.58,80.88574],[55.57041,80.88889],[55.59525,80.89628],[55.42293,80.91634],[55.42095,80.93276],[55.47918,80.94401],[55.43901,80.95586],[55.32025,80.96126],[55.18805,80.93616],[54.94318,80.94205],[54.8869,80.95228],[54.87799,80.96362],[54.93224,80.97554],[54.87747,80.99475],[54.76902,81.00217],[54.60876,80.98151],[54.46822,80.99492],[54.42031,81.02644]]],[[[54.57343,73.65253],[54.62451,73.65091],[54.60807,73.64359],[54.57343,73.65253]]],[[[54.60101,80.36371],[54.86883,80.38688],[54.81763,80.36414],[54.71234,80.35098],[54.60101,80.36371]]],[[[54.60656,80.51496],[54.88382,80.52799],[55.06616,80.49811],[55.04446,80.48766],[55.05713,80.48002],[55.03545,80.46463],[55.04218,80.45603],[54.92837,80.44784],[54.67168,80.48856],[54.60656,80.51496]]],[[[54.80663,81.38466],[54.92572,81.38981],[54.88698,81.37584],[54.80663,81.38466]]],[[[54.93849,80.26234],[55.05966,80.256],[55.2255,80.27391],[55.10222,80.29557],[55.32704,80.33054],[55.55214,80.30627],[55.50034,80.28971],[55.54166,80.28193],[55.49544,80.26629],[55.14997,80.21389],[54.94297,80.24196],[54.95225,80.25427],[54.93849,80.26234]]],[[[54.95711,80.41136],[55.15095,80.41119],[55.24836,80.43894],[55.28771,80.43731],[55.30612,80.41235],[55.27133,80.39718],[55.28474,80.38237],[55.16366,80.36943],[54.95711,80.41136]]],[[[55.42866,80.69427],[55.75945,80.71115],[55.90082,80.74098],[56.21922,80.73924],[56.49086,80.75964],[56.87062,80.72115],[56.98541,80.67451],[56.91613,80.65694],[56.93387,80.64589],[56.90763,80.62902],[56.70789,80.61274],[56.52271,80.62033],[56.4113,80.59634],[56.34829,80.60143],[56.34796,80.61741],[56.29491,80.63379],[56.1385,80.62331],[56.13958,80.61146],[56.07163,80.60438],[55.63264,80.61966],[55.58322,80.63321],[55.76471,80.6767],[55.75066,80.67877],[55.76623,80.68959],[55.42866,80.69427]]],[[[55.44611,81.26734],[55.46484,81.28278],[55.55805,81.29445],[55.47306,81.31473],[55.58206,81.31106],[55.58693,81.32204],[55.70254,81.32968],[55.6825,81.31484],[55.87208,81.30914],[55.84946,81.29586],[55.88941,81.2936],[55.94529,81.31024],[56.10286,81.28046],[56.22216,81.2879],[56.29891,81.26957],[56.28584,81.2626],[56.60718,81.25178],[56.63196,81.25777],[56.39654,81.30726],[56.47774,81.32005],[56.49993,81.34516],[56.43339,81.35144],[56.39651,81.36437],[56.39144,81.38747],[56.33467,81.39612],[56.58563,81.4069],[56.80092,81.39615],[56.7844,81.38873],[56.79214,81.37502],[56.82229,81.37005],[56.93683,81.38783],[57.13871,81.3723],[57.24306,81.34808],[57.3799,81.35228],[57.3702,81.33865],[57.46655,81.30394],[57.58536,81.314],[57.61314,81.32271],[57.6027,81.33141],[57.63795,81.33316],[57.70491,81.31356],[57.94894,81.29555],[57.16431,81.26131],[56.93071,81.21874],[56.802,81.21217],[56.75631,81.18733],[56.59571,81.16396],[56.43796,81.15576],[56.36386,81.16633],[56.40122,81.17281],[56.37991,81.18124],[56.40741,81.18858],[56.33617,81.22322],[56.20208,81.22191],[55.85605,81.17944],[55.53809,81.21138],[55.68196,81.2613],[55.44611,81.26734]]],[[[55.52435,70.65204],[55.60016,70.6373],[55.57288,70.63632],[55.52435,70.65204]]],[[[55.75227,80.38639],[55.90049,80.41816],[56.24811,80.3897],[56.27535,80.37131],[56.15365,80.34936],[55.75227,80.38639]]],[[[55.7933,80.09073],[56.18134,80.18257],[56.18415,80.19251],[56.05442,80.22759],[56.0595,80.26067],[55.92677,80.30351],[56.22495,80.32898],[56.37096,80.31399],[56.49426,80.32652],[56.58866,80.2989],[56.70842,80.31349],[56.67935,80.33629],[56.6988,80.34404],[56.9518,80.34952],[57.00155,80.34516],[56.9599,80.32903],[57.20027,80.30816],[57.08416,80.26976],[57.10257,80.22043],[57.18589,80.19811],[57.04591,80.18176],[57.0651,80.1522],[57.04904,80.113],[57.08997,80.10547],[57.02049,80.08202],[57.02827,80.07426],[56.75389,80.06586],[56.72503,80.06148],[56.75067,80.05311],[56.73014,80.05093],[56.44504,80.07346],[56.20916,80.05968],[55.7933,80.09073]]],[[[55.98607,70.60713],[56.03881,70.59796],[56.0764,70.58309],[55.98607,70.60713]]],[[[56.00365,70.6294],[56.09618,70.6323],[56.18624,70.60225],[56.16391,70.60318],[56.18288,70.59048],[56.15256,70.58038],[56.00365,70.6294]]],[[[56.10186,81.08838],[56.11525,81.10928],[56.44972,81.08236],[56.66192,81.0912],[56.94491,81.04868],[57.55784,81.02815],[57.59443,81.01668],[57.56944,81.01438],[57.59604,81.00549],[57.5861,80.99702],[57.78526,80.97263],[57.84295,80.9489],[57.99177,80.92918],[58.1596,80.93696],[58.31893,80.91067],[58.01219,80.87235],[58.02198,80.86389],[57.93035,80.85543],[57.9575,80.84383],[57.90607,80.82917],[57.65708,80.82213],[57.29649,80.86335],[57.28129,80.87333],[57.37368,80.89027],[57.2566,80.92377],[57.26927,80.93764],[57.00996,80.94194],[56.95802,80.96461],[56.9726,80.97179],[56.95342,80.98243],[56.96967,80.99346],[56.85016,81.00616],[56.80381,81.01933],[56.81124,81.02613],[56.10186,81.08838]]],[[[56.16264,70.63043],[56.3844,70.62361],[56.443,70.63235],[56.33913,70.6596],[56.43167,70.66591],[56.46682,70.63421],[56.53331,70.62315],[56.45639,70.62115],[56.4629,70.60788],[56.44456,70.60348],[56.53496,70.60176],[56.56247,70.59152],[56.47665,70.59667],[56.64979,70.56387],[56.55493,70.56386],[56.58186,70.57596],[56.53186,70.58539],[56.36719,70.56975],[56.35558,70.57277],[56.40817,70.5727],[56.29448,70.58533],[56.25005,70.60278],[56.26376,70.60616],[56.25103,70.61761],[56.16264,70.63043]]],[[[56.26445,70.55557],[56.29296,70.56309],[56.30252,70.5529],[56.26445,70.55557]]],[[[56.31094,70.50821],[56.35962,70.50558],[56.33431,70.49564],[56.31094,70.50821]]],[[[56.35178,80.00324],[56.37312,80.01018],[56.3627,80.01252],[56.43713,80.01159],[56.35178,80.00324]]],[[[56.35363,70.56178],[56.55058,70.53886],[56.44798,70.56043],[56.63686,70.55668],[56.60634,70.54844],[56.62328,70.5449],[56.54808,70.54754],[56.5836,70.53574],[56.51727,70.52127],[56.39188,70.54019],[56.35363,70.56178]]],[[[56.39595,70.50621],[56.42885,70.50657],[56.46548,70.48138],[56.43686,70.47976],[56.39595,70.50621]]],[[[56.46002,80.48104],[56.57649,80.49804],[56.70387,80.48142],[56.46002,80.48104]]],[[[56.58689,70.50598],[56.68626,70.53786],[56.76297,70.53312],[56.64292,70.51811],[56.68905,70.50554],[56.65992,70.50881],[56.66316,70.49821],[56.58689,70.50598]]],[[[56.62741,70.61024],[56.73414,70.59876],[56.67191,70.58877],[56.65344,70.59314],[56.69,70.59787],[56.62741,70.61024]]],[[[56.65396,70.58917],[56.70952,70.57164],[56.66024,70.58101],[56.65396,70.58917]]],[[[56.80995,70.58812],[57.05575,70.54553],[57.04489,70.53604],[57.1179,70.51723],[57.05644,70.53915],[57.16058,70.52554],[57.22005,70.50018],[57.1901,70.48871],[57.03265,70.51564],[57.13345,70.47752],[57.1166,70.4705],[56.96569,70.49545],[56.86328,70.5391],[56.91545,70.53121],[56.86862,70.54524],[56.94296,70.55461],[56.81634,70.5613],[56.83161,70.57],[56.80995,70.58812]]],[[[56.82136,81.45892],[56.84803,81.48227],[56.94701,81.48433],[56.95545,81.48983],[56.92668,81.49257],[57.02839,81.51019],[56.94682,81.52443],[56.96747,81.52964],[57.32571,81.52345],[57.45854,81.54483],[57.40458,81.55787],[57.69097,81.56002],[57.81142,81.55201],[57.76671,81.53085],[57.89073,81.49586],[58.36218,81.47072],[58.50139,81.44559],[58.53971,81.43382],[58.54583,81.41828],[58.50452,81.4021],[58.2899,81.38115],[57.87743,81.37608],[57.57137,81.39764],[57.59638,81.41479],[57.40992,81.43329],[56.82136,81.45892]]],[[[56.94309,81.14476],[57.04612,81.16365],[57.20736,81.16136],[57.2547,81.17381],[57.24531,81.18465],[57.35706,81.20051],[57.86461,81.22675],[57.9986,81.2175],[58.0716,81.18707],[57.94878,81.18951],[57.83469,81.16671],[57.81139,81.1453],[57.81942,81.13456],[57.74475,81.10626],[57.27624,81.10208],[56.94309,81.14476]]],[[[56.97553,80.45467],[57.9655,80.47423],[58.28693,80.46514],[58.89419,80.4211],[59.26158,80.34184],[59.29363,80.32139],[58.90003,80.30855],[58.60874,80.33059],[58.59501,80.32496],[58.62245,80.31969],[58.42971,80.31096],[58.18097,80.27466],[58.04119,80.23536],[58.45592,80.20305],[58.37816,80.17424],[58.42013,80.14595],[58.40735,80.14474],[57.99416,80.17594],[57.94878,80.19168],[57.94447,80.20104],[57.98557,80.21208],[57.97091,80.21462],[57.84428,80.15884],[58.03584,80.12648],[58.05375,80.11798],[58.03336,80.10306],[58.05096,80.0905],[57.86754,80.09392],[57.33333,80.15773],[57.27394,80.20242],[57.29279,80.23661],[57.26152,80.25235],[57.27761,80.27521],[57.25749,80.3149],[57.2997,80.34382],[57.23913,80.372],[57.23722,80.39234],[56.97553,80.45467]]],[[[57.08594,70.62577],[57.13228,70.61727],[57.11596,70.61586],[57.08594,70.62577]]],[[[57.17721,70.54267],[57.25955,70.53821],[57.24414,70.53209],[57.26627,70.52491],[57.17721,70.54267]]],[[[57.27415,80.58346],[57.42136,80.61229],[58.07841,80.62052],[58.04501,80.59302],[57.90413,80.53601],[57.81327,80.53075],[57.62834,80.54258],[57.59124,80.5281],[57.30415,80.56486],[57.27415,80.58346]]],[[[57.30468,70.53227],[57.46313,70.50892],[57.41756,70.50724],[57.30468,70.53227]]],[[[57.43326,81.24883],[57.51633,81.25578],[57.54301,81.25176],[57.43326,81.24883]]],[[[57.83563,80.79048],[57.99942,80.79942],[58.15631,80.85119],[58.28119,80.86582],[58.60962,80.8761],[58.9083,80.86742],[58.96639,80.84306],[58.94988,80.8318],[58.99971,80.81617],[58.91664,80.76941],[58.73073,80.76319],[58.46005,80.7255],[58.23891,80.75082],[57.94658,80.75869],[57.85685,80.76928],[57.83563,80.79048]]],[[[57.85908,81.04396],[57.94733,81.05689],[58.0677,81.05044],[58.105,81.06537],[58.06379,81.07839],[58.1466,81.09127],[58.39118,81.07129],[58.41137,81.05314],[58.67029,81.02541],[58.71117,81.00465],[58.67812,80.97778],[58.59115,80.95752],[58.61907,80.94875],[58.61127,80.94072],[58.39471,80.93343],[58.26499,80.94557],[58.05944,80.99384],[58.09008,81.00145],[58.06163,81.01013],[57.90362,81.02613],[57.85908,81.04396]]],[[[57.8942,81.80704],[58.20549,81.83016],[58.48959,81.82463],[58.78934,81.85561],[59.2451,81.85444],[59.23999,81.84477],[59.31634,81.82379],[59.31375,81.80156],[59.25457,81.78399],[59.28368,81.76833],[59.27775,81.75996],[59.19397,81.73834],[58.75477,81.71917],[58.50176,81.72827],[58.17605,81.68949],[57.97432,81.71523],[57.93867,81.73428],[57.97224,81.75228],[58.09699,81.76535],[58.09359,81.77753],[57.8942,81.80704]]],[[[57.95269,80.96642],[58.07734,80.97108],[58.15493,80.95626],[58.02801,80.94423],[57.95269,80.96642]]],[[[58.12532,81.12596],[58.41074,81.14742],[58.5824,81.12816],[58.37409,81.10379],[58.46986,81.11684],[58.23297,81.11186],[58.12532,81.12596]]],[[[58.21184,81.18504],[58.32521,81.19802],[58.26228,81.18451],[58.21184,81.18504]]],[[[58.25998,81.58489],[58.39806,81.61026],[58.36119,81.61659],[58.46115,81.62709],[58.65368,81.63393],[58.69995,81.61569],[58.65834,81.59593],[58.52079,81.57597],[58.25998,81.58489]]],[[[58.26348,79.94004],[58.66898,79.98659],[58.68307,79.98271],[58.67501,79.95892],[58.7593,79.92216],[58.94305,79.90651],[58.75384,79.88689],[58.68033,79.8976],[58.66561,79.92386],[58.57503,79.93592],[58.26348,79.94004]]],[[[58.30844,74.04377],[58.3186,74.0662],[58.34834,74.05452],[58.30844,74.04377]]],[[[58.50117,81.34366],[58.565,81.35802],[58.54732,81.37191],[58.78052,81.41193],[58.95539,81.42278],[59.14948,81.41666],[59.06834,81.41436],[59.20175,81.38725],[59.3202,81.32902],[59.16,81.30515],[58.91601,81.29828],[58.68435,81.31245],[58.50117,81.34366]]],[[[58.50332,80.58262],[58.59584,80.60317],[58.85429,80.61932],[58.76063,80.59523],[58.78503,80.57485],[58.77372,80.56465],[58.50332,80.58262]]],[[[58.50449,81.0971],[58.80265,81.08886],[58.74931,81.05972],[58.5648,81.05215],[58.50508,81.0595],[58.52834,81.07292],[58.50449,81.0971]]],[[[58.56745,74.40568],[58.61118,74.42006],[58.67064,74.40211],[58.56745,74.40568]]],[[[58.58478,75.75087],[58.66477,75.77894],[58.75453,75.7732],[58.58478,75.75087]]],[[[58.66573,74.42796],[58.73588,74.43867],[58.70506,74.41757],[58.66573,74.42796]]],[[[58.74972,74.33915],[58.81527,74.34143],[58.82558,74.32805],[58.77122,74.31955],[58.74972,74.33915]]],[[[58.79443,80.29124],[58.84261,80.30244],[58.89895,80.28902],[58.83741,80.27701],[58.79443,80.29124]]],[[[58.7954,80.01037],[59.0624,80.0572],[59.46289,80.09232],[59.65286,80.08554],[59.88484,80.04258],[59.85169,80.03505],[59.87405,80.01933],[59.75603,79.96088],[59.65193,79.93988],[59.43202,79.92992],[59.41525,79.91824],[59.43429,79.91158],[59.40074,79.90731],[59.25043,79.9223],[59.27221,79.93724],[59.26373,79.94366],[58.7954,80.01037]]],[[[58.80306,75.88782],[58.8281,75.90348],[59.02637,75.91877],[59.16031,75.95058],[59.273,75.95773],[59.2637,75.94555],[59.29271,75.94272],[59.00742,75.8958],[58.80306,75.88782]]],[[[58.96336,74.33735],[58.98709,74.3609],[59.05591,74.36922],[59.07635,74.38794],[59.0626,74.38898],[59.14134,74.39473],[59.0839,74.38761],[59.06998,74.37164],[59.09972,74.36344],[59.05795,74.35182],[59.11255,74.3421],[59.0824,74.32859],[58.96336,74.33735]]],[[[58.9684,81.20469],[59.03895,81.21557],[59.52408,81.20998],[59.75932,81.17989],[59.60534,81.17188],[59.047,81.19049],[58.9684,81.20469]]],[[[58.99934,74.36795],[59.05682,74.39477],[59.04026,74.36911],[58.99934,74.36795]]],[[[59.03766,80.11403],[59.11697,80.13031],[59.11196,80.14787],[59.23484,80.1324],[59.03766,80.11403]]],[[[59.04094,75.88082],[59.21558,75.91328],[59.20788,75.90415],[59.28499,75.90088],[59.30846,75.88046],[59.15972,75.86983],[59.04094,75.88082]]],[[[59.14908,74.49128],[59.18789,74.50598],[59.22408,74.4844],[59.28813,74.48477],[59.2485,74.4747],[59.14908,74.49128]]],[[[59.18268,74.53414],[59.2717,74.57032],[59.27591,74.55622],[59.2408,74.53868],[59.22851,74.50915],[59.18268,74.53414]]],[[[59.21157,74.42663],[59.2353,74.44186],[59.23119,74.42995],[59.25008,74.42509],[59.36463,74.42109],[59.35401,74.40714],[59.31178,74.40759],[59.32343,74.39622],[59.30927,74.38691],[59.27376,74.38421],[59.21157,74.42663]]],[[[59.36149,80.48306],[59.37015,80.49862],[59.4638,80.51998],[59.38445,80.56243],[59.44051,80.59309],[59.39471,80.60309],[59.45593,80.62264],[59.43178,80.63773],[59.44976,80.65694],[59.44097,80.66223],[59.55328,80.72507],[59.65829,80.74513],[59.58373,80.7738],[59.65879,80.77423],[59.64626,80.78492],[59.76182,80.80294],[59.93087,80.79056],[59.9527,80.79577],[59.88946,80.81195],[60.00953,80.82698],[60.29019,80.81604],[60.03417,80.78841],[60.23287,80.80068],[60.44285,80.77513],[61.24558,80.82642],[61.36672,80.82061],[61.72964,80.86712],[62.03745,80.85878],[62.11905,80.83455],[62.09353,80.83041],[62.1077,80.82343],[62.08971,80.81597],[62.12681,80.80779],[62.12474,80.77629],[62.18245,80.75806],[62.16715,80.73196],[62.1875,80.71542],[62.1467,80.68482],[62.16404,80.66967],[61.94402,80.63069],[62.00982,80.60715],[62.00988,80.62713],[62.01573,80.60688],[62.06291,80.59938],[62.05336,80.5928],[61.85981,80.56556],[61.66093,80.56382],[61.64816,80.54487],[61.49743,80.53117],[61.44339,80.49512],[61.53658,80.46328],[61.29515,80.4569],[61.40956,80.44354],[61.28576,80.39425],[61.10385,80.36819],[60.65851,80.3918],[60.32647,80.45755],[60.15301,80.45255],[60.13399,80.44447],[60.19822,80.43318],[59.67614,80.3836],[59.65681,80.39904],[59.66487,80.41124],[59.36149,80.48306]]],[[[59.37187,76.02069],[59.4593,76.04922],[59.51393,76.04049],[59.51415,76.02975],[59.45415,76.01937],[59.37187,76.02069]]],[[[59.5203,76.01665],[59.72499,76.04181],[59.63624,76.02028],[59.5203,76.01665]]],[[[59.78937,79.89698],[59.85259,79.92122],[59.96318,79.90415],[59.85658,79.8887],[59.78937,79.89698]]],[[[59.82381,81.28653],[59.97485,81.30948],[60.17148,81.30953],[60.52654,81.2952],[60.57594,81.28663],[60.57126,81.27338],[60.59327,81.26531],[60.41688,81.24538],[59.82381,81.28653]]],[[[59.90963,76.0898],[60.08419,76.15415],[60.49547,76.17117],[60.48692,76.1539],[60.29451,76.12611],[60.26853,76.10829],[60.26819,76.09065],[60.12157,76.07683],[60.09583,76.08061],[60.13773,76.09466],[59.90963,76.0898]]],[[[59.91819,80.18887],[60.09001,80.19499],[60.21624,80.17027],[60.24455,80.14965],[60.00255,80.15375],[59.91819,80.18887]]],[[[59.99232,80.9773],[60.15748,80.98878],[60.35562,81.03641],[61.08351,81.11415],[61.39953,81.1168],[61.64904,81.09518],[61.51184,81.07377],[61.55964,81.03687],[61.54851,81.02075],[61.15468,80.91929],[61.05648,80.90736],[60.59272,80.90424],[60.33389,80.92263],[59.99232,80.9773]]],[[[60.08358,80.34328],[60.24508,80.36824],[60.31747,80.34889],[60.08358,80.34328]]],[[[61.01208,76.2772],[61.1861,76.28739],[61.17423,76.27658],[61.01208,76.2772]]],[[[61.21111,76.27723],[61.38037,76.29402],[61.48164,76.29145],[61.21111,76.27723]]],[[[61.788,81.57776],[61.83644,81.59006],[62.08045,81.57736],[62.26405,81.54633],[62.02728,81.52423],[61.90765,81.54282],[61.85038,81.57728],[61.788,81.57776]]],[[[61.79157,75.31514],[61.82627,75.34133],[61.83712,75.33265],[61.79157,75.31514]]],[[[61.89896,81.63112],[61.91597,81.63749],[61.99093,81.63143],[61.89896,81.63112]]],[[[62.17292,81.66486],[62.38008,81.69412],[62.71763,81.68397],[63.29223,81.70835],[63.61607,81.68409],[63.76312,81.63835],[63.70571,81.61038],[63.54993,81.58623],[63.00235,81.58228],[62.66177,81.60664],[62.5817,81.6438],[62.39748,81.64171],[62.17292,81.66486]]],[[[62.5146,80.78062],[62.5413,80.79118],[62.52806,80.80383],[62.73688,80.85422],[63.06073,80.90326],[63.14365,80.94094],[63.23434,80.95257],[64.0864,80.96757],[64.1789,81.01203],[64.14472,81.03472],[64.16473,81.04637],[64.12023,81.0756],[64.20535,81.12339],[64.18069,81.13848],[64.43513,81.18835],[64.76954,81.18803],[65.08108,81.1551],[65.2478,81.11557],[65.36491,81.0133],[65.12764,80.98235],[65.273,80.96833],[65.27966,80.95183],[65.35465,80.92546],[65.32541,80.8945],[65.22502,80.85683],[64.93099,80.78068],[64.37865,80.71114],[63.7615,80.67958],[63.71523,80.68061],[63.72903,80.69098],[63.60815,80.68511],[63.01785,80.64174],[63.05737,80.64671],[63.05563,80.65875],[62.75654,80.74346],[62.5146,80.78062]]],[[[62.95069,76.23015],[63.01304,76.23809],[62.96792,76.22018],[62.95069,76.23015]]],[[[63.03676,80.9579],[63.14205,80.94468],[63.07012,80.94543],[63.03676,80.9579]]]]}},{"type":"Feature","properties":{"territory_id":"RU-03","country_code":"RU","country_name":"Russia","display_name":"Central Russia and Moscow","strategic_centre":"Moscow","centre":[37.6178,55.7558],"boundary_status":"administrative-comparison-draft","admin_source":"geoBoundaries ADM1 (release 2025)","source_region_count":14,"label_anchor":[37.6178,55.7558],"label_anchor_adjusted":false},"geometry":{"type":"MultiPolygon","coordinates":[[[[30.72839,56.78077],[30.81804,56.82384],[30.87655,56.80646],[30.87013,56.82818],[30.88985,56.84849],[30.87475,56.85395],[30.87983,56.88576],[30.90001,56.89033],[30.89615,56.87118],[30.93545,56.86572],[30.96244,56.88949],[30.94161,56.89598],[30.97596,56.91179],[30.97887,56.97525],[31.00493,56.98664],[31.0309,56.98758],[31.04922,56.95809],[31.10095,56.93098],[31.29876,56.95574],[31.32296,56.95126],[31.30822,56.93768],[31.33498,56.93924],[31.39086,56.90907],[31.43438,56.92469],[31.44173,56.95444],[31.531,56.94658],[31.56395,56.97763],[31.64675,57.00331],[31.69601,56.99006],[31.64739,57.02619],[31.75573,57.11405],[31.80225,57.10036],[31.88009,57.13084],[31.90121,57.11461],[31.88215,57.09454],[31.92668,57.08023],[31.92292,57.09523],[32.00167,57.11384],[32.02045,57.14956],[32.08108,57.15903],[32.1034,57.18671],[32.18159,57.1786],[32.25035,57.20256],[32.25103,57.22259],[32.23113,57.22968],[32.23637,57.25511],[32.27617,57.25978],[32.32244,57.22731],[32.37713,57.22465],[32.39195,57.26014],[32.48548,57.28244],[32.54762,57.32445],[32.54133,57.33964],[32.58265,57.32079],[32.63168,57.33486],[32.64839,57.35755],[32.63627,57.36745],[32.66391,57.36792],[32.66226,57.39089],[32.68197,57.41007],[32.70684,57.40656],[32.70692,57.43403],[32.76576,57.44048],[32.78858,57.46719],[32.91592,57.44514],[32.93728,57.46557],[32.96256,57.44661],[32.99332,57.45237],[33.05049,57.4299],[33.07302,57.44279],[33.07835,57.46611],[33.12734,57.46522],[33.18491,57.45396],[33.16037,57.4308],[33.17758,57.42231],[33.24004,57.41143],[33.26403,57.42192],[33.26663,57.4634],[33.23223,57.47753],[33.23141,57.53537],[33.29307,57.54945],[33.30475,57.56524],[33.29492,57.58294],[33.31859,57.5833],[33.32693,57.60653],[33.30101,57.62919],[33.30663,57.64853],[33.35066,57.65576],[33.42086,57.70227],[33.47654,57.67935],[33.49213,57.69927],[33.48021,57.71453],[33.50966,57.72881],[33.53553,57.71068],[33.59312,57.72762],[33.5466,57.76265],[33.54349,57.79132],[33.56474,57.79536],[33.54499,57.83626],[33.57531,57.84394],[33.54735,57.85116],[33.59756,57.87436],[33.64706,57.87323],[33.68189,57.89999],[33.66835,57.96105],[33.69115,57.96851],[33.67797,57.98137],[33.69273,57.99043],[33.6895,58.00284],[33.62516,58.00513],[33.62454,58.03873],[33.5695,58.02369],[33.52856,58.05841],[33.5941,58.09051],[33.60298,58.10081],[33.57519,58.10856],[33.58596,58.12048],[33.63532,58.10733],[33.63784,58.12863],[33.6968,58.15254],[33.70587,58.17031],[33.78001,58.16979],[33.80297,58.13781],[33.92813,58.16329],[33.97156,58.18028],[33.96341,58.19944],[33.99828,58.21339],[34.02601,58.18429],[34.12146,58.21329],[34.14926,58.20087],[34.18069,58.21275],[34.20753,58.19064],[34.27693,58.18792],[34.33612,58.1609],[34.35748,58.17697],[34.42548,58.14926],[34.47249,58.15477],[34.49809,58.13929],[34.48434,58.12774],[34.50472,58.11482],[34.55197,58.10472],[34.59693,58.11842],[34.6151,58.09445],[34.67165,58.07347],[34.72149,58.0903],[34.73135,58.14232],[34.7118,58.15402],[34.7366,58.17214],[34.71657,58.18545],[34.72422,58.20207],[34.6895,58.20013],[34.79348,58.24597],[34.84932,58.2278],[34.9843,58.22563],[35.05089,58.19462],[35.08286,58.21495],[35.11844,58.21246],[35.14244,58.23915],[35.25717,58.2742],[35.25575,58.31723],[35.28333,58.36566],[35.24731,58.38357],[35.30468,58.39601],[35.30394,58.40977],[35.47066,58.40999],[35.46012,58.42866],[35.49756,58.4286],[35.51653,58.44767],[35.64488,58.46017],[35.73274,58.43408],[35.77779,58.4529],[35.76811,58.43224],[35.82958,58.42959],[35.83532,58.41584],[35.90265,58.43508],[35.91631,58.42043],[35.93963,58.42303],[35.94191,58.4384],[35.91801,58.43987],[35.94154,58.46484],[36.0197,58.45917],[36.0153,58.4726],[36.10245,58.50495],[36.23157,58.50216],[36.24381,58.52141],[36.26546,58.52069],[36.34979,58.47731],[36.3913,58.5193],[36.43424,58.51164],[36.46414,58.52907],[36.50305,58.51548],[36.54375,58.55971],[36.50785,58.58059],[36.53913,58.60382],[36.58518,58.60125],[36.58709,58.62669],[36.6305,58.61925],[36.62974,58.65061],[36.66368,58.70175],[36.6875,58.69444],[36.69725,58.71474],[36.81043,58.724],[36.82919,58.74211],[36.82157,58.76034],[36.76215,58.79665],[36.84786,58.83617],[36.99332,58.83113],[37.07096,58.86314],[37.18322,58.82633],[37.19882,58.75159],[37.23868,58.73656],[37.23392,58.71469],[37.27515,58.6964],[37.27616,58.68144],[37.3197,58.69583],[37.28427,58.64806],[37.36489,58.64646],[37.41397,58.58347],[37.51229,58.55392],[37.53575,58.52226],[37.58509,58.51283],[37.62805,58.4831],[37.69426,58.52332],[37.71639,58.55464],[37.69746,58.57141],[37.71215,58.62568],[37.83326,58.63054],[37.89682,58.61132],[37.92738,58.64745],[37.96659,58.66312],[37.95482,58.6775],[38.02297,58.68945],[37.98348,58.70712],[38.06455,58.73011],[38.41296,58.72682],[38.48691,58.69989],[38.56522,58.75171],[38.55006,58.76361],[38.55729,58.77283],[38.66289,58.7573],[38.68719,58.72796],[38.702,58.73265],[38.69066,58.74747],[38.71912,58.7536],[38.92326,58.73333],[38.91583,58.77906],[38.93828,58.79538],[38.92009,58.80716],[39.03606,58.85566],[38.92622,58.89697],[38.94418,58.90742],[38.94876,58.94336],[38.98981,58.95601],[39.01476,58.95118],[39.00611,58.94427],[39.02382,58.92807],[39.12412,58.95099],[39.22535,58.92135],[39.24252,58.89493],[39.2674,58.90578],[39.26119,58.91802],[39.33427,58.92616],[39.32932,58.91709],[39.37075,58.91108],[39.36312,58.8976],[39.37783,58.88328],[39.43084,58.90568],[39.45737,58.89403],[39.4546,58.88264],[39.5714,58.87586],[39.60412,58.90493],[39.71973,58.82044],[39.79326,58.83706],[39.87096,58.75241],[39.95429,58.75844],[39.97333,58.73935],[40.02008,58.74122],[40.01903,58.70384],[40.03574,58.67731],[40.05428,58.67939],[40.04849,58.6562],[40.10066,58.66086],[40.13023,58.64275],[40.13594,58.62693],[40.09108,58.62319],[40.08087,58.60274],[40.16247,58.57859],[40.204,58.54926],[40.26417,58.55235],[40.31746,58.53434],[40.34303,58.55487],[40.46941,58.53823],[40.45793,58.54756],[40.51276,58.54691],[40.53503,58.56713],[40.62644,58.58807],[40.78256,58.5941],[40.83474,58.57462],[40.89029,58.59127],[40.89333,58.5756],[40.93007,58.57634],[41.0192,58.54174],[41.05809,58.50673],[41.04165,58.48481],[41.07089,58.48614],[41.10381,58.46315],[41.04834,58.44176],[41.17855,58.38255],[41.14815,58.3753],[41.1935,58.341],[41.10614,58.29015],[41.03652,58.28345],[40.98635,58.24664],[40.97616,58.2205],[40.96265,58.22547],[40.95846,58.19335],[40.90654,58.19896],[40.88266,58.17778],[40.89659,58.1083],[40.85274,58.11064],[40.83911,58.06586],[40.77081,58.06101],[40.77912,58.03282],[40.82343,58.01956],[40.77905,57.98913],[40.67599,57.98556],[40.67473,57.96008],[40.59767,57.89711],[40.63971,57.86308],[40.62211,57.84512],[40.65082,57.81923],[40.65119,57.79904],[40.61331,57.78121],[40.65747,57.75931],[40.64708,57.72752],[40.67754,57.72939],[40.65576,57.69701],[40.71809,57.6621],[40.69729,57.64063],[40.70732,57.62578],[40.63198,57.56882],[40.59872,57.57221],[40.61535,57.59329],[40.59182,57.59752],[40.54898,57.58261],[40.51578,57.59254],[40.49831,57.58188],[40.50537,57.56636],[40.44774,57.55942],[40.4426,57.53448],[40.50698,57.50962],[40.4294,57.51258],[40.40563,57.49345],[40.42665,57.48593],[40.43187,57.47121],[40.41677,57.46028],[40.43993,57.44953],[40.42143,57.43832],[40.44453,57.43811],[40.43352,57.4352],[40.44465,57.42058],[40.43731,57.40531],[40.3901,57.39873],[40.4469,57.3788],[40.42469,57.338],[40.44033,57.31696],[40.42228,57.31128],[40.43887,57.28916],[40.40419,57.26617],[40.32384,57.28818],[40.18293,57.26342],[40.24353,57.2462],[40.20962,57.22563],[40.18402,57.23235],[40.19101,57.20123],[40.15022,57.19083],[40.03151,57.20873],[40.01915,57.19218],[39.93683,57.16712],[39.85333,57.17419],[39.84805,57.14826],[39.82165,57.1431],[39.83756,57.11628],[39.8589,57.11754],[39.85758,57.08484],[39.77375,57.1053],[39.7572,57.09622],[39.76508,57.07658],[39.63084,57.07403],[39.60581,57.0294],[39.56277,57.03501],[39.5198,57.01595],[39.55533,56.99876],[39.54414,56.98919],[39.55342,56.95992],[39.51798,56.96153],[39.50184,56.93598],[39.43938,56.9066],[39.48458,56.87397],[39.46787,56.85682],[39.40043,56.86466],[39.41317,56.85125],[39.37967,56.83319],[39.37727,56.8112],[39.39725,56.803],[39.37852,56.79998],[39.37907,56.77724],[39.40632,56.77875],[39.44317,56.74698],[39.49794,56.7463],[39.49677,56.76251],[39.53045,56.7702],[39.57461,56.80966],[39.62149,56.79547],[39.63668,56.81261],[39.68612,56.80948],[39.80233,56.76541],[39.89808,56.77223],[39.89659,56.70666],[39.88075,56.69341],[39.86945,56.62386],[39.82172,56.6021],[39.84847,56.60128],[39.8421,56.5865],[39.88064,56.59629],[39.88995,56.57203],[39.95611,56.53401],[39.9142,56.49584],[39.9493,56.46689],[39.9794,56.47481],[39.9974,56.46041],[40.04337,56.48471],[40.10273,56.48022],[40.13835,56.45228],[40.17669,56.45998],[40.19282,56.43579],[40.22551,56.43982],[40.23588,56.45825],[40.25964,56.45955],[40.24769,56.47395],[40.26741,56.48806],[40.36001,56.50998],[40.38823,56.536],[40.41423,56.52205],[40.43316,56.54493],[40.45844,56.53494],[40.48083,56.5798],[40.53446,56.58437],[40.56509,56.60329],[40.60693,56.57989],[40.76723,56.59436],[40.80283,56.57015],[40.83019,56.57375],[40.82918,56.54769],[40.86,56.54366],[40.85769,56.52738],[40.88002,56.52436],[40.88592,56.50564],[41.01956,56.52091],[41.03482,56.48894],[41.12483,56.49297],[41.1468,56.48913],[41.15021,56.47372],[41.1732,56.49909],[41.18327,56.48858],[41.20181,56.50227],[41.27895,56.48205],[41.37021,56.50104],[41.49176,56.49125],[41.52661,56.50623],[41.54205,56.50555],[41.53313,56.48049],[41.54481,56.47234],[41.55977,56.4863],[41.58536,56.47368],[41.69711,56.51386],[41.71122,56.51001],[41.70244,56.496],[41.7578,56.49211],[41.84104,56.50161],[41.88294,56.52811],[41.92384,56.51861],[41.93104,56.50954],[41.91506,56.50392],[41.95984,56.48549],[41.93868,56.45049],[41.96381,56.43322],[41.95359,56.42444],[41.98066,56.38901],[41.96044,56.3609],[42.02972,56.38012],[42.0464,56.35236],[42.11733,56.36854],[42.11324,56.37801],[42.13889,56.37851],[42.13763,56.39768],[42.20584,56.40871],[42.20424,56.45018],[42.27919,56.43495],[42.32138,56.4495],[42.40577,56.44777],[42.47317,56.41724],[42.5505,56.41408],[42.56922,56.4004],[42.63116,56.4071],[42.64272,56.39085],[42.72222,56.36973],[42.77541,56.33026],[42.77512,56.30344],[42.80311,56.29062],[42.7408,56.26239],[42.78412,56.21982],[42.75282,56.20877],[42.75714,56.1956],[42.83206,56.20899],[42.80364,56.1951],[42.83117,56.1788],[42.84065,56.18974],[42.90017,56.18525],[42.91045,56.20146],[42.89992,56.20729],[42.91263,56.2088],[42.92374,56.19368],[42.90674,56.18522],[42.94288,56.19047],[42.94483,56.17324],[42.97613,56.16735],[42.96115,56.14037],[42.85156,56.13906],[42.82258,56.11722],[42.67131,56.08926],[42.68822,56.08365],[42.68065,56.04824],[42.71193,56.04654],[42.70487,56.01113],[42.71908,56.00953],[42.71855,55.96922],[42.66421,55.98165],[42.65338,55.95519],[42.57658,55.92469],[42.57037,55.95227],[42.53068,55.95437],[42.50648,55.91744],[42.50385,55.87836],[42.40985,55.82432],[42.39671,55.78996],[42.27466,55.7677],[42.24813,55.7311],[42.20612,55.72103],[42.18833,55.67704],[42.12878,55.67835],[42.14424,55.62217],[42.07516,55.62088],[42.06483,55.58737],[42.1036,55.52817],[42.08547,55.49637],[42.15591,55.46658],[42.16687,55.44399],[42.09293,55.40202],[42.05915,55.41653],[42.01667,55.37744],[42.00221,55.3251],[41.94244,55.34413],[41.97126,55.31546],[41.97252,55.2866],[41.86053,55.24111],[41.90834,55.21028],[41.86649,55.19401],[41.88268,55.17743],[41.87345,55.16473],[41.82213,55.1666],[41.78395,55.12975],[41.80597,55.10791],[41.77648,55.09864],[41.80198,55.07071],[41.84392,55.07394],[41.86249,55.05721],[41.99948,55.09808],[41.98072,55.05507],[42.00231,55.0374],[41.98995,55.01604],[41.99834,54.99534],[42.06077,54.97766],[42.22719,54.95892],[42.25538,54.97898],[42.41445,55.00701],[42.44527,55.02553],[42.48549,55.00935],[42.48531,54.99079],[42.44545,54.96465],[42.49442,54.90771],[42.42493,54.8616],[42.44291,54.85608],[42.44233,54.8254],[42.40736,54.84237],[42.3891,54.83021],[42.39368,54.81226],[42.42683,54.81485],[42.42181,54.79895],[42.3891,54.78967],[42.41568,54.76047],[42.39413,54.75014],[42.42891,54.73915],[42.41462,54.70347],[42.44154,54.71436],[42.4784,54.69057],[42.50263,54.70393],[42.54194,54.67501],[42.56995,54.68026],[42.58888,54.7045],[42.6412,54.67479],[42.59752,54.63557],[42.63133,54.62966],[42.62103,54.6117],[42.63236,54.59948],[42.69209,54.56965],[42.60674,54.56104],[42.62941,54.55485],[42.59833,54.54627],[42.605579994611816,54.53461916223474],[42.60075,54.53067],[42.61013585298343,54.527297837233704],[42.63141,54.49311],[42.61139,54.4893],[42.6058,54.51007],[42.56364,54.50571],[42.54993,54.48527],[42.56305,54.47371],[42.53577,54.43676],[42.55213,54.42851],[42.58342,54.44481],[42.58365,54.4257],[42.62087,54.4019],[42.62917,54.37592],[42.52948,54.37042],[42.48785,54.32873],[42.49027,54.30538],[42.40547,54.28472],[42.38736,54.25394],[42.33451,54.25362],[42.30123,54.22627],[42.16426,54.25824],[42.22622,54.22401],[42.2078,54.21836],[42.2174,54.20673],[42.20256,54.18857],[42.2444327188584,54.168010089639296],[42.24211,54.16279],[42.31281,54.14969],[42.34432,54.15919],[42.35381,54.17576],[42.33955,54.19146],[42.39128,54.20541],[42.36555,54.21862],[42.39593,54.25456],[42.4345,54.25711],[42.57221,54.17884],[42.59949,54.18489],[42.65039,54.16647],[42.68907,54.12928],[42.57934,54.16543],[42.52095,54.13472],[42.53612,54.11678],[42.55157,54.12124],[42.57214,54.08332],[42.47471,54.07734],[42.45007,54.10365],[42.45183,54.12241],[42.37192,54.08761],[42.30683,54.08443],[42.30327,54.09991],[42.32684,54.10661],[42.32616,54.12275],[42.26196,54.08766],[42.35622,54.01604],[42.44467,53.99608],[42.44489,53.94249],[42.38327,53.92353],[42.35097,53.85373],[42.21671,53.83326],[42.20635,53.81858],[42.13756,53.82248],[42.15405,53.77081],[42.10672,53.76802],[42.1104,53.75708],[42.08174,53.748],[42.08952,53.70859],[42.14395,53.71208],[42.11784,53.67119],[42.13112,53.65404],[42.12193,53.56909],[42.13987,53.56937],[42.10953,53.51534],[42.17175,53.53299],[42.14077,53.4987],[42.25553,53.48534],[42.26291,53.46304],[42.32043,53.42974],[42.2598,53.41455],[42.23684,53.35937],[42.29196,53.37291],[42.35652,53.32809],[42.41217,53.33802],[42.41901,53.28792],[42.43218,53.2831],[42.42097,53.2717],[42.50405,53.23462],[42.57136,53.17983],[42.50903,53.17019],[42.54755,53.12236],[42.62761,53.12828],[42.77824,53.00339],[42.95755,52.93095],[42.96174,52.90536],[43.11827,52.8033],[43.24809,52.63634],[43.22034,52.63679],[43.11228,52.57004],[43.05824,52.55939],[43.05795,52.52035],[43.12177,52.51089],[43.02405,52.48676],[43.08144,52.41274],[43.07212,52.39157],[43.03894,52.3879],[43.03434,52.35713],[43.01622,52.35273],[42.9208,52.36033],[42.94224,52.33607],[42.88976,52.24717],[42.88885,52.21206],[42.7719,52.18497],[42.77383,52.12744],[42.75683,52.08548],[42.78543,52.07307],[42.77624,52.04163],[42.81358,52.02222],[42.7132,51.99604],[42.73136,51.96612],[42.71015,51.94977],[42.71261,51.88562],[42.66772,51.80689],[42.51544,51.71205],[42.50367,51.66712],[42.52086,51.59612],[42.49891,51.5931],[42.48282,51.63137],[42.34429,51.58808],[42.29835,51.61926],[42.26528,51.60166],[42.28214,51.64026],[42.26837,51.66268],[42.30992,51.67306],[42.30782,51.68962],[42.27474,51.68584],[42.22914,51.7192],[42.18991,51.72372],[42.19489,51.70706],[42.11912,51.73048],[42.10656,51.71738],[42.12592,51.70207],[42.10731,51.69292],[42.1393,51.63046],[42.09503,51.6282],[42.07063,51.65745],[42.02006,51.66793],[41.99785,51.65404],[41.89683,51.68009],[41.83889,51.67403],[41.85383,51.71378],[41.73319,51.70581],[41.72284,51.7362],[41.63591,51.733],[41.59582,51.76643],[41.52438,51.77364],[41.50754,51.7993],[41.48219,51.80456],[41.4621,51.80163],[41.48141,51.76972],[41.30712,51.80195],[41.3029,51.7888],[41.28071,51.79197],[41.2962,51.7383],[41.11611,51.73063],[41.11912,51.71948],[41.06311,51.72051],[41.05527,51.73637],[41.00638,51.71566],[41.01007,51.72628],[40.9694,51.74676],[40.88193,51.73891],[40.92877,51.81767],[40.91788,51.82832],[40.94862,51.86085],[40.94567,51.89109],[40.8457,51.92198],[40.8039,51.89447],[40.75296,51.9373],[40.54942,51.95129],[40.50822,51.93521],[40.46095,51.96042],[40.39621,51.9475],[40.35402,51.96547],[40.30036,51.93526],[40.30936,51.94452],[40.22141,51.97599],[40.15534,51.9615],[40.12712,51.98558],[40.13223,51.99954],[40.07582,51.99201],[40.08111,51.97195],[40.04247,51.95222],[39.92689,51.9675],[39.91304,51.98284],[39.87519,51.93421],[39.81612,51.92029],[39.77847,51.94286],[39.76454,51.9271],[39.48788,51.97789],[39.49741,52.01273],[39.51724,52.02084],[39.47317,52.07355],[39.38339,52.08933],[39.35631,52.07905],[39.35264,52.09135],[39.34538,52.07994],[39.34348,52.09865],[39.26559,52.10222],[39.2315,52.07344],[39.17873,52.08995],[39.14548,52.0827],[39.17577,52.06481],[39.09324,52.04502],[39.10368,51.9934],[39.07357,51.98316],[39.01501,51.98481],[38.87721,52.09655],[38.81101,52.08414],[38.78427,52.05235],[38.80999,52.04308],[38.78678,52.0292],[38.74176,52.04169],[38.70677,52.09824],[38.66993,52.08288],[38.67818,52.0642],[38.6351,52.03885],[38.55555,52.05553],[38.4813,52.01786],[38.39487,52.00148],[38.39962,51.98749],[38.29845,51.97459],[38.29261,51.96594],[38.31642,51.95749],[38.31839,51.91947],[38.3405,51.91917],[38.34153,51.93883],[38.42912,51.94475],[38.44849,51.92194],[38.41677,51.9063],[38.44247,51.89253],[38.41004,51.8648],[38.44532,51.83194],[38.40273,51.80082],[38.39906,51.782],[38.46327,51.74024],[38.51927,51.74797],[38.44516,51.69145],[38.38605,51.68368],[38.22419,51.69995],[38.23473,51.65899],[38.16119,51.67042],[38.1391,51.63928],[38.298,51.52146],[38.28053,51.49303],[38.30979,51.48284],[38.30288,51.46402],[38.31851,51.44484],[38.28048,51.43485],[38.30596,51.41085],[38.29347,51.39409],[38.31873,51.37398],[38.37615,51.38797],[38.37487,51.36027],[38.33239,51.35795],[38.32864,51.33115],[38.36597,51.3164],[38.34723,51.29852],[38.2275,51.30044],[38.20443,51.33805],[38.15782,51.33301],[38.07487,51.37177],[38.07486,51.35605],[38.05132,51.36146],[38.02949,51.37327],[38.00583,51.42313],[37.95006,51.42726],[37.84748,51.42973],[37.70147,51.35189],[37.59714,51.36442],[37.58564,51.38873],[37.55725,51.39153],[37.47205,51.36803],[37.38374,51.38452],[37.32311,51.35864],[37.30075,51.33154],[37.1882,51.33399],[37.18682,51.34763],[37.14613,51.35685],[37.15999,51.31963],[37.12175,51.28395],[37.14893,51.22889],[37.09797,51.23033],[37.1097,51.25447],[37.07925,51.25209],[37.03519,51.23503],[36.98716,51.18322],[36.95976,51.18514],[36.94937,51.17076],[36.86388,51.17746],[36.76771,51.14152],[36.75234,51.14949],[36.73116,51.12333],[36.64234,51.07785],[36.58702,51.06632],[36.60157,51.10018],[36.52493,51.13505],[36.49401,51.09404],[36.50382,51.07841],[36.49239,51.06255],[36.42302,51.12088],[36.35314,51.0916],[36.30577,51.09451],[36.26502,51.10727],[36.22839,51.14302],[36.22332,51.11806],[36.14016,51.11047],[36.04975,51.16659],[36.04122,51.15356],[35.98613,51.15148],[36.00416,51.1274],[35.96819,51.14583],[35.92234,51.13019],[35.93653,51.09918],[35.92258,51.09728],[35.9962,51.07008],[36.00843,51.05167],[35.94871,51.05387],[35.93653,51.01853],[35.90987,51.02053],[35.87494,50.99789],[35.86531,50.95861],[35.83633,50.95929],[35.83301,50.94074],[35.80101,50.9366],[35.78682,50.96329],[35.73401,50.97661],[35.72641,50.9289],[35.70086,50.93346],[35.67868,50.90766],[35.60644,50.93583],[35.60462,50.91441],[35.57091,50.90156],[35.52824,50.92075],[35.54475,50.92353],[35.54254,50.9452],[35.47951,50.93768],[35.45515,50.95661],[35.42123,50.94817],[35.35209,50.9733],[35.32304,51.01382],[35.36046,51.00582],[35.40948,51.02662],[35.40624,51.04767],[35.37531,51.06696],[35.3496,51.06222],[35.3145,51.08697],[35.27606,51.05909],[35.24965,51.06426],[35.21189,51.0462],[35.1482,51.08245],[35.17693,51.09845],[35.16301,51.10944],[35.17471,51.12149],[35.14136,51.13385],[35.12341,51.16525],[35.15048,51.22343],[35.07583,51.23207],[35.03977,51.20443],[35.03785,51.21776],[34.97944,51.23505],[34.89696,51.19313],[34.86251,51.19917],[34.81731,51.16891],[34.78463,51.18467],[34.68826,51.18124],[34.66782,51.19816],[34.66165,51.24748],[34.60384,51.25462],[34.58023,51.23347],[34.54082,51.25245],[34.4883,51.24406],[34.38367,51.27401],[34.30565,51.23826],[34.23113,51.27119],[34.25516,51.28192],[34.23766,51.29233],[34.28247,51.31087],[34.28123,51.33475],[34.3168,51.33095],[34.3367,51.36557],[34.22809,51.39961],[34.22078,51.41715],[34.25528,51.4397],[34.24473,51.45646],[34.29599,51.48183],[34.28961,51.5096],[34.30841,51.5192],[34.25987,51.53328],[34.23745,51.58481],[34.21629,51.57434],[34.211,51.60038],[34.18233,51.59676],[34.16726,51.64566],[34.13023,51.64301],[34.10538,51.66677],[34.08077,51.6657],[34.1277,51.68912],[34.29021,51.70495],[34.30945,51.72023],[34.42139,51.72205],[34.44035,51.74368],[34.4092,51.78234],[34.41537,51.8253],[34.30286,51.88717],[34.24561,51.88164],[34.26149,51.90928],[34.21912,51.92039],[34.18959,51.96894],[34.14293,51.96798],[34.12926,51.98465],[34.13972,51.99972],[34.09692,52.00426],[34.10118,52.04084],[34.06265,52.07306],[34.09401,52.08517],[34.08717,52.10885],[34.11628,52.14108],[34.05931,52.1666],[34.05283,52.20139],[34.01634,52.2019],[33.99884,52.21099],[34.00082,52.22703],[33.93684,52.24979],[33.94439,52.28294],[33.92209,52.30455],[33.83933,52.32005],[33.8553,52.33287],[33.83647,52.36139],[33.70753,52.3627],[33.60535,52.33348],[33.58175,52.31088],[33.5439,52.32362],[33.56051,52.30193],[33.48247,52.31364],[33.52047,52.34346],[33.50962,52.35827],[33.45452,52.36497],[33.43945,52.35292],[33.44681,52.34266],[33.38056,52.37164],[33.30638,52.35014],[33.18866,52.37915],[33.1699,52.37283],[33.16956,52.34085],[33.13396,52.34501],[33.06699,52.30259],[33.07378,52.32411],[33.05992,52.32955],[33.04482,52.30706],[32.99703,52.28807],[32.99574,52.27186],[32.88756,52.2451],[32.8844,52.27337],[32.83302,52.27829],[32.81705,52.25894],[32.76285,52.25549],[32.75659,52.2668],[32.70059,52.2479],[32.6079,52.30468],[32.57722,52.30019],[32.55003,52.32687],[32.50171,52.3273],[32.48968,52.31438],[32.37683,52.33731],[32.35189,52.31622],[32.3703,52.27495],[32.39486,52.27819],[32.38294,52.26975],[32.4015,52.24604],[32.3467,52.24413],[32.32454,52.22341],[32.34687,52.18247],[32.3239,52.15154],[32.3679,52.1465],[32.32027,52.1362],[32.29051,52.10308],[32.22446,52.08722],[32.19952,52.06612],[32.14729,52.06924],[32.13396,52.0434],[32.09632,52.03363],[31.97207,52.05195],[31.91657,52.04221],[31.96099,52.07472],[31.89329,52.10507],[31.8114,52.09858],[31.78174,52.11201],[31.7928,52.12601],[31.78104,52.18557],[31.68826,52.19446],[31.70929,52.21484],[31.69659,52.25673],[31.71221,52.266],[31.64912,52.28007],[31.58535,52.31972],[31.62419,52.33347],[31.63256,52.39818],[31.62164,52.41834],[31.59409,52.4149],[31.61084,52.45345],[31.5796,52.45929],[31.62612,52.4925],[31.60509,52.50443],[31.5796,52.49534],[31.55763,52.51765],[31.59428,52.51628],[31.61024,52.54915],[31.63925,52.54117],[31.67362,52.56114],[31.63042,52.56276],[31.56419,52.59425],[31.56974,52.6351],[31.49995,52.69343],[31.55891,52.70622],[31.59285,52.73448],[31.59076,52.78699],[31.51943,52.83153],[31.53823,52.84338],[31.53342,52.86003],[31.48081,52.86054],[31.39352,52.91127],[31.35534,52.98408],[31.24091,53.0268],[31.26349,53.04276],[31.33061,53.04181],[31.33478,53.09123],[31.3912,53.09649],[31.39879,53.10969],[31.36553,53.12673],[31.36356,53.14396],[31.41489,53.17829],[31.40184,53.21185],[31.56401,53.19228],[31.62835,53.23108],[31.7864,53.17973],[31.79771,53.14156],[31.83095,53.11038],[31.91743,53.10654],[31.91348,53.08887],[31.93467,53.08306],[32.01906,53.10012],[32.06838,53.07936],[32.15126,53.08319],[32.18757,53.10886],[32.23607,53.09917],[32.24524,53.12917],[32.30222,53.12766],[32.33262,53.14434],[32.35774,53.18512],[32.41435,53.1861],[32.44831,53.20825],[32.50949,53.28163],[32.48846,53.30352],[32.58331,53.29052],[32.61558,53.32051],[32.61652,53.34034],[32.7335,53.33253],[32.72295,53.37407],[32.75548,53.39707],[32.73926,53.42256],[32.76278,53.42428],[32.74879,53.44522],[32.75711,53.45818],[32.65591,53.46986],[32.68705,53.48139],[32.64707,53.50412],[32.6251,53.475],[32.60424,53.47881],[32.6033,53.51287],[32.54227,53.51679],[32.55117,53.52719],[32.47792,53.54888],[32.48181,53.56737],[32.4258,53.60744],[32.4498,53.63735],[32.43191,53.65195],[32.43213,53.63091],[32.41836,53.63498],[32.4139,53.65066],[32.4273,53.67067],[32.49895,53.68113],[32.49876,53.70691],[32.46254,53.721],[32.46068,53.73765],[32.36917,53.7174],[32.34387,53.75057],[32.27236,53.7585],[32.28484,53.77593],[32.2297,53.76598],[32.20805,53.79957],[32.17742,53.79272],[32.12684,53.81849],[32.04833,53.7985],[31.98969,53.80413],[31.89849,53.77447],[31.81077,53.80659],[31.76122,53.79616],[31.77431,53.81124],[31.7565,53.8325],[31.7899,53.83382],[31.78939,53.85576],[31.83834,53.8655],[31.79869,53.8758],[31.8302,53.88261],[31.83088,53.90553],[31.85683,53.9171],[31.84477,53.95019],[31.89175,53.96617],[31.89094,53.99399],[31.85392,54.00566],[31.89118,54.03587],[31.89909,54.0525],[31.88171,54.06947],[31.89479,54.08682],[31.83832,54.08167],[31.82348,54.09684],[31.78579,54.07611],[31.75336,54.07844],[31.77429,54.11275],[31.67573,54.10329],[31.65523,54.14215],[31.56346,54.13711],[31.49514,54.1589],[31.49101,54.18523],[31.37901,54.21306],[31.4106,54.22233],[31.31782,54.24414],[31.32022,54.31194],[31.2858,54.31967],[31.31867,54.34044],[31.29861,54.36831],[31.25259,54.38017],[31.26946,54.40118],[31.23542,54.43434],[31.23259,54.46627],[31.1671,54.47382],[31.08563,54.50863],[31.10122,54.51881],[31.09513,54.53259],[31.13645,54.54385],[31.13132,54.56429],[31.14634,54.58214],[31.20435,54.61991],[31.19781,54.65909],[31.1756,54.67064],[31.0937,54.66133],[30.99126,54.67227],[30.98399,54.69117],[31.02544,54.70582],[31.01213,54.71707],[30.97781,54.71291],[30.95338,54.74323],[30.75157,54.80952],[30.79193,54.87456],[30.8218,54.8798],[30.81416,54.89387],[30.83476,54.90752],[30.81871,54.94022],[30.94376,54.95847],[30.93558,54.97565],[30.96235,54.98525],[30.91036,55.01849],[30.94503,55.0378],[31.0164,55.02948],[31.02789,55.06231],[30.9903,55.07685],[30.98561,55.10577],[31.0024,55.11603],[30.98993,55.11999],[31.00376,55.14098],[30.97279,55.14463],[30.99247,55.16296],[30.98533,55.17178],[30.92352,55.20066],[30.90856,55.25181],[30.87562,55.28054],[30.81983,55.282],[30.83059,55.33418],[30.92214,55.3765],[30.93355,55.39581],[30.89244,55.47684],[30.95862,55.49709],[30.9139,55.52207],[30.95501,55.54241],[30.92801,55.64181],[30.9517,55.64933],[30.96142,55.677],[31.06056,55.69877],[31.03015,55.72502],[31.03806,55.76084],[31.07778,55.74768],[31.0743,55.75939],[31.14013,55.758],[31.21564,55.7203],[31.25952,55.74397],[31.30533,55.72551],[31.31102,55.74221],[31.41882,55.72449],[31.45643,55.74015],[31.46707,55.72934],[31.42218,55.71604],[31.48914,55.70714],[31.40377,55.81108],[31.41466,55.83644],[31.3949,55.86802],[31.41615,55.89143],[31.38947,55.92713],[31.34965,55.94483],[31.46475,56.02449],[31.49113,56.02369],[31.50844,56.04989],[31.49942,56.07183],[31.46731,56.08741],[31.46945,56.11489],[31.44939,56.13339],[31.50761,56.15813],[31.50119,56.18403],[31.46189,56.19763],[31.47374,56.24555],[31.46266,56.25378],[31.49592,56.27122],[31.49388,56.28923],[31.51718,56.28971],[31.51786,56.30609],[31.40547,56.31398],[31.38838,56.30165],[31.36107,56.32553],[31.2306,56.33882],[31.2297,56.40843],[31.2066,56.41415],[31.2126,56.42722],[31.1188,56.43958],[30.98948,56.48367],[31.01883,56.50247],[31.00182,56.51711],[31.02112,56.52287],[31.01449,56.5455],[31.04953,56.5723],[31.05897,56.6548],[30.88786,56.64517],[30.89012,56.6601],[30.80965,56.69919],[30.83306,56.71564],[30.77563,56.73391],[30.8362,56.74212],[30.83484,56.75504],[30.76287,56.75897],[30.78482,56.78968],[30.72839,56.78077]]],[[[31.53313,52.48566],[31.58171,52.47821],[31.57562,52.46301],[31.53313,52.48566]]],[[[38.68454,58.77908],[38.70043,58.80535],[38.72653,58.77856],[38.68454,58.77908]]],[[[42.23673,54.18906],[42.25367,54.18877],[42.249791454364875,54.18005333777582],[42.23673,54.18906]]],[[[42.2444327188584,54.168010089639296],[42.249791454364875,54.18005333777582],[42.25493,54.17651],[42.24594,54.16727],[42.2444327188584,54.168010089639296]]],[[[42.43358,54.79356],[42.47971,54.79077],[42.50973,54.75074],[42.45487,54.75043],[42.43358,54.79356]]],[[[42.605579994611816,54.53461916223474],[42.60903,54.53744],[42.61912,54.52407],[42.61013585298343,54.527297837233704],[42.605579994611816,54.53461916223474]]],[[[42.63713,54.5578],[42.64801,54.56069],[42.65835,54.55287],[42.63713,54.5578]]]]}},{"type":"Feature","properties":{"territory_id":"RU-04","country_code":"RU","country_name":"Russia","display_name":"Volga Russia","strategic_centre":"Nizhny Novgorod","centre":[44.0059,56.2965],"boundary_status":"administrative-comparison-draft","admin_source":"geoBoundaries ADM1 (release 2025)","source_region_count":20,"label_anchor":[44.0059,56.2965],"label_anchor_adjusted":false},"geometry":{"type":"MultiPolygon","coordinates":[[[[39.37404,56.81996],[39.41317,56.85125],[39.40043,56.86466],[39.47084,56.85858],[39.48468,56.87671],[39.44579,56.89038],[39.43938,56.9066],[39.50184,56.93598],[39.51798,56.96153],[39.55342,56.95992],[39.54414,56.98919],[39.55533,56.99876],[39.5198,57.01595],[39.56277,57.03501],[39.60581,57.0294],[39.63084,57.07403],[39.65761,57.08267],[39.76508,57.07658],[39.7572,57.09622],[39.77375,57.1053],[39.85758,57.08484],[39.8589,57.11754],[39.83756,57.11628],[39.82165,57.1431],[39.84805,57.14826],[39.85333,57.17419],[39.93683,57.16712],[40.01915,57.19218],[40.03151,57.20873],[40.15022,57.19083],[40.19101,57.20123],[40.18402,57.23235],[40.20962,57.22563],[40.24353,57.2462],[40.18293,57.26342],[40.32384,57.28818],[40.40419,57.26617],[40.43887,57.28916],[40.42228,57.31128],[40.44033,57.31696],[40.42469,57.338],[40.4469,57.3788],[40.3901,57.39873],[40.43731,57.40531],[40.44465,57.42058],[40.43352,57.4352],[40.44453,57.43811],[40.42143,57.43832],[40.43993,57.44953],[40.41677,57.46028],[40.43187,57.47121],[40.42665,57.48593],[40.40563,57.49345],[40.4294,57.51258],[40.50698,57.50962],[40.4426,57.53448],[40.44774,57.55942],[40.50537,57.56636],[40.49831,57.58188],[40.51578,57.59254],[40.54898,57.58261],[40.59182,57.59752],[40.61535,57.59329],[40.59872,57.57221],[40.63198,57.56882],[40.70732,57.62578],[40.69729,57.64063],[40.71809,57.6621],[40.65576,57.69701],[40.67754,57.72939],[40.64708,57.72752],[40.65747,57.75931],[40.61331,57.78121],[40.65119,57.79904],[40.65082,57.81923],[40.62211,57.84512],[40.63971,57.86308],[40.59767,57.89711],[40.67473,57.96008],[40.67599,57.98556],[40.77905,57.98913],[40.82343,58.01956],[40.77912,58.03282],[40.77081,58.06101],[40.83911,58.06586],[40.85274,58.11064],[40.89659,58.1083],[40.88266,58.17778],[40.90654,58.19896],[40.95846,58.19335],[40.96265,58.22547],[40.97616,58.2205],[40.98635,58.24664],[41.03652,58.28345],[41.10614,58.29015],[41.16107,58.33214],[41.19046,58.33391],[41.1897,58.35037],[41.14815,58.3753],[41.17855,58.38255],[41.04834,58.44176],[41.10381,58.46315],[41.07089,58.48614],[41.04165,58.48481],[41.05809,58.50673],[41.0192,58.54174],[40.93007,58.57634],[40.93248,58.58887],[40.95802,58.57812],[41.0522,58.60677],[41.06573,58.63278],[41.10521,58.65441],[41.16536,58.65695],[41.1678,58.68842],[41.1941,58.7011],[41.18941,58.71224],[41.22066,58.71333],[41.23006,58.74104],[41.15589,58.80309],[41.22177,58.8195],[41.19955,58.8484],[41.24291,58.85188],[41.25881,58.83818],[41.25528,58.8757],[41.27111,58.88693],[41.26362,58.89871],[41.22592,58.88432],[41.18171,58.8954],[41.18726,58.92171],[41.17162,58.93156],[41.18354,58.95195],[41.26823,58.992],[41.33408,58.98306],[41.34903,58.95194],[41.39821,58.98897],[41.52819,59.01953],[41.52521,59.04127],[41.71442,59.08494],[41.72852,59.11091],[41.82613,59.10498],[41.90684,59.07355],[41.94891,59.07864],[41.92708,59.10171],[41.95869,59.12238],[42.00134,59.10473],[42.05745,59.12289],[42.03826,59.13633],[42.09034,59.15592],[42.09866,59.24982],[42.03168,59.25432],[42.0292,59.24196],[41.94835,59.26152],[41.89394,59.29301],[41.9622,59.28171],[41.98646,59.3929],[42.03486,59.42955],[42.21625,59.40848],[42.20277,59.32755],[42.23184,59.30069],[42.27252,59.2918],[42.29075,59.26951],[42.27922,59.26154],[42.31418,59.2575],[42.31212,59.27192],[42.34839,59.30463],[42.50724,59.31914],[42.50768,59.33841],[42.54989,59.33687],[42.5231,59.3311],[42.55706,59.31346],[42.5738,59.32992],[42.63638,59.32818],[42.67348,59.31514],[42.65278,59.30051],[42.67317,59.29803],[42.68323,59.27374],[42.65493,59.26431],[42.6924,59.2235],[42.75732,59.21692],[42.79969,59.17003],[42.82322,59.18509],[42.86455,59.17756],[42.86653,59.16117],[42.90898,59.20064],[42.96162,59.19137],[43.00133,59.21278],[43.02818,59.2029],[43.08598,59.23376],[43.08448,59.25014],[43.14085,59.24915],[43.15149,59.25451],[43.1325,59.28169],[43.14382,59.29255],[43.14352,59.26796],[43.21068,59.23588],[43.24048,59.22841],[43.26392,59.24694],[43.33457,59.19814],[43.38257,59.20441],[43.33743,59.26616],[43.50405,59.30589],[43.50845,59.25955],[43.5443,59.25731],[43.53088,59.24026],[43.55707,59.21769],[43.52539,59.20758],[43.53496,59.1785],[43.6109,59.1898],[43.63693,59.21762],[43.60926,59.23455],[43.67454,59.23359],[43.69473,59.26028],[43.77638,59.26837],[43.80635,59.24256],[43.90083,59.23943],[43.94817,59.20809],[44.17111,59.23733],[44.20777,59.2257],[44.19022,59.17012],[44.28649,59.17327],[44.29462,59.15147],[44.33346,59.14968],[44.35263,59.13254],[44.40025,59.15869],[45.03964,59.12181],[45.05626,59.1983],[45.3339,59.18388],[45.34047,59.21604],[45.57033,59.20102],[45.57991,59.17945],[45.60597,59.17714],[45.60998,59.19783],[45.69216,59.19933],[45.97903,59.17165],[46.02029,59.32395],[46.16307,59.31361],[46.16577,59.35372],[46.36887,59.34248],[46.40631,59.49639],[46.37246,59.50016],[46.40891,59.61865],[46.70953,59.59065],[46.78983,59.59309],[46.79716,59.6236],[47.11782,59.59897],[47.15288,59.75223],[46.92235,59.7655],[47.03477,60.12638],[46.92059,60.12323],[46.88336,60.10109],[46.89082,60.0758],[46.82357,60.06891],[46.83236,60.05341],[46.77863,60.05768],[46.77883,60.04105],[46.75238,60.04532],[46.76088,60.06199],[46.74131,60.06837],[46.66452,60.0619],[46.6515,60.08466],[46.62451,60.06194],[46.59831,60.06451],[46.58695,60.0811],[46.49788,60.10631],[46.35269,60.11045],[46.37798,60.13209],[46.35318,60.14702],[46.35865,60.16128],[46.32656,60.16617],[46.34082,60.2073],[46.26378,60.23715],[46.2831,60.25382],[46.38498,60.24619],[46.39061,60.26311],[46.41582,60.26892],[46.47785,60.24255],[46.63598,60.2627],[46.76303,60.23368],[46.81634,60.29745],[46.79437,60.32473],[46.84354,60.35823],[46.75846,60.36478],[46.77935,60.39604],[46.87173,60.4142],[46.83565,60.4329],[46.88875,60.45413],[46.89548,60.48929],[46.87384,60.51351],[46.95245,60.53125],[46.97929,60.55195],[47.03802,60.5446],[47.03869,60.55563],[47.00162,60.5577],[47.01787,60.56716],[46.99589,60.58474],[47.01314,60.62454],[46.96275,60.63973],[46.96086,60.65546],[47.00609,60.66994],[46.97648,60.69233],[47.01561,60.70868],[46.98295,60.72181],[47.03308,60.72568],[47.11654,60.93843],[47.09918,60.9443],[47.1023,60.96175],[47.19395,60.99698],[47.18224,61.02834],[47.19318,61.06739],[47.48258,61.03547],[47.48606,61.04667],[47.60308,61.06059],[47.64545,61.0507],[47.66256,61.03102],[47.78907,61.02636],[47.83621,61.00797],[47.8972,61.01682],[47.95599,60.98855],[47.96653,60.87917],[48.41968,60.83721],[48.47497,61.02214],[48.93074,61.13864],[48.95936,61.10567],[49.12675,61.17223],[49.32082,61.15277],[49.5021,61.60504],[49.04031,61.64869],[49.22795,62.10204],[49.3049,62.10824],[49.2798,62.11785],[49.28849,62.14047],[49.37457,62.13391],[49.46964,62.36515],[49.42502,62.44705],[49.56741,62.77674],[48.74133,62.8517],[48.68141,62.70214],[48.35223,62.73374],[48.25399,62.50747],[48.29802,62.47692],[48.3229,62.30715],[47.65936,62.32839],[47.64262,62.17571],[47.38908,62.18141],[47.40289,62.33443],[47.23191,62.33719],[47.24536,62.63873],[47.06089,62.82629],[47.44274,62.96498],[47.40906,62.9648],[47.53081,63.04995],[47.54238,63.11506],[47.55982,63.11333],[47.56736,63.14488],[47.39005,63.15633],[47.16017,63.24544],[47.05102,63.25391],[47.03202,63.29242],[46.94272,63.34941],[46.93926,63.45355],[47.01197,63.51797],[47.01732,63.57773],[46.80988,63.75665],[46.40833,63.88911],[46.15116,63.94385],[45.94339,63.95663],[45.59452,64.05696],[45.39935,64.17492],[45.71404,64.25744],[45.85201,64.27803],[46.32108,64.24799],[46.63022,64.3169],[47.34453,64.35439],[48.16144,64.34525],[48.16576,64.27617],[48.18875,64.23064],[48.46473,64.20433],[48.52447,64.35562],[48.89312,64.32928],[48.88552,64.34267],[48.96106,64.47755],[49.48316,64.42506],[49.55241,64.57583],[49.90542,64.54751],[49.9125,64.55788],[50.36068,64.51039],[50.49891,64.79268],[50.23293,64.83088],[49.63541,65.288],[49.05216,65.22545],[49.00047,66.11357],[48.08465,66.12925],[48.02913,66.01328],[47.91104,66.03228],[47.84917,65.98297],[47.82456,65.98159],[47.74923,65.90646],[47.84353,65.85534],[47.79742,65.8379],[47.73835,65.82097],[47.47135,65.84393],[47.14476,65.82131],[46.77045,65.93534],[46.3471,66.03829],[45.84849,66.08543],[45.72583,66.06902],[45.26754,66.17825],[44.989,66.22505],[44.85494,66.23057],[44.58952,66.29758],[44.52075,66.36162],[44.25026,66.43597],[44.31305,66.48008],[44.38372,66.49893],[44.39029,66.57719],[44.43054,66.62729],[44.48272,66.64872],[44.57958,66.65271],[44.47802,66.67095],[44.39646,66.72307],[44.36344,66.77485],[44.45207,66.79358],[44.49105,66.82132],[44.50984,66.83851],[44.47375,66.87163],[44.47859,66.88852],[44.54762,66.90938],[44.52657,66.89683],[44.53461,66.90477],[44.42819,66.95964],[44.40382,66.99513],[44.30866,67.03695],[44.32302,67.06301],[44.22392,67.09626],[44.1786,67.13068],[44.05586,67.16244],[43.90893,67.1515],[43.77987,67.19527],[43.77045,67.24105],[43.80162,67.34447],[43.92193,67.49987],[44.03587,67.60311],[44.06816,67.6598],[44.14843,67.66773],[44.11284,67.63721],[44.13155,67.62366],[44.09725,67.61957],[44.13016,67.61702],[44.10641,67.60811],[44.13648,67.60181],[44.15848,67.60317],[44.09987,67.61839],[44.13397,67.62437],[44.11613,67.63553],[44.15589,67.66636],[44.13665,67.67673],[44.23313,67.66933],[44.06859,67.68035],[44.14682,67.75932],[44.14001,67.79722],[44.09526,67.83811],[44.11587,67.87841],[44.14207,67.8828],[44.13942,67.90708],[44.17819,67.96052],[44.14961,68.00921],[44.15822,68.04427],[44.20052,68.08539],[44.22584,68.18683],[44.21582,68.28493],[44.04141,68.37342],[43.49848,68.5452],[43.3037,68.62861],[43.27347,68.65948],[43.47714,68.66347],[43.74111,68.61494],[43.83292,68.57684],[44.06313,68.53173],[44.78368,68.55222],[45.27978,68.53878],[45.53756,68.517],[46.03223,68.4286],[45.80454,68.46792],[46.03504,68.32993],[45.99521,68.31236],[46.1108,68.29497],[46.30843,68.18664],[46.379,68.17141],[46.3389,68.20488],[46.35498,68.20603],[46.54374,68.11592],[46.54735,68.09903],[46.40865,68.10008],[46.42147,68.09634],[46.41346,68.08782],[46.46757,68.08258],[46.52771,68.09784],[46.5237,68.04589],[46.54133,68.01275],[46.64105,67.93521],[46.63103,67.93122],[46.65514,67.9096],[46.64626,67.90296],[46.70446,67.8911],[46.67754,67.87228],[46.71195,67.85445],[46.69268,67.80836],[46.33328,67.82141],[46.06711,67.78644],[45.98012,67.7916],[45.84813,67.75387],[45.49156,67.74515],[45.35596,67.71343],[45.23129,67.67296],[45.31788,67.67707],[45.30866,67.68986],[45.33913,67.66641],[45.33366,67.61023],[45.30771,67.57398],[45.19192,67.57633],[44.99708,67.49553],[44.97406,67.50524],[44.99809,67.50013],[44.93252,67.44261],[44.91345,67.37767],[44.91824,67.33727],[44.9054,67.32879],[44.94015,67.31734],[44.92298,67.30608],[44.95141,67.31836],[45.25783,67.21446],[45.58525,67.15573],[45.62253,67.12171],[45.61768,67.06337],[45.68417,67.02924],[45.69918,66.99064],[45.8159,66.89419],[45.79246,66.90197],[45.7284,66.88477],[45.83845,66.88768],[45.87582,66.8683],[45.87125,66.85861],[46.00262,66.84479],[46.01127,66.81554],[46.29685,66.83177],[46.53789,66.86543],[46.60264,66.83572],[46.5553,66.82728],[46.65957,66.80909],[46.79578,66.83548],[46.88075,66.84195],[46.91341,66.82798],[46.99468,66.8533],[47.06975,66.84927],[47.4007,66.91686],[47.59425,66.89592],[47.57442,66.9],[47.59231,66.92277],[47.75038,67.00534],[47.76631,67.13178],[47.71679,67.16224],[47.70743,67.18453],[47.66804,67.18832],[47.79417,67.23907],[47.80033,67.25509],[47.76265,67.27519],[47.76021,67.30286],[47.78411,67.32202],[47.7721,67.33413],[47.89436,67.3962],[47.93909,67.44887],[47.93277,67.47866],[47.85111,67.52669],[47.88768,67.53321],[47.87582,67.5457],[47.88997,67.54929],[47.84729,67.55055],[47.83432,67.57919],[47.98129,67.61733],[47.99926,67.63064],[47.99197,67.64182],[48.07694,67.61519],[48.07186,67.59943],[48.08883,67.58162],[48.06727,67.57699],[48.11845,67.57371],[48.09506,67.58184],[48.13079,67.59275],[48.11753,67.59983],[48.13133,67.61307],[48.25397,67.65269],[48.34658,67.66552],[48.4591,67.6345],[48.66404,67.69369],[48.74203,67.69624],[48.74123,67.71389],[48.79093,67.76062],[48.77639,67.76685],[48.77764,67.82903],[48.59174,67.9136],[48.63354,67.91415],[48.77978,67.84635],[48.92448,67.82954],[49.06103,67.83505],[49.03159,67.82758],[49.07595,67.81225],[49.04618,67.83157],[49.58318,67.95007],[50.05982,68.0961],[50.01672,68.05011],[49.98418,68.05608],[49.8134,68.00606],[49.84681,67.98932],[49.90571,67.99],[49.89315,67.99845],[49.91118,68.00291],[49.90381,68.01005],[49.97407,68.00922],[49.96123,68.02268],[49.97421,68.03844],[50.03865,68.05171],[50.03231,68.03277],[50.07022,67.99706],[50.06143,68.01473],[50.10024,68.02022],[50.14646,68.01933],[50.19052,67.99647],[50.14608,68.0204],[50.05359,68.01568],[50.03409,68.03553],[50.05782,68.0449],[50.04173,68.05271],[50.06181,68.06923],[50.04937,68.08248],[50.09257,68.10984],[50.60528,68.28049],[50.80757,68.37316],[50.82265,68.36586],[50.78622,68.35264],[50.82876,68.33533],[51.08966,68.34151],[51.10608,68.36073],[51.16295,68.37491],[51.28849,68.37914],[51.3569,68.40487],[51.40531,68.40344],[51.42044,68.41089],[51.40138,68.41453],[51.40738,68.42457],[51.516,68.41695],[51.59577,68.43442],[51.5103,68.44791],[51.5111,68.4619],[51.54864,68.46911],[51.54872,68.48377],[51.7781,68.4974],[51.76402,68.49183],[51.77711,68.4866],[51.76788,68.49323],[52.21572,68.57518],[52.22706,68.57461],[52.15528,68.53693],[52.15229,68.51185],[51.99218,68.50881],[52.04419,68.50754],[52.06193,68.49038],[52.03252,68.48438],[52.07259,68.47352],[52.08721,68.49291],[52.12381,68.49808],[52.11836,68.50715],[52.20337,68.47965],[52.18671,68.4884],[52.22366,68.4884],[52.25507,68.46854],[52.19883,68.45174],[52.22853,68.44675],[52.2346,68.45976],[52.26565,68.45355],[52.25587,68.46472],[52.30552,68.45741],[52.30554,68.41646],[52.15687,68.37347],[52.16736,68.36659],[52.15003,68.35994],[52.20443,68.34563],[52.21031,68.33093],[52.28346,68.31208],[52.4164,68.32888],[52.54618,68.36818],[52.59486,68.39996],[52.69492,68.41486],[52.76405,68.4822],[52.74568,68.47417],[52.67167,68.50737],[52.60184,68.51618],[52.56689,68.53576],[52.55206,68.56124],[52.56928,68.56272],[52.48585,68.57535],[52.50854,68.6003],[52.48055,68.6139],[52.53991,68.62598],[52.47304,68.61805],[52.45414,68.59525],[52.40579,68.58138],[52.32226,68.5819],[52.28827,68.59683],[53.34563,68.87656],[53.86616,68.9587],[54.33013,68.98819],[54.53217,68.98499],[54.58007,68.96904],[54.20085,68.96952],[54.0072,68.93658],[53.94746,68.95175],[53.83032,68.91522],[53.78264,68.92625],[53.72081,68.90488],[53.56781,68.88988],[53.62928,68.89648],[53.63745,68.88598],[53.57528,68.87167],[53.71103,68.84344],[53.73875,68.82476],[53.72336,68.82393],[53.73916,68.82313],[53.72508,68.83414],[53.73521,68.84412],[53.68415,68.85135],[53.67015,68.86963],[54.00013,68.83228],[54.00328,68.81418],[53.96649,68.81429],[53.96705,68.7946],[53.87026,68.79438],[53.87648,68.77274],[53.82646,68.73924],[53.86003,68.70282],[53.73413,68.65109],[53.71881,68.63117],[53.72923,68.59793],[53.88042,68.54047],[53.91772,68.50419],[53.93784,68.46548],[53.92512,68.43236],[53.94389,68.40737],[53.93682,68.3954],[53.80239,68.36036],[53.82622,68.32637],[53.73894,68.34943],[53.6799,68.38358],[53.62502,68.39322],[53.63264,68.38494],[53.60989,68.38154],[53.61462,68.37254],[53.60305,68.39151],[53.55637,68.39015],[53.61518,68.36142],[53.65585,68.36801],[53.63268,68.35004],[53.65798,68.31736],[53.58362,68.3581],[53.46034,68.36269],[53.47069,68.36944],[53.44946,68.37014],[53.45594,68.37791],[53.37364,68.3343],[53.35416,68.34711],[53.31079,68.34235],[53.19427,68.25875],[53.25624,68.26054],[53.3422,68.22652],[53.49326,68.25655],[53.55575,68.23668],[53.59927,68.24989],[53.593,68.24126],[53.63269,68.23463],[53.8082,68.24099],[53.9249,68.20916],[54.02052,68.2236],[54.00671,68.20629],[54.02349,68.2057],[54.06019,68.23361],[54.08148,68.23143],[54.06402,68.21872],[54.08413,68.22321],[54.09309,68.25437],[54.1438,68.28734],[54.2318,68.30964],[54.23702,68.31991],[54.22167,68.31929],[54.2363,68.32347],[54.34708,68.33923],[54.35429,68.32865],[54.32164,68.31534],[54.5455,68.28513],[54.59844,68.2241],[54.63259,68.20695],[54.61831,68.19856],[54.63504,68.18231],[54.74131,68.15488],[54.8657,68.14643],[54.90606,68.17431],[54.90209,68.19847],[54.8796,68.2109],[54.95807,68.24802],[54.8616,68.30076],[54.86102,68.31464],[54.94392,68.35186],[55.00738,68.42331],[55.38823,68.5476],[55.49599,68.55842],[55.65434,68.54235],[55.71219,68.56501],[55.72836,68.54988],[55.72095,68.56633],[56.00607,68.64241],[56.078,68.63785],[56.26707,68.58656],[56.43677,68.58382],[56.61353,68.62005],[56.78127,68.59757],[56.86689,68.55331],[57.05417,68.52215],[57.30082,68.52623],[57.49644,68.592],[57.49971,68.63804],[57.58658,68.6781],[57.64628,68.72814],[57.97519,68.75867],[57.9607,68.74185],[57.97209,68.73434],[58.03425,68.75742],[58.03526,68.79941],[57.97659,68.80144],[58.00128,68.81199],[58.83072,68.97004],[59.05271,68.98262],[59.31609,68.97214],[59.28844,68.9596],[59.20139,68.97161],[59.21657,68.96681],[59.02656,68.95204],[59.00114,68.9306],[58.96693,68.94545],[58.97492,68.93142],[58.96095,68.93414],[58.98834,68.92257],[58.90761,68.93385],[58.91442,68.92214],[58.87673,68.91335],[59.16212,68.88444],[59.27537,68.83949],[59.28545,68.81476],[59.35418,68.78664],[59.35289,68.77573],[59.29014,68.77599],[59.28076,68.76049],[59.29577,68.74927],[59.37716,68.70749],[59.47872,68.68167],[59.44419,68.66605],[59.2894,68.68069],[59.18016,68.67038],[59.18833,68.65338],[59.15987,68.64211],[59.09285,68.65306],[59.19449,68.64103],[59.17848,68.61406],[59.12677,68.60645],[59.12436,68.58246],[59.02846,68.56329],[59.09951,68.57294],[59.09553,68.54744],[59.17006,68.51928],[59.11153,68.4493],[59.12155,68.40508],[59.68867,68.31408],[59.69181,68.32845],[59.76292,68.3556],[59.86403,68.36031],[59.98963,68.45203],[59.96303,68.50506],[59.84246,68.5743],[59.80601,68.62147],[59.82379,68.64855],[59.94861,68.70714],[60.06405,68.66824],[60.52304,68.70743],[60.75394,68.81692],[60.80406,68.86675],[60.89024,68.88591],[60.97771,68.87767],[60.94716,68.85528],[60.96128,68.84411],[61.15241,68.8411],[61.0113,68.86135],[61.00008,68.86554],[61.04016,68.88158],[61.09749,68.87681],[60.97896,68.91508],[60.93626,68.91428],[60.96916,68.97949],[60.94279,69.04939],[60.96866,69.06276],[60.89007,69.13275],[60.78244,69.15904],[60.75071,69.1234],[60.77044,69.10097],[60.75028,69.09722],[60.7651,69.0905],[60.66242,69.12007],[60.64137,69.14726],[60.65097,69.22612],[60.6348,69.25683],[60.45121,69.36406],[60.42505,69.39402],[60.3882,69.39791],[60.37818,69.42145],[60.3136,69.44351],[60.30712,69.4735],[60.22095,69.50178],[60.24532,69.53724],[60.19113,69.55651],[60.21964,69.57942],[60.19799,69.59915],[60.21412,69.62319],[60.32777,69.65994],[60.61341,69.65096],[60.71409,69.67497],[60.71358,69.68866],[60.69058,69.69298],[60.69543,69.71151],[60.77824,69.72505],[60.72426,69.81042],[60.78361,69.84372],[60.81894,69.83669],[60.84909,69.85512],[60.89881,69.85645],[61.05809,69.82726],[61.10607,69.84478],[61.10318,69.86072],[61.1269,69.83014],[61.17956,69.81354],[61.29741,69.81655],[61.38322,69.77934],[61.64924,69.76251],[61.71972,69.77118],[61.81561,69.74983],[62.03053,69.73598],[62.73393,69.71758],[63.11176,69.68364],[63.76635,69.59221],[64.34911,69.4848],[64.91855,69.30673],[64.88796,69.31152],[64.93876,69.25577],[65.08345,69.25925],[65.05967,69.24638],[65.07713,69.23589],[65.03358,69.22539],[65.02504,69.19392],[64.85469,69.17127],[64.80218,69.13652],[64.72006,69.11243],[64.71677,69.08657],[64.69673,69.0722],[64.53895,69.0288],[64.51924,68.97709],[64.62873,68.94816],[64.62344,68.93079],[64.55141,68.91066],[64.57628,68.89531],[64.55726,68.86762],[64.74688,68.85311],[64.759,68.85946],[64.74245,68.87244],[64.78854,68.89358],[64.86158,68.87368],[64.85795,68.86234],[64.92172,68.87611],[64.91153,68.8636],[64.95222,68.84692],[65.02436,68.84419],[65.03207,68.82903],[65.12802,68.80291],[65.21082,68.81374],[65.20944,68.82452],[65.23297,68.80194],[65.34453,68.81245],[65.34742,68.78834],[65.39883,68.79264],[65.351,68.72854],[65.38414,68.71996],[65.44893,68.73369],[65.46906,68.70964],[65.46376,68.69557],[65.40271,68.68197],[65.43757,68.67507],[65.42548,68.66136],[65.43607,68.64678],[65.56121,68.60816],[65.56128,68.59054],[65.65594,68.58258],[65.67053,68.56363],[65.65925,68.54032],[65.59324,68.51551],[65.609,68.48915],[65.54268,68.48119],[65.50935,68.45614],[65.51217,68.43367],[65.46769,68.42583],[65.47391,68.41167],[65.43493,68.39214],[65.43938,68.36616],[65.41142,68.36176],[65.40562,68.33647],[65.36369,68.30403],[65.35838,68.27608],[65.32796,68.27753],[65.30298,68.2443],[65.27468,68.23457],[65.28085,68.19788],[65.31625,68.18423],[65.28896,68.15398],[65.30394,68.15243],[65.32104,68.11108],[65.35242,68.10813],[65.3353,68.10264],[65.35189,68.09849],[65.33676,68.08832],[65.34884,68.06214],[65.33114,68.05333],[65.31915,68.0147],[65.35536,67.97899],[65.34268,67.97116],[65.3549,67.9524],[65.43218,67.90966],[65.55022,67.93292],[65.75015,67.91777],[65.90327,67.96137],[66.02069,67.93272],[66.07661,67.93881],[66.13349,67.91422],[66.11903,67.88728],[66.05718,67.87933],[66.0473,67.86465],[66.08058,67.84951],[66.0743,67.83108],[66.02301,67.80748],[66.06504,67.79845],[66.05581,67.78317],[66.15118,67.77706],[66.25169,67.73391],[66.22477,67.71853],[66.2207,67.68488],[66.16126,67.64942],[65.99127,67.6773],[65.96072,67.65388],[65.852,67.66849],[65.78579,67.64205],[65.83679,67.60161],[65.78665,67.57133],[65.82269,67.5386],[66.05001,67.58021],[66.09331,67.49506],[66.01018,67.40911],[65.69855,67.3808],[65.69272,67.36424],[65.74695,67.34536],[65.74677,67.33394],[65.6659,67.32427],[65.66201,67.29449],[65.60185,67.29975],[65.55666,67.25693],[65.42756,67.20946],[65.36408,67.21542],[65.26129,67.16264],[65.18137,67.15002],[65.21643,67.13125],[65.20518,67.11088],[65.24467,67.09293],[65.20541,67.06729],[65.12798,67.0619],[65.08178,67.03978],[65.11319,67.00293],[65.11767,66.96084],[65.14076,66.95668],[65.14025,66.9085],[65.04046,66.87246],[64.93957,66.8634],[64.87713,66.83485],[64.70845,66.83103],[64.71386,66.80971],[64.67771,66.80121],[64.55919,66.79934],[64.55311,66.76548],[64.50608,66.75086],[64.54472,66.72885],[64.53585,66.71628],[64.39507,66.72215],[64.33777,66.69916],[64.33836,66.68454],[64.31638,66.67575],[64.32512,66.66726],[64.26661,66.65906],[64.26421,66.64565],[63.98508,66.63784],[63.93502,66.59554],[63.85377,66.5777],[63.84036,66.54799],[63.80455,66.53251],[63.63088,66.51956],[63.51036,66.45754],[63.41848,66.46662],[63.40492,66.45732],[63.41511,66.44793],[63.32382,66.41735],[63.3026,66.35852],[63.28396,66.35031],[63.29266,66.33905],[63.22966,66.33095],[63.23695,66.29574],[63.31197,66.24779],[63.27841,66.21946],[63.13808,66.25685],[63.10948,66.24798],[63.08921,66.22023],[62.98664,66.17237],[62.99142,66.15149],[62.95792,66.12814],[62.97263,66.11534],[62.93343,66.11058],[62.95528,66.09989],[62.86832,66.06378],[62.85115,66.02398],[62.79231,66.00091],[62.90444,65.96595],[62.83996,65.95046],[62.77616,65.90413],[62.83825,65.88559],[62.82308,65.86661],[62.69978,65.8589],[62.6846,65.84481],[62.64604,65.8558],[62.56638,65.85178],[62.55412,65.83828],[62.49671,65.84772],[62.46801,65.82277],[62.26652,65.78288],[62.2291,65.75791],[62.13156,65.75221],[61.95512,65.69501],[61.8586,65.68694],[61.87865,65.6693],[61.82145,65.66195],[61.82204,65.6377],[61.70339,65.60323],[61.73621,65.58468],[61.66925,65.55847],[61.62012,65.56007],[61.46257,65.44499],[61.41767,65.38671],[61.29903,65.32781],[61.28459,65.31026],[61.29514,65.27707],[61.35859,65.28288],[61.35102,65.25662],[61.36498,65.25037],[61.32339,65.21991],[61.2814,65.21197],[61.2983,65.20477],[61.28627,65.17249],[61.13737,65.17449],[61.10765,65.1623],[61.0819,65.12785],[61.09185,65.10729],[61.077,65.08236],[60.99515,65.06636],[60.94524,65.0127],[60.8076,65.02497],[60.77376,64.98252],[60.752,64.97938],[60.76562,64.9673],[60.75559,64.94307],[60.72944,64.92551],[60.61501,64.91894],[60.5942,64.94165],[60.51498,64.96302],[60.48998,64.98879],[60.43445,65.00674],[60.44391,65.0562],[60.37566,65.07248],[60.35556,65.06017],[60.21785,65.07934],[60.1739,65.05166],[60.12402,65.05449],[60.03419,65.02855],[60.05746,64.99666],[60.02888,64.97586],[60.03629,64.9599],[60.00426,64.94078],[59.89229,64.93224],[59.8802,64.92062],[59.88864,64.90252],[59.86521,64.89531],[59.8111,64.9111],[59.74025,64.87563],[59.7497,64.86846],[59.72897,64.85488],[59.73683,64.84516],[59.70738,64.8374],[59.72413,64.82595],[59.67589,64.80134],[59.62463,64.80327],[59.62446,64.78494],[59.65059,64.76898],[59.62936,64.76423],[59.64009,64.74288],[59.62583,64.72443],[59.67147,64.69825],[59.72439,64.693],[59.75159,64.66787],[59.73535,64.65262],[59.61833,64.64992],[59.62833,64.63185],[59.57223,64.59327],[59.55675,64.54401],[59.46619,64.50584],[59.48824,64.49137],[59.59843,64.49747],[59.59024,64.47598],[59.65136,64.43468],[59.61617,64.40863],[59.62263,64.38738],[59.65353,64.37572],[59.626,64.34083],[59.60008,64.33373],[59.60137,64.31155],[59.55874,64.24313],[59.63364,64.21442],[59.62102,64.19698],[59.66395,64.17616],[59.68171,64.14769],[59.82836,64.13441],[59.81526,64.11369],[59.83695,64.08714],[59.76823,64.04068],[59.75665,64.01393],[59.76915,64.00056],[59.72093,63.96082],[59.5613,63.90856],[59.55996,63.88486],[59.58006,63.86252],[59.53333,63.80685],[59.54054,63.77713],[59.52557,63.76919],[59.53381,63.74599],[59.52196,63.72404],[59.53315,63.71285],[59.47376,63.63891],[59.48785,63.62708],[59.4713,63.5528],[59.43959,63.53642],[59.44372,63.50197],[59.40439,63.47905],[59.37797,63.42205],[59.31083,63.38749],[59.37391,63.36947],[59.32712,63.34951],[59.32177,63.32109],[59.36588,63.25183],[59.33408,63.24824],[59.3046,63.20329],[59.32032,63.19693],[59.28702,63.18319],[59.32273,63.1238],[59.22531,63.0893],[59.24243,63.07983],[59.20379,63.0276],[59.22443,62.98278],[59.29427,62.97447],[59.3252,62.94203],[59.41485,62.93324],[59.46216,62.89807],[59.44251,62.87559],[59.43332,62.77826],[59.41444,62.75984],[59.35896,62.75055],[59.38911,62.74109],[59.37027,62.72522],[59.41061,62.70525],[59.40404,62.67157],[59.44265,62.65951],[59.42607,62.63282],[59.47172,62.60462],[59.44295,62.56547],[59.55106,62.54557],[59.63545,62.54845],[59.60577,62.44346],[59.58243,62.41929],[59.61967,62.40655],[59.61421,62.37487],[59.5678,62.33337],[59.51431,62.32154],[59.4923,62.29769],[59.51037,62.27893],[59.50147,62.25845],[59.45465,62.23622],[59.44222,62.18451],[59.3994,62.15711],[59.40137,62.1045],[59.43286,62.09509],[59.43695,62.05712],[59.42438,62.04937],[59.43761,62.00013],[59.46648,61.99386],[59.48902,61.94662],[59.52415,61.93559],[59.58296,61.94543],[59.62951,61.91755],[59.71802,61.93049],[59.97324,61.88257],[59.97523,61.85059],[59.94454,61.8334],[59.94058,61.79451],[59.95917,61.77805],[59.94391,61.75444],[59.98913,61.71948],[60.51461,61.7357],[60.99742,61.6948],[61.19428,61.66382],[61.88651,61.43658],[61.89052,61.40681],[62.48355,61.26097],[62.64559,61.17065],[62.826,61.00053],[62.76016,60.85332],[62.86738,60.65383],[63.22573,60.29421],[63.18084,60.22447],[63.53478,60.13073],[63.60605,60.13716],[63.61823,60.11554],[63.60594,60.1017],[63.80268,59.80174],[63.82495,59.74473],[63.87431,59.4613],[64.02047,59.38186],[64.48967,59.37675],[65.07186,59.31187],[65.08777,59.24717],[65.12191,59.23411],[65.12171,59.21634],[65.2363,59.20558],[65.33985,59.00888],[65.37268,58.89895],[65.65541,58.6583],[65.95046,58.61454],[66.00006,58.24869],[66.18486,58.01097],[66.02616,57.99302],[66.03673,57.98459],[65.98079,57.9651],[65.98407,57.94486],[65.82499,57.93263],[65.79477,57.8748],[65.74875,57.89431],[65.66776,57.89848],[65.63418,57.85927],[65.68463,57.83808],[65.62704,57.79678],[65.59769,57.79695],[65.60684,57.78677],[65.53567,57.764],[65.51974,57.74124],[65.50396,57.74194],[65.49866,57.76268],[65.46018,57.76402],[65.41782,57.83701],[64.83309,57.64825],[64.85736,57.64008],[64.86332,57.62118],[64.89913,57.62358],[64.9057,57.59251],[64.96606,57.60507],[64.99689,57.5698],[64.93684,57.5553],[64.8997,57.4546],[64.84986,57.45128],[64.88297,57.37961],[64.85928,57.3637],[64.89793,57.33237],[64.84328,57.33954],[64.82719,57.29312],[64.8834,57.28061],[64.94023,57.29864],[64.92103,57.26578],[65.00509,57.23381],[64.96252,57.15666],[64.99586,57.10791],[64.9807,57.10327],[64.98249,57.06782],[65.01288,57.04307],[65.00052,57.02082],[65.05099,56.98718],[65.03083,56.99387],[65.00948,56.96616],[65.04399,56.96847],[65.03863,56.94517],[65.07404,56.94659],[65.0562,56.90392],[65.11101,56.88608],[65.12818,56.90826],[65.25315,56.92051],[65.21721,56.8448],[65.18937,56.84848],[65.16968,56.76404],[64.92706,56.7724],[64.86512,56.79393],[64.88681,56.82408],[64.83051,56.8423],[64.81676,56.82309],[64.76606,56.81263],[64.68162,56.814],[64.60622,56.79338],[64.54912,56.80354],[64.49386,56.74558],[64.3279,56.75654],[64.2916,56.72802],[64.32834,56.7161],[64.29571,56.69942],[64.35043,56.68256],[64.34306,56.64428],[64.2981,56.64638],[64.31121,56.61935],[64.2871,56.60585],[64.18394,56.58758],[64.16889,56.55874],[64.22147,56.53795],[64.21448,56.49155],[64.17884,56.46068],[64.04158,56.47658],[64.05516,56.48717],[64.0197,56.4892],[63.99676,56.4687],[63.82942,56.4811],[63.74213,56.51435],[63.74679,56.53749],[63.70106,56.5245],[63.59541,56.55836],[63.59911,56.58781],[63.49298,56.61307],[63.47394,56.61163],[63.46978,56.59504],[63.40028,56.61041],[63.39854,56.5812],[63.36295,56.53526],[63.37753,56.4971],[63.35826,56.49102],[63.36052,56.51234],[63.31757,56.52535],[63.31507,56.56778],[63.23038,56.56065],[63.18918,56.56875],[63.20152,56.58195],[63.18414,56.58674],[63.15457,56.56675],[63.14544,56.58531],[63.1244,56.56412],[62.98587,56.59794],[62.97683,56.58636],[62.88949,56.59073],[62.87118,56.54693],[62.74292,56.55836],[62.72476,56.50777],[62.65328,56.51478],[62.65129,56.48652],[62.60293,56.49066],[62.58336,56.53203],[62.60478,56.54832],[62.56921,56.56581],[62.51557,56.56295],[62.39958,56.50884],[62.40121,56.48784],[62.37831,56.48795],[62.36992,56.45749],[62.33638,56.46709],[62.30987,56.4316],[62.27106,56.41979],[62.24824,56.34586],[62.26777,56.33969],[62.17877,56.30358],[62.15402,56.27407],[62.06985,56.29633],[62.05375,56.24841],[62.07874,56.22109],[62.06106,56.13082],[62.14976,56.11572],[62.11387,56.09067],[62.22162,56.03801],[62.22259,55.96727],[62.23859,55.93374],[62.31766,55.9476],[62.36433,55.93339],[62.36997,55.92333],[62.34456,55.90152],[62.31357,55.90065],[62.31006,55.86677],[62.29181,55.86657],[62.30429,55.83798],[62.36074,55.80543],[62.42191,55.8346],[62.44032,55.82757],[62.42008,55.80632],[62.46925,55.80075],[62.52589,55.76991],[62.51593,55.72578],[62.54464,55.70585],[62.51743,55.6792],[62.55179,55.66281],[62.55402,55.64607],[62.54625,55.62415],[62.52459,55.62525],[62.5234,55.5903],[62.4724,55.58598],[62.46897,55.56363],[62.55157,55.56741],[62.59786,55.53121],[62.62009,55.49057],[62.45492,55.46725],[62.47628,55.43396],[62.29951,55.40382],[62.28361,55.43054],[62.18825,55.44544],[62.16895,55.40165],[62.24168,55.35909],[62.24445,55.33718],[62.17239,55.34996],[62.16115,55.31268],[62.06635,55.30363],[62.04316,55.26057],[62.16081,55.23113],[62.17437,55.2025],[62.22594,55.20321],[62.2017,55.1706],[62.20864,55.15034],[62.22401,55.15073],[62.23711,55.10857],[62.28339,55.10739],[62.26391,55.08468],[62.28477,55.07821],[62.22395,55.06591],[62.19382,54.99019],[62.14724,55.03827],[62.06913,55.02158],[61.96619,55.03031],[61.99537,54.98188],[62.01033,54.90606],[62.05476,54.90012],[62.08232,54.8774],[62.07399,54.86715],[62.11362,54.83981],[62.11879,54.81415],[62.1119,54.79804],[62.03715,54.76426],[62.01696,54.72388],[62.08481,54.71989],[62.07785,54.67561],[62.1554,54.66839],[62.15647,54.68031],[62.23782,54.69127],[62.23916,54.67292],[62.27602,54.66932],[62.39553,54.68584],[62.39262,54.71419],[62.40579,54.72298],[62.56248,54.72837],[62.57825,54.71492],[62.51994,54.68839],[62.54904,54.67738],[62.55025,54.65203],[62.62182,54.63561],[62.6386,54.66975],[62.6596,54.66363],[62.67172,54.62401],[62.92327,54.6987],[63.19982,54.69908],[63.2371,54.64693],[63.22629,54.60906],[63.24314,54.58124],[63.2851,54.58136],[63.27259,54.54724],[63.29474,54.54379],[63.24403,54.52262],[63.23423,54.48724],[63.20792,54.48394],[63.2182,54.47143],[63.16703,54.47285],[63.16838,54.4907],[63.15345,54.49381],[63.14207,54.48395],[63.13246,54.45645],[63.14408,54.43856],[63.18171,54.43186],[63.18255,54.40234],[63.13892,54.40328],[63.12517,54.38091],[63.16563,54.33599],[63.09753,54.33349],[63.12762,54.31476],[63.21394,54.31519],[63.21547,54.29429],[63.26338,54.29376],[63.25158,54.28538],[63.2749,54.23735],[63.30929,54.2619],[63.344,54.25151],[63.35148,54.19407],[63.1597,54.19078],[63.15032,54.16305],[63.16907,54.15301],[63.1556,54.12662],[63.0813,54.10436],[62.85902,54.11771],[62.59477,54.07388],[62.56869,54.04667],[62.59804,53.98821],[62.56007,53.93816],[62.51661,53.91353],[62.44583,53.92713],[62.39468,54.00339],[62.49391,54.03249],[62.41926,54.04721],[62.17546,54.02857],[62.07511,54.051],[62.06023,54.03808],[62.01329,54.03985],[62.04419,53.94849],[61.93196,53.95024],[61.85745,53.96206],[61.89297,54.00908],[61.85026,54.00844],[61.84591,54.03172],[61.7822,53.98456],[61.74609,54.00039],[61.72578,54.0299],[61.66723,54.01707],[61.66018,54.02982],[61.61385,53.99047],[61.61179,53.96847],[61.57187,53.9685],[61.56978,54.00788],[61.48,54.02997],[61.48057,54.08277],[61.40059,54.08686],[61.29358,54.07388],[61.24559,54.03766],[61.27289,53.99139],[61.26415,53.96875],[61.27993,53.92886],[61.20651,53.91814],[61.17185,53.94252],[61.18059,53.97223],[61.09996,53.97456],[61.08007,53.97052],[61.07988,53.94463],[61.03698,53.95857],[60.99726,53.93603],[60.99538,53.90662],[61.05747,53.89413],[61.13536,53.90424],[61.17969,53.85239],[61.23673,53.84173],[61.22719,53.79567],[61.16958,53.77248],[61.11518,53.72155],[61.05841,53.72143],[61.04228,53.65297],[60.99845,53.65075],[60.9953,53.67294],[60.89634,53.66761],[60.90043,53.6278],[61.12091,53.61549],[61.12674,53.58967],[61.21555,53.56364],[61.34951,53.55871],[61.3909,53.60188],[61.55276,53.59266],[61.56417,53.53875],[61.59232,53.526],[61.55851,53.50736],[61.56602,53.49725],[61.53128,53.50482],[61.5175,53.47347],[61.42752,53.45575],[61.36632,53.46736],[61.3577,53.49328],[61.31385,53.507],[61.32391,53.51937],[61.25865,53.50804],[61.22912,53.48413],[61.2157,53.4314],[61.15471,53.40555],[61.17705,53.31096],[61.22514,53.28283],[61.40036,53.27369],[61.52671,53.21525],[61.63016,53.22328],[61.63834,53.25009],[61.6731,53.26591],[61.73151,53.23905],[61.78336,53.1843],[61.91505,53.14181],[62.02511,53.14246],[62.11886,53.11197],[62.14704,53.0683],[62.13027,52.98937],[62.03001,52.95095],[61.96069,52.95004],[61.84972,53.00397],[61.83418,52.99286],[61.70177,52.99821],[61.63213,52.95393],[61.55715,53.01212],[61.46969,53.03621],[61.38909,52.99196],[61.30592,52.99622],[61.25043,53.03591],[61.1437,52.99873],[61.11225,52.96921],[61.00796,52.97828],[61.07332,52.92324],[60.98423,52.88524],[60.94097,52.84794],[60.87222,52.83278],[60.88526,52.82167],[60.83415,52.77415],[60.71222,52.76453],[60.71489,52.66261],[60.76146,52.62669],[60.84341,52.64111],[60.84144,52.52174],[60.98097,52.50769],[60.99118,52.42363],[61.06735,52.3476],[61.01065,52.32607],[60.94426,52.26637],[60.8368,52.23011],[60.78049,52.22906],[60.71666,52.15606],[60.5104,52.15692],[60.34025,52.05485],[60.19811,51.99078],[60.00169,51.9933],[59.99345,51.96498],[60.03031,51.93585],[60.03272,51.91352],[60.07452,51.88827],[60.0597,51.87],[60.14422,51.87032],[60.15695,51.85767],[60.16176,51.89219],[60.14472,51.90672],[60.42887,51.79832],[60.51846,51.79792],[60.51888,51.7733],[60.47545,51.7685],[60.4303,51.71834],[60.35325,51.68901],[60.41554,51.647],[60.52616,51.63813],[60.53803,51.61801],[60.93563,51.61526],[60.91061,51.55325],[60.94346,51.52165],[60.95169,51.49095],[60.99093,51.48797],[60.99919,51.46753],[61.08739,51.46806],[61.10756,51.44777],[61.20298,51.46107],[61.25272,51.44069],[61.35081,51.43976],[61.40483,51.41668],[61.50523,51.407],[61.54901,51.32338],[61.68956,51.25568],[61.56797,51.23773],[61.44916,50.80633],[60.80865,50.6563],[60.32555,50.67],[60.18284,50.77836],[60.21695,50.81254],[60.18802,50.83928],[60.01535,50.82191],[59.97275,50.7687],[59.99751,50.67485],[59.9062,50.63387],[59.8141,50.53611],[59.61423,50.53066],[59.50993,50.49476],[59.51694,50.52807],[59.45708,50.54373],[59.46283,50.58403],[59.56933,50.58135],[59.53681,50.60837],[59.49983,50.61188],[59.47817,50.64177],[59.29831,50.65258],[59.27838,50.63333],[59.23541,50.66443],[59.19288,50.67292],[58.87464,50.69974],[58.84651,50.72733],[58.84683,50.75398],[58.77432,50.81551],[58.65697,50.8088],[58.66323,50.84158],[58.69744,50.84706],[58.68909,50.88576],[58.59203,50.86871],[58.57861,50.93983],[58.60495,50.94667],[58.59477,50.97105],[58.63705,50.98542],[58.60784,51.02522],[58.61465,51.04729],[58.59485,51.04214],[58.52168,51.08353],[58.38367,51.07484],[58.37363,51.11129],[58.34345,51.12779],[58.32448,51.16377],[58.20302,51.12818],[58.21602,51.09671],[58.17134,51.08459],[58.16848,51.06234],[58.09432,51.07361],[58.0807,51.08504],[58.08797,51.12121],[57.94874,51.08625],[57.91904,51.11805],[57.86909,51.09897],[57.82924,51.11318],[57.81141,51.13917],[57.77107,51.13835],[57.75397,51.05508],[57.74947,50.93913],[57.76092,50.91983],[57.55905,50.93582],[57.52681,50.91605],[57.50703,50.87595],[57.41515,50.89659],[57.32623,50.9408],[57.31443,50.98865],[57.28796,51.00335],[57.28942,51.03784],[57.24336,51.02597],[57.21933,51.03886],[57.23251,51.04834],[57.18486,51.11493],[57.1454,51.08756],[56.98425,51.06261],[56.94314,51.08756],[56.88813,51.06034],[56.78475,51.09381],[56.70443,51.07752],[56.7518,50.98152],[56.72139,50.97432],[56.61832,50.98653],[56.57427,51.03457],[56.53766,51.04487],[56.51351,51.086],[56.44909,51.05737],[56.46022,50.96499],[56.37655,50.96481],[56.37125,50.94788],[56.39299,50.94564],[56.36244,50.90081],[56.2978,50.90203],[56.18134,50.93786],[56.13299,50.83009],[56.1243,50.78678],[56.13645,50.75337],[56.05359,50.69387],[55.91455,50.64086],[55.90246,50.62052],[55.8298,50.62242],[55.7458,50.57909],[55.73615,50.55022],[55.70796,50.54907],[55.66077,50.56019],[55.61154,50.59817],[55.53486,50.61406],[55.53116,50.64836],[55.50127,50.6701],[55.40521,50.68114],[55.38469,50.65464],[55.14667,50.79713],[55.05614,50.81947],[55.12966,50.87947],[55.12887,50.89642],[55.08664,50.92056],[55.01135,50.90488],[54.89377,50.92104],[54.89704,50.95814],[54.78506,50.98495],[54.73779,51.03429],[54.6932,51.03996],[54.70159,51.0173],[54.59104,51.0296],[54.5656,51.01413],[54.59178,51.01075],[54.54888,51.00597],[54.58033,50.97719],[54.56786,50.9717],[54.57515,50.9505],[54.59422,50.94238],[54.55887,50.93644],[54.56558,50.92268],[54.52653,50.93],[54.56692,50.91514],[54.66526,50.91979],[54.6984,50.89258],[54.68393,50.83418],[54.65713,50.82304],[54.68491,50.78063],[54.67993,50.71817],[54.71874,50.6905],[54.7096,50.6706],[54.73135,50.61933],[54.61454,50.53869],[54.59288,50.55962],[54.54369,50.52742],[54.46624,50.56663],[54.41394,50.62095],[54.4736,50.77841],[54.51539,50.8073],[54.53424,50.84892],[54.4527,50.85086],[54.4415,50.88203],[54.36181,50.88429],[54.3152,50.90847],[54.29,50.90052],[54.2873,50.94091],[54.27144,50.94743],[54.2885,50.94923],[54.19478,50.96708],[54.20411,50.98794],[54.15805,51.00992],[54.16801,51.02958],[54.19443,51.03168],[54.16086,51.06629],[54.14259,51.05117],[54.13001,51.06257],[54.15174,51.07292],[54.14501,51.09862],[54.03668,51.14145],[54.05487,51.15297],[53.97265,51.16546],[53.93287,51.19298],[53.89332,51.18109],[53.88413,51.20048],[53.81907,51.19338],[53.80843,51.21478],[53.74745,51.20391],[53.71471,51.22664],[53.69465,51.22111],[53.69257,51.23638],[53.66838,51.22542],[53.65614,51.23889],[53.66978,51.25986],[53.62957,51.2709],[53.59562,51.30619],[53.62549,51.34146],[53.59598,51.36323],[53.62788,51.36703],[53.62863,51.39328],[53.56725,51.41557],[53.57042,51.43316],[53.49716,51.43062],[53.48719,51.45422],[53.4373,51.43854],[53.42642,51.48223],[53.29654,51.5012],[53.27612,51.48206],[53.255,51.51187],[53.18222,51.51209],[53.18874,51.53537],[53.16969,51.51753],[53.14222,51.52106],[53.16282,51.49809],[53.15578,51.4874],[53.09724,51.48815],[53.07047,51.50471],[53.00283,51.47222],[52.97125,51.48548],[52.97794,51.4704],[52.94618,51.47714],[52.9594,51.46174],[52.95013,51.45511],[52.93657,51.4812],[52.91649,51.48291],[52.92472,51.49798],[52.90258,51.4766],[52.88885,51.49082],[52.87173,51.47466],[52.86448,51.48166],[52.89606,51.50535],[52.85743,51.49103],[52.83838,51.506],[52.8333,51.48643],[52.82362,51.50172],[52.78791,51.49991],[52.79289,51.51347],[52.77349,51.50215],[52.77126,51.52202],[52.75804,51.49627],[52.7347,51.50322],[52.74713,51.48627],[52.72531,51.48583],[52.73478,51.49546],[52.72336,51.49836],[52.7177,51.48377],[52.67521,51.4782],[52.68783,51.45671],[52.65523,51.49065],[52.64131,51.46302],[52.61737,51.47254],[52.61985,51.45468],[52.58572,51.45574],[52.59788,51.47083],[52.58649,51.47777],[52.56544,51.45479],[52.54588,51.46011],[52.53568,51.46989],[52.55406,51.48725],[52.5049,51.50589],[52.50888,51.54179],[52.38437,51.68319],[52.35867,51.7759],[52.31951,51.76634],[52.33536,51.74332],[52.2404,51.72395],[52.23341,51.73576],[52.17985,51.73327],[52.17397,51.68733],[52.09006,51.65838],[52.07473,51.67404],[51.999,51.66722],[51.99888,51.68324],[51.85661,51.67381],[51.86081,51.65098],[51.82375,51.63764],[51.78566,51.6042],[51.79882,51.59242],[51.77107,51.58202],[51.81355,51.49702],[51.73073,51.48075],[51.73859,51.46513],[51.65587,51.44861],[51.62986,51.47497],[51.65711,51.5051],[51.64,51.53846],[51.61284,51.53344],[51.60413,51.55078],[51.55693,51.52312],[51.56616,51.5058],[51.38018,51.47615],[51.28655,51.48778],[51.28561,51.53191],[51.24773,51.52523],[51.24044,51.56312],[51.38033,51.56343],[51.38021,51.64124],[51.30371,51.64106],[51.27217,51.68484],[51.25311,51.68705],[51.2145,51.68331],[51.2007,51.66685],[51.15594,51.67785],[51.08415,51.66634],[51.03717,51.68681],[50.99763,51.67136],[50.89361,51.68138],[50.87141,51.75346],[50.76816,51.77304],[50.76719,51.71638],[50.83258,51.64916],[50.81257,51.64917],[50.81203,51.58504],[50.67891,51.57455],[50.73394,51.60598],[50.7317,51.62852],[50.63602,51.62915],[50.62497,51.64678],[50.58514,51.64585],[50.58677,51.59061],[50.55008,51.60109],[50.53772,51.58903],[50.53766,51.51056],[50.55585,51.47273],[50.49851,51.46649],[50.49686,51.42776],[50.37191,51.42765],[50.40395,51.40436],[50.3382,51.38201],[50.37391,51.33295],[50.25134,51.2813],[50.00624,51.24239],[49.9111,51.20107],[49.77629,51.10718],[49.49064,51.09865],[49.45658,51.12618],[49.4317,51.09016],[49.39371,51.09033],[49.39741,51.04919],[49.3389,50.98725],[49.40831,50.9611],[49.44465,50.88149],[49.42291,50.84869],[49.12603,50.78478],[49.0093,50.68257],[48.81395,50.59548],[48.68905,50.61235],[48.60621,50.66193],[48.57063,50.63237],[48.64613,50.60625],[48.66425,50.57791],[48.65852,50.5279],[48.73207,50.25716],[48.79392,50.20479],[48.80902,50.17043],[48.76323,50.0978],[48.85034,50.09024],[48.88083,50.02996],[48.90337,50.01847],[48.74562,49.92135],[48.45044,49.83509],[48.44131,49.80121],[48.39557,49.83599],[48.35385,49.82757],[48.31514,49.87218],[48.26557,49.85753],[48.22619,49.86806],[48.23346,49.89972],[48.13163,49.99802],[48.12839,50.04179],[48.09521,50.10001],[48.00909,50.1421],[47.93775,50.24448],[47.81945,50.31302],[47.82789,50.33033],[47.76343,50.34003],[47.74332,50.37837],[47.66339,50.40855],[47.6752,50.42028],[47.6518,50.42293],[47.64902,50.44819],[47.62516,50.44882],[47.63738,50.45521],[47.54183,50.46091],[47.43145,50.37792],[47.23521,50.37119],[47.23683,50.42954],[47.20458,50.42988],[47.20561,50.50922],[47.03815,50.50968],[47.03864,50.48915],[46.91242,50.48967],[46.91666,50.523],[46.87077,50.52375],[46.87077,50.57722],[46.79912,50.57846],[46.8572,50.64183],[46.77542,50.64273],[46.7421,50.65871],[46.71849,50.71149],[46.6257,50.68094],[46.58339,50.71229],[46.56808,50.69045],[46.5685,50.61484],[46.54659,50.61326],[46.53829,50.64444],[46.51947,50.64197],[46.52707,50.62348],[46.49156,50.61759],[46.49163,50.63469],[46.45836,50.61716],[46.44818,50.56845],[46.46048,50.55298],[46.49301,50.55713],[46.48421,50.54711],[46.27791,50.57286],[46.27841,50.5277],[46.06146,50.52617],[46.06513,50.60467],[46.09419,50.6175],[46.09316,50.66487],[46.03543,50.66521],[46.03526,50.68773],[45.98977,50.68825],[45.89303,50.74999],[45.84227,50.75618],[45.74422,50.7573],[45.71563,50.73772],[45.6786,50.66703],[45.70763,50.58603],[45.69863,50.57828],[45.56635,50.5896],[45.55562,50.55522],[45.53625,50.55088],[45.4897,50.60487],[45.40512,50.61334],[45.38637,50.58989],[45.19336,50.5852],[45.21951,50.65875],[45.20651,50.66274],[45.23131,50.69801],[45.19105,50.69814],[45.18518,50.71033],[45.2117,50.70219],[45.27603,50.72135],[45.32242,50.87484],[45.30356,50.91398],[45.26826,50.92744],[45.24552,50.91843],[45.22383,50.93537],[45.25749,50.93706],[45.21076,50.95583],[45.21535,50.98503],[45.1996,50.99601],[45.22101,51.04034],[45.08394,51.07721],[45.06849,51.11919],[44.99307,51.14564],[44.92812,51.10872],[44.89919,51.11547],[44.89665,51.16289],[44.86519,51.17121],[44.78915,51.14854],[44.64381,51.17829],[44.61407,51.16195],[44.62721,51.12605],[44.59287,51.11947],[44.56916,51.12503],[44.50911,51.19895],[44.47741,51.21137],[44.42509,51.17984],[44.37812,51.18904],[44.34537,51.17433],[44.22403,51.19871],[44.21086,51.18176],[44.21526,51.12863],[44.18498,51.09322],[44.1313,51.10674],[44.14181,51.11933],[44.11787,51.12513],[44.09433,51.09715],[44.03878,51.10553],[44.05098,51.07211],[44.0185,51.07222],[44.01846,51.15917],[43.96236,51.14585],[43.92259,51.16172],[43.88377,51.11035],[43.8497,51.09972],[43.78734,51.12082],[43.69446,51.10762],[43.6677,51.11871],[43.68294,51.10518],[43.67317,51.09828],[43.69266,51.09888],[43.67723,51.0922],[43.68678,51.06746],[43.66274,51.05555],[43.5617,51.06063],[43.42406,51.03484],[43.35855,50.99871],[43.19474,51.11063],[42.88089,51.23303],[42.89032,51.25114],[42.91316,51.24543],[42.94734,51.26722],[42.85811,51.31667],[42.84346,51.33871],[42.86018,51.39706],[42.83253,51.39246],[42.75045,51.49241],[42.56612,51.53804],[42.52086,51.59612],[42.50367,51.66712],[42.52185,51.71968],[42.66772,51.80689],[42.71261,51.88562],[42.71015,51.94977],[42.73136,51.96612],[42.7132,51.99604],[42.81358,52.02222],[42.77624,52.04163],[42.78543,52.07307],[42.75683,52.08548],[42.77383,52.12744],[42.7719,52.18497],[42.88885,52.21206],[42.88976,52.24717],[42.94224,52.33607],[42.9208,52.36033],[43.03434,52.35713],[43.03894,52.3879],[43.08133,52.40469],[43.02405,52.48676],[43.12177,52.51089],[43.05795,52.52035],[43.05824,52.55939],[43.11228,52.57004],[43.22034,52.63679],[43.24809,52.63634],[43.11827,52.8033],[42.96174,52.90536],[42.95755,52.93095],[42.77824,53.00339],[42.62761,53.12828],[42.54755,53.12236],[42.50903,53.17019],[42.57136,53.17983],[42.50405,53.23462],[42.42097,53.2717],[42.43218,53.2831],[42.41901,53.28792],[42.41217,53.33802],[42.35652,53.32809],[42.29196,53.37291],[42.23684,53.35937],[42.2598,53.41455],[42.32043,53.42974],[42.26291,53.46304],[42.25553,53.48534],[42.14077,53.4987],[42.17175,53.53299],[42.10953,53.51534],[42.13987,53.56937],[42.12193,53.56909],[42.13112,53.65404],[42.11784,53.67119],[42.14395,53.71208],[42.08952,53.70859],[42.08174,53.748],[42.1104,53.75708],[42.10672,53.76802],[42.15405,53.77081],[42.13756,53.82248],[42.20635,53.81858],[42.21671,53.83326],[42.35097,53.85373],[42.38327,53.92353],[42.44489,53.94249],[42.44467,53.99608],[42.35622,54.01604],[42.26196,54.08766],[42.32616,54.12275],[42.32684,54.10661],[42.30327,54.09991],[42.30683,54.08443],[42.37192,54.08761],[42.45183,54.12241],[42.45007,54.10365],[42.47471,54.07734],[42.57214,54.08332],[42.55157,54.12124],[42.53612,54.11678],[42.52095,54.13472],[42.57934,54.16543],[42.68907,54.12928],[42.65039,54.16647],[42.59949,54.18489],[42.57221,54.17884],[42.4345,54.25711],[42.39593,54.25456],[42.36555,54.21862],[42.39128,54.20541],[42.33955,54.19146],[42.35381,54.17576],[42.34432,54.15919],[42.31281,54.14969],[42.24211,54.16279],[42.25367,54.18877],[42.23673,54.18906],[42.25493,54.17651],[42.24594,54.16727],[42.20256,54.18857],[42.2174,54.20673],[42.2078,54.21836],[42.22622,54.22401],[42.16426,54.25824],[42.30123,54.22627],[42.33451,54.25362],[42.38736,54.25394],[42.40547,54.28472],[42.49027,54.30538],[42.48785,54.32873],[42.52948,54.37042],[42.62917,54.37592],[42.62087,54.4019],[42.58365,54.4257],[42.58342,54.44481],[42.55213,54.42851],[42.53577,54.43676],[42.56305,54.47371],[42.54993,54.48527],[42.56364,54.50571],[42.6058,54.51007],[42.61139,54.4893],[42.63141,54.49311],[42.59833,54.54627],[42.62941,54.55485],[42.60674,54.56104],[42.69209,54.56965],[42.69125,54.58051],[42.6482,54.58925],[42.62103,54.6117],[42.63133,54.62966],[42.59752,54.63557],[42.64282,54.67145],[42.60371,54.69955],[42.59046,54.69287],[42.58888,54.7045],[42.56995,54.68026],[42.54194,54.67501],[42.50263,54.70393],[42.4784,54.69057],[42.44154,54.71436],[42.41462,54.70347],[42.43021,54.7357],[42.39413,54.75014],[42.41568,54.76047],[42.38884,54.78827],[42.42181,54.79895],[42.42683,54.81485],[42.39368,54.81226],[42.3891,54.83021],[42.40736,54.84237],[42.44233,54.8254],[42.44291,54.85608],[42.42493,54.8616],[42.49442,54.90771],[42.44545,54.96465],[42.48531,54.99079],[42.48549,55.00935],[42.44527,55.02553],[42.41445,55.00701],[42.25538,54.97898],[42.22719,54.95892],[42.06077,54.97766],[41.99834,54.99534],[41.98995,55.01604],[42.00231,55.0374],[41.98072,55.05507],[41.99948,55.09808],[41.86249,55.05721],[41.84392,55.07394],[41.80198,55.07071],[41.77648,55.09864],[41.80597,55.10791],[41.78395,55.12975],[41.82213,55.1666],[41.87345,55.16473],[41.88268,55.17743],[41.86649,55.19401],[41.90834,55.21028],[41.86053,55.24111],[41.97252,55.2866],[41.97126,55.31546],[41.94244,55.34413],[42.00221,55.3251],[42.01667,55.37744],[42.05915,55.41653],[42.09293,55.40202],[42.16687,55.44399],[42.15591,55.46658],[42.08547,55.49637],[42.1036,55.52817],[42.06483,55.58737],[42.07516,55.62088],[42.14424,55.62217],[42.12878,55.67835],[42.18833,55.67704],[42.20612,55.72103],[42.24813,55.7311],[42.27466,55.7677],[42.39671,55.78996],[42.40985,55.82432],[42.50385,55.87836],[42.50648,55.91744],[42.53068,55.95437],[42.57037,55.95227],[42.57658,55.92469],[42.65338,55.95519],[42.66421,55.98165],[42.71855,55.96922],[42.71908,56.00953],[42.70487,56.01113],[42.71193,56.04654],[42.68065,56.04824],[42.68822,56.08365],[42.67131,56.08926],[42.82258,56.11722],[42.85156,56.13906],[42.96115,56.14037],[42.97613,56.16735],[42.94483,56.17324],[42.94288,56.19047],[42.90674,56.18522],[42.92374,56.19368],[42.91263,56.2088],[42.89992,56.20729],[42.91045,56.20146],[42.90017,56.18525],[42.84065,56.18974],[42.83117,56.1788],[42.80364,56.1951],[42.83206,56.20899],[42.75714,56.1956],[42.75282,56.20877],[42.78412,56.21982],[42.7408,56.26239],[42.80311,56.29062],[42.77512,56.30344],[42.77541,56.33026],[42.72222,56.36973],[42.64272,56.39085],[42.63116,56.4071],[42.56922,56.4004],[42.5505,56.41408],[42.47317,56.41724],[42.40577,56.44777],[42.32138,56.4495],[42.27919,56.43495],[42.20424,56.45018],[42.20584,56.40871],[42.13763,56.39768],[42.13889,56.37851],[42.11324,56.37801],[42.11733,56.36854],[42.0464,56.35236],[42.02972,56.38012],[41.96044,56.3609],[41.98066,56.38901],[41.95359,56.42444],[41.96381,56.43322],[41.93868,56.45049],[41.95984,56.48549],[41.91506,56.50392],[41.93104,56.50954],[41.92384,56.51861],[41.88294,56.52811],[41.84104,56.50161],[41.7578,56.49211],[41.70244,56.496],[41.71122,56.51001],[41.69711,56.51386],[41.58536,56.47368],[41.55977,56.4863],[41.54481,56.47234],[41.53313,56.48049],[41.54205,56.50555],[41.52661,56.50623],[41.49176,56.49125],[41.37021,56.50104],[41.27895,56.48205],[41.20181,56.50227],[41.18327,56.48858],[41.1732,56.49909],[41.15021,56.47372],[41.1468,56.48913],[41.12483,56.49297],[41.03482,56.48894],[41.01956,56.52091],[40.88592,56.50564],[40.88002,56.52436],[40.85769,56.52738],[40.86,56.54366],[40.82918,56.54769],[40.83019,56.57375],[40.80283,56.57015],[40.76723,56.59436],[40.60693,56.57989],[40.56509,56.60329],[40.53446,56.58437],[40.48083,56.5798],[40.45844,56.53494],[40.43316,56.54493],[40.41423,56.52205],[40.38823,56.536],[40.36001,56.50998],[40.26741,56.48806],[40.24769,56.47395],[40.25964,56.45955],[40.23588,56.45825],[40.22551,56.43982],[40.19282,56.43579],[40.17669,56.45998],[40.13835,56.45228],[40.10273,56.48022],[40.04337,56.48471],[39.9974,56.46041],[39.9794,56.47481],[39.9493,56.46689],[39.9142,56.49584],[39.95611,56.53401],[39.88995,56.57203],[39.88064,56.59629],[39.8421,56.5865],[39.84847,56.60128],[39.82172,56.6021],[39.86945,56.62386],[39.88075,56.69341],[39.89659,56.70666],[39.89808,56.77223],[39.80233,56.76541],[39.67697,56.81192],[39.62501,56.81268],[39.62451,56.79641],[39.59188,56.7945],[39.58188,56.81139],[39.51872,56.7632],[39.49677,56.76251],[39.49794,56.7463],[39.45929,56.74432],[39.42615,56.7538],[39.40632,56.77875],[39.37907,56.77724],[39.37852,56.79998],[39.39725,56.803],[39.37404,56.81996]],[[42.43358,54.79356],[42.45487,54.75043],[42.50973,54.75074],[42.47971,54.79077],[42.43358,54.79356]],[[42.63713,54.5578],[42.65835,54.55287],[42.64801,54.56069],[42.63713,54.5578]]],[[[42.60075,54.53067],[42.60903,54.53744],[42.61912,54.52407],[42.60075,54.53067]]],[[[42.78512,56.28734],[42.78918,56.28757],[42.78836,56.28484],[42.78512,56.28734]]],[[[46.01469,68.41528],[46.05823,68.42008],[46.09069,68.41036],[46.01469,68.41528]]],[[[46.06576,68.39216],[46.13812,68.39273],[46.1757,68.37191],[46.06576,68.39216]]],[[[46.1607,68.33436],[46.31326,68.35723],[46.36515,68.33829],[46.37468,68.30815],[46.1607,68.33436]]],[[[46.28058,68.25586],[46.3436,68.21813],[46.30048,68.22769],[46.28058,68.25586]]],[[[48.20995,68.92006],[48.21502,68.95732],[48.263,68.93031],[48.23587,68.94413],[48.2525,68.95559],[48.22332,68.96049],[48.25283,68.97878],[48.21511,68.95796],[48.21991,69.02248],[48.29835,69.03353],[48.22081,69.03347],[48.24199,69.11393],[48.35581,69.28296],[48.45707,69.34674],[48.72195,69.45372],[48.98126,69.49681],[49.33455,69.49053],[50.11479,69.26509],[50.24802,69.1938],[50.31155,69.11665],[50.25411,69.18583],[50.24476,69.19265],[50.27639,69.15355],[50.26118,69.15141],[50.24781,69.18669],[50.25978,69.16523],[50.22557,69.19395],[50.24395,69.17206],[50.22516,69.14434],[50.14969,69.12065],[50.05231,69.12778],[50.04453,69.09354],[49.95559,69.0827],[49.96875,69.06642],[49.92886,69.06119],[49.92324,69.03776],[49.87805,69.03572],[49.83748,69.00266],[49.75736,68.99402],[49.90235,68.99556],[49.79343,68.94163],[49.76699,68.94788],[49.78914,68.93828],[49.72354,68.90476],[49.73715,68.89695],[49.71545,68.87693],[49.65258,68.86508],[49.68214,68.86389],[49.66832,68.85556],[49.57872,68.84096],[49.55301,68.85271],[49.57816,68.83828],[49.5281,68.83271],[49.57758,68.83548],[49.35913,68.79167],[49.3112,68.80352],[49.34021,68.78537],[49.18706,68.75695],[49.01313,68.7362],[49.00752,68.75208],[49.00454,68.73551],[48.93922,68.72513],[48.94964,68.74217],[48.93042,68.74723],[48.94357,68.73975],[48.92511,68.72508],[48.82514,68.71354],[48.81529,68.73015],[48.81869,68.71292],[48.73309,68.70664],[48.7312,68.72486],[48.77115,68.72346],[48.70502,68.73696],[48.74528,68.74785],[48.73147,68.75173],[48.68372,68.74894],[48.70506,68.72875],[48.64882,68.72973],[48.71535,68.727],[48.69087,68.7155],[48.70997,68.71586],[48.71065,68.70304],[48.68553,68.69591],[48.72296,68.6924],[48.58057,68.70201],[48.64786,68.69801],[48.61596,68.70535],[48.63954,68.71175],[48.57058,68.72321],[48.59439,68.7332],[48.56151,68.72596],[48.57077,68.73319],[48.54286,68.74171],[48.57778,68.74985],[48.53645,68.74133],[48.51125,68.75593],[48.52176,68.75994],[48.4631,68.77305],[48.49232,68.78081],[48.45813,68.7729],[48.4072,68.79082],[48.45039,68.80044],[48.39103,68.7914],[48.31933,68.82481],[48.36636,68.8432],[48.30921,68.82577],[48.26969,68.85059],[48.34409,68.84352],[48.25316,68.87804],[48.27984,68.87611],[48.22821,68.87237],[48.22166,68.8858],[48.24006,68.88545],[48.21721,68.90406],[48.22909,68.81759],[48.25527,68.80071],[48.23713,68.8072],[48.34401,68.75139],[48.31582,68.75629],[48.39069,68.73357],[48.33063,68.74679],[48.43043,68.7192],[48.29665,68.75078],[48.2272,68.80944],[48.20995,68.92006]]],[[[48.22096,68.86637],[48.24824,68.8638],[48.26036,68.85461],[48.25007,68.85212],[48.22096,68.86637]]],[[[48.72659,68.69952],[48.85986,68.69963],[49.11549,68.66822],[48.72659,68.69952]]],[[[49.39443,68.66613],[49.50914,68.66977],[49.58994,68.68629],[49.52952,68.69394],[49.63013,68.69672],[49.51603,68.66907],[49.39443,68.66613]]],[[[49.43509,68.77881],[49.58958,68.82491],[49.50808,68.79353],[49.43509,68.77881]]],[[[49.73805,68.87464],[49.85549,68.91284],[49.85418,68.90365],[49.73805,68.87464]]],[[[49.97575,68.92218],[50.12476,68.96457],[50.06041,68.93961],[49.97575,68.92218]]],[[[50.17158,69.0474],[50.19702,69.06486],[50.19286,69.07934],[50.21354,69.07759],[50.17158,69.0474]]],[[[50.80893,68.35655],[50.88929,68.37571],[50.88801,68.3558],[50.8621,68.34838],[50.80893,68.35655]]],[[[50.81037,68.37877],[50.93665,68.43615],[51.14086,68.48468],[51.48292,68.47945],[51.43922,68.45553],[51.15062,68.4414],[51.08122,68.42222],[50.966,68.42554],[50.97097,68.40429],[50.8284,68.37905],[50.84625,68.38081],[50.85187,68.36289],[50.81037,68.37877]]],[[[52.2659,68.47013],[52.38239,68.46672],[52.30392,68.45839],[52.2659,68.47013]]],[[[53.82071,68.35177],[53.86031,68.36668],[53.82579,68.34889],[53.82071,68.35177]]],[[[53.85049,68.24467],[53.89518,68.24883],[53.88301,68.23779],[53.85049,68.24467]]],[[[53.85389,68.34601],[53.92445,68.36891],[53.98287,68.36832],[53.99642,68.31771],[53.94961,68.28373],[53.85863,68.31183],[53.86955,68.33085],[53.85389,68.34601]]],[[[54.19609,68.82208],[54.32046,68.81744],[54.409,68.78607],[54.24747,68.80143],[54.19609,68.82208]]],[[[54.59882,68.96687],[54.61061,68.98758],[54.66988,68.97912],[54.62411,68.9829],[54.59882,68.96687]]],[[[54.90312,68.93293],[55.00925,68.93444],[55.03454,68.92606],[54.90312,68.93293]]],[[[55.35978,68.91936],[55.43083,68.92748],[55.5448,68.90971],[55.42757,68.92615],[55.35978,68.91936]]],[[[57.22917,68.7084],[57.39192,68.7397],[57.93971,68.80091],[57.96515,68.79295],[57.91336,68.76813],[57.93962,68.76025],[57.89253,68.76016],[57.90997,68.74832],[57.78307,68.73619],[57.55727,68.74579],[57.41198,68.71162],[57.22917,68.7084]]],[[[58.40523,70.23596],[58.43474,70.23674],[58.42418,70.2588],[58.45169,70.24146],[58.47602,70.24356],[58.45801,70.25598],[58.49194,70.25468],[58.88549,70.18451],[58.84703,70.19258],[58.86596,70.20185],[58.8434,70.21103],[58.81445,70.1993],[58.83935,70.21209],[58.81609,70.23507],[58.74774,70.23972],[58.70302,70.27453],[58.51136,70.32353],[58.54117,70.33656],[58.66371,70.31248],[58.67515,70.3272],[58.66382,70.34188],[58.72673,70.34052],[58.78519,70.36654],[58.79791,70.38584],[58.76437,70.40279],[58.79788,70.42445],[58.93985,70.42605],[59.07479,70.46353],[59.06141,70.44883],[59.08759,70.4415],[59.09212,70.45209],[59.09054,70.43151],[59.38732,70.33965],[59.38439,70.32102],[59.52737,70.25589],[59.5863,70.20445],[59.758,70.16478],[59.8137,70.1368],[59.77227,70.11391],[59.8557,70.1195],[59.93122,70.09014],[60.04418,70.0926],[60.05899,70.06062],[60.33933,69.95298],[60.35006,69.93771],[60.33407,69.92468],[60.39936,69.94596],[60.45402,69.92929],[60.48295,69.90431],[60.44676,69.88746],[60.4757,69.86936],[60.47484,69.85382],[60.41579,69.85234],[60.47605,69.85328],[60.53475,69.82974],[60.56634,69.79645],[60.5133,69.78198],[60.47536,69.74986],[60.51913,69.71965],[60.46987,69.7143],[60.49913,69.7048],[60.40018,69.72424],[60.37838,69.74214],[60.38174,69.71009],[60.40708,69.70469],[60.3208,69.70077],[60.30048,69.6831],[60.23742,69.69694],[60.27821,69.6829],[60.26893,69.67465],[60.21599,69.67323],[60.19766,69.68792],[60.01725,69.71715],[60.00376,69.70927],[60.05208,69.68132],[59.9629,69.69641],[60.00119,69.66506],[59.98459,69.6569],[59.92864,69.67242],[59.92282,69.69427],[59.89665,69.69137],[59.89971,69.68148],[59.82483,69.69408],[59.79416,69.68485],[59.63664,69.71465],[59.58484,69.70698],[59.63359,69.74053],[59.57259,69.7578],[59.59654,69.7664],[59.59535,69.79276],[59.62139,69.78803],[59.60151,69.7827],[59.61304,69.77434],[59.74412,69.78006],[59.6948,69.79511],[59.7028,69.78245],[59.64816,69.82447],[59.67701,69.82991],[59.61103,69.82975],[59.45097,69.88841],[59.41372,69.8793],[59.40616,69.90158],[59.38598,69.89085],[59.41241,69.88136],[59.26479,69.8846],[59.20106,69.91345],[59.16811,69.91],[59.19978,69.92028],[59.13052,69.9074],[59.1408,69.90984],[59.01406,69.93395],[58.95199,69.95497],[58.95016,69.96726],[58.94818,69.95399],[58.98768,69.94614],[58.99526,69.92405],[58.98417,69.92223],[59.11012,69.90432],[59.16627,69.8791],[59.18353,69.85229],[59.06608,69.85728],[59.05797,69.87297],[59.00036,69.89179],[58.97803,69.92285],[58.79787,69.96554],[58.61047,70.06397],[58.63373,70.09776],[58.65962,70.09778],[58.58793,70.11709],[58.59943,70.10063],[58.56669,70.12418],[58.66222,70.12562],[58.59365,70.1426],[58.6088,70.15372],[58.64733,70.14621],[58.59513,70.15205],[58.62547,70.16481],[58.60344,70.18163],[58.60386,70.16757],[58.56581,70.16228],[58.59046,70.15005],[58.56028,70.14878],[58.53472,70.17942],[58.55784,70.18638],[58.51808,70.16831],[58.46921,70.17971],[58.57415,70.20259],[58.52024,70.21814],[58.5013,70.2068],[58.49076,70.22797],[58.47984,70.2126],[58.49762,70.20811],[58.49076,70.19666],[58.45287,70.21538],[58.47274,70.22415],[58.46616,70.23239],[58.40523,70.23596]]],[[[58.46804,69.46057],[58.51027,69.45996],[58.48675,69.48121],[58.55164,69.47989],[58.57275,69.46538],[58.46804,69.46057]]],[[[58.66732,70.45944],[58.72107,70.45382],[58.67725,70.44094],[58.66732,70.45944]]],[[[58.73428,69.38847],[58.76535,69.38007],[58.75711,69.36023],[58.79522,69.3405],[59.137,69.28343],[59.2515,69.24727],[59.28653,69.20859],[59.25055,69.21571],[59.27364,69.18165],[59.24866,69.14515],[59.25673,69.12945],[59.22712,69.1595],[59.22129,69.20075],[59.18798,69.23133],[59.01237,69.28185],[58.88088,69.2906],[58.76518,69.32941],[58.73446,69.35793],[58.76665,69.37473],[58.73428,69.38847]]],[[[59.27143,69.15355],[59.28505,69.18072],[59.30722,69.17635],[59.29539,69.13891],[59.3354,69.10717],[59.28271,69.12425],[59.27143,69.15355]]],[[[59.37076,68.77551],[59.39962,68.78671],[59.41711,68.77554],[59.38751,68.7629],[59.37076,68.77551]]],[[[59.39838,69.06078],[59.4096,69.07827],[59.42693,69.07316],[59.43834,69.05356],[59.50337,69.02833],[59.45582,69.02454],[59.39838,69.06078]]],[[[59.40602,69.85171],[59.44522,69.87623],[59.48701,69.8621],[59.40602,69.85171]]],[[[59.45697,69.84334],[59.51657,69.83943],[59.47718,69.83231],[59.45697,69.84334]]],[[[60.16625,69.68517],[60.18843,69.68161],[60.21547,69.66546],[60.16625,69.68517]]],[[[60.95427,68.85355],[61.00044,68.85645],[60.97008,68.84726],[60.95427,68.85355]]],[[[61.17342,69.86304],[61.26612,69.83666],[61.21599,69.83607],[61.17342,69.86304]]]]}},{"type":"Feature","properties":{"territory_id":"RU-05","country_code":"RU","country_name":"Russia","display_name":"Southern European Russia","strategic_centre":"Rostov-on-Don","centre":[39.7015,47.2357],"boundary_status":"administrative-comparison-draft","admin_source":"geoBoundaries ADM1 (release 2025)","source_region_count":15,"label_anchor":[39.7015,47.2357],"label_anchor_adjusted":false},"geometry":{"type":"MultiPolygon","coordinates":[[[[35.32569,50.94675],[35.35519,50.9755],[35.42123,50.94817],[35.45515,50.95661],[35.47951,50.93768],[35.54254,50.9452],[35.54475,50.92353],[35.52824,50.92075],[35.57091,50.90156],[35.60462,50.91441],[35.60644,50.93583],[35.67868,50.90766],[35.70086,50.93346],[35.72641,50.9289],[35.73401,50.97661],[35.78682,50.96329],[35.79561,50.93787],[35.83301,50.94074],[35.83633,50.95929],[35.86846,50.96225],[35.87494,50.99789],[35.90987,51.02053],[35.93653,51.01853],[35.94871,51.05387],[36.00843,51.05167],[35.9962,51.07008],[35.92258,51.09728],[35.93653,51.09918],[35.92234,51.13019],[35.96819,51.14583],[36.00416,51.1274],[35.98613,51.15148],[36.04122,51.15356],[36.05291,51.16697],[36.14016,51.11047],[36.22332,51.11806],[36.22839,51.14302],[36.26502,51.10727],[36.30577,51.09451],[36.35314,51.0916],[36.42302,51.12088],[36.48628,51.06295],[36.52493,51.13505],[36.60157,51.10018],[36.6038,51.08005],[36.58545,51.06826],[36.59749,51.06588],[36.6799,51.09072],[36.75234,51.14949],[36.76771,51.14152],[36.86388,51.17746],[36.94937,51.17076],[36.95976,51.18514],[36.98716,51.18322],[37.03519,51.23503],[37.07925,51.25209],[37.1097,51.25447],[37.09797,51.23033],[37.14893,51.22889],[37.12175,51.28395],[37.15999,51.31963],[37.14771,51.35705],[37.18682,51.34763],[37.1882,51.33399],[37.30075,51.33154],[37.32311,51.35864],[37.38374,51.38452],[37.47205,51.36803],[37.55725,51.39153],[37.58564,51.38873],[37.59714,51.36442],[37.70147,51.35189],[37.84748,51.42973],[37.95006,51.42726],[38.00583,51.42313],[38.02949,51.37327],[38.05132,51.36146],[38.07486,51.35605],[38.07487,51.37177],[38.15782,51.33301],[38.20443,51.33805],[38.2275,51.30044],[38.34723,51.29852],[38.36597,51.3164],[38.32864,51.33115],[38.33239,51.35795],[38.37487,51.36027],[38.37615,51.38797],[38.31873,51.37398],[38.29347,51.39409],[38.30596,51.41085],[38.28048,51.43485],[38.31851,51.44484],[38.30288,51.46402],[38.30979,51.48284],[38.28053,51.49303],[38.298,51.52146],[38.1391,51.63928],[38.16119,51.67042],[38.23473,51.65899],[38.22419,51.69995],[38.38605,51.68368],[38.44516,51.69145],[38.51927,51.74797],[38.46327,51.74024],[38.39906,51.782],[38.40273,51.80082],[38.44532,51.83194],[38.41004,51.8648],[38.44247,51.89253],[38.41677,51.9063],[38.44849,51.92194],[38.42912,51.94475],[38.34153,51.93883],[38.3405,51.91917],[38.31839,51.91947],[38.31642,51.95749],[38.29261,51.96594],[38.29845,51.97459],[38.39962,51.98749],[38.39487,52.00148],[38.4813,52.01786],[38.55555,52.05553],[38.6351,52.03885],[38.67818,52.0642],[38.66993,52.08288],[38.70677,52.09824],[38.74176,52.04169],[38.78678,52.0292],[38.80999,52.04308],[38.78427,52.05235],[38.81101,52.08414],[38.87721,52.09655],[39.01501,51.98481],[39.07357,51.98316],[39.10368,51.9934],[39.09324,52.04502],[39.17577,52.06481],[39.14548,52.0827],[39.17873,52.08995],[39.2315,52.07344],[39.26559,52.10222],[39.29402,52.10312],[39.34348,52.09865],[39.34538,52.07994],[39.35264,52.09135],[39.35631,52.07905],[39.38339,52.08933],[39.47317,52.07355],[39.51724,52.02084],[39.49741,52.01273],[39.48788,51.97789],[39.76454,51.9271],[39.77847,51.94286],[39.81612,51.92029],[39.87519,51.93421],[39.91304,51.98284],[39.92689,51.9675],[40.04247,51.95222],[40.08111,51.97195],[40.07582,51.99201],[40.13223,51.99954],[40.12712,51.98558],[40.15534,51.9615],[40.22141,51.97599],[40.30936,51.94452],[40.30036,51.93526],[40.35402,51.96547],[40.39621,51.9475],[40.46095,51.96042],[40.50822,51.93521],[40.54942,51.95129],[40.75296,51.9373],[40.81203,51.89345],[40.81434,51.9095],[40.8457,51.92198],[40.94567,51.89109],[40.94862,51.86085],[40.91788,51.82832],[40.92877,51.81767],[40.88193,51.73891],[40.9694,51.74676],[41.01007,51.72628],[41.00638,51.71566],[41.05527,51.73637],[41.06311,51.72051],[41.11912,51.71948],[41.11611,51.73063],[41.2962,51.7383],[41.28071,51.79197],[41.3029,51.7888],[41.30712,51.80195],[41.48141,51.76972],[41.4621,51.80163],[41.48219,51.80456],[41.50754,51.7993],[41.52438,51.77364],[41.59582,51.76643],[41.63591,51.733],[41.72284,51.7362],[41.73319,51.70581],[41.85383,51.71378],[41.83889,51.67403],[41.89683,51.68009],[41.99785,51.65404],[42.02006,51.66793],[42.07063,51.65745],[42.10358,51.62807],[42.1393,51.63046],[42.10731,51.69292],[42.12592,51.70207],[42.10656,51.71738],[42.11912,51.73048],[42.19489,51.70706],[42.18991,51.72372],[42.22914,51.7192],[42.27474,51.68584],[42.30782,51.68962],[42.30992,51.67306],[42.26837,51.66268],[42.28214,51.64026],[42.26528,51.60166],[42.29835,51.61926],[42.34429,51.58808],[42.48282,51.63137],[42.49891,51.5931],[42.54651,51.57848],[42.56612,51.53804],[42.75045,51.49241],[42.83253,51.39246],[42.86018,51.39706],[42.84346,51.33871],[42.85811,51.31667],[42.94734,51.26722],[42.91316,51.24543],[42.89032,51.25114],[42.88089,51.23303],[43.19474,51.11063],[43.35855,50.99871],[43.42406,51.03484],[43.5617,51.06063],[43.66274,51.05555],[43.68678,51.06746],[43.67723,51.0922],[43.69266,51.09888],[43.67317,51.09828],[43.68294,51.10518],[43.6677,51.11871],[43.69446,51.10762],[43.78734,51.12082],[43.8497,51.09972],[43.88377,51.11035],[43.92259,51.16172],[43.96236,51.14585],[44.01846,51.15917],[44.0185,51.07222],[44.05098,51.07211],[44.03878,51.10553],[44.09433,51.09715],[44.11787,51.12513],[44.14181,51.11933],[44.1313,51.10674],[44.18498,51.09322],[44.21526,51.12863],[44.21086,51.18176],[44.22403,51.19871],[44.34537,51.17433],[44.37812,51.18904],[44.42509,51.17984],[44.47741,51.21137],[44.50911,51.19895],[44.56916,51.12503],[44.59287,51.11947],[44.62721,51.12605],[44.61407,51.16195],[44.64381,51.17829],[44.78915,51.14854],[44.86519,51.17121],[44.89665,51.16289],[44.89919,51.11547],[44.92812,51.10872],[44.99307,51.14564],[45.04451,51.13269],[45.06849,51.11919],[45.08394,51.07721],[45.22101,51.04034],[45.1996,50.99601],[45.21535,50.98503],[45.21076,50.95583],[45.25749,50.93706],[45.22383,50.93537],[45.24552,50.91843],[45.26826,50.92744],[45.30356,50.91398],[45.32242,50.87484],[45.27603,50.72135],[45.2117,50.70219],[45.18518,50.71033],[45.19105,50.69814],[45.23131,50.69801],[45.20651,50.66274],[45.21951,50.65875],[45.19336,50.5852],[45.38637,50.58989],[45.40512,50.61334],[45.4897,50.60487],[45.53625,50.55088],[45.55562,50.55522],[45.56635,50.5896],[45.69863,50.57828],[45.70763,50.58603],[45.6786,50.66703],[45.71563,50.73772],[45.74422,50.7573],[45.84227,50.75618],[45.89303,50.74999],[45.98977,50.68825],[46.03526,50.68773],[46.03543,50.66521],[46.09316,50.66487],[46.09419,50.6175],[46.06513,50.60467],[46.06146,50.52617],[46.27841,50.5277],[46.27791,50.57286],[46.48421,50.54711],[46.49301,50.55713],[46.46048,50.55298],[46.44818,50.56845],[46.45836,50.61716],[46.49163,50.63469],[46.49156,50.61759],[46.52707,50.62348],[46.51947,50.64197],[46.53829,50.64444],[46.54659,50.61326],[46.5685,50.61484],[46.56808,50.69045],[46.58339,50.71229],[46.6257,50.68094],[46.71849,50.71149],[46.7421,50.65871],[46.77542,50.64273],[46.8572,50.64183],[46.79912,50.57846],[46.87077,50.57722],[46.87077,50.52375],[46.91666,50.523],[46.91242,50.48967],[47.03864,50.48915],[47.03815,50.50968],[47.20561,50.50922],[47.20458,50.42988],[47.23683,50.42954],[47.23521,50.37119],[47.43145,50.37792],[47.40668,50.33637],[47.33988,50.33196],[47.30013,50.3033],[47.30065,50.26316],[47.33497,50.23801],[47.2573,50.19175],[47.31677,50.15237],[47.35265,50.09404],[47.18236,49.93503],[46.90247,49.86385],[46.78209,49.33983],[46.99612,49.23238],[47.05114,49.16559],[47.02868,49.0893],[46.97192,49.02743],[46.89257,48.98211],[46.77916,48.95141],[46.49216,48.43362],[46.64462,48.38566],[46.67676,48.38948],[46.74654,48.35399],[47.12376,48.26953],[47.10363,48.212],[47.12556,48.15829],[47.0919,48.10352],[47.21152,48.08225],[47.20056,48.05438],[47.15933,48.06181],[47.14974,48.03594],[47.04991,47.99752],[47.18091,47.85366],[47.12149,47.83147],[47.19408,47.7605],[47.38463,47.68156],[47.41147,47.76332],[47.41508,47.83771],[47.65267,47.7582],[47.96343,47.75108],[48.03072,47.76293],[48.11372,47.74326],[48.21335,47.69051],[48.45302,47.41085],[48.52064,47.41157],[48.71106,47.09534],[48.91579,46.88022],[48.99713,46.74308],[48.92149,46.69351],[48.75214,46.68398],[48.71444,46.7195],[48.67966,46.7091],[48.65473,46.72621],[48.61793,46.70374],[48.53526,46.70615],[48.55207,46.68849],[48.47789,46.67058],[48.56028,46.64187],[48.54993,46.62132],[48.56627,46.60924],[48.62273,46.6034],[48.55736,46.58582],[48.54528,46.56025],[48.7024,46.56306],[48.78648,46.54209],[48.82666,46.48017],[48.87868,46.48156],[48.91201,46.45073],[49.00175,46.42756],[49.05329,46.39307],[49.1798,46.37714],[49.26256,46.29417],[49.31419,46.27284],[49.27567,46.23743],[49.33641,46.19973],[49.33824,46.16265],[49.3257,46.13654],[49.25279,46.16722],[49.26757,46.12452],[49.32058,46.06504],[49.24983,46.10246],[49.23273,46.05596],[49.2528,46.02149],[49.21608,45.99097],[49.09978,46.06061],[49.06307,46.11837],[49.02823,46.11795],[49.01653,46.08769],[49.02965,46.07522],[49.01981,45.9642],[49.0473,45.89278],[48.97282,45.97866],[48.93009,45.97858],[48.93296,45.92175],[48.86875,45.91488],[48.85996,45.84329],[48.84191,45.81588],[48.81325,45.91443],[48.79904,45.91315],[48.8103,45.89516],[48.78645,45.88363],[48.73873,45.91384],[48.77137,45.83205],[48.76043,45.80838],[48.7833,45.78632],[48.75348,45.76956],[48.74072,45.75396],[48.75049,45.73546],[48.72978,45.72436],[48.75309,45.70035],[48.72963,45.61709],[48.68124,45.60255],[48.63601,45.64461],[48.63756,45.61481],[48.58862,45.6102],[48.57156,45.62387],[48.56178,45.68965],[48.51581,45.67475],[48.52808,45.63587],[48.5176,45.6176],[48.47912,45.64726],[48.46966,45.6933],[48.45593,45.69089],[48.46648,45.68422],[48.45068,45.6794],[48.44873,45.65515],[48.35598,45.69506],[48.39163,45.65211],[48.43651,45.62814],[48.43257,45.60386],[48.39599,45.59265],[48.34778,45.62887],[48.28561,45.73557],[48.2821,45.69571],[48.261,45.7235],[48.28113,45.6806],[48.25315,45.69544],[48.23869,45.69161],[48.25305,45.67944],[48.18967,45.68738],[48.22983,45.67942],[48.23573,45.65329],[48.20004,45.65324],[48.16606,45.68181],[48.17422,45.64755],[48.14587,45.66045],[48.11227,45.60294],[48.15206,45.58191],[48.14317,45.56324],[48.15894,45.54168],[48.13661,45.52129],[48.16727,45.45335],[48.20484,45.44908],[48.19759,45.42451],[48.15844,45.40257],[48.13817,45.39863],[48.13682,45.4167],[48.10989,45.43266],[48.12755,45.4722],[48.10032,45.4817],[48.12725,45.55936],[48.11767,45.58372],[48.09155,45.5952],[48.06058,45.54201],[48.04936,45.55228],[48.04774,45.64532],[48.07219,45.58253],[48.07823,45.5996],[48.0471,45.66511],[48.01282,45.65861],[48.01155,45.6183],[47.99967,45.64193],[47.97522,45.62189],[48.00843,45.61206],[48.00058,45.55363],[48.02055,45.51261],[48.0017,45.39169],[47.98393,45.40262],[47.9965,45.38734],[47.9852,45.36082],[47.97087,45.3643],[47.97487,45.3883],[47.96825,45.37272],[47.93828,45.36886],[47.97552,45.42206],[47.97779,45.45591],[47.93734,45.51242],[47.92149,45.58594],[47.92191,45.63153],[47.94541,45.63815],[47.92919,45.6436],[47.94332,45.65631],[47.93421,45.66386],[47.95447,45.67489],[47.98502,45.66299],[47.9609,45.69029],[47.89368,45.69778],[47.86566,45.68015],[47.86511,45.65933],[47.85649,45.69912],[47.84482,45.66991],[47.85552,45.6665],[47.83458,45.64741],[47.8397,45.63147],[47.90905,45.61863],[47.89386,45.60782],[47.90854,45.55676],[47.90167,45.46919],[47.85446,45.47882],[47.81035,45.58127],[47.78236,45.56277],[47.78391,45.62643],[47.76243,45.60253],[47.77006,45.63092],[47.72611,45.62367],[47.74391,45.60446],[47.74288,45.58968],[47.73275,45.59593],[47.75061,45.54991],[47.75902,45.5737],[47.77361,45.56241],[47.76022,45.55796],[47.76769,45.4482],[47.7541,45.44934],[47.7549,45.48155],[47.73172,45.49338],[47.74717,45.50505],[47.7178,45.50906],[47.74426,45.52502],[47.71645,45.52297],[47.72897,45.55381],[47.70396,45.55255],[47.69756,45.6131],[47.66598,45.64852],[47.62838,45.64744],[47.65448,45.63855],[47.65255,45.60924],[47.60244,45.58171],[47.60975,45.59803],[47.58748,45.61158],[47.58957,45.62699],[47.52589,45.67042],[47.50953,45.64123],[47.53685,45.64403],[47.53476,45.61896],[47.55231,45.60235],[47.52646,45.54353],[47.5368,45.52273],[47.424,45.46115],[47.40473,45.43193],[47.36791,45.43134],[47.41012,45.39245],[47.41527,45.36689],[47.37956,45.31911],[47.34244,45.34109],[47.33596,45.29751],[47.31503,45.29821],[47.31948,45.27443],[47.29648,45.2406],[47.257,45.2493],[47.27519,45.23431],[47.28446,45.1915],[47.26249,45.13413],[47.2412,45.15035],[47.24773,45.12662],[47.22953,45.10312],[47.24326,45.07476],[47.20206,45.07234],[47.19966,45.02164],[47.14919,44.94563],[47.11829,44.93907],[47.06267,44.98596],[47.03315,44.99105],[47.06576,44.97648],[47.10456,44.87415],[47.06044,44.83728],[47.04311,44.8823],[47.01289,44.87074],[46.98714,44.92121],[46.97908,44.98207],[46.99006,44.99591],[46.97393,45.00429],[46.95813,44.98668],[46.98268,44.95729],[46.97066,44.9003],[46.93462,44.82011],[46.91659,44.82924],[46.88981,44.8167],[46.90732,44.79867],[46.89943,44.77906],[46.8402,44.72896],[46.76742,44.71359],[46.72536,44.67491],[46.73188,44.65281],[46.69789,44.68687],[46.67987,44.468],[46.77463,44.3704],[46.88992,44.36246],[46.87967,44.34596],[46.9008,44.32375],[46.92809,44.34352],[46.96414,44.34131],[46.97135,44.35334],[46.94904,44.37396],[47.00461,44.36564],[47.08053,44.24523],[47.11246,44.22087],[47.14575,44.20538],[47.20107,44.22602],[47.22438,44.21989],[47.28995,44.08687],[47.37029,44.00865],[47.43106,43.8759],[47.46951,43.85907],[47.45956,43.81994],[47.54746,43.78592],[47.55771,43.85761],[47.58013,43.88066],[47.65457,43.89998],[47.70028,43.88809],[47.58853,43.71652],[47.55237,43.62237],[47.56293,43.59691],[47.52682,43.54655],[47.50179,43.47092],[47.48684,43.39508],[47.51062,43.36456],[47.48491,43.38436],[47.48389,43.30951],[47.51084,43.27933],[47.53475,43.30616],[47.5376,43.28107],[47.55151,43.29599],[47.53611,43.30852],[47.55226,43.304],[47.5464,43.32707],[47.51578,43.35991],[47.54702,43.32997],[47.5561,43.28264],[47.48174,43.15188],[47.46305,43.05595],[47.46925,43.00472],[47.57444,42.9545],[47.6534,42.8817],[47.69752,42.86994],[47.71996,42.70158],[47.7584,42.63595],[47.79256,42.60765],[47.88744,42.58122],[47.91125,42.52345],[47.99531,42.41043],[48.11135,42.31835],[48.23358,42.14434],[48.29078,42.10581],[48.36095,41.95684],[48.41365,41.92147],[48.49107,41.9078],[48.59209,41.84249],[48.55438,41.78026],[48.42017,41.65828],[48.41277,41.62315],[48.37734,41.59101],[48.28447,41.56085],[48.22428,41.51693],[48.06479,41.49229],[48.06373,41.45751],[48.00223,41.42996],[48.00141,41.37318],[47.98064,41.35318],[47.95014,41.35112],[47.97063,41.32294],[47.8984,41.29883],[47.9106,41.25538],[47.88561,41.21942],[47.81155,41.21936],[47.78209,41.18587],[47.74825,41.18745],[47.7011,41.22574],[47.62049,41.23714],[47.61044,41.21718],[47.57631,41.21723],[47.55684,41.19851],[47.50388,41.22744],[47.49836,41.26844],[47.47072,41.25711],[47.45355,41.27424],[47.37451,41.27277],[47.27097,41.32806],[47.25853,41.33937],[47.27108,41.35242],[47.26012,41.39565],[47.21876,41.40004],[47.24212,41.44635],[47.21728,41.44595],[47.19194,41.48831],[47.15809,41.49912],[47.17307,41.53],[47.12939,41.55174],[47.11547,41.5695],[47.12412,41.58313],[47.11286,41.59481],[47.07528,41.57837],[47.06546,41.55566],[47.01865,41.55586],[47.02269,41.57617],[46.99106,41.59981],[47.00886,41.62283],[46.99951,41.64134],[46.92741,41.67665],[46.91497,41.72658],[46.86415,41.72008],[46.83121,41.76006],[46.79227,41.77364],[46.76594,41.80101],[46.78373,41.81661],[46.7599,41.86169],[46.71638,41.84737],[46.7219,41.82831],[46.62428,41.83459],[46.58221,41.80324],[46.55474,41.82266],[46.55393,41.86028],[46.53704,41.88045],[46.4767,41.88274],[46.4046,41.92179],[46.39936,41.94057],[46.36049,41.93243],[46.33885,41.94606],[46.32005,41.92927],[46.28244,41.94544],[46.262,41.98256],[46.24523,41.98211],[46.2565,42.00613],[46.22158,42.01555],[46.15927,41.99015],[46.14718,42.01081],[46.10629,41.98603],[46.07338,42.04061],[46.04049,42.01992],[46.02083,42.04166],[45.98733,42.04534],[45.95758,42.02408],[45.92791,42.0315],[45.93024,42.05439],[45.91184,42.06452],[45.9207,42.08079],[45.89722,42.10602],[45.80392,42.11605],[45.78603,42.10207],[45.76915,42.12691],[45.73895,42.13154],[45.74572,42.14873],[45.60861,42.21231],[45.61818,42.25214],[45.65243,42.29222],[45.72187,42.28899],[45.75227,42.30801],[45.7347,42.37832],[45.78157,42.44695],[45.77318,42.49122],[45.70494,42.48061],[45.68197,42.50968],[45.61154,42.50861],[45.57222,42.55002],[45.49332,42.53499],[45.418,42.55189],[45.34162,42.52258],[45.32554,42.56522],[45.28157,42.59041],[45.28503,42.60694],[45.25747,42.60575],[45.15865,42.70771],[45.08679,42.71222],[45.03805,42.6928],[44.96694,42.74903],[44.88747,42.74704],[44.86661,42.69102],[44.83612,42.67431],[44.82904,42.61716],[44.80379,42.61473],[44.76657,42.6428],[44.74134,42.72741],[44.67997,42.75591],[44.58018,42.74475],[44.55309,42.76637],[44.49993,42.7362],[44.51797,42.69704],[44.41646,42.71999],[44.39256,42.70436],[44.31402,42.72167],[44.24889,42.67992],[44.23185,42.62669],[44.1914,42.63236],[44.16221,42.60627],[44.11538,42.6173],[44.02178,42.5972],[43.97356,42.55223],[43.94489,42.55036],[43.8387,42.59867],[43.77046,42.58878],[43.7542,42.61648],[43.71531,42.63195],[43.75744,42.65368],[43.80789,42.72107],[43.80418,42.74314],[43.77646,42.75927],[43.70696,42.77771],[43.68487,42.80187],[43.6509,42.79568],[43.60891,42.81368],[43.61065,42.83393],[43.56105,42.86771],[43.50766,42.8678],[43.44707,42.89339],[43.3348,42.89012],[43.31755,42.91482],[43.30039,42.90733],[43.1863,42.93761],[43.17316,42.96277],[43.14371,42.96929],[43.11283,43.00029],[43.03504,43.02987],[43.01562,43.07115],[43.04123,43.09076],[42.99356,43.11673],[42.92747,43.1241],[42.93212,43.14841],[42.88111,43.15354],[42.86027,43.17856],[42.81598,43.16625],[42.74994,43.18769],[42.68163,43.16995],[42.66653,43.13602],[42.4572,43.21293],[42.44214,43.25085],[42.41378,43.25698],[42.3582,43.24685],[42.34106,43.22043],[42.29523,43.21092],[42.21619,43.23098],[42.18057,43.21499],[42.09542,43.21398],[42.04544,43.18703],[42.01914,43.21709],[41.95884,43.20253],[41.88509,43.24985],[41.86293,43.24267],[41.84838,43.21151],[41.80394,43.20204],[41.72811,43.24151],[41.69271,43.21848],[41.65812,43.23776],[41.61424,43.22099],[41.54454,43.2696],[41.42298,43.31555],[41.4135,43.35469],[41.39364,43.36623],[41.36598,43.37007],[41.34079,43.34748],[41.291,43.33704],[41.27483,43.36056],[41.16798,43.38338],[41.15264,43.40333],[41.1062,43.40396],[41.09769,43.38545],[41.04685,43.39534],[41.00429,43.43222],[40.94994,43.41973],[40.89292,43.45842],[40.89096,43.48954],[40.82783,43.48796],[40.69221,43.53597],[40.66178,43.56305],[40.54021,43.51932],[40.50541,43.52488],[40.4796,43.54871],[40.2596,43.58619],[40.10901,43.56961],[40.09069,43.55558],[40.09506,43.52938],[40.01015,43.42435],[40.00845,43.38557],[39.99239,43.38502],[39.92295,43.41602],[39.86366,43.51139],[39.70899,43.57943],[39.68938,43.63217],[39.6073,43.6671],[39.58274,43.70244],[39.46142,43.78801],[39.29497,43.94245],[39.15323,44.02038],[39.07795,44.09284],[39.03684,44.09654],[38.99831,44.1613],[38.8666,44.1972],[38.79098,44.2816],[38.56863,44.34946],[38.37371,44.37026],[38.28437,44.41027],[38.20618,44.41648],[38.1523,44.45812],[38.12637,44.5021],[38.04849,44.55069],[38.07484,44.55766],[38.06506,44.57671],[38.02699,44.58348],[38.02792,44.55954],[37.98436,44.5682],[37.90678,44.62872],[37.93153,44.64606],[37.91398,44.66628],[37.80626,44.73166],[37.7735,44.72715],[37.80315,44.67077],[37.73677,44.64971],[37.48299,44.69438],[37.38063,44.75677],[37.38239,44.78271],[37.29704,44.88932],[37.31702,44.90304],[37.31157,44.92836],[37.2411,44.98625],[37.11401,45.04223],[36.88662,45.10866],[36.73432,45.1098],[36.63339,45.14019],[36.59799,45.19537],[36.60648,45.22637],[36.59166,45.24575],[36.61194,45.21005],[36.68605,45.22669],[36.73016,45.21827],[36.76628,45.24025],[36.87481,45.2513],[36.9923,45.28949],[36.99492,45.32659],[36.92319,45.3289],[36.79837,45.30354],[36.76606,45.37532],[36.80545,45.3544],[36.85855,45.37914],[36.78846,45.39239],[36.7631,45.41495],[36.68305,45.33607],[36.62198,45.30523],[36.71695,45.36562],[36.78513,45.44224],[36.85714,45.45095],[37.10025,45.35838],[37.22348,45.33268],[37.36012,45.33678],[37.37664,45.31624],[37.39265,45.33121],[37.36637,45.33443],[37.39429,45.33739],[37.38487,45.34881],[37.40381,45.33865],[37.41624,45.35133],[37.45623,45.34831],[37.55354,45.39495],[37.60672,45.47795],[37.59807,45.57708],[37.61601,45.66456],[37.83398,45.75626],[37.93275,45.98604],[37.97087,46.03359],[38.11601,46.05414],[38.11747,46.0325],[38.09262,46.02102],[38.1056,46.03805],[38.07868,46.03989],[38.08849,46.01458],[38.07181,45.99931],[38.08589,45.98223],[38.06515,45.96847],[38.08967,45.96457],[38.0855,45.93862],[38.10684,45.94957],[38.12429,45.98536],[38.15338,46.00269],[38.14762,46.03549],[38.1873,46.11767],[38.24315,46.15724],[38.25307,46.232],[38.27652,46.26178],[38.28418,46.24092],[38.2514,46.20506],[38.26652,46.17951],[38.25371,46.17122],[38.26959,46.17029],[38.25505,46.15404],[38.27495,46.15622],[38.46061,46.04285],[38.52461,46.05352],[38.58621,46.04311],[38.56871,46.11461],[38.33727,46.21442],[38.2224,46.32311],[38.13922,46.37772],[37.99683,46.40946],[37.95943,46.38694],[37.98699,46.40001],[37.98739,46.37873],[38.01535,46.37752],[37.99201,46.36381],[37.9113,46.41134],[37.83501,46.50514],[37.75202,46.66393],[37.69945,46.70044],[37.81058,46.64887],[37.99602,46.63491],[38.06023,46.64712],[38.13458,46.69086],[38.22594,46.70056],[38.29108,46.74277],[38.29054,46.704],[38.33205,46.66405],[38.50694,46.64266],[38.55021,46.66271],[38.59374,46.66202],[38.58833,46.71692],[38.50804,46.75104],[38.45109,46.75583],[38.40283,46.74922],[38.39989,46.72315],[38.41247,46.71673],[38.39455,46.72953],[38.42065,46.82225],[38.50045,46.88027],[38.55383,46.85592],[38.75892,46.88373],[38.85054,46.91243],[38.89669,46.96505],[38.9234,46.95605],[38.96717,46.97042],[39.10287,47.043],[39.1181,47.02628],[39.29934,47.02571],[39.31045,47.05944],[39.23101,47.08852],[39.26112,47.10951],[39.22989,47.13735],[39.24383,47.17341],[39.21318,47.18988],[39.24388,47.26146],[39.1981,47.28408],[39.08247,47.28741],[39.03417,47.26336],[38.95465,47.26932],[38.93592,47.22915],[38.95518,47.20111],[38.884,47.19693],[38.86447,47.17282],[38.57625,47.14352],[38.5579,47.13537],[38.56103,47.11974],[38.58556,47.12069],[38.57207,47.11511],[38.48174,47.14044],[38.50422,47.14849],[38.5103,47.18185],[38.60633,47.24416],[38.79103,47.24352],[38.82762,47.27602],[38.65483,47.26216],[38.52841,47.21316],[38.51648,47.18521],[38.46511,47.15863],[38.47633,47.144],[38.31061,47.13894],[38.2298,47.1193],[38.24276,47.21777],[38.23291,47.22895],[38.2882,47.23854],[38.28797,47.25675],[38.33353,47.26919],[38.32283,47.28149],[38.33604,47.30625],[38.22089,47.3054],[38.24498,47.36371],[38.28655,47.37342],[38.28647,47.39136],[38.30239,47.39285],[38.28473,47.54431],[38.30729,47.54649],[38.31079,47.57614],[38.35072,47.5762],[38.35046,47.61665],[38.45675,47.61711],[38.45649,47.64404],[38.61644,47.64458],[38.62927,47.6694],[38.66603,47.66931],[38.66583,47.69873],[38.77261,47.68552],[38.77015,47.72106],[38.79654,47.77366],[38.78892,47.81592],[38.82882,47.81592],[38.82753,47.8482],[38.87806,47.87587],[39.08311,47.86953],[39.08306,47.85163],[39.10946,47.84267],[39.23649,47.85365],[39.24174,47.86707],[39.38731,47.87116],[39.41322,47.82973],[39.43935,47.84019],[39.43996,47.85477],[39.47781,47.86068],[39.54252,47.82506],[39.62571,47.83913],[39.73804,47.82778],[39.76323,47.84632],[39.76345,47.87069],[39.79492,47.87038],[39.79365,47.91935],[39.80606,47.95054],[39.82478,47.9553],[39.8231,47.98122],[39.7765,48.03978],[39.88339,48.04161],[39.83397,48.06701],[39.86889,48.0792],[39.87046,48.11661],[39.9025,48.14034],[39.90982,48.17985],[39.93702,48.18096],[39.942,48.22861],[40.00959,48.22512],[40.02076,48.25386],[39.99033,48.31706],[39.91504,48.26963],[39.88761,48.30855],[39.84116,48.31005],[39.84532,48.33286],[39.94745,48.3547],[39.93229,48.36456],[39.94151,48.38632],[39.92396,48.37523],[39.90572,48.39038],[39.91849,48.3989],[39.88894,48.44203],[39.89759,48.44731],[39.84644,48.47375],[39.84721,48.50157],[39.86727,48.50776],[39.85043,48.5679],[39.79163,48.59301],[39.68789,48.5868],[39.66065,48.60909],[39.72329,48.68386],[39.70431,48.72051],[39.73947,48.74365],[39.72555,48.75237],[39.74373,48.7702],[39.76827,48.76584],[39.8001,48.8426],[39.97553,48.79303],[40.08011,48.87014],[40.06096,48.9089],[40.03511,48.91589],[40.00403,48.90128],[39.99323,48.86821],[39.92497,48.89584],[39.85239,48.89053],[39.8394,48.90313],[39.82699,48.88646],[39.81887,48.90791],[39.7765,48.92069],[39.77843,48.95186],[39.75295,48.98594],[39.72648,48.97571],[39.70389,48.99925],[39.67834,48.98909],[39.6637,49.00089],[39.68509,49.03393],[39.67239,49.0404],[39.69316,49.05048],[39.76637,49.04006],[39.81124,49.06039],[39.93805,49.0564],[39.93831,49.08304],[40.03111,49.17976],[40.07737,49.18699],[40.13725,49.23984],[40.22128,49.2499],[40.22758,49.26053],[40.18593,49.28122],[40.19461,49.34647],[40.11439,49.38571],[40.02934,49.45361],[40.0392,49.52072],[40.16962,49.56877],[40.13539,49.6171],[40.06496,49.59897],[39.95212,49.59709],[39.93461,49.5734],[39.89118,49.5583],[39.80604,49.55795],[39.75025,49.59743],[39.6579,49.61666],[39.59129,49.71828],[39.61052,49.73373],[39.44366,49.76],[39.37878,49.73854],[39.28522,49.75536],[39.25089,49.77648],[39.22771,49.80738],[39.22668,49.83982],[39.17994,49.8888],[39.06684,49.81563],[39.02203,49.8216],[38.93069,49.79683],[38.90671,49.8278],[38.91842,49.85859],[38.90121,49.86935],[38.79097,49.87837],[38.69397,49.93493],[38.68605,49.96224],[38.71805,49.9835],[38.68698,50.0077],[38.67977,49.97406],[38.6475,49.95586],[38.58261,49.97749],[38.52733,49.95861],[38.48871,49.96324],[38.46502,49.98299],[38.46931,49.99534],[38.43412,50.00135],[38.4163,49.98177],[38.35053,50.00691],[38.32959,50.0854],[38.31317,50.08822],[38.27579,50.07348],[38.17823,50.08],[38.18623,50.02282],[38.22185,49.97914],[38.13217,49.92462],[38.12455,49.94239],[38.05592,49.92319],[38.03297,49.90015],[38.02093,49.92575],[38.04372,49.93294],[38.00471,49.96742],[37.96458,49.97892],[37.92652,50.0338],[37.79692,50.08409],[37.75486,50.07843],[37.71006,50.1337],[37.6407,50.17593],[37.64345,50.19087],[37.61444,50.22005],[37.63555,50.31137],[37.57702,50.30657],[37.47196,50.36922],[37.46293,50.42274],[37.49102,50.45746],[37.4127,50.43328],[37.32727,50.43548],[37.29249,50.4013],[37.15298,50.35646],[36.87028,50.33773],[36.69296,50.26914],[36.67992,50.23807],[36.64867,50.21765],[36.56044,50.25061],[36.58052,50.26228],[36.57417,50.27447],[36.5938,50.27536],[36.58499,50.2858],[36.53572,50.28374],[36.48783,50.3112],[36.43993,50.3112],[36.43341,50.33077],[36.36303,50.28751],[36.29574,50.29163],[36.27342,50.32322],[36.28372,50.33558],[36.17763,50.40167],[36.16064,50.43154],[36.08665,50.44836],[35.93289,50.4306],[35.88976,50.43857],[35.87242,50.42244],[35.83174,50.43377],[35.73818,50.35446],[35.62622,50.35203],[35.58425,50.39266],[35.58583,50.4488],[35.47642,50.48853],[35.43605,50.53007],[35.42791,50.56215],[35.39035,50.57999],[35.42565,50.60318],[35.39198,50.642],[35.39906,50.65534],[35.48888,50.65856],[35.49618,50.67879],[35.4593,50.68909],[35.47315,50.72554],[35.46388,50.73497],[35.48871,50.7768],[35.41141,50.80256],[35.41912,50.84383],[35.38231,50.87004],[35.40201,50.87951],[35.37989,50.89564],[35.40332,50.90257],[35.40061,50.91459],[35.32569,50.94675]]],[[[37.39618,45.34599],[37.41577,45.3524],[37.40333,45.33932],[37.39618,45.34599]]],[[[38.32226,46.75975],[38.3628,46.7656],[38.33539,46.76748],[38.34327,46.75208],[38.32226,46.75975]]],[[[47.47916,44.4567],[47.49473,44.48993],[47.52557,44.49439],[47.51794,44.44867],[47.54395,44.42747],[47.54286,44.48837],[47.56435,44.42535],[47.5455,44.42055],[47.47916,44.4567]]],[[[47.63466,43.9681],[47.64753,43.99324],[47.69434,43.99974],[47.80517,43.96015],[47.75457,43.93528],[47.73429,43.93938],[47.73347,43.95515],[47.74512,43.965],[47.76373,43.95422],[47.7668,43.97663],[47.65261,43.94451],[47.63466,43.9681]]],[[[47.67912,43.90389],[47.71952,43.89631],[47.70045,43.891],[47.67912,43.90389]]],[[[47.69967,43.91508],[47.72275,43.91309],[47.71542,43.90485],[47.69967,43.91508]]]]}},{"type":"Feature","properties":{"territory_id":"SE-01","country_code":"SE","country_name":"Sweden","display_name":"Southern Sweden","strategic_centre":"Malmo","centre":[13.0358,55.6058],"boundary_status":"administrative-comparison-draft","admin_source":"NUTS 2024 level 3","source_region_count":6,"label_anchor":[13.0358,55.6058],"label_anchor_adjusted":false},"geometry":{"type":"MultiPolygon","coordinates":[[[[10.97815,58.87319],[10.9969,58.90235],[11.03815,58.90235],[11.0569,58.84404],[10.97815,58.87319]]],[[[11.12066,58.91295],[11.14691,59.02955],[11.24441,59.09315],[11.32692,59.11171],[11.46192,58.9898],[11.46567,58.89439],[11.54443,58.88114],[11.65693,58.9156],[11.70944,59.02955],[11.76194,59.0799],[11.78819,59.20181],[11.82569,59.23891],[11.95695,59.23891],[12.06945,59.19386],[12.10696,59.24951],[12.20446,59.24951],[12.53448,59.12231],[12.57948,59.11966],[12.65073,59.17531],[12.72574,59.14881],[12.89449,58.82814],[13.25451,58.73009],[13.38952,58.74334],[13.34827,58.82284],[13.41202,58.93945],[13.59578,59.05605],[14.0083,59.02955],[14.15831,59.05075],[14.29706,59.01365],[14.30082,58.9368],[14.37957,58.88114],[14.37582,58.83874],[14.46207,58.77514],[14.48457,58.71949],[14.57458,58.68503],[14.67583,58.73539],[14.77709,58.64528],[14.41707,58.18681],[14.47707,58.13116],[14.59708,58.09935],[14.85584,58.08875],[14.90835,58.13646],[14.9796,58.14176],[15.0696,58.0066],[15.0171,57.97745],[14.99835,57.9165],[15.12211,57.72834],[15.42212,57.70449],[15.61338,57.61438],[15.60588,57.55873],[15.63963,57.50838],[15.59463,57.44742],[15.53838,57.46067],[15.50463,57.43947],[15.51213,57.32817],[15.46712,57.27781],[15.51588,57.20096],[15.80839,57.00485],[15.83089,56.95715],[15.77464,56.9174],[15.55713,56.9174],[15.52713,56.81404],[15.38837,56.77164],[15.40712,56.68948],[15.35462,56.53048],[15.36212,56.48277],[15.57213,56.49602],[15.86089,56.32112],[16.0484,56.32112],[15.98465,56.20451],[15.85714,56.0985],[15.81589,56.10381],[15.78964,56.14356],[15.76339,56.0667],[15.66588,56.0985],[15.69963,56.16476],[15.58713,56.19126],[15.34337,56.13296],[15.26836,56.16476],[14.71709,56.15416],[14.69458,56.11971],[14.75834,56.0349],[14.70584,56.0031],[14.64208,56.00575],[14.54458,56.0614],[14.35332,55.9554],[14.21081,55.80699],[14.20706,55.70894],[14.35332,55.54198],[14.18081,55.38297],[14.06455,55.38297],[13.9183,55.43067],[13.66703,55.42007],[13.35202,55.34057],[13.0295,55.38297],[12.947,55.40947],[12.90575,55.56053],[13.04825,55.64268],[13.052,55.69303],[12.917,55.75399],[12.91325,55.82554],[12.81949,55.85999],[12.80449,55.9024],[12.57198,56.14621],[12.50448,56.28136],[12.78949,56.23631],[12.81199,56.27076],[12.72574,56.36087],[12.65073,56.39267],[12.63573,56.41917],[12.72574,56.46687],[12.84199,56.43507],[12.89824,56.44832],[12.93575,56.54108],[12.902,56.61793],[12.84199,56.65503],[12.72574,56.65503],[12.63198,56.74514],[12.58698,56.83259],[12.36947,56.9227],[12.34322,57.0075],[12.20446,57.12146],[12.22321,57.15326],[12.11446,57.23806],[12.15946,57.30432],[12.08445,57.34672],[12.11071,57.38912],[12.0957,57.43152],[12.05445,57.43947],[12.00195,57.35997],[11.9232,57.39972],[11.9232,57.56138],[11.84069,57.68063],[11.73569,57.71244],[11.78444,57.77869],[11.71319,57.86614],[11.81444,58.10466],[11.73944,58.08875],[11.73944,58.0278],[11.67943,57.9748],[11.55568,57.9589],[11.43192,58.14441],[11.47317,58.22126],[11.53693,58.21596],[11.55193,58.24246],[11.40942,58.31402],[11.43192,58.38292],[11.37567,58.38822],[11.31942,58.34317],[11.25191,58.37762],[11.28191,58.46242],[11.26691,58.61878],[11.20316,58.66383],[11.17691,58.75129],[11.24066,58.83079],[11.16191,58.83874],[11.12066,58.91295]]],[[[11.56318,57.78134],[11.60818,57.78929],[11.70569,57.74954],[11.64943,57.69653],[11.56318,57.78134]]],[[[11.57818,57.86614],[11.61943,57.90325],[11.66068,57.88999],[11.62693,57.85554],[11.57818,57.86614]]],[[[11.72819,57.64353],[11.79944,57.65678],[11.83319,57.61703],[11.77694,57.57993],[11.72819,57.64353]]],[[[12.66573,55.91565],[12.71074,55.92625],[12.74074,55.88384],[12.68823,55.88384],[12.66573,55.91565]]],[[[12.83074,55.40947],[12.88699,55.43067],[12.92075,55.39887],[12.87949,55.38297],[12.83074,55.40947]]],[[[15.45212,56.10116],[15.50463,56.13296],[15.54213,56.11971],[15.50838,56.08525],[15.45212,56.10116]]],[[[15.57588,56.10381],[15.61713,56.14091],[15.65088,56.12236],[15.63213,56.09055],[15.57588,56.10381]]]]}},{"type":"Feature","properties":{"territory_id":"SE-02","country_code":"SE","country_name":"Sweden","display_name":"Central Sweden and Stockholm","strategic_centre":"Stockholm","centre":[18.0686,59.3294],"boundary_status":"administrative-comparison-draft","admin_source":"NUTS 2024 level 3","source_region_count":11,"label_anchor":[18.0686,59.3294],"label_anchor_adjusted":false},"geometry":{"type":"MultiPolygon","coordinates":[[[[11.69818,59.58608],[11.72069,59.62053],[11.91945,59.70534],[11.9082,59.79809],[11.84069,59.84049],[11.9757,59.89614],[12.17821,59.89614],[12.33572,59.9677],[12.49322,60.09225],[12.53448,60.18766],[12.50448,60.31752],[12.59823,60.40497],[12.60198,60.51098],[12.39572,60.74154],[12.32447,60.89524],[12.23446,61.0092],[12.66948,61.0569],[12.70324,61.12846],[12.82324,61.24241],[12.85699,61.36432],[12.57948,61.55778],[12.41822,61.56838],[12.14446,61.73004],[12.29821,62.26801],[12.60573,62.21501],[12.80074,62.21766],[12.89824,62.14611],[12.9545,62.12756],[13.007,62.0719],[13.15326,62.0295],[13.28451,62.0401],[13.32952,61.98445],[13.24326,61.9235],[13.38577,61.82809],[13.56203,61.65318],[14.21456,61.61608],[14.39082,61.57103],[14.44707,61.59488],[14.49582,61.64523],[14.54083,61.78569],[14.65708,61.87579],[14.76584,61.83074],[14.79584,61.86784],[14.89709,61.82279],[14.9496,61.87314],[15.08835,61.83869],[15.12211,62.00035],[15.41087,62.13021],[15.40712,62.17526],[15.32837,62.27331],[15.53088,62.33957],[16.20591,62.23621],[16.51343,62.23356],[16.92595,62.17261],[17.48847,62.13816],[17.34972,61.88109],[17.39847,61.75389],[17.48097,61.66908],[17.38347,61.61343],[17.32722,61.66908],[17.23721,61.68763],[17.16221,61.53128],[17.16596,61.44117],[17.12846,61.40142],[17.20721,61.29806],[17.16971,61.17616],[17.20346,61.00655],[17.13221,60.90055],[17.21096,60.9032],[17.27096,60.85284],[17.31222,60.77069],[17.27846,60.69648],[17.36847,60.65408],[17.63098,60.63553],[17.60473,60.57723],[17.71349,60.51893],[17.78474,60.56663],[17.9685,60.61168],[18.006,60.57988],[18.0135,60.51098],[18.27601,60.35197],[18.39227,60.34667],[18.41477,60.35992],[18.37727,60.49242],[18.39977,60.51098],[18.49352,60.38377],[18.56853,60.34402],[18.55353,60.28571],[18.60228,60.21416],[18.51228,60.14791],[18.78229,60.12406],[18.95855,59.9147],[18.9398,59.85109],[19.0148,59.83784],[18.9773,59.72654],[18.76729,59.64438],[18.59853,59.50128],[18.34352,59.41382],[18.39977,59.38202],[18.62853,59.39792],[18.68853,59.33962],[18.66603,59.28661],[18.55728,59.24686],[18.38102,59.25481],[18.33602,59.14351],[18.18601,59.064],[18.15976,59.0004],[18.11101,58.99245],[18.08475,59.02955],[17.9085,58.88909],[17.82224,58.90765],[17.71724,58.9792],[17.57098,58.95005],[17.58223,58.89969],[17.49597,58.83344],[17.47347,58.76454],[17.41347,58.78574],[17.21846,58.72479],[17.11721,58.73804],[17.10971,58.67178],[17.00845,58.63733],[16.74969,58.62673],[16.84344,58.50748],[16.74219,58.42267],[16.80969,58.34847],[16.82094,58.14706],[16.75344,58.05695],[16.66718,57.996],[16.77969,57.9854],[16.80219,57.9536],[16.78719,57.87939],[16.71219,57.83964],[16.67843,57.76544],[16.69718,57.67533],[16.59218,57.58258],[16.67093,57.50838],[16.68593,57.43947],[16.49842,57.27516],[16.47967,57.18506],[16.54343,57.0605],[16.45342,56.9651],[16.36342,56.68683],[16.24341,56.60733],[16.0484,56.32112],[15.86089,56.32112],[15.57213,56.49602],[15.36212,56.48277],[15.35462,56.53048],[15.40712,56.68948],[15.38837,56.77164],[15.52713,56.81404],[15.55713,56.9174],[15.77464,56.9174],[15.83089,56.95715],[15.80839,57.00485],[15.51588,57.20096],[15.46712,57.27781],[15.51213,57.32817],[15.50463,57.43947],[15.53838,57.46067],[15.59463,57.44742],[15.63963,57.50838],[15.60588,57.55873],[15.61338,57.61438],[15.42212,57.70449],[15.12211,57.72834],[14.99835,57.9165],[15.0171,57.97745],[15.0696,58.0066],[14.9796,58.14176],[14.90835,58.13646],[14.85584,58.08875],[14.59708,58.09935],[14.47707,58.13116],[14.41707,58.18681],[14.77709,58.64528],[14.67583,58.73539],[14.57458,58.68503],[14.48457,58.71949],[14.46207,58.77514],[14.37582,58.83874],[14.37957,58.88114],[14.30082,58.9368],[14.29706,59.01365],[14.15831,59.05075],[14.0083,59.02955],[13.59578,59.05605],[13.41202,58.93945],[13.34827,58.82284],[13.38952,58.74334],[13.25451,58.73009],[13.0295,58.78309],[12.89449,58.82814],[12.72574,59.14881],[12.65073,59.17531],[12.57948,59.11966],[12.53448,59.12231],[12.20446,59.24951],[12.10696,59.24951],[12.06945,59.19386],[11.95695,59.23891],[11.82569,59.23891],[11.80694,59.35022],[11.69818,59.58608]]],[[[16.37842,56.53843],[16.58468,56.82199],[16.73844,56.92535],[16.89969,57.13736],[16.9972,57.32022],[17.06845,57.35997],[17.13596,57.34407],[17.13971,57.32022],[17.0797,57.28046],[17.06095,57.18506],[16.90345,56.9757],[16.85469,56.84849],[16.76844,56.76104],[16.53968,56.32642],[16.41592,56.20716],[16.37842,56.53843]]],[[[16.41217,56.76899],[16.45717,56.80609],[16.49092,56.79284],[16.46842,56.75839],[16.41217,56.76899]]],[[[16.50968,57.17711],[16.54718,57.18771],[16.58093,57.16651],[16.53218,57.13471],[16.50968,57.17711]]],[[[16.66343,57.58523],[16.70844,57.62763],[16.73094,57.63028],[16.71219,57.58523],[16.66343,57.58523]]],[[[16.70844,57.54283],[16.75344,57.55343],[16.78344,57.52163],[16.74594,57.50308],[16.70844,57.54283]]],[[[16.88094,58.17886],[16.9147,58.20801],[16.96345,58.19476],[16.9372,58.16296],[16.88094,58.17886]]],[[[16.91095,58.40412],[16.9597,58.43062],[17.00095,58.41737],[16.96345,58.38027],[16.91095,58.40412]]],[[[16.93345,58.21596],[16.94845,58.26896],[16.98595,58.26631],[16.9897,58.23451],[16.93345,58.21596]]],[[[17.24096,61.54983],[17.26346,61.58958],[17.31597,61.56573],[17.28971,61.53923],[17.24096,61.54983]]],[[[17.28596,61.16821],[17.32722,61.18411],[17.34972,61.17616],[17.32347,61.12846],[17.28596,61.16821]]],[[[17.33847,61.54718],[17.39097,61.57103],[17.42847,61.54983],[17.38722,61.52598],[17.33847,61.54718]]],[[[17.69098,58.92885],[17.74724,58.91295],[17.72849,58.86259],[17.70974,58.87319],[17.69098,58.92885]]],[[[18.081,58.90765],[18.13351,58.905],[18.14476,58.86524],[18.10351,58.86259],[18.081,58.90765]]],[[[18.10726,57.26191],[18.15601,57.37587],[18.14101,57.53753],[18.50103,57.82374],[18.69603,57.90325],[18.80854,57.87409],[18.90605,57.9165],[19.03355,57.92445],[19.14606,57.9801],[19.23231,57.9642],[19.14231,57.88204],[19.0598,57.86084],[18.9773,57.76279],[18.81604,57.69123],[18.78604,57.51898],[18.86854,57.39972],[18.72604,57.32552],[18.64353,57.22481],[18.42227,57.13206],[18.30602,56.9651],[18.18601,56.94125],[18.23851,57.05785],[18.10726,57.26191]]],[[[18.16351,58.9421],[18.24601,58.9633],[18.30227,58.9262],[18.26101,58.905],[18.16351,58.9421]]],[[[18.35102,59.05075],[18.43352,59.12496],[18.47852,59.10111],[18.44477,59.04545],[18.36602,59.0216],[18.35102,59.05075]]],[[[18.45602,59.18061],[18.48977,59.21506],[18.52728,59.17001],[18.47852,59.15941],[18.45602,59.18061]]],[[[18.49352,59.02425],[18.51228,59.064],[18.55353,59.06665],[18.54228,59.01895],[18.49352,59.02425]]],[[[18.57603,59.09315],[18.62853,59.11171],[18.65103,59.0693],[18.62103,59.0587],[18.57603,59.09315]]],[[[18.60228,59.15941],[18.62853,59.19386],[18.66469,59.18818],[18.69603,59.21771],[18.72604,59.20446],[18.68853,59.17531],[18.66389,59.18477],[18.65478,59.14616],[18.60228,59.15941]]],[[[18.60978,60.28306],[18.65103,60.29896],[18.69228,60.25921],[18.65478,60.24861],[18.60978,60.28306]]],[[[18.81604,59.38202],[18.85354,59.43237],[18.88729,59.44827],[18.94355,59.40322],[18.92855,59.38732],[18.81604,59.38202]]],[[[18.83104,59.59933],[18.9023,59.64173],[18.9548,59.62848],[18.9098,59.58343],[18.83104,59.59933]]],[[[18.84979,59.32107],[18.87979,59.36347],[18.92105,59.35817],[18.89854,59.31577],[18.84979,59.32107]]],[[[18.95855,59.38732],[19.0073,59.40852],[19.04105,59.37142],[18.98855,59.36347],[18.95855,59.38732]]],[[[19.08605,59.83784],[19.12356,59.86699],[19.15731,59.85109],[19.12731,59.79809],[19.08605,59.83784]]],[[[19.0973,59.36347],[19.17606,59.37937],[19.17231,59.35552],[19.14606,59.33962],[19.0973,59.36347]]],[[[19.13106,59.77424],[19.17981,59.79809],[19.21356,59.78749],[19.17981,59.74774],[19.13106,59.77424]]],[[[19.17606,58.36967],[19.26606,58.39352],[19.32232,58.35907],[19.25481,58.33257],[19.17606,58.36967]]],[[[19.31107,59.41117],[19.33732,59.45357],[19.38607,59.42442],[19.37107,59.40587],[19.31107,59.41117]]]]}},{"type":"Feature","properties":{"territory_id":"SE-03","country_code":"SE","country_name":"Sweden","display_name":"Northern Sweden","strategic_centre":"Lulea","centre":[22.1539,65.5844],"boundary_status":"administrative-comparison-draft","admin_source":"NUTS 2024 level 3","source_region_count":4,"label_anchor":[22.1539,65.5844],"label_anchor_adjusted":false},"geometry":{"type":"MultiPolygon","coordinates":[[[[11.99445,63.26711],[12.19696,63.48177],[12.18196,63.60633],[12.68448,63.9694],[12.92075,64.0542],[13.11576,64.0807],[13.9933,64.0383],[14.14331,64.19731],[14.10956,64.42522],[13.69328,64.60013],[14.32707,65.11956],[14.38332,65.24411],[14.50333,65.31832],[14.50708,65.56213],[14.54083,65.69463],[14.61583,65.81389],[14.52958,66.12661],[15.05085,66.15841],[15.45962,66.27766],[15.45212,66.34392],[15.41087,66.42872],[15.39962,66.49232],[15.62838,66.60098],[15.9884,66.87129],[16.38967,67.07005],[16.39342,67.20786],[16.11591,67.41987],[16.10841,67.45697],[16.16841,67.51793],[16.41967,67.54443],[16.55093,67.64248],[16.75719,67.9181],[17.16971,68.04795],[17.28221,68.11421],[17.90475,67.97905],[18.14101,68.19636],[18.10726,68.42427],[18.12601,68.53558],[18.40352,68.57268],[18.62853,68.51438],[19.02605,68.50908],[19.9411,68.37922],[20.12111,68.46402],[20.02735,68.57003],[20.19611,68.67338],[20.30862,68.80324],[20.28986,68.90925],[20.19986,69.02585],[20.54863,69.0603],[20.77364,69.0285],[20.89739,68.9702],[20.85989,68.93045],[20.90115,68.9013],[21.0174,68.88804],[21.29866,68.76879],[21.38117,68.76084],[21.43742,68.69458],[21.62868,68.66013],[21.72244,68.59653],[21.90245,68.57798],[22.0412,68.48522],[22.32622,68.47992],[22.35622,68.45342],[22.42372,68.46137],[22.82124,68.38717],[23.0575,68.29971],[23.14001,68.23346],[23.15876,68.14336],[23.29376,68.14866],[23.39502,68.0506],[23.64628,67.95785],[23.63503,67.9181],[23.48877,67.84654],[23.48502,67.69283],[23.54878,67.60538],[23.41377,67.48347],[23.48502,67.45167],[23.75129,67.43047],[23.75879,67.32447],[23.71754,67.28736],[23.57878,67.26086],[23.56378,67.16811],[23.84879,66.95345],[23.98755,66.81299],[23.89004,66.75734],[23.85629,66.56653],[23.64253,66.42872],[23.68003,66.38897],[23.65003,66.31212],[23.68003,66.24851],[23.74004,66.19551],[23.92005,66.15046],[23.95005,66.0736],[24.11131,65.92255],[24.15631,65.81654],[23.92005,65.77944],[23.70254,65.81919],[23.47752,65.80859],[23.39127,65.77679],[23.26376,65.80064],[23.22251,65.73704],[23.12876,65.72379],[22.74249,65.85894],[22.65248,65.77944],[22.40122,65.84304],[22.32997,65.75824],[22.35247,65.56743],[22.26996,65.55948],[22.23621,65.51973],[22.16496,65.53828],[22.02995,65.50118],[21.95495,65.42697],[21.81619,65.37927],[21.62493,65.38722],[21.65868,65.29181],[21.56493,65.21231],[21.56493,65.08775],[21.51243,65.0745],[21.49742,65.0374],[21.45242,65.0586],[21.42242,65.0162],[21.26491,64.942],[21.22366,64.87574],[21.0999,64.81744],[21.12616,64.78299],[21.23116,64.75384],[21.22366,64.65843],[21.25366,64.62398],[21.45617,64.56568],[21.47867,64.53918],[21.45242,64.50473],[21.57993,64.44642],[21.42992,64.35367],[21.0399,64.18141],[20.9724,64.12841],[20.86739,63.9694],[20.68738,63.82099],[20.57488,63.76534],[20.49237,63.79184],[20.39112,63.70439],[20.33487,63.71499],[20.24486,63.66198],[20.0086,63.64608],[19.79109,63.54538],[19.70859,63.45262],[19.49482,63.54803],[19.45357,63.44467],[19.28481,63.46852],[19.20606,63.33867],[19.07105,63.23796],[18.9848,63.22206],[18.84979,63.24061],[18.71854,63.17966],[18.68478,63.12666],[18.58728,63.13461],[18.51978,63.0657],[18.41477,63.02595],[18.44102,62.9491],[18.42227,62.89609],[18.23476,62.84839],[17.96475,62.58073],[17.74724,62.48532],[17.68348,62.42702],[17.54098,62.43762],[17.50723,62.39257],[17.43222,62.37137],[17.43222,62.33427],[17.52223,62.25741],[17.48847,62.13816],[16.92595,62.17261],[16.51343,62.23356],[16.20591,62.23621],[15.53088,62.33957],[15.32837,62.27331],[15.40712,62.17526],[15.41087,62.13021],[15.12211,62.00035],[15.08835,61.83869],[14.9496,61.87314],[14.89709,61.82279],[14.79584,61.86784],[14.76584,61.83074],[14.65708,61.87579],[14.54083,61.78569],[14.49582,61.64523],[14.44707,61.59488],[14.39082,61.57103],[14.21456,61.61608],[13.56203,61.65318],[13.38577,61.82809],[13.24326,61.9235],[13.32952,61.98445],[13.28451,62.0401],[13.15326,62.0295],[13.007,62.0719],[12.9545,62.12756],[12.89824,62.14611],[12.80074,62.21766],[12.60573,62.21501],[12.29821,62.26801],[12.0732,62.60988],[12.12571,62.75034],[12.09195,62.89609],[12.19321,63.01535],[11.99445,63.26711]]],[[[17.52598,62.23356],[17.57098,62.24946],[17.60848,62.22031],[17.57098,62.20176],[17.52598,62.23356]]],[[[17.66848,62.20971],[17.69848,62.23091],[17.75099,62.21766],[17.69848,62.18056],[17.66848,62.20971]]],[[[18.58728,63.0816],[18.60978,63.08955],[18.68853,63.06305],[18.64353,62.9862],[18.62103,62.9915],[18.58728,63.0816]]],[[[20.73614,63.59838],[20.75489,63.62488],[20.78114,63.63018],[20.80739,63.59043],[20.75489,63.58513],[20.73614,63.59838]]],[[[20.79239,63.68053],[20.84489,63.67258],[20.85239,63.63283],[20.81114,63.63283],[20.79239,63.68053]]],[[[20.82239,63.78654],[20.88614,63.81569],[20.9349,63.79449],[20.93115,63.72559],[20.88989,63.68053],[20.82239,63.78654]]],[[[21.65493,65.22026],[21.68493,65.25206],[21.73744,65.20701],[21.69993,65.19906],[21.65493,65.22026]]],[[[21.73369,65.26266],[21.80119,65.27591],[21.83494,65.21761],[21.78244,65.22026],[21.73369,65.26266]]],[[[21.94745,65.39252],[21.99995,65.40842],[22.0337,65.37397],[21.9962,65.36072],[21.94745,65.39252]]],[[[22.12371,65.45347],[22.17996,65.47997],[22.21746,65.43757],[22.17246,65.42432],[22.12371,65.45347]]],[[[22.26996,65.42432],[22.28496,65.46937],[22.31122,65.48262],[22.32247,65.42962],[22.26996,65.42432]]],[[[22.27371,65.51708],[22.31122,65.54093],[22.34497,65.51443],[22.31872,65.48262],[22.27371,65.51708]]],[[[22.34122,65.45612],[22.37872,65.47467],[22.41622,65.45347],[22.36372,65.42167],[22.34122,65.45612]]],[[[22.47997,65.50118],[22.55123,65.55418],[22.55498,65.60718],[22.63748,65.59658],[22.55498,65.47732],[22.47997,65.50118]]],[[[22.59623,65.65488],[22.61873,65.70259],[22.65623,65.67343],[22.64123,65.64163],[22.59623,65.65488]]],[[[22.62998,65.55153],[22.67123,65.58068],[22.70124,65.56213],[22.67873,65.52768],[22.62998,65.55153]]],[[[22.71624,65.76884],[22.78374,65.75559],[22.80249,65.71584],[22.74624,65.71319],[22.71624,65.76884]]],[[[22.74624,65.56478],[22.79499,65.58333],[22.83249,65.54888],[22.78749,65.53828],[22.74624,65.56478]]],[[[22.86999,65.72114],[22.89999,65.74499],[22.94125,65.73969],[22.9675,65.68138],[22.89249,65.69993],[22.86999,65.72114]]],[[[23.46252,65.71849],[23.48877,65.76089],[23.52253,65.73704],[23.53003,65.70259],[23.46252,65.71849]]],[[[23.66503,65.72379],[23.73254,65.75029],[23.78504,65.72644],[23.73254,65.69728],[23.66503,65.72379]]],[[[23.69878,65.57803],[23.74004,65.60453],[23.76254,65.58863],[23.76254,65.56478],[23.74754,65.54888],[23.69878,65.57803]]]]}},{"type":"Feature","properties":{"territory_id":"SI-01","country_code":"SI","country_name":"Slovenia","display_name":"Slovenia","strategic_centre":"Ljubljana","centre":[14.5061,46.0514],"boundary_status":"administrative-comparison-draft","admin_source":"NUTS 2024 level 3","source_region_count":12,"label_anchor":[14.5061,46.0514],"label_anchor_adjusted":false},"geometry":{"type":"Polygon","coordinates":[[[13.40452,46.30097],[13.45327,46.35662],[13.59953,46.43082],[13.68578,46.43877],[13.71579,46.52358],[13.9108,46.51828],[14.0083,46.48117],[14.0983,46.47852],[14.15456,46.43612],[14.43582,46.44407],[14.44332,46.42287],[14.52208,46.41757],[14.56333,46.37252],[14.59708,46.42817],[14.67583,46.44937],[14.72834,46.49707],[14.81834,46.51033],[14.82584,46.54743],[14.88584,46.61103],[14.92335,46.60838],[15.06585,46.65343],[15.24211,46.64018],[15.40337,46.65343],[15.51963,46.62163],[15.54213,46.62958],[15.56463,46.67463],[15.86089,46.71969],[16.03715,46.65608],[16.0409,46.69053],[15.9959,46.73559],[15.9959,46.83629],[16.05965,46.83894],[16.11216,46.86809],[16.13466,46.85484],[16.29591,46.86544],[16.34467,46.83629],[16.31092,46.77799],[16.37092,46.72234],[16.36717,46.70379],[16.42342,46.69053],[16.38967,46.63753],[16.59593,46.47587],[16.34467,46.54213],[16.24341,46.48912],[16.30342,46.37782],[16.05965,46.39372],[16.0709,46.34867],[15.9734,46.30627],[15.78964,46.25856],[15.76714,46.21351],[15.67338,46.22676],[15.60588,46.14196],[15.62838,46.0863],[15.71839,46.0545],[15.69213,45.84249],[15.53838,45.84249],[15.47837,45.82659],[15.46337,45.80009],[15.40337,45.79214],[15.26086,45.72589],[15.29461,45.69938],[15.35837,45.70204],[15.39587,45.65963],[15.30212,45.62518],[15.29836,45.58543],[15.35462,45.48472],[15.22711,45.42642],[15.15211,45.43172],[15.05835,45.49267],[14.96085,45.51123],[14.84084,45.46617],[14.69833,45.53773],[14.69083,45.58013],[14.57083,45.67288],[14.46957,45.53243],[14.34582,45.47942],[14.10956,45.48207],[14.0008,45.51918],[13.97455,45.45822],[13.88079,45.43172],[13.77204,45.46087],[13.67078,45.44497],[13.60328,45.46617],[13.58453,45.47942],[13.61453,45.54038],[13.74204,45.55893],[13.72329,45.59603],[13.82829,45.58543],[13.89954,45.64373],[13.79454,45.73914],[13.59578,45.80804],[13.58453,45.86104],[13.63703,45.9379],[13.62203,45.9856],[13.51328,45.9803],[13.48702,46.00415],[13.49827,46.05185],[13.66328,46.17111],[13.63328,46.19231],[13.42327,46.21881],[13.40452,46.30097]]]}},{"type":"Feature","properties":{"territory_id":"SK-01","country_code":"SK","country_name":"Slovakia","display_name":"Slovakia","strategic_centre":"Bratislava","centre":[17.1097,48.1439],"boundary_status":"administrative-comparison-draft","admin_source":"NUTS 2024 level 3","source_region_count":8,"label_anchor":[17.1097,48.1439],"label_anchor_adjusted":false},"geometry":{"type":"Polygon","coordinates":[[[16.85094,48.43962],[16.94845,48.53503],[16.94095,48.61718],[17.03845,48.75764],[17.18471,48.86629],[17.39847,48.81329],[17.64598,48.85304],[17.78849,48.92195],[17.87849,48.93255],[17.931,49.01735],[18.0735,49.04385],[18.16726,49.26646],[18.39227,49.34597],[18.40352,49.39632],[18.46727,49.40692],[18.57228,49.50498],[18.75229,49.49437],[18.84979,49.51823],[18.95855,49.50498],[18.99605,49.39632],[19.16481,49.41222],[19.25106,49.52088],[19.35232,49.53943],[19.46857,49.61363],[19.64483,49.41222],[19.78734,49.40162],[19.80984,49.27971],[19.76859,49.21611],[19.88484,49.20286],[19.9636,49.22936],[20.07985,49.18696],[20.13611,49.29826],[20.19236,49.33802],[20.31237,49.35657],[20.35362,49.39897],[20.45487,49.41487],[20.56738,49.38307],[20.61613,49.41752],[20.72489,49.41487],[20.82239,49.34597],[20.9424,49.30357],[21.08865,49.37512],[21.0624,49.40957],[21.08115,49.42547],[21.20116,49.40692],[21.28741,49.45462],[21.45992,49.41487],[21.62868,49.43872],[21.77869,49.36717],[21.84619,49.38307],[21.96245,49.33802],[22.0562,49.21611],[22.43122,49.10481],[22.56623,49.0889],[22.53998,49.0147],[22.46497,48.97495],[22.38247,48.86364],[22.33747,48.69138],[22.16496,48.57213],[22.15371,48.40252],[22.11996,48.37867],[21.74494,48.34422],[21.67368,48.39457],[21.60618,48.50323],[21.44867,48.57743],[21.12616,48.50058],[20.83364,48.57743],[20.72114,48.56948],[20.51863,48.53238],[20.31612,48.27531],[20.15111,48.24616],[20.0536,48.16666],[19.9261,48.13751],[19.63358,48.24351],[19.52858,48.19581],[19.47232,48.10306],[19.22856,48.058],[19.0148,48.07655],[18.83854,48.04475],[18.76729,47.9732],[18.76729,47.88309],[18.84979,47.81684],[18.76729,47.81419],[18.62478,47.76119],[17.89349,47.73999],[17.70599,47.75854],[17.45472,47.89104],[17.34597,47.98115],[17.24846,48.01295],[17.16221,48.00765],[17.09095,48.05005],[17.06845,48.11896],[16.9747,48.17196],[16.94845,48.25941],[16.85469,48.35482],[16.85094,48.43962]]]}},{"type":"Feature","properties":{"territory_id":"TR-01","country_code":"TR","country_name":"Turkiye","display_name":"Eastern Thrace and Istanbul","strategic_centre":"Istanbul","centre":[28.955,41.0136],"boundary_status":"administrative-comparison-draft","admin_source":"NUTS 2024 level 3","source_region_count":10,"label_anchor":[28.955,41.0136],"label_anchor_adjusted":false},"geometry":{"type":"MultiPolygon","coordinates":[[[[25.66013,40.13941],[25.76139,40.20301],[25.91515,40.24011],[25.96765,40.22421],[25.9789,40.15266],[26.0164,40.14471],[25.75764,40.09435],[25.66013,40.13941]]],[[[25.9639,39.83994],[26.0614,39.84789],[26.08765,39.79754],[26.04265,39.78959],[25.9639,39.83994]]],[[[26.0314,40.73039],[26.12141,40.75424],[26.33892,40.953],[26.32017,41.10141],[26.34642,41.24451],[26.62018,41.36642],[26.58643,41.59168],[26.35767,41.71094],[26.33517,41.75069],[26.36142,41.80634],[26.52268,41.83019],[26.56393,41.87789],[26.56018,41.9256],[26.62768,41.9733],[26.73644,41.96005],[26.9502,41.9998],[27.05895,42.08725],[27.16771,42.0687],[27.27646,42.09785],[27.55398,41.9203],[27.72274,41.9733],[27.80899,41.95475],[27.84649,41.9998],[28.034,41.9839],[28.05275,41.89644],[27.98525,41.84874],[28.049,41.72154],[28.14651,41.58638],[28.25901,41.50953],[28.69778,41.33727],[29.0653,41.24981],[29.09905,41.21006],[29.0428,41.15706],[28.95655,41.00335],[28.79154,40.96095],[28.64528,40.96625],[28.56278,41.006],[28.24026,41.0696],[28.01525,41.03515],[27.9365,40.9742],[27.73399,41.00865],[27.53523,40.9742],[27.29146,40.69593],[26.72144,40.46272],[26.58643,40.32492],[26.38392,40.20831],[26.36892,40.15001],[26.31642,40.10231],[26.18891,40.0599],[26.26766,40.22421],[26.25266,40.32757],[26.81894,40.59523],[26.80019,40.64293],[26.72519,40.64293],[26.52643,40.60053],[26.12516,40.60848],[26.09515,40.62438],[26.0314,40.73039]]],[[[26.0989,39.55638],[26.15891,39.67033],[26.14766,39.85584],[26.18516,39.97775],[26.32392,40.03075],[26.42517,40.18711],[26.52268,40.22421],[26.73269,40.38587],[27.01395,40.39647],[27.11521,40.44417],[27.26896,40.46272],[27.34772,40.36732],[27.51273,40.30372],[27.75649,40.30902],[27.85399,40.35937],[27.85024,40.38587],[27.79399,40.38587],[27.69273,40.47862],[27.73399,40.52368],[28.00775,40.48657],[28.0115,40.44947],[27.91775,40.37792],[27.96275,40.35672],[28.18026,40.39647],[28.50278,40.39382],[28.64903,40.36467],[28.79154,40.39117],[28.9603,40.35672],[29.05405,40.37262],[29.13656,40.43092],[29.0878,40.47067],[28.90405,40.47597],[28.79904,40.53958],[29.0053,40.64028],[29.34657,40.67473],[29.50783,40.73039],[29.55658,40.68533],[29.83409,40.70919],[29.86034,40.73569],[29.63533,40.77544],[29.41032,40.76484],[29.33532,40.81254],[29.26781,40.83109],[29.0053,41.00865],[29.0503,41.0484],[29.14031,41.20211],[29.23406,41.22331],[29.9166,41.14116],[30.14536,41.14116],[30.27661,41.19946],[30.36662,41.17826],[30.24661,41.0749],[30.23536,40.99805],[30.28036,40.93445],[30.22411,40.81519],[30.25036,40.74099],[30.16411,40.70654],[30.11161,40.61113],[29.96535,40.55018],[30.01035,40.44947],[30.0816,40.43357],[30.18661,40.35407],[30.45287,40.37792],[30.50538,40.31167],[30.58788,40.28516],[30.66288,40.16856],[30.54663,40.12086],[30.46787,40.0228],[30.37787,40.00425],[30.35162,39.95125],[30.29911,39.9433],[30.28786,39.85054],[30.14161,39.85319],[30.0141,39.77369],[29.9916,39.71274],[30.03285,39.66503],[29.77784,39.72069],[29.72909,39.77369],[29.77034,39.82404],[29.75909,39.86909],[29.53033,39.87439],[29.27531,39.74984],[29.19281,39.60143],[28.9978,39.59878],[28.93405,39.51133],[28.9453,39.41592],[28.77279,39.29401],[28.63403,39.27546],[28.63403,39.16946],[28.19901,39.07405],[28.09775,39.12971],[28.0715,39.19596],[27.9515,39.25426],[27.914,39.35232],[27.79774,39.31257],[27.73399,39.35762],[27.63648,39.33377],[27.46772,39.40532],[27.40397,39.37882],[27.11521,39.36292],[26.9202,39.27546],[26.77019,39.16681],[26.70644,39.25161],[26.58643,39.27811],[26.59768,39.36557],[26.62393,39.38677],[26.70269,39.35762],[26.77394,39.37617],[26.91645,39.49012],[26.93145,39.55108],[26.88269,39.57758],[26.65768,39.55108],[26.20766,39.46362],[26.10266,39.47157],[26.0989,39.55638]]],[[[27.48647,40.49717],[27.50898,40.54753],[27.54648,40.51573],[27.51648,40.48392],[27.48647,40.49717]]],[[[27.52398,40.64028],[27.66273,40.66678],[27.74149,40.63233],[27.61023,40.57138],[27.53523,40.58728],[27.52398,40.64028]]],[[[27.56523,40.48127],[27.59898,40.51308],[27.66648,40.49452],[27.61398,40.45212],[27.56523,40.48127]]],[[[28.51778,40.49187],[28.52528,40.58993],[28.54778,40.54223],[28.54778,40.49982],[28.51778,40.49187]]],[[[29.04655,40.88674],[29.13281,40.87349],[29.15906,40.84169],[29.12531,40.83904],[29.04655,40.88674]]]]}},{"type":"Feature","properties":{"territory_id":"UA-01","country_code":"UA","country_name":"Ukraine","display_name":"Western Ukraine","strategic_centre":"Lviv","centre":[24.0322,49.8425],"boundary_status":"administrative-comparison-draft","admin_source":"geoBoundaries ADM1 (release 2025)","source_region_count":8,"label_anchor":[24.0322,49.8425],"label_anchor_adjusted":false},"geometry":{"type":"Polygon","coordinates":[[[22.13706,48.4188],[22.17138,48.58754],[22.25029,48.6474],[22.33961,48.68389],[22.3618,48.7302],[22.3457,48.76615],[22.38765,48.80004],[22.38354,48.86504],[22.42112,48.8846],[22.42492,48.92933],[22.47731,48.99118],[22.5455,49.00677],[22.55324,49.07948],[22.58248,49.09732],[22.68018,49.03938],[22.76549,49.05353],[22.83375,49.02608],[22.84709,49.00239],[22.8919,49.00895],[22.86453,49.06679],[22.89017,49.09709],[22.83151,49.11102],[22.7931,49.13829],[22.7892,49.15773],[22.73913,49.15798],[22.75617,49.18263],[22.719,49.16499],[22.70726,49.17498],[22.74768,49.21562],[22.71489,49.22649],[22.73963,49.24735],[22.74681,49.35989],[22.69669,49.49513],[22.65124,49.50837],[22.64083,49.52999],[22.67469,49.54916],[22.80556,49.6934],[22.84778,49.71008],[22.90159,49.76825],[22.9619,49.8047],[22.97063,49.83851],[22.99546,49.84215],[23.21598,50.04746],[23.27933,50.08629],[23.28008,50.10054],[23.47013,50.21788],[23.58102,50.26599],[23.63885,50.32051],[23.68633,50.33164],[23.70876,50.37926],[23.80336,50.40476],[23.99754,50.41214],[24.07011,50.50339],[24.09866,50.59954],[24.09819,50.63744],[24.08007,50.64488],[24.09106,50.66373],[24.06229,50.67786],[24.07536,50.71338],[24.01669,50.72296],[24.02366,50.75086],[24.01115,50.75448],[24.02371,50.76647],[23.97816,50.76843],[23.95745,50.79453],[23.98962,50.83744],[24.10016,50.83595],[24.1456,50.86931],[24.05235,50.89141],[23.97038,50.9503],[23.95675,50.99076],[23.91508,51.00705],[23.93566,51.0147],[23.9159,51.0284],[23.93152,51.03808],[23.91302,51.04176],[23.91109,51.0746],[23.87593,51.07707],[23.85686,51.09995],[23.84961,51.12397],[23.86984,51.12989],[23.86927,51.15031],[23.73919,51.21197],[23.72663,51.26135],[23.69501,51.29164],[23.64841,51.28742],[23.63577,51.32852],[23.66532,51.36682],[23.68658,51.36862],[23.6769,51.39405],[23.70275,51.40355],[23.69278,51.41452],[23.70293,51.41955],[23.67699,51.42967],[23.68463,51.44523],[23.64944,51.44626],[23.64671,51.4591],[23.67631,51.47101],[23.66982,51.48303],[23.61647,51.50309],[23.67688,51.50659],[23.6363,51.54887],[23.66102,51.58414],[23.63085,51.5922],[23.60589,51.62084],[23.67841,51.65306],[23.78271,51.66753],[23.78842,51.6405],[23.91277,51.63145],[23.88029,51.6084],[23.88244,51.59224],[23.92804,51.59775],[23.99534,51.58047],[24.07613,51.61954],[24.12064,51.66684],[24.26845,51.71622],[24.31969,51.75112],[24.29591,51.80699],[24.33975,51.86408],[24.37223,51.87823],[24.62523,51.90273],[24.74969,51.88106],[24.8102,51.91185],[24.83479,51.91318],[24.8431,51.89601],[24.91453,51.91687],[24.9342,51.89121],[25.0929,51.95117],[25.19141,51.96924],[25.26358,51.96853],[25.34346,51.93272],[25.45828,51.9192],[25.50886,51.92196],[25.5273,51.94044],[25.59294,51.92426],[25.78225,51.92227],[25.77187,51.94845],[25.7838,51.95205],[25.82124,51.94478],[25.82948,51.92499],[25.91612,51.91474],[26.01271,51.93137],[26.09982,51.91128],[26.16334,51.86579],[26.36478,51.86288],[26.39946,51.87583],[26.40143,51.83524],[26.42813,51.83592],[26.47576,51.79945],[26.55026,51.79876],[26.59884,51.82932],[26.69178,51.82337],[26.75514,51.80339],[26.75909,51.77782],[26.79608,51.75876],[26.85059,51.76692],[26.95049,51.73619],[26.99375,51.76855],[27.20738,51.77387],[27.21322,51.6665],[27.27301,51.65442],[27.24036,51.60181],[27.35921,51.61596],[27.42731,51.60587],[27.45792,51.62023],[27.49397,51.61319],[27.48239,51.59903],[27.51062,51.58787],[27.53114,51.60804],[27.51843,51.60684],[27.515,51.63088],[27.54341,51.62246],[27.5556,51.63619],[27.62143,51.6071],[27.6531,51.61757],[27.73464,51.59371],[27.72417,51.5623],[27.68366,51.54109],[27.66965,51.49679],[27.57874,51.47822],[27.58212,51.42967],[27.59856,51.43016],[27.61417,51.40266],[27.58461,51.40117],[27.5311,51.43008],[27.5338,51.45259],[27.50418,51.45148],[27.49479,51.3765],[27.52539,51.36625],[27.5222,51.34186],[27.49036,51.31527],[27.44147,51.31039],[27.46195,51.26446],[27.44758,51.25875],[27.47319,51.23754],[27.39989,51.20087],[27.39854,51.17013],[27.36437,51.14298],[27.36709,51.0982],[27.32443,51.08165],[27.32619,51.04252],[27.21948,51.0302],[27.22616,51.00814],[27.20065,51.00105],[27.23805,50.94523],[27.21588,50.91832],[27.25685,50.89597],[27.23204,50.8392],[27.2337,50.79546],[27.24243,50.77006],[27.27154,50.76129],[27.27582,50.72087],[27.24321,50.6729],[27.20201,50.66268],[27.2135,50.63896],[27.19061,50.62059],[27.22513,50.60597],[27.2151,50.58928],[27.23185,50.56665],[27.19661,50.55239],[27.20655,50.53175],[27.25882,50.51351],[27.267,50.49148],[27.3019,50.49284],[27.24918,50.39274],[27.32078,50.36875],[27.31582,50.33058],[27.36281,50.3325],[27.40338,50.31333],[27.42001,50.29884],[27.39102,50.28959],[27.4449,50.27497],[27.44238,50.26039],[27.48122,50.2567],[27.52139,50.22527],[27.54237,50.24584],[27.59648,50.25853],[27.59304,50.21541],[27.62128,50.1977],[27.62136,50.16964],[27.66368,50.19314],[27.68052,50.15759],[27.63123,50.14482],[27.62525,50.12356],[27.6384,50.11477],[27.62353,50.11265],[27.61469,50.08612],[27.66675,50.0766],[27.6812,50.03523],[27.65713,50.02614],[27.64217,50.0373],[27.61014,50.00622],[27.5687,50.02003],[27.54625,50.01133],[27.57484,49.94909],[27.54773,49.93478],[27.54541,49.90145],[27.56923,49.91047],[27.59686,49.8902],[27.6252,49.89239],[27.61005,49.87548],[27.6459,49.80776],[27.66361,49.7949],[27.66833,49.80819],[27.72748,49.79976],[27.7033,49.7694],[27.74946,49.75668],[27.781,49.7285],[27.8367,49.72984],[27.81122,49.70216],[27.76228,49.69678],[27.76692,49.66741],[27.81051,49.64359],[27.81138,49.61474],[27.7996,49.62007],[27.75787,49.57554],[27.79464,49.55274],[27.79456,49.53072],[27.77583,49.52004],[27.74325,49.53101],[27.73548,49.49514],[27.79127,49.48794],[27.76386,49.47828],[27.75121,49.43943],[27.85175,49.42703],[27.83352,49.39125],[27.81193,49.38831],[27.8289,49.36787],[27.81143,49.36847],[27.85909,49.33069],[27.86304,49.27848],[27.84945,49.26461],[27.87164,49.25002],[27.85731,49.23693],[27.86793,49.21388],[27.89445,49.20888],[27.89777,49.18642],[27.85454,49.16948],[27.77659,49.18925],[27.77938,49.17106],[27.74035,49.13881],[27.68666,49.14114],[27.63932,49.16754],[27.60106,49.16127],[27.59621,49.13414],[27.57413,49.12085],[27.53501,49.14125],[27.53329,49.12093],[27.50621,49.13185],[27.49244,49.12168],[27.50544,49.11036],[27.47992,49.08868],[27.50382,49.06877],[27.43729,49.06987],[27.38253,49.00791],[27.41713,48.97135],[27.39164,48.93075],[27.39365,48.90039],[27.41504,48.88181],[27.41075,48.81359],[27.42853,48.7964],[27.38847,48.7641],[27.41277,48.74031],[27.39955,48.72864],[27.41491,48.6995],[27.39086,48.68088],[27.37305,48.63063],[27.45175,48.5965],[27.48238,48.53675],[27.47862,48.50685],[27.53323,48.46944],[27.46663,48.44863],[27.44712,48.40969],[27.38079,48.41015],[27.37323,48.44172],[27.33917,48.44797],[27.31972,48.44359],[27.28637,48.37153],[27.23557,48.37283],[27.19226,48.39491],[27.1391,48.37454],[27.08723,48.41322],[27.08488,48.43471],[27.06233,48.4213],[27.01441,48.42511],[27.04472,48.40406],[27.04683,48.37642],[27.00395,48.37994],[26.99519,48.35948],[26.93173,48.36329],[26.89464,48.38346],[26.90202,48.39676],[26.873,48.41943],[26.77496,48.41836],[26.75433,48.39933],[26.72167,48.41072],[26.70924,48.40531],[26.76516,48.35365],[26.82489,48.34427],[26.83129,48.31337],[26.81733,48.29507],[26.76693,48.30235],[26.75784,48.32273],[26.74016,48.31337],[26.69144,48.36336],[26.68008,48.3589],[26.69589,48.32724],[26.61628,48.27423],[26.6302,48.25964],[26.62807,48.24655],[26.61365,48.24948],[26.61965,48.23899],[26.58621,48.24635],[26.57221,48.21912],[26.54977,48.22495],[26.52901,48.20922],[26.47181,48.21942],[26.43673,48.19338],[26.38292,48.18707],[26.37503,48.1984],[26.33346,48.18378],[26.3325,48.15642],[26.29815,48.13373],[26.26835,48.0773],[26.21226,48.05089],[26.18437,47.99466],[26.10034,47.97839],[25.915,47.97752],[25.89204,47.96121],[25.85036,47.96915],[25.77499,47.93945],[25.64347,47.95],[25.31113,47.91429],[25.26976,47.89237],[25.22898,47.89195],[25.22132,47.85883],[25.18002,47.8257],[25.17082,47.79638],[25.13463,47.78245],[25.1133,47.75435],[25.05452,47.74599],[25.0401,47.72529],[24.88592,47.72461],[24.87803,47.75293],[24.82189,47.80649],[24.82773,47.82074],[24.7054,47.83931],[24.66757,47.87172],[24.6728,47.89679],[24.6249,47.95127],[24.59936,47.94763],[24.56983,47.9691],[24.50759,47.95185],[24.43614,47.97038],[24.39403,47.95419],[24.37497,47.92412],[24.34523,47.9145],[24.32494,47.92601],[24.22823,47.89747],[24.19533,47.91687],[24.11254,47.91467],[24.09783,47.93699],[24.00724,47.96777],[23.86428,47.93179],[23.81917,47.98326],[23.75119,47.99835],[23.6649,47.98349],[23.63893,48.00209],[23.56699,48.00289],[23.52973,48.02179],[23.49495,47.9682],[23.33325,48.02107],[23.33736,48.03738],[23.27711,48.05969],[23.29102,48.07188],[23.26764,48.10008],[23.19879,48.09565],[23.17405,48.12012],[23.11403,48.08647],[23.12262,48.07737],[23.10539,48.06492],[23.09063,48.00585],[23.01355,47.99055],[22.92712,48.01916],[22.9201,48.00692],[22.9477,47.96736],[22.89489,47.95463],[22.8929,47.9671],[22.84017,47.9816],[22.88192,48.05395],[22.83645,48.08038],[22.82374,48.11778],[22.80508,48.10617],[22.80279,48.12193],[22.77232,48.12187],[22.77039,48.10902],[22.73472,48.11985],[22.67545,48.092],[22.59028,48.10734],[22.59824,48.14476],[22.56164,48.18161],[22.57114,48.19614],[22.53111,48.20943],[22.50145,48.24921],[22.40064,48.2492],[22.38475,48.23396],[22.33843,48.27921],[22.33729,48.30791],[22.31329,48.32507],[22.31781,48.35454],[22.26757,48.36116],[22.23988,48.38701],[22.26549,48.40987],[22.20739,48.42572],[22.14397,48.40384],[22.13706,48.4188]]]}},{"type":"Feature","properties":{"territory_id":"UA-02","country_code":"UA","country_name":"Ukraine","display_name":"Kyiv and Northern Ukraine","strategic_centre":"Kyiv","centre":[30.5233,50.45],"boundary_status":"administrative-comparison-draft","admin_source":"geoBoundaries ADM1 (release 2025)","source_region_count":7,"label_anchor":[30.5233,50.45],"label_anchor_adjusted":false},"geometry":{"type":"Polygon","coordinates":[[[27.19031,50.62625],[27.2135,50.63896],[27.20562,50.66717],[27.24321,50.6729],[27.27582,50.72087],[27.27154,50.76129],[27.24243,50.77006],[27.2337,50.79546],[27.23204,50.8392],[27.25685,50.89597],[27.21588,50.91832],[27.23835,50.93695],[27.20065,51.00105],[27.22616,51.00814],[27.21948,51.0302],[27.32619,51.04252],[27.32443,51.08165],[27.36709,51.0982],[27.36437,51.14298],[27.39854,51.17013],[27.39989,51.20087],[27.47319,51.23754],[27.44758,51.25875],[27.46195,51.26446],[27.44147,51.31039],[27.49036,51.31527],[27.5222,51.34186],[27.52539,51.36625],[27.49479,51.3765],[27.50418,51.45148],[27.5338,51.45259],[27.5311,51.43008],[27.58461,51.40117],[27.61417,51.40266],[27.59856,51.43016],[27.58212,51.42967],[27.57874,51.47822],[27.66965,51.49679],[27.66881,51.51784],[27.76365,51.47449],[27.80533,51.53107],[27.85429,51.54547],[27.82966,51.57869],[27.84054,51.60827],[27.82249,51.61807],[27.84387,51.63055],[27.91806,51.61723],[27.92639,51.5786],[27.98029,51.5956],[27.94579,51.55818],[28.05101,51.56642],[28.11728,51.58307],[28.17075,51.62324],[28.17375,51.64392],[28.26439,51.68143],[28.27443,51.67199],[28.26027,51.62289],[28.28679,51.62341],[28.34558,51.57809],[28.35949,51.53938],[28.47154,51.59346],[28.66273,51.56813],[28.63578,51.56256],[28.65818,51.56075],[28.64488,51.55509],[28.68779,51.44471],[28.73998,51.46694],[28.738,51.43578],[28.7574,51.41587],[28.78512,51.45329],[28.76667,51.49054],[28.82375,51.55878],[28.90537,51.58882],[28.97017,51.59131],[29.00167,51.57328],[29.1227,51.65817],[29.16707,51.65414],[29.17823,51.65002],[29.16209,51.63036],[29.18887,51.62195],[29.18046,51.61131],[29.20374,51.60023],[29.20888,51.57358],[29.25745,51.56796],[29.26655,51.53105],[29.25101,51.49561],[29.27539,51.45878],[29.30912,51.45423],[29.3262,51.37767],[29.42156,51.4151],[29.49569,51.39677],[29.52327,51.42377],[29.5388,51.48247],[29.58541,51.46393],[29.63365,51.50634],[29.67278,51.50299],[29.71673,51.52994],[29.74042,51.53105],[29.74634,51.50204],[29.73175,51.49243],[29.74428,51.45741],[29.79733,51.44171],[29.79441,51.4581],[29.81346,51.45999],[29.88135,51.44625],[29.88564,51.47844],[29.92659,51.49209],[29.9662,51.4715],[30.01491,51.4902],[30.01812,51.50604],[30.11739,51.48738],[30.12798,51.50606],[30.16395,51.489],[30.18017,51.51252],[30.34887,51.42349],[30.36269,51.37965],[30.32418,51.36051],[30.39756,51.31271],[30.46257,51.30648],[30.45858,51.27525],[30.50424,51.27946],[30.56745,51.2576],[30.61513,51.28489],[30.62249,51.30468],[30.5936,51.31184],[30.65156,51.33542],[30.63469,51.36105],[30.6557,51.37618],[30.62152,51.42888],[30.59135,51.42493],[30.5794,51.44656],[30.62323,51.46484],[30.59316,51.47677],[30.56831,51.51315],[30.58669,51.54268],[30.57344,51.55238],[30.5474,51.54103],[30.52811,51.57019],[30.55397,51.57899],[30.50699,51.60104],[30.55726,51.62278],[30.54876,51.64294],[30.57969,51.64604],[30.56057,51.70255],[30.62672,51.71363],[30.65127,51.7604],[30.61317,51.76717],[30.67061,51.79069],[30.66109,51.81758],[30.69056,51.8252],[30.70865,51.86817],[30.74983,51.90344],[30.80258,51.89906],[30.82516,51.92255],[30.80665,51.948],[30.85895,51.97211],[30.89001,51.96938],[30.88559,51.98507],[30.91117,51.98861],[30.89478,52.00227],[30.9393,52.01297],[30.9334,52.04015],[30.94855,52.05531],[30.93215,52.07154],[30.95211,52.0752],[30.94933,52.08948],[30.99165,52.0776],[31.13984,52.1031],[31.15751,52.08059],[31.21575,52.07106],[31.21855,52.05108],[31.253,52.04223],[31.29752,52.05162],[31.32777,52.10526],[31.42983,52.14334],[31.48135,52.11717],[31.65925,52.11768],[31.72139,52.09674],[31.777,52.11282],[31.81118,52.09837],[31.86779,52.11018],[31.96099,52.07472],[31.91657,52.04221],[31.97207,52.05195],[32.09632,52.03363],[32.13396,52.0434],[32.14729,52.06924],[32.19952,52.06612],[32.22462,52.08719],[32.29066,52.10304],[32.32027,52.1362],[32.3679,52.1465],[32.3239,52.15154],[32.34687,52.18247],[32.32454,52.22341],[32.3467,52.24413],[32.4015,52.24604],[32.38294,52.26975],[32.39486,52.27819],[32.3703,52.27495],[32.35189,52.31622],[32.37683,52.33731],[32.48968,52.31438],[32.50171,52.3273],[32.55003,52.32687],[32.57722,52.30019],[32.6079,52.30468],[32.70059,52.2479],[32.75659,52.2668],[32.76285,52.25549],[32.81705,52.25894],[32.83302,52.27829],[32.8844,52.27337],[32.88756,52.2451],[32.99574,52.27186],[32.99703,52.28807],[33.04482,52.30706],[33.05992,52.32955],[33.07378,52.32411],[33.06699,52.30259],[33.13396,52.34501],[33.16956,52.34085],[33.1699,52.37283],[33.18866,52.37915],[33.30638,52.35014],[33.39554,52.37009],[33.42864,52.34548],[33.40092,52.31345],[33.38735,52.31616],[33.40108,52.30019],[33.38697,52.29662],[33.38073,52.26451],[33.35805,52.25838],[33.3664,52.23315],[33.31488,52.21527],[33.33159,52.20145],[33.31094,52.18452],[33.33699,52.16217],[33.32269,52.13573],[33.34437,52.14503],[33.41677,52.12288],[33.44495,52.09742],[33.4384,52.08786],[33.49974,52.08923],[33.50004,52.03832],[33.42872,52.02573],[33.40206,52.05143],[33.31722,52.0319],[33.3045,52.01277],[33.34892,51.99882],[33.39424,51.95453],[33.37138,51.95295],[33.35254,51.93014],[33.25214,51.92627],[33.22087,51.90497],[33.18768,51.91248],[33.17165,51.90172],[33.17992,51.88594],[33.12348,51.86352],[33.14682,51.81617],[33.07936,51.77325],[33.17048,51.69967],[33.1439,51.69108],[33.16602,51.68063],[33.14107,51.67832],[33.12612,51.64485],[33.15438,51.64195],[33.15456,51.60732],[33.22195,51.5801],[33.15854,51.56937],[33.1932,51.51371],[33.13631,51.4942],[33.11299,51.42836],[33.13466,51.41668],[33.11862,51.40402],[33.13537,51.39961],[33.13296,51.38224],[33.0924,51.39001],[33.11039,51.38048],[33.1066,51.36559],[33.06216,51.37053],[33.03862,51.39099],[33.05655,51.4043],[33.04576,51.41043],[33.01695,51.39605],[33.04198,51.34329],[33.07815,51.34021],[33.07683,51.31266],[33.04105,51.29161],[33.07618,51.29041],[33.05846,51.26586],[33.07233,51.25631],[33.02967,51.22699],[33.04192,51.20516],[32.97776,51.18822],[32.96046,51.16283],[32.99337,51.14381],[32.94372,51.09082],[33.06852,51.06891],[33.05967,51.04892],[33.08289,51.03732],[33.03762,50.99382],[33.07842,50.98158],[33.11714,51.00699],[33.13646,50.96335],[33.20033,50.96241],[33.20797,50.89354],[33.16977,50.88487],[33.18008,50.86657],[33.16918,50.85106],[33.18562,50.84918],[33.15507,50.82841],[33.16852,50.79987],[33.15488,50.79249],[33.18974,50.74579],[33.23867,50.73153],[33.1363,50.71061],[33.15121,50.69364],[33.14677,50.65456],[33.11731,50.64653],[33.10318,50.60225],[33.12271,50.59489],[33.10268,50.59288],[33.04983,50.54043],[33.06618,50.51985],[33.02316,50.50234],[33.01622,50.47147],[32.97159,50.47514],[32.96897,50.4488],[32.91298,50.42433],[32.91747,50.40913],[32.79044,50.37114],[32.79328,50.34667],[32.67092,50.35839],[32.67209,50.3704],[32.52639,50.34572],[32.48653,50.36865],[32.49346,50.39919],[32.32983,50.42646],[32.31582,50.41695],[32.32604,50.40303],[32.25198,50.37347],[32.26408,50.36208],[32.25493,50.35211],[32.26911,50.35172],[32.14266,50.34881],[32.15178,50.33736],[32.12902,50.31601],[32.13993,50.30466],[32.08677,50.28356],[32.10068,50.27601],[32.09038,50.24666],[32.12553,50.22466],[32.11167,50.21247],[32.17646,50.1646],[32.2984,50.1423],[32.30495,50.11909],[32.24968,50.11382],[32.27598,50.09702],[32.26307,50.07996],[32.31359,50.03881],[32.33268,50.0578],[32.35304,50.04709],[32.34563,50.03564],[32.36428,50.03433],[32.38048,49.98093],[32.42797,49.96035],[32.41429,49.90302],[32.43406,49.88818],[32.37396,49.87394],[32.44915,49.79653],[32.50409,49.80474],[32.51401,49.77429],[32.55598,49.77312],[32.57232,49.75243],[32.57355,49.7025],[32.70811,49.65633],[32.71563,49.61925],[32.69545,49.60226],[32.75735,49.57518],[32.74997,49.52356],[32.67819,49.49832],[32.67368,49.4477],[32.65214,49.43651],[32.68086,49.42613],[32.69203,49.38516],[32.73847,49.37321],[32.73866,49.35217],[32.54341,49.38088],[32.50994,49.40759],[32.46082,49.34726],[32.47944,49.34088],[32.46714,49.32759],[32.5966,49.27591],[32.61031,49.25349],[32.71395,49.25735],[32.76395,49.23286],[32.8155,49.24883],[32.92902,49.22963],[32.98345,49.2401],[32.99534,49.2025],[33.12087,49.17484],[33.15808,49.12963],[33.15589,49.09879],[33.18697,49.09641],[33.19987,49.0736],[33.24491,49.07901],[33.24035,49.16674],[33.3043,49.11834],[33.26204,49.0919],[33.31996,49.06155],[33.32787,49.0248],[33.29755,49.01052],[33.31962,48.94901],[33.35181,48.95294],[33.4012,48.92784],[33.40362,48.95979],[33.47612,48.95203],[33.4743,48.91474],[33.53733,48.93136],[33.5478,48.91262],[33.57516,48.91103],[33.56767,48.91883],[33.58932,48.91685],[33.63719,48.97383],[33.66511,48.97848],[33.6992,48.94533],[33.81494,48.93797],[33.89431,48.90195],[33.84774,48.80259],[33.85095,48.77081],[33.81907,48.77609],[33.81137,48.80282],[33.72525,48.78921],[33.71526,48.81373],[33.6742,48.81482],[33.63812,48.79028],[33.58313,48.79696],[33.5851,48.75477],[33.60756,48.75135],[33.6187,48.72771],[33.68191,48.7231],[33.75034,48.68117],[33.80524,48.68376],[33.80187,48.66278],[33.7563,48.65716],[33.76375,48.62637],[33.74356,48.61504],[33.6604,48.58595],[33.65006,48.59976],[33.60925,48.59947],[33.62321,48.56652],[33.50948,48.56814],[33.47249,48.54492],[33.49711,48.39367],[33.46847,48.38819],[33.46072,48.35301],[33.47819,48.34929],[33.47356,48.329],[33.51754,48.32903],[33.51286,48.27811],[33.52969,48.27574],[33.54599,48.23488],[33.51117,48.21888],[33.50066,48.2319],[33.48475,48.2143],[33.49617,48.20215],[33.43015,48.18873],[33.43061,48.16994],[33.29076,48.14984],[33.31653,48.12446],[33.29339,48.10197],[33.27699,48.1033],[33.27175,48.15368],[33.24724,48.15162],[33.24285,48.17252],[33.21272,48.16988],[33.23215,48.12716],[33.18168,48.1181],[33.1871,48.10414],[33.23543,48.11334],[33.22489,48.09226],[33.14178,48.07649],[33.1537,48.04206],[33.14326,48.06379],[33.10907,48.06561],[33.10918,48.04246],[33.03695,48.03378],[33.01935,47.98491],[33.00448,47.98907],[32.98922,48.04847],[32.87028,48.03194],[32.89411,47.98571],[32.68906,47.98259],[32.69717,47.94669],[32.7371,47.95177],[32.74557,47.93272],[32.65178,47.92149],[32.65586,47.9048],[32.67663,47.90722],[32.68559,47.873],[32.66444,47.87097],[32.67943,47.85176],[32.65758,47.8196],[32.62431,47.81339],[32.36484,47.78887],[32.30376,47.82395],[32.23653,47.81482],[32.2399,47.79386],[32.22252,47.7916],[32.23168,47.76042],[32.16038,47.75104],[32.15469,47.76111],[32.14026,47.74889],[32.05485,47.81732],[31.83817,47.78217],[31.82743,47.81657],[31.86804,47.82212],[31.85327,47.84841],[31.85725,47.86467],[31.8898,47.86564],[31.88371,47.89764],[31.87667,47.91949],[31.85502,47.91615],[31.84394,47.96369],[31.75278,47.94378],[31.72907,48.03558],[31.78307,48.04233],[31.76735,48.10214],[31.69453,48.09335],[31.68429,48.12027],[31.64202,48.11497],[31.63401,48.13484],[31.58247,48.12872],[31.57136,48.09704],[31.54053,48.10779],[31.55099,48.06994],[31.50949,48.06889],[31.49254,48.05029],[31.48809,48.06539],[31.47013,48.06342],[31.47642,48.08319],[31.49853,48.08739],[31.48685,48.12959],[31.39608,48.10815],[31.38175,48.13229],[31.33015,48.11402],[31.32519,48.13831],[31.23655,48.11694],[31.22046,48.17085],[31.18146,48.17919],[31.18433,48.20246],[31.13665,48.22949],[30.98122,48.22218],[30.98939,48.18432],[30.93174,48.18396],[30.93055,48.16632],[30.90046,48.15935],[30.85507,48.16107],[30.84847,48.18437],[30.81927,48.18807],[30.81386,48.16971],[30.7925,48.16798],[30.78543,48.19145],[30.71674,48.19559],[30.64719,48.18521],[30.65646,48.17196],[30.61786,48.15604],[30.55574,48.15576],[30.52701,48.17957],[30.50468,48.1582],[30.49564,48.17035],[30.41365,48.16307],[30.36743,48.17515],[30.31647,48.14128],[30.18607,48.15483],[30.10747,48.14021],[30.05181,48.1502],[30.02344,48.18548],[30.00295,48.18435],[30.01034,48.2085],[29.99004,48.23073],[29.97545,48.21792],[29.93012,48.23393],[29.89207,48.18424],[29.84356,48.21173],[29.65475,48.19518],[29.67583,48.16254],[29.66363,48.10759],[29.60244,48.13292],[29.58775,48.10185],[29.56938,48.09869],[29.44311,48.12185],[29.39486,48.11394],[29.37192,48.09046],[29.31205,48.08616],[29.26778,48.09305],[29.25829,48.11224],[29.22828,48.10319],[29.20416,48.11741],[29.26169,48.13045],[29.25194,48.14936],[29.20936,48.13414],[29.14157,48.14081],[29.15755,48.14807],[29.06457,48.1946],[29.03268,48.12579],[29.0049,48.1506],[28.94522,48.15681],[28.92617,48.09482],[28.87369,48.08293],[28.86915,48.06904],[28.85084,48.07866],[28.85755,48.10286],[28.83349,48.12881],[28.68779,48.12463],[28.68209,48.14679],[28.6475,48.14329],[28.59192,48.17329],[28.57936,48.16663],[28.57735,48.18245],[28.50325,48.15104],[28.52114,48.13826],[28.49277,48.11856],[28.50095,48.06725],[28.49003,48.06586],[28.45383,48.07896],[28.42171,48.12217],[28.43967,48.14421],[28.42837,48.17239],[28.38316,48.1751],[28.35171,48.13657],[28.30663,48.13949],[28.30742,48.16058],[28.36159,48.19194],[28.36885,48.22442],[28.35297,48.24644],[28.20833,48.20476],[28.18612,48.21616],[28.17771,48.25702],[28.14449,48.26262],[28.12879,48.24112],[28.09026,48.23406],[28.07931,48.24614],[28.09343,48.29368],[28.07482,48.31668],[27.95441,48.32814],[27.88814,48.36708],[27.87349,48.40459],[27.78633,48.44659],[27.74846,48.45796],[27.64361,48.44182],[27.59142,48.46129],[27.59857,48.49117],[27.51959,48.47053],[27.47862,48.50685],[27.48238,48.53675],[27.45175,48.5965],[27.37305,48.63063],[27.39086,48.68088],[27.41491,48.6995],[27.39955,48.72864],[27.41277,48.74031],[27.38847,48.7641],[27.42853,48.7964],[27.41075,48.81359],[27.41504,48.88181],[27.39365,48.90039],[27.39164,48.93075],[27.41713,48.97135],[27.38253,49.00791],[27.41599,49.05456],[27.43729,49.06987],[27.50382,49.06877],[27.47992,49.08868],[27.50544,49.11036],[27.49244,49.12168],[27.50621,49.13185],[27.53329,49.12093],[27.53501,49.14125],[27.57413,49.12085],[27.59621,49.13414],[27.60106,49.16127],[27.63932,49.16754],[27.68666,49.14114],[27.74035,49.13881],[27.77938,49.17106],[27.77659,49.18925],[27.85454,49.16948],[27.89777,49.18642],[27.89445,49.20888],[27.86793,49.21388],[27.85731,49.23693],[27.87164,49.25002],[27.84945,49.26461],[27.86304,49.27848],[27.85909,49.33069],[27.81143,49.36847],[27.8289,49.36787],[27.81193,49.38831],[27.83352,49.39125],[27.85175,49.42703],[27.75121,49.43943],[27.76386,49.47828],[27.79127,49.48794],[27.73548,49.49514],[27.74325,49.53101],[27.77583,49.52004],[27.79456,49.53072],[27.79464,49.55274],[27.75787,49.57554],[27.7996,49.62007],[27.81138,49.61474],[27.81051,49.64359],[27.76692,49.66741],[27.76228,49.69678],[27.81122,49.70216],[27.8367,49.72984],[27.781,49.7285],[27.74946,49.75668],[27.7033,49.7694],[27.72748,49.79976],[27.66833,49.80819],[27.66361,49.7949],[27.6459,49.80776],[27.61005,49.87548],[27.6252,49.89239],[27.59686,49.8902],[27.56923,49.91047],[27.54541,49.90145],[27.54773,49.93478],[27.57484,49.94909],[27.54625,50.01133],[27.5687,50.02003],[27.61014,50.00622],[27.64217,50.0373],[27.65713,50.02614],[27.6812,50.03523],[27.66675,50.0766],[27.61469,50.08612],[27.62353,50.11265],[27.6384,50.11477],[27.62525,50.12356],[27.63123,50.14482],[27.68052,50.15759],[27.66368,50.19314],[27.62136,50.16964],[27.62128,50.1977],[27.59304,50.21541],[27.59648,50.25853],[27.54237,50.24584],[27.52139,50.22527],[27.48122,50.2567],[27.44238,50.26039],[27.4449,50.27497],[27.39102,50.28959],[27.42001,50.29884],[27.40338,50.31333],[27.36281,50.3325],[27.31582,50.33058],[27.32078,50.36875],[27.24918,50.39274],[27.3019,50.49284],[27.267,50.49148],[27.25882,50.51351],[27.20655,50.53175],[27.19595,50.56224],[27.23185,50.56665],[27.2151,50.58928],[27.22513,50.60597],[27.19031,50.62625]]]}},{"type":"Feature","properties":{"territory_id":"UA-03","country_code":"UA","country_name":"Ukraine","display_name":"Eastern Ukraine","strategic_centre":"Kharkiv","centre":[36.2311,49.9925],"boundary_status":"administrative-comparison-draft","admin_source":"geoBoundaries ADM1 (release 2025)","source_region_count":7,"label_anchor":[36.2311,49.9925],"label_anchor_adjusted":false},"geometry":{"type":"Polygon","coordinates":[[[32.08677,50.28356],[32.13993,50.30466],[32.12902,50.31601],[32.15178,50.33736],[32.14266,50.34881],[32.26911,50.35172],[32.25493,50.35211],[32.26408,50.36208],[32.25198,50.37347],[32.29058,50.37969],[32.339,50.42762],[32.3977,50.40655],[32.49346,50.39919],[32.48653,50.36865],[32.52639,50.34572],[32.67209,50.3704],[32.67092,50.35839],[32.79328,50.34667],[32.79044,50.37114],[32.91747,50.40913],[32.91298,50.42433],[32.96897,50.4488],[32.97159,50.47514],[33.01622,50.47147],[33.02316,50.50234],[33.06618,50.51985],[33.04983,50.54043],[33.10268,50.59288],[33.12271,50.59489],[33.10318,50.60225],[33.11731,50.64653],[33.14677,50.65456],[33.15121,50.69364],[33.1363,50.71061],[33.23867,50.73153],[33.18974,50.74579],[33.15488,50.79249],[33.16852,50.79987],[33.15507,50.82841],[33.18562,50.84918],[33.16918,50.85106],[33.18008,50.86657],[33.16977,50.88487],[33.20797,50.89354],[33.20033,50.96241],[33.13646,50.96335],[33.11714,51.00699],[33.07842,50.98158],[33.03762,50.99382],[33.08289,51.03732],[33.05967,51.04892],[33.06852,51.06891],[32.94372,51.09082],[32.99337,51.14381],[32.96046,51.16283],[32.97776,51.18822],[33.04192,51.20516],[33.02967,51.22699],[33.07233,51.25631],[33.05846,51.26586],[33.07618,51.29041],[33.04105,51.29161],[33.07683,51.31266],[33.07815,51.34021],[33.04198,51.34329],[33.01695,51.39605],[33.04576,51.41043],[33.05655,51.4043],[33.03862,51.39099],[33.06216,51.37053],[33.1066,51.36559],[33.11039,51.38048],[33.0924,51.39001],[33.13296,51.38224],[33.13537,51.39961],[33.11862,51.40402],[33.13466,51.41668],[33.11299,51.42836],[33.13631,51.4942],[33.1932,51.51371],[33.15854,51.56937],[33.22195,51.5801],[33.15456,51.60732],[33.15438,51.64195],[33.12612,51.64485],[33.14107,51.67832],[33.16602,51.68063],[33.1439,51.69108],[33.17048,51.69967],[33.07854,51.7758],[33.14682,51.81617],[33.12348,51.86352],[33.17992,51.88594],[33.17165,51.90172],[33.18768,51.91248],[33.22087,51.90497],[33.25214,51.92627],[33.35254,51.93014],[33.37138,51.95295],[33.39424,51.95453],[33.34892,51.99882],[33.3045,52.01277],[33.31722,52.0319],[33.40206,52.05143],[33.42872,52.02573],[33.50004,52.03832],[33.49974,52.08923],[33.4384,52.08786],[33.44495,52.09742],[33.41677,52.12288],[33.34437,52.14503],[33.32269,52.13573],[33.33699,52.16217],[33.31094,52.18452],[33.33159,52.20145],[33.31488,52.21527],[33.3664,52.23315],[33.35805,52.25838],[33.38073,52.26451],[33.38697,52.29662],[33.40108,52.30019],[33.38735,52.31616],[33.40092,52.31345],[33.42864,52.34548],[33.44663,52.34188],[33.43896,52.35277],[33.45452,52.36497],[33.51864,52.35468],[33.48247,52.31364],[33.56051,52.30193],[33.5439,52.32362],[33.58175,52.31088],[33.60535,52.33348],[33.68233,52.35718],[33.82333,52.36417],[33.8553,52.33287],[33.83933,52.32005],[33.92209,52.30455],[33.94439,52.28294],[33.93684,52.24979],[34.00082,52.22703],[33.99884,52.21099],[34.01634,52.2019],[34.05283,52.20139],[34.05931,52.1666],[34.11628,52.14108],[34.08717,52.10885],[34.09401,52.08517],[34.06265,52.07306],[34.10118,52.04084],[34.09692,52.00426],[34.13972,51.99972],[34.12926,51.98465],[34.14293,51.96798],[34.18959,51.96894],[34.21912,51.92039],[34.26149,51.90928],[34.24561,51.88164],[34.30286,51.88717],[34.41537,51.8253],[34.4092,51.78234],[34.44035,51.74368],[34.42139,51.72205],[34.30945,51.72023],[34.29021,51.70495],[34.1277,51.68912],[34.08077,51.6657],[34.10538,51.66677],[34.13023,51.64301],[34.16726,51.64566],[34.18233,51.59676],[34.211,51.60038],[34.21629,51.57434],[34.23745,51.58481],[34.25987,51.53328],[34.30841,51.5192],[34.28961,51.5096],[34.29599,51.48183],[34.24473,51.45646],[34.25528,51.4397],[34.22078,51.41715],[34.22809,51.39961],[34.2925,51.38804],[34.28541,51.37468],[34.3057,51.37907],[34.33855,51.35553],[34.3168,51.33095],[34.28123,51.33475],[34.28247,51.31087],[34.23766,51.29233],[34.25516,51.28192],[34.23079,51.26541],[34.3068,51.23818],[34.38367,51.27401],[34.4883,51.24406],[34.54082,51.25245],[34.58023,51.23347],[34.60384,51.25462],[34.66165,51.24748],[34.66782,51.19816],[34.68826,51.18124],[34.78463,51.18467],[34.81731,51.16891],[34.86251,51.19917],[34.89696,51.19313],[34.97944,51.23505],[35.03785,51.21776],[35.03977,51.20443],[35.07583,51.23207],[35.15048,51.22343],[35.12341,51.16525],[35.14136,51.13385],[35.17471,51.12149],[35.16301,51.10944],[35.17693,51.09845],[35.1482,51.08245],[35.21189,51.0462],[35.24965,51.06426],[35.27359,51.05812],[35.3208,51.08723],[35.32744,51.07065],[35.40624,51.04767],[35.40948,51.02662],[35.37449,51.00916],[35.32304,51.01382],[35.35209,50.9733],[35.32569,50.94675],[35.40061,50.91459],[35.40332,50.90257],[35.37989,50.89564],[35.40201,50.87951],[35.38231,50.87004],[35.41912,50.84383],[35.41141,50.80256],[35.48871,50.7768],[35.46388,50.73497],[35.47315,50.72554],[35.4593,50.68909],[35.49618,50.67879],[35.48573,50.65586],[35.46271,50.6663],[35.39292,50.65],[35.42565,50.60318],[35.39035,50.57999],[35.42791,50.56215],[35.43605,50.53007],[35.47642,50.48853],[35.56375,50.45108],[35.5697,50.46437],[35.58648,50.44809],[35.58425,50.39266],[35.62622,50.35203],[35.73818,50.35446],[35.83174,50.43377],[35.87242,50.42244],[35.88976,50.43857],[35.93289,50.4306],[36.08665,50.44836],[36.16064,50.43154],[36.17763,50.40167],[36.28372,50.33558],[36.27342,50.32322],[36.29574,50.29163],[36.36303,50.28751],[36.43341,50.33077],[36.43993,50.3112],[36.48783,50.3112],[36.53572,50.28374],[36.58499,50.2858],[36.5938,50.27536],[36.57417,50.27447],[36.58052,50.26228],[36.56044,50.25061],[36.64867,50.21765],[36.67992,50.23807],[36.69296,50.26914],[36.87028,50.33773],[37.15298,50.35646],[37.29249,50.4013],[37.32727,50.43548],[37.4127,50.43328],[37.49102,50.45746],[37.46293,50.42274],[37.47196,50.36922],[37.57702,50.30657],[37.63555,50.31137],[37.61444,50.22005],[37.64345,50.19087],[37.6407,50.17593],[37.71006,50.1337],[37.75486,50.07843],[37.79692,50.08409],[37.92652,50.0338],[37.96458,49.97892],[38.00471,49.96742],[38.04372,49.93294],[38.02093,49.92575],[38.03297,49.90015],[38.05592,49.92319],[38.12455,49.94239],[38.13217,49.92462],[38.22185,49.97914],[38.18623,50.02282],[38.17823,50.08],[38.27579,50.07348],[38.31418,50.08819],[38.32959,50.0854],[38.35053,50.00691],[38.4163,49.98177],[38.43412,50.00135],[38.46931,49.99534],[38.46502,49.98299],[38.48871,49.96324],[38.52733,49.95861],[38.58261,49.97749],[38.6475,49.95586],[38.67977,49.97406],[38.68698,50.0077],[38.71805,49.9835],[38.68605,49.96224],[38.69397,49.93493],[38.79097,49.87837],[38.90121,49.86935],[38.91842,49.85859],[38.90671,49.8278],[38.93016,49.79697],[39.02203,49.8216],[39.06684,49.81563],[39.17994,49.8888],[39.22668,49.83982],[39.22771,49.80738],[39.25089,49.77648],[39.28522,49.75536],[39.37878,49.73854],[39.44366,49.76],[39.61052,49.73373],[39.59129,49.71828],[39.6579,49.61666],[39.75025,49.59743],[39.80604,49.55795],[39.89118,49.5583],[39.93461,49.5734],[39.95212,49.59709],[40.06496,49.59897],[40.13539,49.6171],[40.16962,49.56877],[40.0392,49.52072],[40.02934,49.45361],[40.11439,49.38571],[40.19461,49.34647],[40.18593,49.28122],[40.22758,49.26053],[40.20807,49.24202],[40.13725,49.23984],[40.07737,49.18699],[40.03111,49.17976],[39.93831,49.08304],[39.93805,49.0564],[39.81124,49.06039],[39.76637,49.04006],[39.69316,49.05048],[39.67239,49.0404],[39.68509,49.03393],[39.6637,49.00089],[39.67834,48.98909],[39.70389,48.99925],[39.72648,48.97571],[39.75295,48.98594],[39.77843,48.95186],[39.7765,48.92069],[39.81823,48.9077],[39.82699,48.88646],[39.8394,48.90313],[39.85239,48.89053],[39.92497,48.89584],[39.99323,48.86821],[40.00403,48.90128],[40.03511,48.91589],[40.06096,48.9089],[40.08011,48.87014],[39.97553,48.79303],[39.8001,48.8426],[39.76827,48.76584],[39.74373,48.7702],[39.72555,48.75237],[39.73947,48.74365],[39.70431,48.72051],[39.72329,48.68386],[39.66065,48.60909],[39.68789,48.5868],[39.79163,48.59301],[39.85043,48.5679],[39.86727,48.50776],[39.84721,48.50157],[39.84644,48.47375],[39.89759,48.44731],[39.88894,48.44203],[39.91849,48.3989],[39.90572,48.39038],[39.92396,48.37523],[39.94151,48.38632],[39.93229,48.36456],[39.94745,48.3547],[39.84532,48.33286],[39.84116,48.31005],[39.88761,48.30855],[39.91504,48.26963],[39.99033,48.31706],[40.02076,48.25386],[40.00959,48.22512],[39.942,48.22861],[39.93702,48.18096],[39.90982,48.17985],[39.9025,48.14034],[39.87046,48.11661],[39.86889,48.0792],[39.83397,48.06701],[39.88339,48.04161],[39.7769,48.03991],[39.81646,48.00132],[39.82478,47.9553],[39.80606,47.95054],[39.79365,47.91935],[39.79492,47.87038],[39.76345,47.87069],[39.76323,47.84632],[39.73804,47.82778],[39.62571,47.83913],[39.52094,47.82568],[39.47781,47.86068],[39.43996,47.85477],[39.43935,47.84019],[39.41322,47.82973],[39.38731,47.87116],[39.35419,47.87262],[39.24174,47.86707],[39.23649,47.85365],[39.14963,47.84238],[39.08306,47.85163],[39.08311,47.86953],[38.87904,47.87599],[38.84296,47.86533],[38.8262,47.84569],[38.82882,47.81592],[38.78892,47.81592],[38.79654,47.77366],[38.77015,47.72106],[38.77261,47.68552],[38.66583,47.69873],[38.66603,47.66931],[38.62927,47.6694],[38.61644,47.64458],[38.45649,47.64404],[38.45675,47.61711],[38.35046,47.61665],[38.35072,47.5762],[38.31079,47.57614],[38.30729,47.54649],[38.28473,47.54431],[38.30239,47.39285],[38.28647,47.39136],[38.28655,47.37342],[38.24498,47.36371],[38.22089,47.3054],[38.33604,47.30625],[38.32283,47.28149],[38.33353,47.26919],[38.28797,47.25675],[38.2882,47.23854],[38.23291,47.22895],[38.24276,47.21777],[38.22851,47.12261],[38.33812,46.98075],[38.14086,46.861],[37.62007,46.82989],[37.39794,46.70159],[37.27971,46.68804],[37.16872,46.71038],[37.09789,46.68987],[37.02416,46.63892],[37.01042,46.58302],[36.9591,46.52162],[36.82913,46.46575],[36.70934,46.46289],[36.61412,46.48991],[36.5457,46.53565],[36.49878,46.52815],[36.44626,46.46373],[36.35847,46.41787],[36.29211,46.35288],[36.1937,46.31147],[36.07955,46.30056],[35.98603,46.31623],[35.89182,46.36205],[35.84442,46.41],[35.58194,46.26281],[35.46804,46.14649],[35.27806,46.26458],[35.12822,46.30209],[35.07354,46.2999],[35.05345,46.48157],[35.02222,46.4793],[34.94722,46.51247],[34.89039,46.50678],[34.89122,46.56257],[34.7576,46.54932],[34.74828,46.58419],[34.7233,46.58147],[34.71276,46.62007],[34.75631,46.62698],[34.74618,46.68322],[34.63224,46.68762],[34.62523,46.72397],[34.73501,46.74734],[34.75014,46.78051],[34.76758,46.78091],[34.75813,46.82271],[34.81705,46.82894],[34.80468,46.88253],[34.75257,46.87954],[34.73615,46.96146],[34.68546,46.95586],[34.68097,46.97914],[34.62384,46.9734],[34.61748,46.99332],[34.59962,46.99177],[34.59166,47.02679],[34.56727,47.02449],[34.5535,47.10597],[34.5195,47.10475],[34.491,47.2406],[34.5301,47.25076],[34.5182,47.28355],[34.48776,47.27995],[34.48046,47.30779],[34.51383,47.31815],[34.51213,47.33867],[34.41348,47.32334],[34.41879,47.30094],[34.39872,47.29838],[34.40123,47.28717],[34.32906,47.2907],[34.30535,47.26914],[34.24269,47.43386],[34.21845,47.45273],[34.13946,47.47725],[33.95478,47.45755],[33.93482,47.5163],[33.64361,47.48453],[33.63597,47.51407],[33.58845,47.5023],[33.58039,47.53249],[33.57146,47.5242],[33.58865,47.55823],[33.60909,47.56092],[33.58032,47.60019],[33.47372,47.58733],[33.4861,47.54393],[33.32269,47.52356],[33.34882,47.49367],[33.31425,47.48254],[33.30999,47.5016],[33.27924,47.51678],[33.28559,47.54413],[33.21543,47.53304],[33.23396,47.57708],[33.17186,47.56668],[33.09268,47.57883],[33.09501,47.59711],[32.96145,47.58993],[33.01455,47.62085],[32.99378,47.62429],[32.9723,47.72267],[33.07209,47.73894],[33.0499,47.7818],[33.06618,47.78358],[33.06083,47.85899],[33.0861,47.886],[33.07837,47.92046],[33.00413,47.91324],[32.9945,47.98443],[33.02127,47.98619],[33.03695,48.03378],[33.10918,48.04246],[33.10907,48.06561],[33.14326,48.06379],[33.1537,48.04206],[33.14178,48.07649],[33.22489,48.09226],[33.23543,48.11334],[33.1871,48.10414],[33.18168,48.1181],[33.23215,48.12716],[33.21272,48.16988],[33.24285,48.17252],[33.24724,48.15162],[33.27175,48.15368],[33.27699,48.1033],[33.29339,48.10197],[33.31653,48.12446],[33.29076,48.14984],[33.43061,48.16994],[33.43015,48.18873],[33.49617,48.20215],[33.48475,48.2143],[33.50066,48.2319],[33.51117,48.21888],[33.54599,48.23488],[33.52969,48.27574],[33.51286,48.27811],[33.51754,48.32903],[33.47356,48.329],[33.47819,48.34929],[33.46072,48.35301],[33.46847,48.38819],[33.49711,48.39367],[33.47249,48.54492],[33.50948,48.56814],[33.62321,48.56652],[33.60925,48.59947],[33.65006,48.59976],[33.6604,48.58595],[33.74356,48.61504],[33.76375,48.62637],[33.7563,48.65716],[33.80187,48.66278],[33.80524,48.68376],[33.75034,48.68117],[33.68191,48.7231],[33.6187,48.72771],[33.60756,48.75135],[33.5851,48.75477],[33.58313,48.79696],[33.63812,48.79028],[33.6742,48.81482],[33.71526,48.81373],[33.72525,48.78921],[33.81137,48.80282],[33.81907,48.77609],[33.85095,48.77081],[33.84774,48.80259],[33.89431,48.90195],[33.81494,48.93797],[33.6992,48.94533],[33.66511,48.97848],[33.63719,48.97383],[33.58932,48.91685],[33.56767,48.91883],[33.57516,48.91103],[33.5478,48.91262],[33.53733,48.93136],[33.4743,48.91474],[33.47612,48.95203],[33.40362,48.95979],[33.4012,48.92784],[33.35181,48.95294],[33.31962,48.94901],[33.29755,49.01052],[33.32787,49.0248],[33.31996,49.06155],[33.26204,49.0919],[33.3043,49.11834],[33.24035,49.16674],[33.24491,49.07901],[33.19987,49.0736],[33.18697,49.09641],[33.15589,49.09879],[33.15808,49.12963],[33.12087,49.17484],[32.99534,49.2025],[32.98345,49.2401],[32.92902,49.22963],[32.8155,49.24883],[32.76395,49.23286],[32.71395,49.25735],[32.61031,49.25349],[32.5966,49.27591],[32.46714,49.32759],[32.47944,49.34088],[32.46082,49.34726],[32.50994,49.40759],[32.54341,49.38088],[32.73866,49.35217],[32.73847,49.37321],[32.69203,49.38516],[32.68086,49.42613],[32.65214,49.43651],[32.67368,49.4477],[32.67819,49.49832],[32.74997,49.52356],[32.75735,49.57518],[32.69545,49.60226],[32.71563,49.61925],[32.70811,49.65633],[32.57355,49.7025],[32.57232,49.75243],[32.55598,49.77312],[32.51401,49.77429],[32.50409,49.80474],[32.44915,49.79653],[32.37396,49.87394],[32.43406,49.88818],[32.41429,49.90302],[32.42797,49.96035],[32.38048,49.98093],[32.36428,50.03433],[32.34563,50.03564],[32.35304,50.04709],[32.33268,50.0578],[32.31359,50.03881],[32.26307,50.07996],[32.27598,50.09702],[32.24968,50.11382],[32.30495,50.11909],[32.2984,50.1423],[32.17646,50.1646],[32.11167,50.21247],[32.12553,50.22466],[32.09038,50.24666],[32.10068,50.27601],[32.08677,50.28356]]]}},{"type":"Feature","properties":{"territory_id":"UA-04","country_code":"UA","country_name":"Ukraine","display_name":"Southern Ukraine and the lower Dnipro","strategic_centre":"Odesa","centre":[30.7326,46.4775],"boundary_status":"administrative-comparison-draft","admin_source":"geoBoundaries ADM1 (release 2025)","source_region_count":3,"label_anchor":[30.7326,46.4775],"label_anchor_adjusted":false},"geometry":{"type":"Polygon","coordinates":[[[28.21174,45.4667],[28.30496,45.54705],[28.42165,45.51309],[28.42137,45.4856],[28.51623,45.49992],[28.49116,45.57106],[28.54425,45.57982],[28.51583,45.66526],[28.48614,45.66047],[28.48071,45.67822],[28.52037,45.73729],[28.58876,45.72934],[28.58071,45.77069],[28.70938,45.77991],[28.69693,45.81787],[28.78606,45.8325],[28.75464,45.92932],[28.75673,45.95716],[28.77969,45.96051],[28.7765,45.97069],[28.9791,46.00345],[29.0055,46.04944],[28.95072,46.09366],[29.06753,46.19561],[28.95231,46.25947],[28.98534,46.31837],[29.00361,46.31664],[28.93066,46.45754],[29.02553,46.46234],[29.02348,46.48004],[28.98694,46.47661],[28.98128,46.48901],[29.03346,46.49072],[29.06301,46.51247],[29.16391,46.5153],[29.16179,46.5445],[29.23572,46.55837],[29.24071,46.49911],[29.25514,46.48553],[29.21945,46.46377],[29.24663,46.41617],[29.20664,46.38655],[29.24083,46.3761],[29.26777,46.39395],[29.26397,46.40622],[29.32426,46.41488],[29.30776,46.46489],[29.33677,46.474],[29.33156,46.49595],[29.35141,46.50428],[29.39612,46.42519],[29.38679,46.44664],[29.4485,46.49857],[29.50178,46.46167],[29.48469,46.44737],[29.49441,46.42797],[29.56617,46.41646],[29.58041,46.36079],[29.6031,46.35376],[29.67761,46.3612],[29.66021,46.43584],[29.73449,46.43503],[29.72668,46.4668],[29.74238,46.47342],[29.77627,46.45471],[29.78678,46.41992],[29.82294,46.39581],[29.80511,46.38547],[29.89118,46.35209],[29.88659,46.37149],[29.93862,46.40046],[30.02185,46.38298],[30.06997,46.39713],[30.09664,46.37523],[30.16351,46.41328],[30.1558,46.42925],[30.13428,46.41102],[30.09572,46.44007],[30.09752,46.4267],[30.08248,46.43491],[30.0784,46.4239],[30.05699,46.42727],[30.06433,46.44276],[30.02241,46.44209],[30.02507,46.45369],[29.99411,46.46199],[30.0233,46.46878],[29.99441,46.47429],[30.00109,46.49581],[29.98769,46.49385],[29.98676,46.51019],[29.96083,46.49063],[29.9615,46.51],[29.93717,46.49376],[29.94376,46.50176],[29.90634,46.51432],[29.91352,46.52159],[29.87592,46.54669],[29.94873,46.56091],[29.93523,46.58012],[29.9576,46.59407],[29.94593,46.64847],[29.97155,46.68632],[29.9747,46.75212],[29.93521,46.80581],[29.9787,46.81626],[29.9686,46.83184],[29.95206,46.84254],[29.90596,46.82044],[29.88357,46.85165],[29.88407,46.88613],[29.74936,46.86096],[29.71806,46.93212],[29.64792,46.91943],[29.63965,46.95518],[29.57166,46.94047],[29.55741,46.95809],[29.59579,46.96357],[29.60248,47.04163],[29.62868,47.04473],[29.61347,47.09606],[29.54763,47.09366],[29.54973,47.0759],[29.5302,47.07545],[29.49475,47.13152],[29.57992,47.13576],[29.55211,47.25139],[29.59869,47.25739],[29.57419,47.3704],[29.48765,47.35586],[29.48572,47.30588],[29.42705,47.29215],[29.4237,47.30478],[29.39836,47.30047],[29.38374,47.34515],[29.39801,47.35364],[29.39072,47.37976],[29.33762,47.37055],[29.31749,47.4492],[29.24375,47.41531],[29.24235,47.46197],[29.19097,47.42506],[29.19055,47.46711],[29.15756,47.45923],[29.18753,47.47523],[29.18967,47.51397],[29.15154,47.50655],[29.11688,47.5545],[29.18466,47.57196],[29.21766,47.61229],[29.20961,47.62858],[29.23396,47.64259],[29.20939,47.6423],[29.23111,47.68376],[29.20436,47.71907],[29.24861,47.75134],[29.27613,47.80371],[29.21931,47.79843],[29.19842,47.81984],[29.28127,47.88843],[29.21585,47.88596],[29.21621,47.89607],[29.20064,47.88437],[29.17532,47.99378],[29.09289,47.98307],[29.09812,47.96013],[29.07947,47.97143],[29.08677,47.94668],[29.07376,47.9439],[29.03263,47.94264],[28.9616,47.97919],[28.92585,47.96014],[28.87766,48.00081],[28.90189,48.01256],[28.83945,48.03495],[28.85203,48.06086],[28.83342,48.07285],[28.86915,48.06904],[28.87369,48.08293],[28.92617,48.09482],[28.94522,48.15681],[29.0049,48.1506],[29.03268,48.12579],[29.06457,48.1946],[29.15755,48.14807],[29.14157,48.14081],[29.20936,48.13414],[29.25194,48.14936],[29.26169,48.13045],[29.20416,48.11741],[29.22828,48.10319],[29.25829,48.11224],[29.26778,48.09305],[29.31205,48.08616],[29.37192,48.09046],[29.39486,48.11394],[29.44311,48.12185],[29.56938,48.09869],[29.58775,48.10185],[29.60244,48.13292],[29.66363,48.10759],[29.67583,48.16254],[29.65475,48.19518],[29.84356,48.21173],[29.89207,48.18424],[29.93012,48.23393],[29.97545,48.21792],[29.99004,48.23073],[30.01034,48.2085],[30.00295,48.18435],[30.02344,48.18548],[30.05181,48.1502],[30.10747,48.14021],[30.18607,48.15483],[30.31647,48.14128],[30.36743,48.17515],[30.41365,48.16307],[30.49564,48.17035],[30.50468,48.1582],[30.52701,48.17957],[30.55574,48.15576],[30.61786,48.15604],[30.65646,48.17196],[30.64719,48.18521],[30.71674,48.19559],[30.78543,48.19145],[30.7925,48.16798],[30.81386,48.16971],[30.81927,48.18807],[30.84847,48.18437],[30.85507,48.16107],[30.90046,48.15935],[30.93055,48.16632],[30.93174,48.18396],[30.98939,48.18432],[30.98122,48.22218],[31.13665,48.22949],[31.18433,48.20246],[31.18146,48.17919],[31.22046,48.17085],[31.23655,48.11694],[31.32519,48.13831],[31.33015,48.11402],[31.38175,48.13229],[31.39608,48.10815],[31.48685,48.12959],[31.49853,48.08739],[31.47642,48.08319],[31.47013,48.06342],[31.48809,48.06539],[31.49254,48.05029],[31.50949,48.06889],[31.55099,48.06994],[31.54053,48.10779],[31.57136,48.09704],[31.58247,48.12872],[31.63401,48.13484],[31.64202,48.11497],[31.68429,48.12027],[31.69453,48.09335],[31.76735,48.10214],[31.78307,48.04233],[31.72907,48.03558],[31.75278,47.94378],[31.84394,47.96369],[31.85502,47.91615],[31.87667,47.91949],[31.88371,47.89764],[31.8898,47.86564],[31.85725,47.86467],[31.85327,47.84841],[31.86804,47.82212],[31.82743,47.81657],[31.83817,47.78217],[32.05485,47.81732],[32.14026,47.74889],[32.15469,47.76111],[32.16038,47.75104],[32.23168,47.76042],[32.22252,47.7916],[32.2399,47.79386],[32.23653,47.81482],[32.24804,47.81647],[32.30376,47.82395],[32.36484,47.78887],[32.65758,47.8196],[32.67943,47.85176],[32.66444,47.87097],[32.68559,47.873],[32.67663,47.90722],[32.65586,47.9048],[32.65178,47.92149],[32.74557,47.93272],[32.7371,47.95177],[32.69717,47.94669],[32.68906,47.98259],[32.89411,47.98571],[32.87028,48.03194],[32.98922,48.04847],[33.00413,47.91324],[33.07837,47.92046],[33.0861,47.886],[33.06083,47.85899],[33.06618,47.78358],[33.0499,47.7818],[33.07209,47.73894],[32.9723,47.72267],[32.99378,47.62429],[33.01455,47.62085],[32.96145,47.58993],[33.09501,47.59711],[33.09268,47.57883],[33.17186,47.56668],[33.23396,47.57708],[33.21543,47.53304],[33.28559,47.54413],[33.27924,47.51678],[33.30999,47.5016],[33.31425,47.48254],[33.34882,47.49367],[33.32269,47.52356],[33.4861,47.54393],[33.47372,47.58733],[33.58032,47.60019],[33.60909,47.56092],[33.58865,47.55823],[33.57146,47.5242],[33.58039,47.53249],[33.58845,47.5023],[33.63597,47.51407],[33.64361,47.48453],[33.93482,47.5163],[33.95478,47.45755],[34.13946,47.47725],[34.21845,47.45273],[34.24269,47.43386],[34.30535,47.26914],[34.32906,47.2907],[34.40123,47.28717],[34.39872,47.29838],[34.41879,47.30094],[34.41348,47.32334],[34.51213,47.33867],[34.51383,47.31815],[34.48046,47.30779],[34.48776,47.27995],[34.5182,47.28355],[34.5301,47.25076],[34.491,47.2406],[34.5195,47.10475],[34.5535,47.10597],[34.56727,47.02449],[34.59166,47.02679],[34.59962,46.99177],[34.61748,46.99332],[34.62384,46.9734],[34.68097,46.97914],[34.68546,46.95586],[34.73615,46.96146],[34.75257,46.87954],[34.80468,46.88253],[34.81705,46.82894],[34.75813,46.82271],[34.76758,46.78091],[34.75014,46.78051],[34.73501,46.74734],[34.62523,46.72397],[34.63224,46.68762],[34.74618,46.68322],[34.75631,46.62698],[34.71276,46.62007],[34.7233,46.58147],[34.74828,46.58419],[34.7576,46.54932],[34.89122,46.56257],[34.89039,46.50678],[34.94722,46.51247],[35.02222,46.4793],[35.05345,46.48157],[35.07354,46.2999],[35.12822,46.30209],[35.27806,46.26458],[35.46804,46.14649],[35.32737,45.98527],[35.24186,45.94538],[35.15097,45.93152],[35.23342,45.79173],[34.95977,45.75657],[34.79909,45.81046],[34.80217,45.90065],[34.75401,45.90884],[34.62854,45.9864],[34.56117,45.99438],[34.5109,45.94803],[34.47622,45.94414],[34.33962,46.05788],[34.18437,46.06686],[34.1175,46.10727],[33.99823,46.12645],[33.84869,46.19967],[33.79689,46.20302],[33.73998,46.18525],[33.64594,46.23015],[33.61524,46.22622],[33.64127,46.14244],[33.57213,46.10256],[33.59119,46.06125],[33.54072,46.01203],[32.7727,45.82664],[32.44679,45.87072],[31.89249,45.99713],[31.61623,46.03571],[31.45933,46.07649],[31.37898,46.11674],[31.26544,46.21763],[31.23974,46.28382],[31.23727,46.40318],[31.1591,46.40968],[31.04744,46.37686],[31.02436,46.30139],[30.96784,46.23262],[30.95344,46.17499],[30.91855,46.12556],[30.76584,46.00384],[30.66759,45.95986],[30.62806,45.89918],[30.43455,45.7166],[30.06634,45.50587],[30.07302,45.43482],[30.20329,45.45723],[30.31311,45.4419],[30.40621,45.39824],[30.46842,45.33283],[30.49026,45.25557],[30.46842,45.17821],[30.40621,45.11255],[30.31311,45.06863],[30.20329,45.0532],[30.12902,45.06011],[30.02233,45.09745],[29.95207,45.16967],[29.69064,45.19172],[29.66219,45.23894],[29.67855,45.26824],[29.65093,45.33962],[29.56711,45.40104],[29.42973,45.44258],[29.36354,45.4362],[29.32668,45.44837],[29.29074,45.42746],[29.23815,45.43271],[29.16742,45.39433],[28.96588,45.33098],[28.94188,45.2805],[28.79618,45.33473],[28.78054,45.32305],[28.80326,45.3031],[28.75203,45.28408],[28.79259,45.24348],[28.71389,45.22363],[28.56123,45.25009],[28.34903,45.3204],[28.28535,45.39962],[28.28067,45.44407],[28.21174,45.4667]]]}},{"type":"Feature","properties":{"territory_id":"UA-05","country_code":"UA","country_name":"Ukraine","display_name":"Crimea","strategic_centre":"Simferopol","centre":[34.1,44.9484],"boundary_status":"administrative-comparison-draft","admin_source":"geoBoundaries ADM1 (release 2025)","source_region_count":2,"label_anchor":[34.1,44.9484],"label_anchor_adjusted":false},"geometry":{"type":"Polygon","coordinates":[[[32.20158,45.39689],[32.22302,45.4788],[32.33555,45.60702],[32.58906,45.71232],[32.7727,45.82664],[33.54072,46.01203],[33.59119,46.06125],[33.57213,46.10256],[33.64127,46.14244],[33.61524,46.22622],[33.64594,46.23015],[33.73998,46.18525],[33.79689,46.20302],[33.84869,46.19967],[33.99823,46.12645],[34.1175,46.10727],[34.18437,46.06686],[34.33962,46.05788],[34.47622,45.94414],[34.5109,45.94803],[34.56117,45.99438],[34.62854,45.9864],[34.75401,45.90884],[34.80217,45.90065],[34.79909,45.81046],[34.95977,45.75657],[35.23342,45.79173],[35.29925,45.74458],[35.3373,45.68277],[35.41988,45.6278],[35.4597,45.56034],[35.57475,45.48953],[35.61747,45.56458],[35.73573,45.63275],[35.8367,45.64693],[35.98177,45.61673],[36.3387,45.6715],[36.66845,45.62662],[36.68157,45.45661],[36.6635,45.35994],[36.60302,45.30939],[36.59417,45.25254],[36.53049,45.1992],[36.60972,44.94067],[36.54267,44.89082],[36.45418,44.85919],[36.25584,44.82186],[36.10282,44.83362],[36.01353,44.80717],[35.85968,44.793],[35.72307,44.8074],[35.63225,44.84912],[35.55119,44.78348],[35.39755,44.73733],[35.3172,44.65856],[35.17741,44.59733],[35.06024,44.58388],[34.92919,44.61087],[34.73575,44.5848],[34.66614,44.54716],[34.5414,44.3954],[34.27242,44.24589],[33.95144,44.1846],[33.73574,44.18588],[33.61787,44.20975],[33.26568,44.35378],[33.12701,44.4802],[33.0912,44.57529],[33.13013,44.68381],[33.24629,44.76333],[33.24688,44.83544],[33.29519,44.94052],[33.17421,44.95552],[33.01108,45.01489],[32.89021,45.08905],[32.83146,45.15079],[32.6314,45.11208],[32.36245,45.17112],[32.29969,45.20543],[32.24342,45.26289],[32.20158,45.39689]]]}},{"type":"Feature","properties":{"territory_id":"XK-01","country_code":"XK","country_name":"Kosovo","display_name":"Kosovo","strategic_centre":"Pristina","centre":[21.1655,42.6629],"boundary_status":"administrative-comparison-draft","admin_source":"NUTS 2024 level 3","source_region_count":7,"label_anchor":[21.1655,42.6629],"label_anchor_adjusted":false},"geometry":{"type":"Polygon","coordinates":[[[20.02735,42.75774],[20.22236,42.75509],[20.27486,42.82134],[20.53738,42.88229],[20.51113,42.9459],[20.64988,43.0307],[20.67613,43.0996],[20.62738,43.19236],[20.81864,43.27186],[20.92365,43.14731],[20.96865,43.12346],[21.11866,43.12081],[21.16741,43.0148],[21.23116,43.0042],[21.27241,42.90615],[21.43367,42.87169],[21.40742,42.75244],[21.65868,42.67823],[21.75244,42.70209],[21.77119,42.64643],[21.74119,42.57753],[21.64743,42.46887],[21.61743,42.39732],[21.54993,42.35757],[21.58743,42.26216],[21.46367,42.27276],[21.44492,42.23566],[21.37742,42.23831],[21.31367,42.15881],[21.32117,42.10846],[21.24991,42.09255],[21.21241,42.11111],[21.15241,42.19591],[21.0999,42.20121],[21.05115,42.16676],[20.77739,42.0687],[20.75114,42.0104],[20.77364,41.9256],[20.72864,41.86464],[20.59363,41.87789],[20.61988,41.9733],[20.54488,42.16146],[20.48112,42.25156],[20.36487,42.30722],[20.25236,42.33902],[20.16611,42.49802],[20.0761,42.55633],[20.0986,42.65703],[20.03485,42.70739],[20.02735,42.75774]]]}}]}
