Warning: truncated output (original token count: 827206)
... 2260247 bytes omitted ...

{"type":"FeatureCollection","features":[{"type":"Feature","properties":{"territory_id":"AL-01","country_code":"AL","country_name":"Albania","display_name":"Albania","strategic_centre":"Tirana","centre":[19.8178,41.3289],"boundary_status":"country-sourced"},"geometry":{"type":"Polygon","coordinates":[[[20.568805688056898,41.873896191531045],[20.540005400054014,41.86207615064187],[20.540005400054014,41.84519037794304],[20.540005400054014,41.84012464613339],[20.547205472054713,41.81479598708515],[20.550805508055078,41.79959879165621],[20.550805508055078,41.79284448257668],[20.543605436054378,41.78440159622727],[20.522005220052222,41.76751582352844],[20.51120511205113,41.75738435990914],[20.5040050400504,41.743875741750074],[20.500405004050037,41.733744278130786],[20.507605076050766,41.66113545552582],[20.514805148051494,41.64087252828723],[20.532805328053286,41.59359236473051],[20.53640536405365,41.586838055650986],[20.53640536405365,41.5851494783811],[20.52920529205292,41.57501801476181],[20.522005220052222,41.568263705682284],[20.507605076050766,41.561509396602744],[20.493204932049338,41.55813224206298],[20.442804428044298,41.54968935571357],[20.44640446404466,41.5361807375545],[20.44640446404466,41.50916350123639],[20.45360453604536,41.49396630580743],[20.464404644046454,41.49058915126767],[20.47160471604718,41.483834842188145],[20.482404824048245,41.46863764675919],[20.482404824048245,41.46526049221943],[20.48600486004861,41.4585061831399],[20.489604896048974,41.441620410441075],[20.489604896048974,41.436554678631424],[20.4968049680497,41.43148894682177],[20.514805148051494,41.4298003695519],[20.522005220052222,41.426423215012136],[20.532805328053286,41.41291459685307],[20.540005400054014,41.40278313323377],[20.540005400054014,41.401094555963894],[20.540005400054014,41.38758593780483],[20.532805328053286,41.370700165106],[20.522005220052222,41.357191546946936],[20.51120511205113,41.343682928787885],[20.4968049680497,41.338617196978234],[20.482404824048245,41.341994351518],[20.47880478804788,41.321731424279406],[20.47880478804788,41.32004284700952],[20.482404824048245,41.28964845615164],[20.500405004050037,41.23561398351539],[20.51120511205113,41.21028532446715],[20.550805508055078,41.171448047259844],[20.565205652056534,41.14780796548149],[20.568805688056898,41.12416788370312],[20.568805688056898,41.107282111004295],[20.576005760057598,41.093773492845244],[20.597605976059754,41.087019183765705],[20.60480604806048,41.08364202922594],[20.619206192061938,41.08195345195605],[20.630006300063002,41.08364202922594],[20.633606336063366,41.08195345195605],[20.644406444064458,41.08195345195605],[20.655206552065522,41.07519914287653],[20.66240662406625,41.0583133701777],[20.684006840068406,40.994147433922166],[20.702007020070198,40.93673580674614],[20.716407164071654,40.91309572496779],[20.730807308073082,40.904652838618375],[20.741607416074174,40.89789852953885],[20.766807668076694,40.89452137499909],[20.784807848078486,40.899587106808724],[20.817208172081735,40.919850034047315],[20.835208352083527,40.92322718858709],[20.83880838808389,40.92322718858709],[20.88920889208893,40.91816145677744],[20.93960939609397,40.906341415888264],[20.957609576095763,40.89452137499909],[20.96480964809649,40.87594702503037],[20.96480964809649,40.848929788712255],[20.968409684096855,40.801649625155534],[20.961209612096127,40.78138669791694],[20.943209432094335,40.764500925218115],[20.9540095400954,40.759435193408464],[20.957609576095763,40.75099230705905],[20.957609576095763,40.744237997979525],[20.96480964809649,40.73579511163011],[20.993609936099375,40.71553218439152],[21.018810188101895,40.69020352534328],[21.02961029610296,40.67669490718421],[21.036810368103687,40.659809134485386],[21.036810368103687,40.639546207246795],[21.033210332103323,40.62097185727808],[21.02241022410226,40.58720031188042],[21.02241022410226,40.575380270991246],[21.018810188101895,40.56693738464183],[21.018810188101895,40.55849449829242],[21.01521015210153,40.54836303467313],[21.008010080100803,40.54329730286348],[20.99720997209974,40.539920148323716],[20.99000990009901,40.53316583924418],[20.982809828098283,40.52303437562489],[20.968409684096855,40.521345798355],[20.957609576095763,40.514591489275475],[20.950409504095035,40.50614860292606],[20.9540095400954,40.494328562036884],[20.950409504095035,40.487574252957344],[20.9468094680947,40.48250852114771],[20.936009360093607,40.472377057528405],[20.910809108091087,40.45886843936934],[20.88920889208893,40.46393417117899],[20.867608676086775,40.472377057528405],[20.83880838808389,40.472377057528405],[20.8280082800828,40.46562274844888],[20.8208082080821,40.457179862099466],[20.817208172081735,40.44704839848016],[20.810008100081006,40.436916934860875],[20.799207992079914,40.4335397803211],[20.781207812078122,40.42847404851146],[20.77040770407706,40.42171973943192],[20.77040770407706,40.41327685308251],[20.774007740077394,40.3845710394945],[20.774007740077394,40.374439575875215],[20.77040770407706,40.362619534986024],[20.766807668076694,40.35417664863661],[20.756007560075602,40.33897945320767],[20.73800738007381,40.30858506234978],[20.73800738007381,40.30351933054014],[20.727207272072718,40.29845359873049],[20.716407164071654,40.29338786692084],[20.705607056070562,40.28832213511119],[20.698406984069834,40.2781906714919],[20.6948069480695,40.25623916698342],[20.698406984069834,40.23597623974483],[20.6948069480695,40.21571331250624],[20.684006840068406,40.190384653458],[20.680406804068042,40.187007498918234],[20.666006660066614,40.18363034437846],[20.658806588065886,40.17856461256882],[20.658806588065886,40.17349888075917],[20.66240662406625,40.16167883986999],[20.66240662406625,40.15661310806034],[20.669606696066978,40.138038758091625],[20.666006660066614,40.13297302628199],[20.651606516065158,40.10089005815421],[20.648006480064794,40.09413574907468],[20.640806408064094,40.09075859453492],[20.615606156061574,40.080627130915616],[20.576005760057598,40.067118512756565],[20.55440554405544,40.06542993548668],[20.500405004050037,40.0721842445662],[20.482404824048245,40.067118512756565],[20.464404644046454,40.060364203677025],[20.432004320043205,40.06374135821679],[20.414004140041413,40.05698704913726],[20.399603996039957,40.045167008248086],[20.388803888038893,40.02996981281913],[20.381603816038165,40.01139546285043],[20.3780037800378,39.9945096901516],[20.36000360003601,39.99113253561184],[20.30960309603097,39.98944395834195],[20.298802988029877,39.98775538107208],[20.30240302403024,39.97931249472266],[20.316803168031697,39.91852371300688],[20.324003240032397,39.91176940392735],[20.34560345603458,39.894883631228524],[20.392403924039257,39.835783426782626],[20.39600396003962,39.8188976540838],[20.388803888038893,39.79863472684521],[20.3708037080371,39.78512610868614],[20.35280352803528,39.78512610868614],[20.338403384033853,39.79356899503556],[20.298802988029877,39.80538903592473],[20.288002880028813,39.80707761319462],[20.280802808028085,39.80370045865486],[20.273602736027357,39.79694614957532],[20.27720277202772,39.79188041776568],[20.280802808028085,39.78850326322592],[20.28440284402845,39.780060376876506],[20.28440284402845,39.774994645066855],[20.27720277202772,39.76317460417768],[20.27720277202772,39.7597974496379],[20.27720277202772,39.75642029509814],[20.28440284402845,39.74966598601861],[20.288002880028813,39.74628883147885],[20.291602916029177,39.737845945129436],[20.29520295202954,39.732780213319785],[20.298802988029877,39.727714481510134],[20.29520295202954,39.717583017890846],[20.28440284402845,39.70407439973178],[20.262802628026293,39.69563151338237],[20.248402484024837,39.685500049763064],[20.2448024480245,39.6635485452546],[20.237602376023773,39.66692569979436],[20.22680226802268,39.668614277064236],[20.21960219602198,39.668614277064236],[20.212402124021253,39.66692569979436],[20.205202052020525,39.66017139071482],[20.20160201602016,39.6534170816353],[20.205202052020525,39.64497419528588],[20.20160201602016,39.63990846347623],[20.18360183601837,39.63653130893647],[20.162001620016213,39.64497419528588],[20.136801368013693,39.6635485452546],[20.090000900009017,39.6821228952233],[20.05040050400504,39.692254358842604],[20.014400144001456,39.70069724519202],[20,39.69394293611248],[19.996399963999636,39.692254358842604],[19.996399963999636,39.68718862703295],[19.989199891998936,39.68718862703295],[19.981999819998208,39.70069724519202],[19.985599855998572,39.717583017890846],[20.003600036000364,39.747977408748724],[19.985599855998572,39.753043140558376],[19.981999819998208,39.75810887236803],[19.996399963999636,39.78343753141627],[20.014400144001456,39.832406272242864],[20.01800018000182,39.84422631313204],[20.010800108001092,39.86617781764052],[20,39.87124354945017],[19.981999819998208,39.872932126720045],[19.960399603996052,39.877997858529696],[19.960399603996052,39.88137501306946],[19.960399603996052,39.88475216760922],[19.960399603996052,39.88981789941887],[19.953199531995324,39.893195053958635],[19.94239942399426,39.89826078576829],[19.931599315993168,39.90163794030805],[19.913599135991376,39.90163794030805],[19.906399063990648,39.9067036721177],[19.906399063990648,39.913457981197226],[19.920799207992076,39.92696659935629],[19.931599315993168,39.93372090843583],[19.94239942399426,39.940475217515356],[19.92439924399244,39.95229525840453],[19.877598775987764,40.02152692646972],[19.870398703987036,40.035035544628784],[19.863198631986336,40.045167008248086],[19.855998559985608,40.05023274005774],[19.82359823598236,40.05023274005774],[19.805598055980568,40.0536098945975],[19.794797947979475,40.05698704913726],[19.805598055980568,40.06374135821679],[19.776797767977683,40.07724997637585],[19.77319773197732,40.07049566729633],[19.77319773197732,40.06880709002644],[19.769597695976955,40.06374135821679],[19.76599765997662,40.0721842445662],[19.762397623976256,40.07724997637585],[19.755197551975527,40.080627130915616],[19.7479974799748,40.08400428545538],[19.7479974799748,40.08907001726503],[19.7407974079741,40.10089005815421],[19.73359733597337,40.11102152177351],[19.729997299973007,40.107644367233746],[19.719197191971915,40.11608725358316],[19.654396543965447,40.13297302628199],[19.59679596795968,40.15830168533023],[19.56439564395646,40.180253189838695],[19.510395103951055,40.19376180799776],[19.477994779947807,40.21402473523635],[19.38079380793809,40.29507644419073],[19.369993699936998,40.30858506234978],[19.366393663936634,40.31702794869919],[19.351993519935206,40.362619534986024],[19.344793447934478,40.374439575875215],[19.308793087930894,40.40145681219333],[19.297992979929802,40.41327685308251],[19.294392943929438,40.41834258489216],[19.290792907929074,40.42003116216205],[19.290792907929074,40.42678547124157],[19.315993159931594,40.43860551213075],[19.333993339933414,40.43860551213075],[19.348393483934842,40.430162625781335],[19.384393843938454,40.39807965765357],[19.391593915939154,40.38625961676439],[19.40599405994061,40.362619534986024],[19.41319413194134,40.347422339557085],[19.41319413194134,40.33391372139802],[19.423994239942402,40.33053656685826],[19.44559445594456,40.33391372139802],[19.467194671946714,40.34066803047756],[19.474394743947443,40.34911091682697],[19.48159481594817,40.43860551213075],[19.477994779947807,40.4538027075597],[19.452794527945287,40.46562274844888],[19.42039420394204,40.492639984766996],[19.391593915939154,40.521345798355],[19.38799387993882,40.54329730286348],[19.391593915939154,40.536542993783954],[19.39519395193952,40.529788684704414],[19.398793987939882,40.521345798355],[19.40599405994061,40.52303437562489],[19.41319413194134,40.52303437562489],[19.434794347943495,40.50614860292606],[19.44559445594456,40.51121433473571],[19.452794527945287,40.529788684704414],[19.45639456394565,40.55342876648278],[19.441994419944194,40.57369169372137],[19.416794167941674,40.58382315734066],[19.391593915939154,40.57875742553101],[19.38799387993882,40.550051611943005],[19.38079380793809,40.56693738464183],[19.308793087930894,40.644611939056446],[19.30519305193053,40.65305482540586],[19.308793087930894,40.66487486629504],[19.323193231932322,40.675006329914325],[19.33759337593378,40.68344921626374],[19.351993519935206,40.69358067988304],[19.359193591935934,40.71046645258187],[19.3627936279363,40.72566364801081],[19.366393663936634,40.786452429726594],[19.369993699936998,40.801649625155534],[19.377193771937726,40.81346966604471],[19.39519395193952,40.81684682058447],[19.40599405994061,40.820223975124236],[19.402394023940246,40.82866686147365],[19.39519395193952,40.83879832509295],[19.391593915939154,40.84555263417248],[19.398793987939882,40.85230694325202],[19.40599405994061,40.86074982960143],[19.409594095940975,40.86750413868096],[19.41319413194134,40.869192715950845],[19.40599405994061,40.88101275684002],[19.391593915939154,40.89452137499909],[19.38079380793809,40.90802999315814],[19.391593915939154,40.91309572496779],[19.40599405994061,40.91816145677744],[19.423994239942402,40.94011296128592],[19.441994419944194,40.94855584763533],[19.427594275942766,40.93673580674614],[19.434794347943495,40.91309572496779],[19.427594275942766,40.8928327977292],[19.427594275942766,40.87256987049061],[19.434794347943495,40.87256987049061],[19.43839438394386,40.88607848864967],[19.43839438394386,40.882701334109896],[19.43839438394386,40.87932417957013],[19.441994419944194,40.87256987049061],[19.452794527945287,40.88607848864967],[19.50679506795069,40.904652838618375],[19.524795247952483,40.919850034047315],[19.524795247952483,40.945178693095556],[19.51399513995142,40.96544162033415],[19.503195031950327,40.982327393032975],[19.4959949599496,41.00259032027158],[19.492394923949234,40.97726166122334],[19.477994779947807,40.95362157944497],[19.452794527945287,40.92322718858709],[19.452794527945287,40.92829292039673],[19.449194491944922,40.93504722947627],[19.459994599946015,40.941801538555794],[19.47079470794708,40.95699873398475],[19.477994779947807,40.97557308395345],[19.474394743947443,40.99583601119204],[19.47079470794708,41.00090174300169],[19.452794527945287,41.00596747481134],[19.449194491944922,41.009344629351105],[19.441994419944194,41.02116467024028],[19.441994419944194,41.02623040204993],[19.44559445594456,41.031296133859584],[19.45639456394565,41.107282111004295],[19.452794527945287,41.12247930643325],[19.44559445594456,41.129233615512774],[19.441994419944194,41.13767650186219],[19.441994419944194,41.144430810941714],[19.46359463594638,41.15118512002125],[19.467194671946714,41.16300516091043],[19.467194671946714,41.176513779069495],[19.467194671946714,41.18833381995867],[19.510395103951055,41.23730256078527],[19.517595175951755,41.25587691075398],[19.51399513995142,41.276139837992574],[19.503195031950327,41.294714187961276],[19.4887948879489,41.30653422885045],[19.47079470794708,41.311599960660104],[19.449194491944922,41.311599960660104],[19.43119431194313,41.31328853792999],[19.42039420394204,41.32342000154928],[19.41319413194134,41.341994351518],[19.41319413194134,41.38252020599518],[19.409594095940975,41.39096309234459],[19.39519395193952,41.40278313323377],[19.391593915939154,41.41291459685307],[19.40599405994061,41.401094555963894],[19.427594275942766,41.401094555963894],[19.44559445594456,41.414603174122945],[19.441994419944194,41.441620410441075],[19.46359463594638,41.45006329679049],[19.4887948879489,41.46694906948932],[19.510395103951055,41.48721199672791],[19.517595175951755,41.51422923304604],[19.51399513995142,41.52942642847498],[19.50679506795069,41.5361807375545],[19.4959949599496,41.539557892094265],[19.48159481594817,41.54462362390392],[19.467194671946714,41.55475508752322],[19.452794527945287,41.57501801476181],[19.441994419944194,41.5851494783811],[19.528395283952847,41.576706592031684],[19.55719557195573,41.58346090111122],[19.56439564395646,41.5851494783811],[19.585995859958615,41.61892102377875],[19.593195931959315,41.61892102377875],[19.593195931959315,41.608789560159465],[19.59679596795968,41.602035251079926],[19.603996039960407,41.602035251079926],[19.611196111961135,41.6054124056197],[19.603996039960407,41.63242964193782],[19.600396003960043,41.639183951017344],[19.593195931959315,41.63242964193782],[19.585995859958615,41.64087252828723],[19.55719557195573,41.66113545552582],[19.578795787957887,41.68815269184395],[19.575195751957523,41.71854708270183],[19.57159571595716,41.75231862809949],[19.57159571595716,41.770892978068204],[19.58959589595898,41.76582724625855],[19.600396003960043,41.77933586441762],[19.600396003960043,41.79959879165621],[19.593195931959315,41.81817314162491],[19.585995859958615,41.81817314162491],[19.467194671946714,41.85532184156233],[19.452794527945287,41.86207615064187],[19.43119431194313,41.868830459721394],[19.366393663936634,41.851944687022566],[19.3627936279363,41.86207615064187],[19.366393663936634,41.889093386959985],[19.35559355593557,41.89922485057929],[19.348393483934842,41.90597915965881],[19.344793447934478,41.911044891468464],[19.344793447934478,41.91442204600823],[19.344793447934478,41.921176355087766],[19.348393483934842,41.9262420868974],[19.351993519935206,41.931307818707054],[19.351993519935206,41.938062127786594],[19.344793447934478,41.96170220956495],[19.351993519935206,41.96507936410471],[19.359193591935934,41.9667679413746],[19.366393663936634,41.97014509591436],[19.369993699936998,41.98703086861319],[19.3627936279363,41.993785177692715],[19.35559355593557,42.00898237312167],[19.351993519935206,42.02755672309037],[19.351993519935206,42.04781965032896],[19.35559355593557,42.06470542302779],[19.373593735937362,42.09509981388568],[19.373593735937362,42.103542700235096],[19.369993699936998,42.10691985477486],[19.35559355593557,42.120428472933924],[19.297992979929802,42.1508228637918],[19.283592835928374,42.16433148195087],[19.272792727927282,42.181217254649695],[19.276392763927646,42.191348718269],[19.30519305193053,42.21498880004735],[19.398793987939882,42.326434899859606],[19.402394023940246,42.33150063166926],[19.402394023940246,42.34500924982832],[19.402394023940246,42.35176355890785],[19.41319413194134,42.368649331606676],[19.416794167941674,42.37371506341633],[19.467194671946714,42.41761807243327],[19.48159481594817,42.4345038451321],[19.503195031950327,42.4446353087514],[19.517595175951755,42.458143926910466],[19.53199531995321,42.47502969960928],[19.542795427954275,42.493604049577996],[19.549995499955003,42.508801245006936],[19.560795607956095,42.515555554086475],[19.575195751957523,42.522309863166],[19.58959589595898,42.5324413267853],[19.593195931959315,42.54426136767448],[19.600396003960043,42.571278603992596],[19.603996039960407,42.58478722215166],[19.6219962199622,42.60505014939025],[19.64719647196472,42.62700165389873],[19.65799657996581,42.635444540248145],[19.675996759967603,42.64726458113732],[19.69759697596976,42.65401889021685],[19.72279722797228,42.64557600386743],[19.737197371973735,42.62362449935897],[19.744397443974435,42.598295840310726],[19.7479974799748,42.588164376691424],[19.7479974799748,42.57972149034201],[19.744397443974435,42.57972149034201],[19.7407974079741,42.57465575853236],[19.73359733597337,42.56283571764318],[19.73359733597337,42.55608140856366],[19.729997299973007,42.54088421313472],[19.729997299973007,42.53412990405518],[19.73359733597337,42.52399844043589],[19.751597515975163,42.493604049577996],[19.78399783997841,42.47502969960928],[19.801998019980203,42.468275390529755],[19.819998199981995,42.466586813259866],[19.830798307983088,42.468275390529755],[19.83439834398345,42.46996396779964],[19.8739987399874,42.48684974049847],[19.881198811988128,42.493604049577996],[19.906399063990648,42.50711266773706],[19.956799567995688,42.50542409046717],[19.981999819998208,42.510489822276824],[20.01800018000182,42.545949944944354],[20.039600396003976,42.557769985833545],[20.064800648006496,42.545949944944354],[20.086400864008652,42.530752749515415],[20.136801368013693,42.508801245006936],[20.15120151201512,42.493604049577996],[20.180001800018005,42.44294673148151],[20.187201872018733,42.43788099967186],[20.198001980019797,42.42774953605257],[20.205202052020525,42.41930664970316],[20.205202052020525,42.41255234062362],[20.19440194401946,42.40073229973444],[20.19440194401946,42.39397799065492],[20.198001980019797,42.38722368157539],[20.212402124021253,42.37709221795609],[20.21960219602198,42.37202648614644],[20.21960219602198,42.363583599797025],[20.21960219602198,42.35007498163796],[20.21960219602198,42.343320672558434],[20.230402304023045,42.326434899859606],[20.237602376023773,42.31968059078008],[20.248402484024837,42.31799201351019],[20.316803168031697,42.31968059078008],[20.33480334803349,42.31799201351019],[20.457204572045725,42.25044892271488],[20.475204752047517,42.23694030455583],[20.482404824048245,42.23018599547629],[20.500405004050037,42.21161164550759],[20.540005400054014,42.1508228637918],[20.550805508055078,42.123805627473686],[20.550805508055078,42.10523127750497],[20.550805508055078,42.0731483093772],[20.558005580055806,42.0545739594085],[20.590405904059054,41.993785177692715],[20.594005940059418,41.973522250454124],[20.597605976059754,41.96001363229506],[20.597605976059754,41.94819359140588],[20.590405904059054,41.92961924143718],[20.57960579605796,41.921176355087766],[20.572405724057234,41.91779920054799],[20.568805688056898,41.91273346873835],[20.56160561605617,41.900913427849176],[20.56160561605617,41.89247054149976],[20.568805688056898,41.88065050061057],[20.568805688056898,41.873896191531045]]]}},{"type":"Feature","properties":{"territory_id":"AT-01","country_code":"AT","country_name":"Austria","display_name":"Western Austria","strategic_centre":"Innsbruck","centre":[11.3933,47.2683],"boundary_status":"provisional-strategic-partition"},"geometry":{"type":"Polygon","coordinates":[[[9.520295202952042,47.262146259726734],[9.55269552695529,47.29929495966417],[9.588695886958874,47.32800077325217],[9.592295922959238,47.3347550823317],[9.595895958959602,47.351640855030524],[9.599495994959966,47.36177231864983],[9.639096390963914,47.39385528677758],[9.649896498965006,47.40905248220653],[9.649896498965006,47.45126691395359],[9.621096210962122,47.46984126392232],[9.58509585095851,47.47997272754159],[9.556295562955626,47.5103671183995],[9.55269552695529,47.517121427479026],[9.549095490954926,47.534007200177854],[9.55269552695529,47.53231862290798],[9.613896138961394,47.52218715928868],[9.675096750967526,47.52218715928868],[9.70389703897041,47.53063004563808],[9.718297182971838,47.547515818336905],[9.72909729097293,47.56440159103573],[9.75429754297545,47.58128736373456],[9.768697686976878,47.588041672814086],[9.783097830978306,47.588041672814086],[9.797497974979763,47.58466451827434],[9.808298082980826,47.57622163192491],[9.81189811898119,47.56440159103573],[9.808298082980826,47.552581550146556],[9.81189811898119,47.54245008652725],[9.833498334983346,47.534007200177854],[9.840698406984075,47.53569577744773],[9.855098550985502,47.54076150925738],[9.858698586985867,47.54076150925738],[9.88749887498875,47.534007200177854],[9.919899198991999,47.53231862290798],[9.934299342993427,47.534007200177854],[9.945099450994519,47.54076150925738],[9.948699486994883,47.52387573655855],[9.959499594995947,47.51543285020915],[9.970299702997039,47.50698996385972],[9.981099810998103,47.49348134570067],[9.981099810998103,47.481661304811496],[9.991899918999195,47.476595573001845],[10.002700027000287,47.47997272754159],[10.009900099000987,47.485038459351244],[10.024300243002443,47.48841561389102],[10.07110071100712,47.43944687306441],[10.081900819008183,47.427626832175235],[10.074700747007483,47.41749536855593],[10.053100531005327,47.405675327666756],[10.063900639006391,47.39554386404748],[10.067500675006755,47.38541240042818],[10.067500675006755,47.37528093680888],[10.074700747007483,47.365149473189575],[10.081900819008183,47.35839516411005],[10.089100891008911,47.360083741379924],[10.09630096300964,47.3634608959197],[10.110701107011067,47.36683805045948],[10.114301143011431,47.36683805045948],[10.125101251012524,47.3634608959197],[10.132301323013223,47.3634608959197],[10.135901359013587,47.365149473189575],[10.14670146701468,47.373592359539],[10.189901899018992,47.378658091348655],[10.207902079020784,47.3719037822691],[10.207902079020784,47.35501800957027],[10.189901899018992,47.31786930963287],[10.193501935019356,47.31111500055334],[10.193501935019356,47.30436069147382],[10.189901899018992,47.297606382394264],[10.186301863018628,47.294229227854515],[10.1719017190172,47.29254065058461],[10.168301683016836,47.29085207331474],[10.161101611016107,47.27903203242556],[10.153901539015408,47.272277723346036],[10.161101611016107,47.27058914607616],[10.175501755017564,47.272277723346036],[10.240302403024032,47.27734345515569],[10.261902619026188,47.28409776423521],[10.305103051030528,47.302672114203915],[10.326703267032684,47.31449215509309],[10.344703447034476,47.33137792779192],[10.366303663036632,47.36177231864983],[10.369903699036996,47.36683805045948],[10.380703807038088,47.3719037822691],[10.402304023040244,47.37696951407875],[10.413104131041308,47.38034666861853],[10.427504275042764,47.39554386404748],[10.441904419044192,47.41580679128606],[10.452704527045285,47.43944687306441],[10.452704527045285,47.45970980030302],[10.44910449104492,47.47321841846207],[10.441904419044192,47.481661304811496],[10.434704347043464,47.48841561389102],[10.420304203042036,47.49348134570067],[10.431104311043129,47.53231862290798],[10.431104311043129,47.54245008652725],[10.4239042390424,47.552581550146556],[10.416704167041672,47.56440159103573],[10.413104131041308,47.57284447738516],[10.427504275042764,47.57622163192491],[10.445504455044556,47.579598786464686],[10.452704527045285,47.58128736373456],[10.456304563045649,47.579598786464686],[10.459904599045984,47.569467322845384],[10.459904599045984,47.566090168305635],[10.456304563045649,47.561024436495984],[10.452704527045285,47.55427012741643],[10.452704527045285,47.54582724106703],[10.459904599045984,47.54245008652725],[10.467104671046712,47.53738435471763],[10.481504815048169,47.53231862290798],[10.52470524705248,47.5289414683682],[10.535505355053544,47.53063004563808],[10.549905499055,47.53738435471763],[10.571505715057157,47.55595870468633],[10.582305823058249,47.56271301376586],[10.607506075060769,47.56271301376586],[10.74070740707407,47.5289414683682],[10.744307443074433,47.525564313828426],[10.747907479074797,47.5204985820188],[10.751507515075161,47.51543285020915],[10.762307623076225,47.51374427293925],[10.79110791107911,47.51543285020915],[10.830708307083086,47.5289414683682],[10.845108451084513,47.53063004563808],[10.85950859508597,47.53063004563808],[10.870308703087034,47.52725289109833],[10.89190891908919,47.51543285020915],[10.88470884708849,47.5086785411296],[10.852308523085242,47.49348134570067],[10.85950859508597,47.485038459351244],[10.90990909909101,47.46815268665242],[10.96030960309605,47.43269256398489],[10.963909639096386,47.427626832175235],[10.963909639096386,47.42087252309571],[10.96030960309605,47.414118214016185],[10.956709567095686,47.40905248220653],[10.963909639096386,47.39554386404748],[10.978309783097842,47.39047813223783],[11.082710827108286,47.38878955496793],[11.104311043110442,47.39385528677758],[11.16911169111691,47.42424967763549],[11.19431194311943,47.42931540944511],[11.215912159121586,47.422561100365584],[11.21231212312125,47.39554386404748],[11.23751237512377,47.39385528677758],[11.259112591125927,47.400609595857105],[11.273512735127355,47.41074105947641],[11.287912879128811,47.422561100365584],[11.305913059130603,47.436069718524664],[11.323913239132395,47.43944687306441],[11.367113671136707,47.43944687306441],[11.385113851138527,47.44451260487406],[11.392313923139227,47.454644068493366],[11.388713887138891,47.46139837757289],[11.377913779137799,47.46646410938254],[11.367113671136707,47.46984126392232],[11.413914139141411,47.50530138658985],[11.435514355143567,47.5103671183995],[11.460714607146087,47.50698996385972],[11.482314823148243,47.50192423205007],[11.52911529115292,47.5086785411296],[11.550715507155076,47.51374427293925],[11.568715687156867,47.52725289109833],[11.575915759157596,47.53738435471763],[11.583115831158324,47.55933585922608],[11.590315903159052,47.57115590011526],[11.615516155161572,47.58635309554421],[11.619116191161908,47.58973025008399],[11.640716407164092,47.58973025008399],[11.683916839168404,47.58297594100446],[11.763117631176328,47.58297594100446],[11.820718207182068,47.574533054655035],[11.83151831518316,47.57791020919481],[11.842318423184253,47.59479598189364],[11.853118531185316,47.59986171370326],[11.935919359193605,47.609993177322565],[12.16632166321665,47.60323886824304],[12.17352173521735,47.604927445512914],[12.202322023220233,47.63025610456117],[12.205922059220597,47.637010413640695],[12.205922059220597,47.672470536308225],[12.202322023220233,47.677536268117876],[12.19872198721987,47.68091342265765],[12.187921879218806,47.685979154467304],[12.180721807218077,47.69273346354683],[12.177121771217713,47.69779919535648],[12.177121771217713,47.70624208170588],[12.19152191521917,47.70961923624566],[12.21672216722169,47.72312785440471],[12.22392223922239,47.72819358621436],[12.238322383223846,47.73157074075414],[12.24192241922421,47.73157074075414],[12.238322383223846,47.72819358621436],[12.238322383223846,47.71637354532518],[12.234722347223482,47.70961923624566],[12.227522275222753,47.70286492716613],[12.22392223922239,47.69611061808658],[12.227522275222753,47.6842905771974],[12.238322383223846,47.67922484538775],[12.24912249122491,47.67922484538775],[12.270722707227065,47.68766773173718],[12.29232292322925,47.68935630900705],[12.34992349923499,47.68091342265765],[12.36792367923681,47.6842905771974],[12.407524075240758,47.694422040816704],[12.42552425524255,47.691044886276956],[12.429124291242914,47.685979154467304],[12.439924399244006,47.664027649958825],[12.44352443524437,47.6555847636094],[12.454324543245434,47.650519031799746],[12.483124831248318,47.63363325910092],[12.497524975249746,47.628567527291295],[12.515525155251567,47.628567527291295],[12.537125371253723,47.631944681831044],[12.555125551255514,47.63532183637082],[12.562325623256243,47.642076145450346],[12.598325983259826,47.66233907268892],[12.616326163261647,47.66909338176848],[12.65232652326523,47.675847690848],[12.688326883268843,47.675847690848],[12.745927459274611,47.6657162272287],[12.760327603276039,47.667404804498574],[12.753127531275311,47.64883045452987],[12.767527675276767,47.637010413640695],[12.792727927279287,47.62519037275152],[12.814328143281443,47.61168175459247],[12.78552785527856,47.60323886824304],[12.774727747277467,47.579598786464686],[12.778327783277831,47.55427012741643],[12.803528035280351,47.54076150925738],[12.817928179281807,47.539072931987505],[12.828728287282871,47.53738435471763],[12.8359283592836,47.53231862290798],[12.882728827288275,47.498547077510324],[12.933129331293316,47.47321841846207],[12.943929439294408,47.46984126392232],[12.951129511295107,47.47321841846207],[12.958329583295836,47.47490699573197],[12.969129691296928,47.47490699573197],[12.979929799297992,47.47152984119219],[12.983529835298356,47.46815268665242],[12.990729907299084,47.46646410938254],[13.001530015300148,47.46646410938254],[13.008730087300876,47.46984126392232],[13.03753037530376,47.49348134570067],[13.03753037530376,47.50192423205007],[13.033930339303396,47.50698996385972],[13.030330303303032,47.512055695669375],[13.030330303303032,47.5188100047489],[13.026730267302668,47.52387573655855],[13.026730267302668,47.54245008652725],[13.030330303303032,47.544138663797156],[13.041130411304124,47.561024436495984],[13.041130411304124,47.56271301376586],[13.03753037530376,47.561024436495984],[13.03753037530376,47.58466451827434],[13.041130411304124,47.58297594100446],[13.055530555305552,47.59817313643339],[13.059130591305916,47.59986171370326],[13.069930699307008,47.62012464094187],[13.073530735307372,47.62181321821174],[13.073530735307372,47.658961918149174],[13.06273062730628,47.67415911357813],[13.044730447304488,47.69611061808658],[13.033930339303396,47.70624208170588],[13.019530195301968,47.712996390785406],[13.005130051300512,47.71468496805531],[12.979929799297992,47.707930658975755],[12.965529655296564,47.70455350443601],[12.907929079290795,47.712996390785406],[12.893528935289368,47.72312785440471],[12.91152911529116,47.74339078164331],[12.918729187291888,47.75014509072284],[12.918729187291888,47.76365370888189],[12.922329223292252,47.76871944069154],[12.925929259292587,47.77716232704097],[12.990729907299084,47.846393995106155],[12.98712987129872,47.8497711496459],[12.965529655296564,47.87172265415438],[12.929529295292951,47.92406854952077],[12.915129151291524,47.935888590409945],[12.907929079290795,47.939265744949694],[12.88632886328864,47.95277436310877],[12.86112861128612,47.96290582672805],[12.853928539285391,47.9696601358076],[12.850328503285027,47.98148017669678],[12.846728467284692,47.98316875396665],[12.846728467284692,47.993300217585954],[12.832328323283235,48.01525172209443],[12.760327603276039,48.064220462921014],[12.749527495274947,48.07435192654032],[12.742327423274247,48.08617196742949],[12.738727387273883,48.099680585588544],[12.738727387273883,48.11318920374762],[12.745927459274611,48.11994351282715],[12.753127531275311,48.12163209009702],[12.756727567275675,48.12163209009702],[12.763927639276403,48.123320667366926],[12.778327783277831,48.13851786279585],[12.781927819278195,48.14189501733563],[12.821528215282171,48.16046936730433],[12.8359283592836,48.17060083092363],[12.853928539285391,48.189175180892335],[12.86112861128612,48.19592948997186],[12.879128791287911,48.202683799051414],[12.933129331293316,48.20943810813094],[12.933129331293316,48.211126685400814],[12.947529475294772,48.21956957175021],[12.979929799297992,48.23138961263942],[13.015930159301604,48.256718271687646],[13.033930339303396,48.26347258076717],[13.134731347313476,48.2904898170853],[13.275132751327533,48.30737558978413],[13.307533075330753,48.319195630673306],[13.404734047340469,48.376607257849315],[13.419134191341925,48.39180445327827],[13.426334263342653,48.41375595778675],[13.426334263342653,48.4188216895964],[13.429934299342989,48.42388742140602],[13.437134371343717,48.430641730485576],[13.437134371343717,48.47792189404228],[13.444334443344445,48.488053357661585],[13.455134551345509,48.50662770763029],[13.458734587345873,48.51675917124959],[13.458734587345873,48.52520205759899],[13.44793447934481,48.53533352121829],[13.444334443344445,48.55221929391712],[13.440734407344081,48.55728502572677],[13.440734407344081,48.56066218026652],[13.444334443344445,48.56741648934607],[13.455134551345509,48.5741707984256],[13.487534875348757,48.580925107505124],[13.519935199352005,48.5843022620449],[13.62433624336245,48.56572791207617],[13.642336423364242,48.558973602996645],[13.65673656736567,48.550530716647245],[13.67473674736749,48.53533352121829],[13.714337143371438,48.523513480329115],[13.717937179371802,48.52182490305924],[13.72513725137253,48.54884213937734],[13.728885747196221,48.5541167740006],[14.126369794140006,46.448635320232],[14.081540815408175,46.47526925196141],[14.067140671406719,46.48033498377106],[14.049140491404927,46.48371213831081],[14.031140311403135,46.48540071558068],[14.013140131401315,46.48202356104093],[13.998739987399887,46.48033498377106],[13.980739807398095,46.48202356104093],[13.890738907389078,46.51241795189881],[13.861938619386194,46.51579510643859],[13.797137971379726,46.50735222008916],[13.78273782737827,46.50735222008916],[13.714337143371438,46.51917226097834],[13.69993699937001,46.51917226097834],[13.685536855368554,46.51748368370846],[13.671136711367126,46.51917226097834],[13.54873548735489,46.54618949729647],[13.505535055350549,46.54618949729647],[13.49833498334985,46.55125522910612],[13.483934839348393,46.56138669272542],[13.476734767347693,46.563075269995295],[13.415534155341561,46.55969811545555],[13.372333723337249,46.56645242453507],[13.271532715327169,46.55125522910612],[13.231932319323192,46.55294380637599],[13.210332103321036,46.558009538185644],[13.145531455314568,46.585026774503774],[13.06273062730628,46.598535392662825],[12.828728287282871,46.610355433552],[12.774727747277467,46.63568409260026],[12.749527495274947,46.64074982440991],[12.738727387273883,46.64243840167978],[12.731527315273155,46.64243840167978],[12.717127171271727,46.63737266987013],[12.706327063270635,46.63737266987013],[12.699126991269907,46.64074982440991],[12.67752677526775,46.64919271075931],[12.670326703267051,46.652569865299085],[12.61992619926201,46.655947019838834],[12.562325623256243,46.65088128802921],[12.547925479254786,46.652569865299085],[12.529925299252994,46.65763559710874],[12.50112501125011,46.67283279253766],[12.46872468724689,46.67620994707744],[12.447124471244706,46.67789852434731],[12.403924039240394,46.68971856523649],[12.371523715237146,46.71167006974497],[12.34992349923499,46.74375303787275],[12.34272342723429,46.76570454238123],[12.32472324723247,46.772458851460755],[12.306723067230678,46.77414742873063],[12.285122851228522,46.77921316054028],[12.27432274322743,46.78427889234993],[12.270722707227065,46.78934462415958],[12.26712267122673,46.79609893323911],[12.26712267122673,46.807918974128285],[12.270722707227065,46.81973901501746],[12.27432274322743,46.82649332409699],[12.277922779227794,46.83324763317654],[12.27432274322743,46.84675625133559],[12.26712267122673,46.86870775584407],[12.24912249122491,46.875462064923596],[12.209522095220962,46.87715064219347],[12.195121951219505,46.88052779673325],[12.187921879218806,46.8855935285429],[12.184321843218441,46.89065926035255],[12.17352173521735,46.89910214670195],[12.162721627216285,46.902479301241726],[12.137521375213765,46.905856455781475],[12.126721267212673,46.90923361032125],[12.14112141121413,46.919365073940554],[12.14112141121413,46.927807960289954],[12.133921339213401,46.937939423909256],[12.126721267212673,46.94807088752856],[12.12312123121231,46.97171096930691],[12.119521195211945,46.98353101019609],[12.112321123211245,46.99366247381539],[12.12312123121231,47.01054824651422],[12.180721807218077,47.03418832829257],[12.202322023220233,47.052762678261274],[12.202322023220233,47.066271296420354],[12.205922059220597,47.079779914579404],[12.180721807218077,47.084845646389056],[12.133921339213401,47.07809133730953],[12.11592115921161,47.07640276003963],[12.015120151201529,47.0409426373721],[11.943119431194333,47.03756548283235],[11.899918999189993,47.02743401921305],[11.85671856718568,47.01223682378409],[11.820718207182068,46.99366247381539],[11.777517775177756,46.98859674200574],[11.766717667176692,46.98353101019609],[11.745117451174508,46.97171096930691],[11.734317343173444,46.97002239203704],[11.716317163171652,46.97508812384669],[11.683916839168404,46.99197389654552],[11.665916659166612,46.99366247381539],[11.658716587165884,46.99197389654552],[11.647916479164792,46.99366247381539],[11.597515975159752,47.000416782894916],[11.572315723157232,46.99872820562504],[11.543515435154347,46.99366247381539],[11.532715327153284,46.990285319275614],[11.525515255152555,46.98859674200574],[11.514715147151492,46.990285319275614],[11.507515075150764,46.99366247381539],[11.500315003150035,46.99703962835514],[11.496714967149671,47.00210536016479],[11.489514895148972,47.00379393743469],[11.471514715147151,47.00717109197444],[11.460714607146087,47.00548251470457],[11.45351453514536,47.000416782894916],[11.446314463144631,46.99366247381539],[11.410314103141047,46.97002239203704],[11.381513815138163,46.97171096930691],[11.349113491134915,46.981842432926214],[11.313113131131331,46.986908164735866],[11.24471244712447,46.97846527838644],[11.172711727117274,46.96326808295751],[11.158311583115847,46.95651377387796],[11.09351093510935,46.91261076486103],[11.082710827108286,46.90079072397185],[11.071910719107194,46.865330601304294],[11.053910539105402,46.834936210446415],[11.053910539105402,46.81467328320781],[11.046710467104674,46.81129612866806],[11.03591035910361,46.807918974128285],[11.032310323103246,46.80623039685841],[11.01071010710109,46.77921316054028],[10.996309963099634,46.76908169692098],[10.981909819098206,46.7673931196511],[10.96750967509675,46.772458851460755],[10.931509315093166,46.77414742873063],[10.913509135091346,46.772458851460755],[10.881108811088126,46.76401596511133],[10.870308703087034,46.76401596511133],[10.85950859508597,46.7673931196511],[10.84150841508415,46.777524583270406],[10.83430834308345,46.780901737810154],[10.823508235082357,46.780901737810154],[10.805508055080566,46.77583600600053],[10.794707947079473,46.777524583270406],[10.76590765907659,46.78765604688971],[10.755107551075525,46.79103320142946],[10.73350733507337,46.785967469619806],[10.722707227072277,46.785967469619806],[10.715507155071549,46.794410355969234],[10.722707227072277,46.799476087778885],[10.744307443074433,46.812984705937936],[10.747907479074797,46.81973901501746],[10.74070740707407,46.829870478636764],[10.661506615066145,46.86026486949464],[10.647106471064717,46.86364202403442],[10.629106291062925,46.861953446764545],[10.528305283052845,46.843379096795815],[10.485104851048504,46.84675625133559],[10.452704527045285,46.86364202403442],[10.452704527045285,46.8855935285429],[10.463504635046348,46.919365073940554],[10.459904599045984,46.93625084663938],[10.44910449104492,46.94469373298878],[10.416704167041672,46.96157950568761],[10.395103951039516,46.98521958746596],[10.384303843038424,46.99366247381539],[10.380703807038088,46.995351051085265],[10.37350373503736,46.99703962835514],[10.366303663036632,46.995351051085265],[10.337503375033748,46.98353101019609],[10.312303123031228,46.96495666022739],[10.2979029790298,46.94131657844903],[10.294302943029436,46.9227422284803],[10.269102691026916,46.92105365121043],[10.251102511025124,46.92611938302008],[10.236702367023668,46.9227422284803],[10.218702187021876,46.905856455781475],[10.215102151021512,46.892347837622424],[10.215102151021512,46.883904951273024],[10.211502115021148,46.87715064219347],[10.200702007020084,46.867019178574196],[10.157501575015743,46.85182198314524],[10.132301323013223,46.84675625133559],[10.110701107011067,46.84675625133559],[10.067500675006755,46.856887714954894],[10.0459004590046,46.865330601304294],[10.006300063000623,46.89065926035255],[9.898298982989843,46.9142993421309],[9.876698766987687,46.927807960289954],[9.86229862298623,46.93962800117913],[9.86229862298623,46.959890928417735],[9.865898658986595,46.98353101019609],[9.869498694986959,46.99366247381539],[9.869498694986959,46.99872820562504],[9.865898658986595,47.00210536016479],[9.86229862298623,47.00210536016479],[9.855098550985502,47.00379393743469],[9.858698586985867,47.01561397832387],[9.667896678966798,47.05613983280105],[9.65349653496537,47.057828410070925],[9.599495994959966,47.052762678261274],[9.581495814958146,47.05613983280105],[9.61029610296103,47.08146849184928],[9.617496174961758,47.106797150897535],[9.606696066960666,47.13212580994576],[9.581495814958146,47.15407731445424],[9.55269552695529,47.16758593261329],[9.55269552695529,47.17602881896272],[9.563495634956354,47.191226014391674],[9.563495634956354,47.1979803234712],[9.55269552695529,47.21148894163025],[9.545495454954562,47.21993182797968],[9.541895418954198,47.22837471432908],[9.545495454954562,47.24357190975803],[9.531095310953106,47.253703373377334],[9.520295202952042,47.262146259726734]]]}},{"type":"Feature","properties":{"territory_id":"AT-02","country_code":"AT","country_name":"Austria","display_name":"Eastern Austria and Vienna","strategic_centre":"Vienna","centre":[16.3725,48.2083],"boundary_status":"provisional-strategic-partition"},"geometry":{"type":"Polygon","coordinates":[[[13.728885747196221,48.5541167740006],[13.73233732337323,48.558973602996645],[13.735937359373594,48.558973602996645],[13.75753757537575,48.56066218026652],[13.764737647376478,48.564039334806296],[13.77553775537757,48.56910506661595],[13.779137791377934,48.5741707984256],[13.797137971379726,48.59781088020395],[13.80073800738009,48.611319498363],[13.804338043380454,48.626516693791956],[13.80793807938079,48.643402466490784],[13.80073800738009,48.675485434618565],[13.804338043380454,48.68730547550774],[13.815138151381518,48.69574836185714],[13.804338043380454,48.69912551639692],[13.80073800738009,48.70250267093667],[13.789937899378998,48.716011289095746],[13.78273782737827,48.716011289095746],[13.786337863378634,48.724454175445146],[13.815138151381518,48.76666860719223],[13.854738547385494,48.759914298112705],[13.87633876338765,48.75315998903315],[13.894338943389442,48.74302852541388],[13.915939159391598,48.73120848452467],[13.980739807398095,48.705879825476444],[13.991539915399159,48.70081409366679],[14.00954009540095,48.683928320967965],[14.013140131401315,48.675485434618565],[14.020340203402043,48.67210828007879],[14.027540275402771,48.670419702808914],[14.031140311403135,48.66704254826914],[14.03474034740347,48.661976816459486],[14.031140311403135,48.65522250737996],[14.027540275402771,48.653533930110086],[14.023940239402407,48.65522250737996],[14.020340203402043,48.653533930110086],[14.013140131401315,48.643402466490784],[14.00954009540095,48.64171388922091],[14.005940059400615,48.64002531195101],[14.00954009540095,48.626516693791956],[14.016740167401679,48.61976238471243],[14.031140311403135,48.60625376655335],[14.041940419404199,48.60118803474373],[14.074340743407447,48.591056571124426],[14.214742147421475,48.580925107505124],[14.315543155431556,48.55728502572677],[14.326343263432648,48.558973602996645],[14.333543335433347,48.56066218026652],[14.355143551435532,48.57079364388582],[14.405544055440572,48.585990839314775],[14.419944199442,48.59781088020395],[14.44514445144452,48.63664815741126],[14.459544595445948,48.643402466490784],[14.481144811448132,48.62482811652208],[14.52074520745208,48.611319498363],[14.535145351453508,48.607942343823254],[14.549545495454964,48.611319498363],[14.578345783457848,48.61976238471243],[14.592745927459276,48.621450961982305],[14.599945999460004,48.618073807442556],[14.603546035460369,48.611319498363],[14.603546035460369,48.599499457473826],[14.614346143461432,48.599499457473826],[14.628746287462889,48.6028766120136],[14.635946359463588,48.6028766120136],[14.64674646746468,48.5927451483943],[14.650346503465045,48.5843022620449],[14.657546575465773,48.57754795296535],[14.675546755467565,48.57585937569547],[14.689946899468993,48.585990839314775],[14.69714697146972,48.58936799385455],[14.700747007470085,48.61469665290278],[14.700747007470085,48.64677962103056],[14.704347043470449,48.67379685734866],[14.72234722347224,48.69405978458727],[14.776347763477645,48.724454175445146],[14.779947799478009,48.74302852541388],[14.790747907479073,48.75484856630305],[14.794347943479437,48.76666860719223],[14.801548015480165,48.776800070811504],[14.815948159481593,48.78017722535128],[14.866348663486633,48.77511149354163],[14.920349203492037,48.76160287538258],[14.93834938349383,48.76329145265245],[14.952749527495286,48.78017722535128],[14.949149491494921,48.781865802621155],[14.945549455494557,48.78862011170071],[14.93834938349383,48.79706299805011],[14.93834938349383,48.81057161620916],[14.945549455494557,48.822391657098336],[14.967149671496713,48.884869016084],[14.967149671496713,48.91188625240213],[14.96354963549635,48.94396922052991],[14.96354963549635,48.97098645684804],[14.977949779497806,48.99293796135649],[14.977949779497806,49.00644657951557],[14.98154981549817,49.00813515678544],[15.003150031500326,49.00982373405532],[15.060750607506094,48.99800369316614],[15.136351363513654,48.99293796135649],[15.143551435514354,48.97942934319744],[15.150751507515082,48.96592072503839],[15.147151471514718,48.95241210687931],[15.143551435514354,48.93721491145038],[15.161551615516174,48.93721491145038],[15.237152371523734,48.950723529609434],[15.244352443524434,48.95241210687931],[15.25875258752589,48.964232147768485],[15.25875258752589,48.969297879578136],[15.262352623526255,48.982806497737215],[15.26595265952659,48.986183652276964],[15.273152731527318,48.986183652276964],[15.280352803528046,48.982806497737215],[15.28395283952841,48.977740765927564],[15.287552875528775,48.97605218865769],[15.33435334353345,48.97436361138779],[15.35955359553597,48.97098645684804],[15.406354063540647,48.95410068414921],[15.449554495544959,48.94565779779978],[15.471154711547115,48.93721491145038],[15.521555215552155,48.90850909786238],[15.543155431554311,48.90344336605273],[15.604356043560443,48.8865575933539],[15.679956799568004,48.857851779765895],[15.705157051570524,48.85447462522612],[15.72675726757268,48.85447462522612],[15.744757447574472,48.857851779765895],[15.780757807578084,48.871360397924946],[15.787957879578812,48.87304897519482],[15.816758167581696,48.87304897519482],[15.823958239582396,48.86967182065507],[15.82755827558276,48.857851779765895],[15.834758347583488,48.85278604795624],[15.838358383583852,48.84940889341647],[15.859958599586008,48.84940889341647],[15.870758707587072,48.844343161606815],[15.8779587795878,48.84096600706707],[15.885158851588528,48.84265458433694],[15.874358743587436,48.83252312071764],[15.888758887588892,48.835900275257416],[15.899558995589956,48.83421169798754],[15.906759067590684,48.830834543447764],[15.906759067590684,48.81901450255859],[15.924759247592476,48.822391657098336],[15.931959319593204,48.81901450255859],[15.931959319593204,48.80719446166941],[16.032760327603285,48.7582257208428],[16.08676086760869,48.74302852541388],[16.176761767617677,48.746405679953625],[16.317163171631734,48.732897061794574],[16.33876338763389,48.73627421633432],[16.353163531635317,48.72783132998492],[16.35676356763568,48.72783132998492],[16.374763747637473,48.7295199072548],[16.385563855638566,48.73627421633432],[16.435964359643606,48.795374420780234],[16.453964539645398,48.80212872985976],[16.482764827648282,48.79875157531998],[16.493564935649374,48.800440152589886],[16.511565115651166,48.80550588439954],[16.518765187651894,48.80550588439954],[16.529565295652958,48.803817307129634],[16.54756547565475,48.79706299805011],[16.605166051660518,48.78524295716093],[16.62316623166231,48.78355437989106],[16.644766447664495,48.77848864808141],[16.651966519665194,48.76666860719223],[16.65556655566556,48.751471411763276],[16.662766627666286,48.7396513708741],[16.67356673566735,48.73458563906445],[16.69156691566917,48.732897061794574],[16.727567275672754,48.732897061794574],[16.745567455674575,48.7295199072548],[16.78156781567816,48.714322711825844],[16.79956799567995,48.70925698001622],[16.81756817568177,48.710945557286095],[16.85716857168572,48.719388443635495],[16.871568715687175,48.719388443635495],[16.896768967689695,48.697436939127044],[16.911169111691123,48.63158242560161],[16.94356943569437,48.60456518928348],[16.954369543695435,48.55728502572677],[16.95076950769507,48.545464984837594],[16.947169471694735,48.54039925302794],[16.929169291692915,48.528579212138766],[16.914769147691487,48.52013632578934],[16.90756907569076,48.510004862170064],[16.90036900369003,48.496496244010984],[16.87516875168751,48.47116758496276],[16.864368643686447,48.45765896680368],[16.860768607686083,48.44415034864463],[16.853568535685355,48.390115876008366],[16.84996849968499,48.38336156692884],[16.846368463684655,48.381672989658966],[16.846368463684655,48.376607257849315],[16.84276842768429,48.36478721696014],[16.846368463684655,48.35972148515049],[16.853568535685355,48.35634433061074],[16.87516875168751,48.354655753340836],[16.88236882368824,48.35296717607096],[16.89316893168933,48.346212866991436],[16.90036900369003,48.33945855791191],[16.90756907569076,48.33101567156248],[16.903969039690395,48.327638517022706],[16.90036900369003,48.32088420794318],[16.896768967689695,48.31581847613353],[16.903969039690395,48.314129898863655],[16.903969039690395,48.31244132159378],[16.90756907569076,48.30737558978413],[16.911169111691123,48.300621280704604],[16.914769147691487,48.29724412616483],[16.91836918369185,48.2904898170853],[16.92556925569255,48.287112662545525],[16.93276932769328,48.28542408527565],[16.94356943569437,48.278669776196125],[16.95076950769507,48.27698119892625],[16.954369543695435,48.273604044386474],[16.954369543695435,48.25334111714787],[16.96876968769689,48.216192417210465],[16.97596975969759,48.19930664451164],[16.97596975969759,48.17735514000316],[16.98316983169832,48.16046936730433],[17.00837008370084,48.1435835946055],[17.01917019170193,48.13682928552598],[17.037170371703724,48.1351407082561],[17.047970479704816,48.131763553716326],[17.062370623706244,48.11318920374762],[17.065970659706608,48.1064348946681],[17.080370803708036,48.09799200831867],[17.06957069570697,48.08954912196927],[17.065970659706608,48.07941765834997],[17.05877058770588,48.060843308381266],[17.062370623706244,48.05915473111136],[17.07677076770767,48.05240042203184],[17.06957069570697,48.03551464933301],[17.091170911709128,48.02707176298361],[17.123571235712376,48.020317453904056],[17.148771487714896,48.00512025847513],[17.0839708397084,47.9696601358076],[17.094770947709492,47.96121724945817],[17.094770947709492,47.95615151764852],[17.091170911709128,47.949397208568996],[17.087570875708764,47.94095432221957],[17.087570875708764,47.939265744949694],[17.07677076770767,47.93420001314004],[17.073170731707336,47.93251143587017],[17.07677076770767,47.92744570406052],[17.080370803708036,47.92575712679064],[17.0839708397084,47.92406854952077],[17.087570875708764,47.922379972250866],[17.0839708397084,47.90549419955204],[17.07677076770767,47.89198558139299],[17.065970659706608,47.881854117773685],[17.05157051570515,47.873411231424285],[17.015570155701568,47.868345499614634],[17.004770047700475,47.86327976780498],[17.004770047700475,47.85314830418568],[17.011970119701203,47.84808257237603],[17.029970299702995,47.841328263296504],[17.040770407704088,47.83795110875673],[17.047970479704816,47.819376758788025],[17.055170551705515,47.8126224497085],[17.040770407704088,47.80080240881932],[17.040770407704088,47.783916636120495],[17.047970479704816,47.76365370888189],[17.05157051570515,47.73157074075414],[17.055170551705515,47.721439277134834],[17.062370623706244,47.712996390785406],[17.07677076770767,47.707930658975755],[17.055170551705515,47.70286492716613],[16.98316983169832,47.69611061808658],[16.903969039690395,47.68260199992753],[16.864368643686447,47.685979154467304],[16.84996849968499,47.712996390785406],[16.835568355683563,47.70455350443601],[16.81756817568177,47.6842905771974],[16.80676806768068,47.677536268117876],[16.795967959679615,47.675847690848],[16.74196741967421,47.68091342265765],[16.73116731167312,47.685979154467304],[16.720367203672055,47.694422040816704],[16.713167131671327,47.70455350443601],[16.709567095670963,47.71468496805531],[16.702367023670234,47.72312785440471],[16.69156691566917,47.729882163484234],[16.608766087660882,47.75014509072284],[16.569165691656934,47.753522245262616],[16.529565295652958,47.74339078164331],[16.525965259652594,47.73325931802401],[16.525965259652594,47.71975069986496],[16.52236522365223,47.71130781351553],[16.511565115651166,47.70624208170588],[16.47196471964719,47.691044886276956],[16.461164611646126,47.6842905771974],[16.453964539645398,47.68260199992753],[16.450364503645034,47.68260199992753],[16.443164431644334,47.685979154467304],[16.43956439564397,47.691044886276956],[16.43236432364324,47.685979154467304],[16.417964179641814,47.66909338176848],[16.40716407164072,47.66065049541905],[16.425164251642514,47.65389618633952],[16.482764827648282,47.63869899091057],[16.507965079650802,47.64376472272022],[16.576365763657634,47.62519037275152],[16.608766087660882,47.628567527291295],[16.63036630366304,47.62181321821174],[16.64836648366483,47.606616022782816],[16.65556655566556,47.58635309554421],[16.651966519665194,47.566090168305635],[16.66636666366665,47.55933585922608],[16.68076680766808,47.55089297287668],[16.687966879668807,47.53738435471763],[16.687966879668807,47.52218715928868],[16.677166771667714,47.5103671183995],[16.64836648366483,47.50192423205007],[16.637566375663766,47.49348134570067],[16.64116641166413,47.45295549122349],[16.626766267662674,47.44620118214394],[16.59076590765909,47.42593825490536],[16.482764827648282,47.392166709507705],[16.468364683646854,47.405675327666756],[16.457564575645762,47.41242963674631],[16.443164431644334,47.40905248220653],[16.43236432364324,47.39723244131736],[16.435964359643606,47.35839516411005],[16.435964359643606,47.35501800957027],[16.428764287642878,47.3533294323004],[16.425164251642514,47.351640855030524],[16.425164251642514,47.344886545951],[16.428764287642878,47.34150939141122],[16.43236432364324,47.33982081414135],[16.435964359643606,47.338132236871445],[16.43956439564397,47.33644365960157],[16.468364683646854,47.29254065058461],[16.47196471964719,47.27734345515569],[16.468364683646854,47.26383483699661],[16.453964539645398,47.25539195064721],[16.42156421564215,47.24357190975803],[16.425164251642514,47.22499755978933],[16.410764107641086,47.20304605528085],[16.41436414364145,47.1878488598519],[16.417964179641814,47.18447170531212],[16.425164251642514,47.18447170531212],[16.435964359643606,47.182783128042246],[16.443164431644334,47.177717396232595],[16.443164431644334,47.16758593261329],[16.43236432364324,47.15070015991449],[16.43236432364324,47.14563442810484],[16.44676446764467,47.13888011902529],[16.479164791647918,47.15070015991449],[16.49716497164971,47.14901158264459],[16.507965079650802,47.13719154175541],[16.504365043650438,47.12537150086624],[16.482764827648282,47.10510857362763],[16.461164611646126,47.09666568727823],[16.453964539645398,47.08146849184928],[16.461164611646126,47.06795987369023],[16.482764827648282,47.06458271915045],[16.493564935649374,47.0595169873408],[16.49716497164971,47.05445125553118],[16.493564935649374,47.049385523721526],[16.482764827648282,47.044319791911875],[16.435964359643606,47.0324997510227],[16.425164251642514,47.02405686467327],[16.453964539645398,47.022368287403395],[16.468364683646854,47.01899113286362],[16.482764827648282,47.008859669244345],[16.486364863648646,46.99872820562504],[16.468364683646854,46.995351051085265],[16.443164431644334,46.995351051085265],[16.425164251642514,46.99366247381539],[16.42156421564215,46.990285319275614],[16.41436414364145,46.98859674200574],[16.410764107641086,46.990285319275614],[16.403564035640358,46.99366247381539],[16.38916389163893,47.00210536016479],[16.367563675636774,47.00379393743469],[16.324363243632433,47.000416782894916],[16.28836288362885,47.00548251470457],[16.273962739627393,47.00379393743469],[16.266762667626693,46.99366247381539],[16.259562595625965,46.97846527838644],[16.252362523625237,46.973399546576786],[16.241562415624173,46.97171096930691],[16.234362343623445,46.96664523749726],[16.23076230762308,46.959890928417735],[16.23076230762308,46.94807088752856],[16.223562235622353,46.94131657844903],[16.216362163621653,46.937939423909256],[16.194761947619497,46.93118511482973],[16.169561695616977,46.919365073940554],[16.158761587615885,46.910922187591126],[16.122761227612273,46.87715064219347],[16.108361083610845,46.86870775584407],[16.093960939609417,46.861953446764545],[16.05436054360544,46.84675625133559],[16.032760327603285,46.83831336498619],[16.02916029160292,46.83662478771629],[15.985959859598609,46.829870478636764],[15.982359823598244,46.82818190136689],[15.971559715597152,46.821427592287364],[15.971559715597152,46.81805043774759],[15.97875978759788,46.81636186047771],[15.97875978759788,46.80960755139819],[15.971559715597152,46.777524583270406],[15.971559715597152,46.77583600600053],[15.967959679596817,46.76063881057158],[15.971559715597152,46.74375303787275],[15.982359823598244,46.718424378824494],[16.0039600396004,46.709981492475094],[16.014760147601493,46.69309571977627],[16.018360183601857,46.67114421526779],[15.996759967599672,46.68634141069674],[15.985959859598609,46.69140714250639],[15.946359463594632,46.69647287431604],[15.8779587795878,46.7201129560944],[15.849158491584916,46.72517868790405],[15.823958239582396,46.723490110634145],[15.784357843578448,46.71167006974497],[15.755557555575564,46.70322718339557],[15.730357303573044,46.70322718339557],[15.65115651156512,46.709981492475094],[15.636756367563692,46.71673580155462],[15.633156331563328,46.70322718339557],[15.633156331563328,46.68971856523649],[15.6259562595626,46.68127567888709],[15.622356223562235,46.67789852434731],[15.615156151561536,46.67620994707744],[15.604356043560443,46.67283279253766],[15.589955899559016,46.67620994707744],[15.568355683556831,46.67620994707744],[15.546755467554675,46.67114421526779],[15.532355323553247,46.66438990618826],[15.521555215552155,46.64919271075931],[15.521555215552155,46.647504133489434],[15.517955179551791,46.639061247140035],[15.514355143551455,46.63230693806048],[15.510755107551091,46.62892978352073],[15.49275492754927,46.61879831990143],[15.463954639546415,46.61542116536165],[15.438754387543895,46.62386405171108],[15.435154351543531,46.62724120625083],[15.41715417154171,46.63737266987013],[15.388353883538855,46.64581555621956],[15.33435334353345,46.64412697894966],[15.204752047520486,46.639061247140035],[15.172351723517238,46.64074982440991],[15.103951039510406,46.64581555621956],[15.085950859508614,46.647504133489434],[15.060750607506094,46.64919271075931],[15.003150031500326,46.63737266987013],[14.967149671496713,46.60022396993273],[14.949149491494921,46.61879831990143],[14.934749347493494,46.620486897171304],[14.920349203492037,46.61542116536165],[14.898748987489881,46.60528970174238],[14.895148951489517,46.60528970174238],[14.877148771487725,46.603601124472476],[14.862748627486269,46.60528970174238],[14.851948519485205,46.6019125472026],[14.833948339483413,46.585026774503774],[14.823148231482321,46.568141001804946],[14.815948159481593,46.55125522910612],[14.808748087480893,46.536058033677165],[14.797947979479801,46.51917226097834],[14.787147871478709,46.50735222008916],[14.783547835478373,46.50397506554941],[14.761947619476189,46.495532179199984],[14.736747367473669,46.49384360193011],[14.725947259472605,46.497220756469886],[14.707947079470813,46.492155024660235],[14.704347043470449,46.487089292850584],[14.69714697146972,46.48033498377106],[14.686346863468628,46.47189209742163],[14.679146791467929,46.45838347926258],[14.6719467194672,46.460072056532454],[14.661146611466108,46.460072056532454],[14.643146431464316,46.4448748611035],[14.632346323463253,46.43980912929385],[14.62154621546216,46.438120552023975],[14.599945999460004,46.4364319747541],[14.589145891458912,46.434743397484226],[14.574745747457484,46.41954620205527],[14.567545675456756,46.40097185208657],[14.560345603456028,46.39252896573714],[14.556745567455692,46.38408607938774],[14.538745387453872,46.37902034757809],[14.527945279452808,46.38746323392749],[14.517145171451716,46.40603758389622],[14.502745027450288,46.4178576247854],[14.466744667446676,46.41279189297575],[14.452344523445248,46.41448047024562],[14.437944379443792,46.41954620205527],[14.419944199442,46.424611933864924],[14.412744127441272,46.429677665674575],[14.412744127441272,46.434743397484226],[14.405544055440572,46.43980912929385],[14.39474394743948,46.44149770656375],[14.362343623436232,46.4364319747541],[14.24354243542436,46.438120552023975],[14.149941499415007,46.43980912929385],[14.146341463414643,46.43980912929385],[14.135541355413551,46.443186283833626],[14.126369794140006,46.448635320232],[13.728885747196221,48.5541167740006]]]}},{"type":"Feature","properties":{"territory_id":"BA-01","country_code":"BA","country_name":"Bosnia and Herzegovina","display_name":"Bosnia and Herzegovina","strategic_centre":"Sarajevo","centre":[18.4131,43.8564],"boundary_status":"country-sourced"},"geometry":{"type":"Polygon","coordinates":[[[17.652776527765297,42.89041970800042],[17.555575555755553,42.93432271701738],[17.573575735757373,42.93432271701738],[17.602376023760257,42.92587983066798],[17.616776167761685,42.922502676128204],[17.602376023760257,42.932634139747506],[17.580775807758073,42.94276560336678],[17.634776347763477,42.95120848971621],[17.66357663576636,42.96640568514516],[17.659976599765997,42.993422921463264],[17.627576275762777,43.04576881682965],[17.598775987759893,43.07278605314775],[17.5879758797588,43.082917516767054],[17.451174511745137,43.14877203029249],[17.440374403744045,43.15214918483224],[17.425974259742617,43.16565780299132],[17.415174151741525,43.18423215296002],[17.407974079740796,43.2061836574685],[17.400774007740097,43.2163151210878],[17.389973899739005,43.22306943016733],[17.36837368373685,43.23320089378663],[17.328773287732872,43.26021813010473],[17.289172891728924,43.30412113912169],[17.26757267572677,43.3530898799483],[17.28557285572856,43.43751874344241],[17.271172711727132,43.46284740249067],[17.238772387723884,43.47804459791962],[17.141571415714168,43.4898646388088],[17.0839708397084,43.51350472058715],[17.062370623706244,43.5270133387462],[17.029970299702995,43.54896484325468],[16.98316983169832,43.58949069773186],[16.82476824768247,43.707691106623656],[16.713167131671327,43.77185704287919],[16.69876698766987,43.78874281557802],[16.687966879668807,43.80900574281662],[16.684366843668442,43.82589151551545],[16.677166771667714,43.841088710944376],[16.637566375663766,43.86810594726251],[16.605166051660518,43.90187749266016],[16.554765547655478,43.93733761532769],[16.525965259652594,43.9677320061856],[16.51516515165153,43.979552047074776],[16.500765007650074,43.99306066523383],[16.482764827648282,44.00319212885313],[16.43956439564397,44.01332359247243],[16.43236432364324,44.02514363336161],[16.425164251642514,44.04034082879056],[16.41436414364145,44.05553802421949],[16.403564035640358,44.058915178759264],[16.378363783637838,44.05722660148936],[16.367563675636774,44.058915178759264],[16.35676356763568,44.06229233329901],[16.34596345963459,44.06904664237857],[16.327963279632797,44.08255526053762],[16.31356313563137,44.099441033236445],[16.28836288362885,44.13827831044375],[16.273962739627393,44.156852660412454],[16.23076230762308,44.19062420581011],[16.216362163621653,44.20750997850894],[16.198361983619833,44.251412987525896],[16.18756187561877,44.281807378383775],[16.18756187561877,44.29700457381273],[16.191161911619133,44.308824614701905],[16.198361983619833,44.32402181013083],[16.201962019620197,44.33246469648026],[16.20556205562056,44.349350469179086],[16.20556205562056,44.35103904644896],[16.201962019620197,44.35948193279839],[16.191161911619133,44.36792481914779],[16.169561695616977,44.376367705497216],[16.151561515615157,44.379744860036965],[16.140761407614093,44.38143343730684],[16.13716137161373,44.37805628276709],[16.13716137161373,44.384810591846616],[16.144361443614457,44.38987632365627],[16.15516155161552,44.393253478196044],[16.158761587615885,44.40000778727557],[16.158761587615885,44.4168935599744],[16.151561515615157,44.4354679099431],[16.129961299613,44.48443665076971],[16.122761227612273,44.504699578008285],[16.115561155611573,44.52158535070711],[16.10476104761048,44.531716814326415],[16.083160831608325,44.53509396886619],[16.047160471604712,44.52327392797699],[16.025560255602556,44.52496250524689],[16.007560075600765,44.540159700675815],[16.014760147601493,44.55704547337464],[16.02916029160292,44.5722426688036],[16.03636036360365,44.58575128696265],[16.043560435604377,44.589128441502424],[16.039960399604013,44.602637059661475],[16.03636036360365,44.616145677820555],[16.02916029160292,44.624588564169954],[16.014760147601493,44.629654295979606],[15.993159931599337,44.63134287324948],[15.97875978759788,44.63472002778926],[15.967959679596817,44.63978575959891],[15.957159571595724,44.65329437775796],[15.946359463594632,44.678623036806215],[15.935559355593568,44.68875450042552],[15.92835928359284,44.68875450042552],[15.921159211592112,44.68537734588574],[15.913959139591412,44.683688768615866],[15.906759067590684,44.69044307769539],[15.90315903159032,44.69888596404479],[15.899558995589956,44.709017427664094],[15.895958959589592,44.719148891283396],[15.888758887588892,44.72421462309305],[15.8779587795878,44.72421462309305],[15.870758707587072,44.719148891283396],[15.863558635586372,44.71070600493397],[15.856358563585644,44.70395169585444],[15.849158491584916,44.70226311858457],[15.831158311583124,44.700574541314694],[15.820358203582032,44.69888596404479],[15.805958059580604,44.69719738677492],[15.798757987579876,44.70395169585444],[15.791557915579176,44.714083159473745],[15.784357843578448,44.722526045823145],[15.759157591575928,44.73434608671235],[15.7519575195752,44.73941181852197],[15.72675726757268,44.76980620937988],[15.715957159571616,44.78669198207871],[15.715957159571616,44.803577754777535],[15.730357303573044,44.817086372936586],[15.7519575195752,44.82215210474624],[15.769957699576992,44.82721783655589],[15.773557735577356,44.84579218652459],[15.762757627576292,44.86436653649329],[15.748357483574836,44.88125230919212],[15.733957339573408,44.901515236430726],[15.730357303573044,44.92684389547895],[15.733957339573408,44.93359820455851],[15.737557375573772,44.945418245447684],[15.762757627576292,44.97581263630556],[15.766357663576656,44.99269840900439],[15.755557555575564,45.02309279986227],[15.755557555575564,45.041667149831],[15.780757807578084,45.08557015884793],[15.784357843578448,45.10076735427688],[15.780757807578084,45.159867558722766],[15.780757807578084,45.168310445072194],[15.791557915579176,45.19026194958067],[15.80235802358024,45.1970162586602],[15.823958239582396,45.21052487681925],[15.8779587795878,45.217279185898775],[15.975159751597516,45.2155906086289],[15.996759967599672,45.21896776316868],[16.007560075600765,45.21896776316868],[16.021960219602192,45.21390203135903],[16.02916029160292,45.2054591450096],[16.02916029160292,45.1970162586602],[16.025560255602556,45.18857337231077],[16.025560255602556,45.18350764050115],[16.032760327603285,45.18013048596137],[16.05436054360544,45.176753331421594],[16.068760687606897,45.16999902234207],[16.083160831608325,45.151424672373366],[16.10476104761048,45.11258739516606],[16.122761227612273,45.09570162246723],[16.21276212762129,45.0315356862117],[16.241562415624173,45.01971564532252],[16.277562775627757,45.007895604433344],[16.317163171631734,45.00114129535379],[16.342363423634254,45.00620702716344],[16.34596345963459,45.01971564532252],[16.35676356763568,45.048421458910525],[16.378363783637838,45.075438695228655],[16.3819638196382,45.083881581578055],[16.385563855638566,45.09570162246723],[16.3819638196382,45.10245593154676],[16.3819638196382,45.10752166335641],[16.38916389163893,45.11765312697571],[16.399963999639994,45.12103028151549],[16.425164251642514,45.12778459059501],[16.435964359643606,45.132850322404664],[16.450364503645034,45.14804751783359],[16.482764827648282,45.19870483593007],[16.529565295652958,45.222344917708426],[16.587165871658726,45.22065634043855],[16.785167851678523,45.1784419086915],[16.810368103681043,45.181819063231245],[16.82476824768247,45.18857337231077],[16.82476824768247,45.1970162586602],[16.82476824768247,45.2054591450096],[16.8319683196832,45.217279185898775],[16.839168391683927,45.22403349497833],[16.853568535685355,45.22741064951808],[16.860768607686083,45.23247638132773],[16.86796867968681,45.24260784494703],[16.87516875168751,45.24767357675668],[16.885968859688603,45.25442788583621],[16.89316893168933,45.262870772185636],[16.896768967689695,45.26793650399526],[16.92556925569255,45.284822276694086],[16.93276932769328,45.27806796761456],[16.939969399694007,45.257805040375985],[16.94356943569437,45.24936215402656],[16.939969399694007,45.24091926767716],[16.947169471694735,45.235853535867506],[16.96876968769689,45.23754211313738],[16.965169651696527,45.244296422216905],[16.961569615696163,45.25105073129643],[16.97596975969759,45.24767357675668],[16.986769867698683,45.235853535867506],[16.997569975699776,45.230787804057854],[17.00837008370084,45.244296422216905],[17.011970119701203,45.235853535867506],[17.011970119701203,45.230787804057854],[17.011970119701203,45.22403349497833],[17.00837008370084,45.2155906086289],[17.015570155701568,45.21896776316868],[17.029970299702995,45.22741064951808],[17.037170371703724,45.230787804057854],[17.055170551705515,45.200393413199976],[17.098370983709856,45.1784419086915],[17.123571235712376,45.168310445072194],[17.188371883718844,45.14804751783359],[17.199171991719936,45.15311324964324],[17.245972459724612,45.154801826913115],[17.249572495724976,45.159867558722766],[17.26757267572677,45.19026194958067],[17.307173071730716,45.17168759961194],[17.325173251732537,45.16662186780232],[17.36117361173612,45.151424672373366],[17.36837368373685,45.14467036329384],[17.382773827738276,45.13960463148419],[17.400774007740097,45.141293208754064],[17.433174331743317,45.14804751783359],[17.43677436774368,45.151424672373366],[17.440374403744045,45.15817898145289],[17.44397443974441,45.16155613599267],[17.451174511745137,45.15817898145289],[17.458374583745837,45.151424672373366],[17.458374583745837,45.146358940563715],[17.454774547745473,45.141293208754064],[17.447574475744773,45.13453889967454],[17.4619746197462,45.13116174513476],[17.472774727747293,45.132850322404664],[17.497974979749813,45.141293208754064],[17.48717487174872,45.12103028151549],[17.483574835748357,45.114275972435934],[17.490774907749085,45.115964549705836],[17.541175411754125,45.12103028151549],[17.56277562775628,45.119341704245585],[17.573575735757373,45.12103028151549],[17.591575915759165,45.12947316786489],[17.631176311763113,45.15817898145289],[17.652776527765297,45.16493329053242],[17.685176851768517,45.16324471326254],[17.7139771397714,45.151424672373366],[17.742777427774286,45.132850322404664],[17.79677796777969,45.08219300430818],[17.81477814778148,45.070372963419004],[17.836378363783638,45.06361865433945],[17.84717847178473,45.06530723160935],[17.875978759787614,45.07375011795875],[17.901179011790134,45.07712727249853],[17.911979119791198,45.08050442703828],[17.926379263792654,45.09232446792748],[17.987579875798758,45.14298178602394],[18.001980019800214,45.14973609510349],[18.019980199802006,45.14973609510349],[18.034380343803434,45.14298178602394],[18.091980919809203,45.10752166335641],[18.11358113581136,45.10076735427688],[18.13158131581318,45.097390199737106],[18.142381423814243,45.097390199737106],[18.153181531815335,45.097390199737106],[18.17478174781749,45.10076735427688],[18.192781927819283,45.10921024062628],[18.19998199982001,45.119341704245585],[18.19998199982001,45.13116174513476],[18.203582035820375,45.14467036329384],[18.21438214382144,45.15311324964324],[18.23958239582396,45.15817898145289],[18.261182611826115,45.151424672373366],[18.30798307983082,45.12778459059501],[18.322383223832247,45.12271885878536],[18.394383943839443,45.119341704245585],[18.412384123841235,45.11258739516606],[18.430384303843056,45.10245593154676],[18.45198451984521,45.08557015884793],[18.46638466384664,45.07375011795875],[18.480784807848096,45.06699580887923],[18.49158491584916,45.06361865433945],[18.51678516785168,45.05517576799005],[18.5419854198542,45.05517576799005],[18.538385383853836,45.0686843861491],[18.53478534785347,45.08219300430818],[18.53478534785347,45.088947313387706],[18.53478534785347,45.09063589065758],[18.549185491854928,45.09401304519736],[18.556385563855656,45.09401304519736],[18.574385743857448,45.09232446792748],[18.581585815858176,45.09063589065758],[18.588785887858876,45.09401304519736],[18.603186031860332,45.09907877700701],[18.610386103861032,45.10076735427688],[18.61758617586176,45.097390199737106],[18.621186211862124,45.09232446792748],[18.628386283862852,45.08050442703828],[18.631986319863216,45.07206154068888],[18.639186391863916,45.06530723160935],[18.64998649986501,45.061930077069576],[18.657186571865736,45.06699580887923],[18.660786607866072,45.070372963419004],[18.664386643866436,45.07712727249853],[18.664386643866436,45.08219300430818],[18.671586715867164,45.08725873611783],[18.678786787867892,45.08725873611783],[18.682386823868256,45.08557015884793],[18.689586895868956,45.08050442703828],[18.72558725587257,45.026469954402046],[18.739987399873996,45.01633849078274],[18.75078750787509,45.012961336242995],[18.779587795877973,45.00958418170322],[18.783187831878337,45.007895604433344],[18.790387903879036,45.00620702716344],[18.790387903879036,45.00114129535379],[18.7939879398794,44.99607556354417],[18.7939879398794,44.99269840900439],[18.7939879398794,44.98763267719474],[18.7939879398794,44.98425552265499],[18.797587975879765,44.98256694538509],[18.804788047880493,44.97750121357544],[18.804788047880493,44.97412405903569],[18.80118801188013,44.963992595416386],[18.779587795877973,44.95217255452721],[18.772387723877245,44.94204109090791],[18.783187831878337,44.9133352773199],[18.81918819188192,44.888006618271675],[18.840788407884077,44.87618657738247],[18.858788587885897,44.86774369103307],[18.891188911889117,44.860989381953544],[18.973989739897405,44.86267795922342],[19.006390063900653,44.86267795922342],[19.017190171901717,44.866055113763196],[19.0459904599046,44.87280942284272],[19.067590675906757,44.874498000112595],[19.085590855908578,44.87956373192225],[19.175591755917566,44.92515531820908],[19.186391863918658,44.92684389547895],[19.193591935919358,44.92177816366933],[19.19719197191972,44.9133352773199],[19.200792007920086,44.90826954551025],[19.211592115921178,44.90826954551025],[19.22959229592297,44.9133352773199],[19.240392403924034,44.915023854589776],[19.283592835928374,44.90826954551025],[19.294392943929438,44.909958122780125],[19.301593015930166,44.91164670005003],[19.308793087930894,44.91164670005003],[19.33039330393305,44.89813808189095],[19.341193411934114,44.896449504621074],[19.351993519935206,44.896449504621074],[19.351993519935206,44.89813808189095],[19.351993519935206,44.89982665916085],[19.35559355593557,44.896449504621074],[19.3627936279363,44.89138377281142],[19.369993699936998,44.88631804100177],[19.373593735937362,44.88125230919212],[19.377193771937726,44.87280942284272],[19.377193771937726,44.86267795922342],[19.373593735937362,44.860989381953544],[19.366393663936634,44.85930080468367],[19.3627936279363,44.85423507287402],[19.326793267932686,44.73434608671235],[19.319593195931958,44.71577173674362],[19.308793087930894,44.705640273124345],[19.287192871928738,44.69382023223514],[19.276392763927646,44.68537734588574],[19.269192691926918,44.67524588226644],[19.25479254792549,44.64485149140856],[19.207992079920814,44.589128441502424],[19.20439204392045,44.58575128696265],[19.193591935919358,44.580685555153025],[19.189991899918994,44.575619823343374],[19.186391863918658,44.56886551426382],[19.186391863918658,44.553668318834895],[19.186391863918658,44.54691400975537],[19.17919179191793,44.53847112340594],[19.1719917199172,44.531716814326415],[19.164791647916473,44.526651082516764],[19.12879128791289,44.518208196167365],[19.12879128791289,44.50301100073841],[19.143191431914317,44.45741941445158],[19.143191431914317,44.43040217813345],[19.12879128791289,44.4168935599744],[19.114391143911433,44.40338494181532],[19.107191071910734,44.38312201457674],[19.107191071910734,44.36285908733814],[19.117991179911797,44.344284737369435],[19.139591395913953,44.308824614701905],[19.157591575915774,44.29362741927295],[19.175591755917566,44.286873110193426],[19.218792187921878,44.2801188011139],[19.240392403924034,44.27336449203435],[19.251192511925126,44.2699873374946],[19.261992619926218,44.2699873374946],[19.294392943929438,44.27505306930425],[19.308793087930894,44.27336449203435],[19.323193231932322,44.26323302841507],[19.341193411934114,44.246347255716245],[19.35559355593557,44.224395751207766],[19.35559355593557,44.20413282396916],[19.3627936279363,44.19062420581011],[19.38079380793809,44.17711558765106],[19.423994239942402,44.15347550587268],[19.434794347943495,44.14672119679315],[19.441994419944194,44.1433440422534],[19.449194491944922,44.14503261952328],[19.459994599946015,44.15347550587268],[19.467194671946714,44.15347550587268],[19.474394743947443,44.14503261952328],[19.477994779947807,44.126458269554576],[19.48159481594817,44.121392537744924],[19.499594995949963,44.10957249685575],[19.517595175951755,44.09099814688702],[19.52119521195212,44.08424383780749],[19.553595535955367,44.07073521964844],[19.57159571595716,44.05722660148936],[19.578795787957887,44.05216086967974],[19.58239582395825,44.05384944694961],[19.58959589595898,44.06060375602914],[19.600396003960043,44.06229233329901],[19.611196111961135,44.05384944694961],[19.618396183961835,44.03527509698091],[19.611196111961135,44.02007790155196],[19.593195931959315,44.004880706123004],[19.553595535955367,43.982929201614525],[19.528395283952847,43.9778634698049],[19.503195031950327,43.976174892535],[19.44559445594456,43.979552047074776],[19.39519395193952,43.9778634698049],[19.38079380793809,43.974486315265125],[19.366393663936634,43.97279773799525],[19.351993519935206,43.979552047074776],[19.326793267932686,43.996437819773604],[19.301593015930166,44.009946437932655],[19.287192871928738,44.01332359247243],[19.272792727927282,44.01163501520253],[19.251192511925126,44.00825786066278],[19.243992439924398,44.001503551583255],[19.236792367923698,43.99306066523383],[19.236792367923698,43.98461777888443],[19.243992439924398,43.97279773799525],[19.240392403924034,43.9660434289157],[19.22959229592297,43.9576005425663],[19.240392403924034,43.952534810756646],[19.276392763927646,43.933960460787944],[19.30519305193053,43.90525464719994],[19.359193591935934,43.84277728821428],[19.459994599946015,43.76172557925992],[19.48159481594817,43.729642611132135],[19.50679506795069,43.673919561226],[19.50679506795069,43.64690232490787],[19.48159481594817,43.62832797493917],[19.477994779947807,43.61650793404999],[19.474394743947443,43.60299931589094],[19.477994779947807,43.58949069773186],[19.48159481594817,43.577670656842685],[19.4887948879489,43.57260492503303],[19.492394923949234,43.569227770493285],[19.4887948879489,43.564162038683634],[19.48159481594817,43.56078488414386],[19.44559445594456,43.57260492503303],[19.43119431194313,43.57091634776316],[19.42039420394204,43.54896484325468],[19.409594095940975,43.54052195690528],[19.402394023940246,43.54896484325468],[19.39519395193952,43.56585061595351],[19.38079380793809,43.58611354319211],[19.3627936279363,43.60131073862104],[19.344793447934478,43.60806504770056],[19.33759337593378,43.60637647043069],[19.31239312393126,43.59286785227164],[19.301593015930166,43.58780212046199],[19.290792907929074,43.58780212046199],[19.261992619926218,43.591179275001764],[19.251192511925126,43.58780212046199],[19.240392403924034,43.57260492503303],[19.22959229592297,43.54896484325468],[19.218792187921878,43.53207907055585],[19.193591935919358,43.53207907055585],[19.14679146791468,43.53883337963538],[19.12159121591216,43.53545622509563],[19.09639096390964,43.51350472058715],[19.074790747907485,43.506750411507625],[19.056790567905693,43.506750411507625],[19.038790387903873,43.511816143317276],[19.024390243902445,43.52363618420645],[19.013590135901353,43.5371448023655],[18.999189991899925,43.547276265984806],[18.97758977589777,43.5455876887149],[18.963189631896313,43.53883337963538],[18.937989379893793,43.5185704523968],[18.919989199892,43.511816143317276],[18.912789127891273,43.506750411507625],[18.905589055890573,43.4983075251582],[18.905589055890573,43.4898646388088],[18.916389163891637,43.484798906999146],[18.930789307893093,43.48311032972927],[18.937989379893793,43.479733175189494],[18.95238952389525,43.46453597976054],[18.95238952389525,43.457781670681015],[18.94518945189452,43.449338784331616],[18.94518945189452,43.444273052521964],[18.966789667896677,43.44765020706171],[18.973989739897405,43.444273052521964],[19.009990099901017,43.41050150712431],[19.038790387903873,43.3514013026784],[19.07119071190712,43.30918687093134],[19.063990639906393,43.30412113912169],[19.035190351903537,43.30412113912169],[19.024390243902445,43.29905540731204],[19.02079020790208,43.297366830042165],[19.017190171901717,43.29061252096264],[19.009990099901017,43.28216963461321],[19.00279002790029,43.27372674826381],[18.991989919899197,43.26697243918426],[18.988389883898833,43.27203817099391],[18.988389883898833,43.27372674826381],[18.966789667896677,43.292301098232514],[18.959589595895977,43.30412113912169],[18.955989559895613,43.31256402547112],[18.959589595895977,43.319318334550644],[18.955989559895613,43.32607264363017],[18.948789487894885,43.332826952709695],[18.923589235892365,43.346335570868746],[18.898388983889845,43.3514013026784],[18.840788407884077,43.34802414813865],[18.822788227882285,43.34126983905912],[18.82638826388265,43.337892684519346],[18.829988299883013,43.327761220900044],[18.833588335883377,43.324384066360295],[18.808388083880857,43.31762975728074],[18.678786787867892,43.25008666648546],[18.664386643866436,43.23320089378663],[18.689586895868956,43.2247580074372],[18.646386463864644,43.180854998420244],[18.628386283862852,43.15552633937202],[18.621186211862124,43.12513194851414],[18.621186211862124,43.12175479397436],[18.621186211862124,43.09642613492613],[18.639186391863916,43.020440157781394],[18.599585995859968,43.02381731232117],[18.538385383853836,43.02381731232117],[18.48438484384843,43.01537442597174],[18.45198451984521,42.993422921463264],[18.43398433984339,42.954585644255985],[18.43398433984339,42.93769987155716],[18.444784447844484,42.91743694431855],[18.46638466384664,42.88197682165102],[18.473584735847368,42.86171389441242],[18.46638466384664,42.85327100806302],[18.45198451984521,42.84482812171359],[18.444784447844484,42.83469665809429],[18.444784447844484,42.81781088539549],[18.455584555845576,42.79248222634723],[18.46638466384664,42.76884214456888],[18.502385023850252,42.72662771282181],[18.523985239852408,42.71143051739287],[18.538385383853836,42.696233321963916],[18.549185491854928,42.66752750837591],[18.549185491854928,42.63882169478791],[18.5419854198542,42.62700165389873],[18.538385383853836,42.61855876754932],[18.51678516785168,42.60336157212038],[18.505985059850616,42.598295840310726],[18.487984879848796,42.58985295396131],[18.495184951849524,42.57972149034201],[18.495184951849524,42.571278603992596],[18.49158491584916,42.56452429491307],[18.480784807848096,42.56452429491307],[18.469984699847004,42.56959002672272],[18.45918459184591,42.56959002672272],[18.448384483844848,42.56621287218296],[18.437584375843755,42.55945856310342],[18.419584195841963,42.56283571764318],[18.38358383583838,42.56621287218296],[18.369183691836923,42.572967181262484],[18.369183691836923,42.57465575853236],[18.35118351183513,42.59660726304084],[18.34038340383404,42.60167299485049],[18.311583115831155,42.60167299485049],[18.25758257582578,42.615181613009554],[18.22518225182253,42.628690231168605],[18.04878048780489,42.71480767193263],[17.994779947799486,42.740136330980874],[17.97317973179733,42.755333526409814],[17.92997929979302,42.79079364907736],[17.9047790477905,42.80430226723641],[17.868778687786886,42.811056576315934],[17.857978579785794,42.81781088539549],[17.825578255782574,42.85327100806302],[17.825578255782574,42.865091048952195],[17.825578255782574,42.88873113073055],[17.82197821978221,42.89886259434985],[17.811178111781118,42.91068263523903],[17.803978039780418,42.90899405796915],[17.793177931779326,42.9039283261595],[17.785977859778598,42.900551171619725],[17.76437764377644,42.9039283261595],[17.724777247772494,42.91574836704868],[17.703177031770338,42.91912552158843],[17.677976779767818,42.91574836704868],[17.667176671766725,42.905616903429376],[17.652776527765297,42.89041970800042]]]}},{"type":"Feature","properties":{"territory_id":"BE-01","country_code":"BE","country_name":"Belgium","display_name":"Flanders and Brussels","strategic_centre":"Brussels","centre":[4.3525,50.8467],"boundary_status":"provisional-strategic-partition"},"geometry":{"type":"MultiPolygon","coordinates":[[[[2.5218252182521894,51.08677377601106],[2.5434254342543454,51.09690523963033],[2.5794257942579577,51.10534812597976],[2.716227162271622,51.169514062235294],[2.9250292502925106,51.24718861664991],[3.126631266312671,51.329928902874144],[3.349833498334988,51.37552048916098],[3.357033570335716,51.3366832119537],[3.353433534335352,51.31135455290544],[3.353433534335352,51.28940304839696],[3.3678336783367797,51.264074389348735],[3.3930339303393,51.24718861664991],[3.400234002340028,51.24550003938003],[3.421834218342184,51.23874573030048],[3.454234542345432,51.23536857576073],[3.5010350103501082,51.24043430757038],[3.5046350463504723,51.250565771189684],[3.5010350103501082,51.26238581207886],[3.5046350463504723,51.27420585296804],[3.515435154351536,51.28096016204756],[3.5298352983529924,51.28264873931744],[3.5442354423544202,51.28433731658731],[3.5838358383583966,51.28940304839696],[3.6090360903609167,51.291091625666866],[3.6342363423634367,51.28771447112709],[3.756637566375673,51.26238581207886],[3.774637746377465,51.25394292572943],[3.781837818378193,51.242122884840256],[3.778237782377829,51.23030284395108],[3.781837818378193,51.22017138033178],[3.796237962379621,51.2083513394426],[3.807038070380713,51.204974184902824],[3.9258392583925854,51.206662762172726],[3.9510395103951055,51.210039916712475],[3.9942399423994175,51.23367999849086],[4.120241202412018,51.272517275698135],[4.167041670416722,51.29615735747652],[4.20664206642067,51.329928902874144],[4.213842138421398,51.34006036649345],[4.221042210422098,51.3637004482718],[4.221042210422098,51.36707760281158],[4.242642426424283,51.356946139192274],[4.249842498424982,51.34681467557297],[4.25704257042571,51.32824032560427],[4.271442714427138,51.31642028471509],[4.289442894428959,51.30628882109579],[4.3038430384303865,51.29615735747652],[4.307443074430751,51.28940304839696],[4.307443074430751,51.28433731658731],[4.3038430384303865,51.27589443023791],[4.300243002430022,51.26914012115839],[4.296642966429658,51.267451543888484],[4.307443074430751,51.27082869842826],[4.314643146431479,51.277583007507786],[4.329043290432907,51.29615735747652],[4.296642966429658,51.30460024382592],[4.289442894428959,51.30966597563557],[4.285842858428595,51.31810886198497],[4.285842858428595,51.34006036649345],[4.2822428224282305,51.35019183011275],[4.275042750427502,51.35863471646218],[4.2606426064260745,51.36876618008145],[4.289442894428959,51.36876618008145],[4.3254432544325425,51.356946139192274],[4.3470434704346985,51.35188040738262],[4.393843938439403,51.35019183011275],[4.411844118441195,51.356946139192274],[4.415444154441559,51.3738319118911],[4.411844118441195,51.383963375510405],[4.386643866438675,51.40084914820923],[4.379443794437947,51.40929203455863],[4.379443794437947,51.419423498177935],[4.386643866438675,51.42786638452736],[4.390243902439039,51.43462069360689],[4.375843758437583,51.44306357995629],[4.429844298442987,51.46163792992502],[4.483844838448391,51.47514654808407],[4.512645126451275,51.476835125353944],[4.523445234452339,51.47514654808407],[4.534245342453431,51.468392239004544],[4.530645306453067,51.451506466305716],[4.523445234452339,51.43799784814664],[4.519845198452003,51.42786638452736],[4.541445414454159,51.419423498177935],[4.552245522455223,51.419423498177935],[4.581045810458107,51.42280065271771],[4.6134461344613555,51.41773492090806],[4.6314463144631475,51.41773492090806],[4.64224642246424,51.42111207544784],[4.6530465304653035,51.42617780725746],[4.732247322473228,51.48527801170337],[4.764647646476476,51.495409475322674],[4.779047790477904,51.495409475322674],[4.797047970479724,51.49034374351302],[4.815048150481516,51.48358943443347],[4.822248222482244,51.47514654808407],[4.82584825848258,51.459949352655116],[4.81864818648188,51.446440734496065],[4.815048150481516,51.43124353906711],[4.822248222482244,51.41435776636828],[4.779047790477904,51.42617780725746],[4.76824768247684,51.42617780725746],[4.761047610476112,51.41266918909841],[4.782647826478268,51.40760345728876],[4.854648546485464,51.405914880018884],[4.872648726487284,51.40253772547911],[4.908649086490868,51.392406261859804],[4.930249302493024,51.39578341639958],[4.955449554495544,51.410980611828535],[4.980649806498064,51.43124353906711],[4.995049950499521,51.446440734496065],[5.00225002250022,51.45826077538524],[5.0058500585005845,51.468392239004544],[5.013050130501313,51.47514654808407],[5.0274502745027405,51.476835125353944],[5.031050310503105,51.47514654808407],[5.059850598505989,51.46163792992502],[5.081450814508145,51.43799784814664],[5.077850778507781,51.42111207544784],[5.067050670506717,51.405914880018884],[5.063450634506353,51.383963375510405],[5.067050670506717,51.3738319118911],[5.103051030510301,51.35019183011275],[5.106651066510665,51.34174894376335],[5.110331376895656,51.3342686157888],[4.192874825828459,50.0928050406342],[4.18144181441815,50.127661886717675],[4.170641706417058,50.13103904125745],[4.159841598415994,50.12935046398755],[4.138241382413838,50.1242847321779],[4.127441274412746,50.127661886717675],[4.127441274412746,50.14623623668638],[4.149041490414902,50.18676209116356],[4.152641526415266,50.20533644113229],[4.15624156241563,50.212090750211814],[4.167041670416722,50.22222221383112],[4.192241922419242,50.23404225472029],[4.203042030420306,50.24079656379982],[4.203042030420306,50.252616604688995],[4.195841958419578,50.25768233649865],[4.185041850418514,50.266125222848046],[4.170641706417058,50.2711909546577],[4.163441634416358,50.2728795319276],[4.149041490414902,50.26950237738782],[4.149041490414902,50.2627480683083],[4.152641526415266,50.25599375922877],[4.145441454414538,50.25092802741912],[4.123841238412382,50.25768233649865],[4.098640986409862,50.29483103643605],[4.077040770407706,50.306651077325256],[4.05544055440555,50.315093963674656],[4.023040230402302,50.33873404545301],[4.00504005040051,50.34379977726266],[3.9834398343983537,50.342111199992786],[3.9186391863918573,50.32522542729396],[3.8970389703897013,50.32522542729396],[3.8790387903879093,50.33029115910361],[3.8610386103861174,50.33873404545301],[3.8394383943839614,50.345488354532534],[3.799837998379985,50.34886550907231],[3.756637566375673,50.34717693180244],[3.7422374223742167,50.34379977726266],[3.735037350373517,50.337045468183135],[3.7170371703716967,50.31847111821443],[3.709837098370997,50.310028231865004],[3.709837098370997,50.306651077325256],[3.702637026370269,50.30496250005535],[3.6990369903699047,50.30496250005535],[3.6954369543695407,50.29820819097583],[3.663036630366321,50.31847111821443],[3.6522365223652287,50.36068554996149],[3.6522365223652287,50.40627713624832],[3.6450364503645005,50.44511441345563],[3.6270362703627086,50.46368876342433],[3.6090360903609167,50.47719738158341],[3.5874358743587607,50.483951690662934],[3.5622356223562406,50.48732884520268],[3.497434974349744,50.48732884520268],[3.4866348663486804,50.492394577012334],[3.497434974349744,50.50421461790151],[3.497434974349744,50.51265750425094],[3.490234902349016,50.51772323606059],[3.475834758347588,50.519411813330464],[3.4614346143461603,50.519411813330464],[3.454234542345432,50.51434608152081],[3.44343443434434,50.50928034971116],[3.429034290342912,50.502526040631636],[3.3858338583386,50.492394577012334],[3.36063360633608,50.489017422472585],[3.3426334263342596,50.492394577012334],[3.2994329943299476,50.50759177244129],[3.2850328503285198,50.51434608152081],[3.2706327063270635,50.52616612240999],[3.2670326703266994,50.537986163299166],[3.2634326343263638,50.57006913142695],[3.2382323823238437,50.62579218133308],[3.2310323103231156,50.65618657219096],[3.2454324543245434,50.671383767619915],[3.2310323103231156,50.69671242666814],[3.2238322383223874,50.70515531301757],[3.2094320943209595,50.70853246755732],[3.1986319863198673,50.70853246755732],[3.1878318783188035,50.715286776636844],[3.1770317703177113,50.733861126605575],[3.1626316263162835,50.7507468993044],[3.144631446314463,50.769321249273105],[3.1302313023130353,50.77945271289241],[3.105031050310515,50.78451844470206],[3.022230222302227,50.76763267200323],[2.9718297182971867,50.75750120838393],[2.9466294662946666,50.7490583220345],[2.9286292862928747,50.73554970387545],[2.8998289982899905,50.70346673574767],[2.8854288542885627,50.69671242666814],[2.8710287102871064,50.69840100393802],[2.8674286742867423,50.70008958120792],[2.788227882278818,50.72372966298627],[2.766627666276662,50.733861126605575],[2.763027630276298,50.738926858415226],[2.74862748627487,50.7591897856538],[2.745027450274506,50.76594409473333],[2.705427054270558,50.78958417651168],[2.69822698226983,50.796338485591235],[2.69822698226983,50.80309279467076],[2.691026910269102,50.80815852648041],[2.680226802268038,50.81322425829006],[2.669426694266946,50.81322425829006],[2.651426514265154,50.81153568102016],[2.6442264422644257,50.81322425829006],[2.626226262262634,50.81491283555994],[2.6190261902619056,50.81660141282981],[2.6154261542615416,50.82166714463946],[2.608226082260842,50.835175762798514],[2.6010260102601137,50.83855291733829],[2.5902259022590215,50.84193007187807],[2.5866258662586574,50.845307226417816],[2.5866258662586574,50.85037295822747],[2.5938259382593856,50.86050442184677],[2.5974259742597496,50.867258730926295],[2.5758257582575936,50.91116173994325],[2.5830258302583218,50.921293203562556],[2.604626046260478,50.93480182172161],[2.6118261182611775,50.94155613080113],[2.608226082260842,50.96181905803974],[2.5938259382593856,50.97532767619879],[2.5578255782558017,51.000656335247044],[2.5470254702547095,51.02091926248562],[2.5362253622536173,51.06482227150258],[2.5218252182521894,51.08677377601106]]],[[[4.127441274412746,50.00608432328613],[4.13104131041311,50.01790436417531],[4.138241382413838,50.024658673254834],[4.145441454414538,50.03141298233436],[4.148975260609955,50.03340199738326],[4.12858836270221,50.0058153055302],[4.127441274412746,50.00608432328613]]]]}},{"type":"Feature","properties":{"territory_id":"BE-02","country_code":"BE","country_name":"Belgium","display_name":"Wallonia","strategic_centre":"Namur","centre":[4.8667,50.4667],"boundary_status":"provisional-strategic-partition"},"geometry":{"type":"Polygon","coordinates":[[[4.12858836270221,50.0058153055302],[4.148975260609955,50.03340199738326],[4.163441634416358,50.04154444595366],[4.185041850418514,50.051675909572964],[4.210242102421034,50.060118795922364],[4.210242102421034,50.06687310500189],[4.203042030420306,50.07531599135132],[4.195841958419578,50.08375887770072],[4.192874825828459,50.0928050406342],[5.110331376895656,51.3342686157888],[5.117451174511757,51.31979743925487],[5.124651246512485,51.313043130175345],[5.139051390513913,51.30797739836569],[5.178651786517861,51.30966597563557],[5.196651966519681,51.30797739836569],[5.214652146521473,51.294468780206614],[5.214652146521473,51.259008657539084],[5.232652326523265,51.25563150299931],[5.239852398523993,51.25732008026921],[5.2722527225272415,51.26238581207886],[5.38745387453875,51.259008657539084],[5.409054090540906,51.264074389348735],[5.452254522545246,51.28264873931744],[5.470254702547038,51.28771447112709],[5.491854918549194,51.286025893857214],[5.517055170551714,51.277583007507786],[5.535055350553506,51.26238581207886],[5.542255422554234,51.242122884840256],[5.545855458554598,51.22017138033178],[5.553055530555298,51.21679422579203],[5.567455674556754,51.2083513394426],[5.625056250562523,51.196531298553424],[5.63945639456395,51.19146556674377],[5.646656466564679,51.18471125766425],[5.657456574565742,51.179645525854596],[5.675456754567563,51.179645525854596],[5.718657186571875,51.18471125766425],[5.7294572945729385,51.18302268039437],[5.747457474574759,51.17795694858472],[5.769057690576915,51.15938259861599],[5.779857798577979,51.152628289536466],[5.812258122581227,51.15769402134612],[5.830258302583019,51.15600544407624],[5.837458374583747,51.144185403187066],[5.841058410584111,51.139119671377415],[5.826658266582683,51.13067678502799],[5.823058230582319,51.11885674413881],[5.844658446584475,51.103659548709885],[5.837458374583747,51.10028239417011],[5.826658266582683,51.09690523963033],[5.815858158581591,51.09521666236046],[5.805058050580499,51.09690523963033],[5.808658086580863,51.090150930550806],[5.808658086580863,51.08677377601106],[5.812258122581227,51.081708044201406],[5.805058050580499,51.06819942604233],[5.797857978579799,51.0614451169628],[5.790657906579071,51.054690807883276],[5.779857798577979,51.0614451169628],[5.772657726577279,51.05806796242305],[5.765457654576551,51.04793649880375],[5.765457654576551,51.0344278806447],[5.776257762577643,51.0242964170254],[5.761857618576187,50.99896775797714],[5.722257222572239,50.960130480769834],[5.743857438574395,50.96350763530961],[5.754657546575459,50.96350763530961],[5.765457654576551,50.960130480769834],[5.751057510575123,50.94662186261078],[5.736657366573667,50.924670358102304],[5.722257222572239,50.91116173994325],[5.718657186571875,50.90947316267338],[5.704257042570418,50.9060960081336],[5.693456934569355,50.90440743086373],[5.6214562145621585,50.85206153549734],[5.625056250562523,50.83011003098889],[5.63945639456395,50.81491283555994],[5.657456574565742,50.80815852648041],[5.6646566465664705,50.804781371940635],[5.6862568625686265,50.79802706286111],[5.700657006570083,50.796338485591235],[5.697056970569719,50.78451844470206],[5.689856898568991,50.76087836292368],[5.7078570785707825,50.75412405384415],[5.718657186571875,50.75243547657428],[5.7294572945729385,50.75412405384415],[5.733057330573303,50.7591897856538],[5.743857438574395,50.769321249273105],[5.751057510575123,50.77269840381285],[5.761857618576187,50.77100982654298],[5.783457834578343,50.75750120838393],[5.794257942579435,50.75243547657428],[5.880658806588059,50.75412405384415],[5.891458914589151,50.7507468993044],[5.902259022590243,50.7490583220345],[5.9742597425974395,50.747369744764626],[5.9958599585995955,50.7507468993044],[5.9922599225992315,50.747369744764626],[5.9922599225992315,50.74399259022485],[5.9958599585995955,50.742304012954975],[6.010260102601023,50.73723828114532],[6.010260102601023,50.72710681752602],[6.006660066600659,50.71697535390675],[6.010260102601023,50.70853246755732],[6.02466024660248,50.706843890287445],[6.064260642606428,50.715286776636844],[6.0822608226082195,50.71359819936697],[6.10026100261004,50.701778158477794],[6.161461614616144,50.64267795403191],[6.147061470614716,50.635923644952356],[6.15786157861578,50.622415026793306],[6.179461794617964,50.61566071771378],[6.247862478624796,50.613972140443906],[6.25146251462516,50.608906408634255],[6.244262442624432,50.59877494501495],[6.23346233462334,50.590332058665524],[6.23346233462334,50.586954904125776],[6.211862118621184,50.57851201777635],[6.179461794617964,50.56162624507752],[6.161461614616144,50.54305189510882],[6.1758617586176,50.52954327694977],[6.168661686616872,50.52278896787024],[6.172261722617236,50.51772323606059],[6.179461794617964,50.51603465879069],[6.190261902619028,50.51603465879069],[6.1830618306183,50.50590319517141],[6.190261902619028,50.502526040631636],[6.197461974619756,50.49070599974246],[6.20826208262082,50.48564026793281],[6.215462154621548,50.48564026793281],[6.25146251462516,50.492394577012334],[6.25146251462516,50.49408315428221],[6.25866258662586,50.49408315428221],[6.25866258662586,50.492394577012334],[6.27666276662768,50.48732884520268],[6.319863198631992,50.48226311339303],[6.337863378633784,50.48057453612316],[6.327063270632721,50.47382022704363],[6.3234632346323565,50.465377340694204],[6.327063270632721,50.456934454344804],[6.330663306633085,50.4468029907255],[6.341463414634148,50.4383601043761],[6.348663486634877,50.4366715271062],[6.352263522635241,50.43329437256645],[6.348663486634877,50.41640859986762],[6.3450634506345125,50.39276851808927],[6.337863378633784,50.37925989993019],[6.337863378633784,50.36743985904101],[6.373863738637397,50.32860258183371],[6.373863738637397,50.315093963674656],[6.363063630636304,50.306651077325256],[6.33426334263342,50.30327392278548],[6.3234632346323565,50.30496250005535],[6.3090630906309,50.30833965459513],[6.298262982629836,50.30833965459513],[6.287462874628744,50.30327392278548],[6.27666276662768,50.296519613705954],[6.269462694626952,50.28638815008665],[6.265862658626588,50.27625668646735],[6.273062730627316,50.26781380011795],[6.255062550625524,50.25599375922877],[6.211862118621184,50.24923945014922],[6.190261902619028,50.24248514106969],[6.179461794617964,50.23235367745039],[6.15786157861578,50.22222221383112],[6.147061470614716,50.21377932748169],[6.161461614616144,50.20533644113229],[6.165061650616508,50.19351640024311],[6.165061650616508,50.181696359353936],[6.15786157861578,50.17325347300451],[6.15066150661508,50.16987631846473],[6.13266132661326,50.168187741194856],[6.121861218612196,50.16481058665511],[6.121861218612196,50.16143343211533],[6.118261182611832,50.149613391226154],[6.114661146611468,50.14623623668638],[6.12546125461256,50.13948192760685],[6.129061290612924,50.1344161957972],[6.12546125461256,50.127661886717675],[6.118261182611832,50.12090757763815],[6.103861038610404,50.1242847321779],[6.10026100261004,50.132727618527326],[6.10026100261004,50.14285908214663],[6.096660966609676,50.15130196849603],[6.085860858608584,50.15974485484546],[6.07506075060752,50.158056277575554],[6.071460714607156,50.154679123035805],[6.0606606066060635,50.15130196849603],[6.0390603906039075,50.14792481395628],[6.028260282602844,50.149613391226154],[6.02466024660248,50.15130196849603],[6.0138601386013875,50.1529905457659],[6.006660066600659,50.16143343211533],[6.003060030600324,50.16987631846473],[5.99945999459996,50.17494205027438],[5.981459814598139,50.16649916392498],[5.959859598595983,50.16481058665511],[5.9526595265952835,50.15636770030568],[5.9490594905949195,50.14285908214663],[5.941859418594191,50.127661886717675],[5.9274592745927634,50.11753042309837],[5.887858878588787,50.10739895947907],[5.873458734587359,50.097267495859796],[5.869858698586995,50.09051318678027],[5.866258662586631,50.07362741408144],[5.862658626586267,50.06687310500189],[5.859058590585903,50.06180737319224],[5.844658446584475,50.05336448684284],[5.837458374583747,50.04661017776331],[5.837458374583747,50.01790436417531],[5.830258302583019,50.01283863236566],[5.808658086580863,50.007772900556006],[5.801458014580163,50.002707168746355],[5.801458014580163,49.989198550587304],[5.808658086580863,49.98244424150778],[5.812258122581227,49.97737850969813],[5.801458014580163,49.96386989153905],[5.794257942579435,49.9588041597294],[5.779857798577979,49.95711558245952],[5.772657726577279,49.953738427919745],[5.765457654576551,49.94698411884022],[5.758257582575823,49.94191838703057],[5.758257582575823,49.93685265522092],[5.754657546575459,49.93009834614139],[5.718657186571875,49.891261068934085],[5.715057150571511,49.88112960531481],[5.725857258572603,49.877752450775034],[5.747457474574759,49.86762098715573],[5.758257582575823,49.85748952353646],[5.733057330573303,49.85917810080633],[5.733057330573303,49.85411236899668],[5.7294572945729385,49.850735214456904],[5.7294572945729385,49.84904663718703],[5.725857258572603,49.84566948264725],[5.736657366573667,49.83891517356773],[5.725857258572603,49.833849441758076],[5.718657186571875,49.82540655540868],[5.722257222572239,49.8135865145195],[5.7294572945729385,49.80007789636042],[5.736657366573667,49.788257855471244],[5.747457474574759,49.784880700931495],[5.758257582575823,49.784880700931495],[5.772657726577279,49.779814969121844],[5.779857798577979,49.77306066004232],[5.801458014580163,49.74266626918441],[5.805058050580499,49.73760053737476],[5.805058050580499,49.722403341945835],[5.812258122581227,49.71902618740606],[5.826658266582683,49.71564903286631],[5.830258302583019,49.71396045559641],[5.837458374583747,49.71227187832653],[5.844658446584475,49.71396045559641],[5.851858518585203,49.71396045559641],[5.855458554585539,49.708894723786756],[5.855458554585539,49.70551756924701],[5.859058590585903,49.700451837437356],[5.851858518585203,49.69707468289758],[5.848258482584839,49.69200895108793],[5.848258482584839,49.68018891019875],[5.844658446584475,49.676811755659],[5.841058410584111,49.673434601119226],[5.844658446584475,49.6666802920397],[5.851858518585203,49.66330313749992],[5.873458734587359,49.66161456023005],[5.880658806588059,49.65823740569027],[5.884258842588423,49.64304021026135],[5.880658806588059,49.63459732391192],[5.869858698586995,49.62953159210227],[5.862658626586267,49.62277728302274],[5.848258482584839,49.59913720124439],[5.841058410584111,49.58900573762509],[5.830258302583019,49.58225142854556],[5.848258482584839,49.57718569673591],[5.837458374583747,49.56029992403708],[5.815858158581591,49.54510272860816],[5.790657906579071,49.5383484195286],[5.779857798577979,49.540036996798506],[5.758257582575823,49.548479883147905],[5.747457474574759,49.55016846041778],[5.736657366573667,49.54510272860816],[5.722257222572239,49.534971264988855],[5.711457114571147,49.53159411044908],[5.689856898568991,49.53328268771898],[5.668256682566835,49.540036996798506],[5.6430564305643145,49.543414151338254],[5.6214562145621585,49.534971264988855],[5.607056070560702,49.52483980136955],[5.607056070560702,49.51808549229003],[5.603456034560338,49.513019760480375],[5.58905589055891,49.513019760480375],[5.578255782557818,49.51470833775025],[5.545855458554598,49.52315122409968],[5.527855278552806,49.51808549229003],[5.502655026550286,49.50457687413095],[5.477454774547766,49.49444541051167],[5.455854558545582,49.499511142321325],[5.448654486544882,49.507954028670724],[5.452254522545246,49.51639691502015],[5.455854558545582,49.526528378639426],[5.455854558545582,49.53665984225873],[5.448654486544882,49.54510272860816],[5.401854018540206,49.602514355784166],[5.391053910539114,49.60926866486369],[5.383853838538386,49.61264581940344],[5.351453514535166,49.62108870575287],[5.340653406534074,49.624465860292645],[5.3334533345333455,49.62615443756252],[5.329853298532981,49.62277728302274],[5.326253262532646,49.61771155121309],[5.322653226532282,49.61264581940344],[5.3154531545315535,49.610957242133566],[5.297452974529762,49.61264581940344],[5.2938529385293975,49.61771155121309],[5.2902529025290335,49.62615443756252],[5.2938529385293975,49.64135163299147],[5.301053010530126,49.64472878753122],[5.304653046530461,49.648105942071],[5.301053010530126,49.66330313749992],[5.279452794527941,49.67850033292888],[5.257852578525785,49.69200895108793],[5.236252362523629,49.690320373818054],[5.193051930519317,49.68356606473853],[5.167851678516797,49.686943219278305],[5.149851498515005,49.695386105627705],[5.135451354513549,49.70551756924701],[5.092250922509237,49.74604342372419],[5.081450814508145,49.752797732803714],[5.045450454504561,49.75955204188324],[5.0274502745027405,49.766306350962765],[4.987849878498793,49.78994643274115],[4.969849698497001,49.79670074182067],[4.948249482494845,49.79670074182067],[4.905049050490504,49.78656927820137],[4.883448834488348,49.784880700931495],[4.858248582485828,49.78656927820137],[4.847448474484764,49.7950121645508],[4.847448474484764,49.83722659629785],[4.836648366483672,49.847358059917156],[4.836648366483672,49.85917810080633],[4.8438484384844,49.86593240988586],[4.847448474484764,49.87099814169551],[4.854648546485464,49.882818182584685],[4.858248582485828,49.891261068934085],[4.861848618486192,49.89970395528351],[4.861848618486192,49.913212573442564],[4.8438484384844,49.931786923411295],[4.797047970479724,49.94360696430047],[4.782647826478268,49.9588041597294],[4.789847898478996,49.97400135515835],[4.82584825848258,50.03647871414401],[4.82584825848258,50.06349595046214],[4.847448474484764,50.09051318678027],[4.8510485104851,50.092201764050145],[4.861848618486192,50.08375887770072],[4.865448654486556,50.10233322766945],[4.86904869048692,50.122596154908024],[4.872648726487284,50.13948192760685],[4.861848618486192,50.14792481395628],[4.833048330483308,50.14285908214663],[4.81864818648188,50.14623623668638],[4.815048150481516,50.16143343211533],[4.789847898478996,50.1529905457659],[4.681846818468188,50.08375887770072],[4.6746467464674595,50.07531599135132],[4.6746467464674595,50.060118795922364],[4.6782467824678236,50.05505306411271],[4.681846818468188,50.04829875503319],[4.6746467464674595,50.016215786905406],[4.66744667446676,50.00101859147648],[4.6566465664656675,49.989198550587304],[4.645846458464604,49.98413281877765],[4.602646026460263,49.980755664237876],[4.465844658446599,49.93516407795104],[4.433444334443351,49.931786923411295],[4.426244262442623,49.93347550068117],[4.278642786427866,49.9604927369993],[4.2174421744217625,49.953738427919745],[4.199441994419942,49.953738427919745],[4.188641886418878,49.95542700518965],[4.13104131041311,49.975689932428224],[4.138241382413838,49.97400135515835],[4.138241382413838,49.989198550587304],[4.134641346413474,50.00439574601623],[4.12858836270221,50.0058153055302]]]}},{"type":"Feature","properties":{"territory_id":"BG-01","country_code":"BG","country_name":"Bulgaria","display_name":"Western Bulgaria and Sofia","strategic_centre":"Sofia","centre":[23.33,42.7],"boundary_status":"provisional-strategic-partition"},"geometry":{"type":"Polygon","coordinates":[[[22.343623436234367,42.31292628170054],[22.365223652236523,42.321369168049955],[22.4048240482405,42.321369168049955],[22.42282422824229,42.326434899859606],[22.43722437224372,42.33994351801867],[22.45522455224554,42.37709221795609],[22.469624696246967,42.39228941338503],[22.484024840248424,42.39735514519468],[22.49842498424985,42.39904372246457],[22.509225092250944,42.404109454274206],[22.520025200252007,42.420995226973034],[22.534425344253464,42.458143926910466],[22.5380253802538,42.47840685414906],[22.5308253082531,42.493604049577996],[22.52362523625237,42.50711266773706],[22.51282512825128,42.51893270862624],[22.48042480424806,42.535818481325066],[22.43002430024302,42.571278603992596],[22.426424264242655,42.572967181262484],[22.43002430024302,42.593230108501075],[22.440824408244083,42.63206738570838],[22.444424444244447,42.64388742659756],[22.44802448024481,42.66752750837591],[22.440824408244083,42.68103612653498],[22.469624696246967,42.718184826472395],[22.48042480424806,42.7283162900917],[22.484024840248424,42.73000486736157],[22.484024840248424,42.73675917644111],[22.48042480424806,42.740136330980874],[22.466024660246603,42.74857921733029],[22.451624516245175,42.76377641275923],[22.43002430024302,42.80599084450628],[22.426424264242655,42.80936799904606],[22.426424264242655,42.81443373085571],[22.43002430024302,42.81781088539549],[22.43722437224372,42.824565194475014],[22.444424444244447,42.829630926284665],[22.469624696246967,42.83976238990394],[22.48042480424806,42.84651669898349],[22.49842498424985,42.865091048952195],[22.50562505625058,42.870156780761846],[22.520025200252007,42.870156780761846],[22.5380253802538,42.86846820349194],[22.545225452254527,42.87184535803172],[22.54882548825489,42.87691108984137],[22.56322563225632,42.8836653989209],[22.592025920259204,42.887042553460674],[22.667626676266764,42.87184535803172],[22.696426964269648,42.87691108984137],[22.725227252272532,42.887042553460674],[22.73962739627396,42.89717401707995],[22.73962739627396,42.89886259434985],[22.746827468274688,42.91068263523903],[22.76482764827648,42.957962798795734],[22.768427684276844,42.97147141695481],[22.775627756277572,42.97991430330421],[22.786427864278636,42.984980035113864],[22.81522815228152,42.990045766923515],[22.829628296282976,42.993422921463264],[22.844028440284404,43.00693153962234],[22.88362883628838,43.03732593048022],[22.89082890828908,43.04408023955975],[22.89802898028981,43.06265458952848],[22.901629016290173,43.069408898608],[22.9088290882909,43.074474630417654],[22.926829268292693,43.08122893949718],[22.93402934029342,43.08629467130683],[22.955629556295577,43.10824617581531],[22.97362973629737,43.142017721212966],[22.98442984429846,43.17410068934072],[22.98442984429846,43.1876093074998],[22.980829808298097,43.199429348388975],[22.96642966429664,43.204495080198626],[22.9160291602916,43.212937966548026],[22.89802898028981,43.21969227562755],[22.88362883628838,43.229823739246854],[22.85842858428586,43.256840975564984],[22.83322833228334,43.275415325533686],[22.826028260282612,43.28216963461321],[22.82242822428225,43.28892394369274],[22.82242822428225,43.30749829366147],[22.818828188281884,43.31594118001087],[22.804428044280456,43.32944979816992],[22.73242732427326,43.381795693536304],[22.725227252272532,43.386861425345955],[22.718027180271804,43.38855000261583],[22.703627036270376,43.39361573442548],[22.692826928269284,43.395304311695355],[22.674826748267492,43.39361573442548],[22.6640266402664,43.39699288896523],[22.660426604266064,43.40205862077488],[22.6568265682657,43.40374719804478],[22.646026460264608,43.42063297074361],[22.63882638826388,43.425698702553234],[22.628026280262816,43.42907585709301],[22.60642606426066,43.42738727982314],[22.595625956259568,43.42907585709301],[22.58842588425884,43.43414158890266],[22.57402574025741,43.44765020706171],[22.566825668256683,43.452715938871364],[22.5308253082531,43.46453597976054],[22.520025200252007,43.47466744337984],[22.509225092250944,43.493241793348545],[22.491224912249123,43.54052195690528],[22.476824768247695,43.55909630687398],[22.476824768247695,43.564162038683634],[22.48042480424806,43.569227770493285],[22.48042480424806,43.574293502302936],[22.484024840248424,43.57598207957281],[22.484024840248424,43.58104781138246],[22.48042480424806,43.58442496592221],[22.476824768247695,43.58780212046199],[22.476824768247695,43.59455642954151],[22.48042480424806,43.59793358408129],[22.48042480424806,43.60131073862104],[22.47322473224733,43.613130779510215],[22.47322473224733,43.636770861288596],[22.466024660246603,43.64859090217777],[22.45522455224554,43.65703378852717],[22.426424264242655,43.66885382941635],[22.415624156241563,43.67729671576578],[22.4048240482405,43.68742817938505],[22.39762397623977,43.69924822027426],[22.390423904239043,43.71275683843331],[22.38682386823868,43.72626545659236],[22.38682386823868,43.733019765671884],[22.390423904239043,43.74990553837071],[22.38682386823868,43.75834842472014],[22.36162361623616,43.78029992922862],[22.350823508235095,43.80731716554675],[22.35442354423546,43.8292686700552],[22.368823688236887,43.85290875183358],[22.376023760237615,43.88330314269146],[22.37962379623798,43.91369753354934],[22.383223832238343,43.91876326535899],[22.390423904239043,43.93227188351804],[22.394023940239407,43.93564903805782],[22.39762397623977,43.952534810756646],[22.39762397623977,43.98124062434465],[22.401224012240135,43.99306066523383],[22.4120241202412,44.006569283392906],[22.433624336243383,44.01332359247243],[22.466024660246603,44.01838932428208],[22.48042480424806,44.02007790155196],[22.502025020250215,44.02007790155196],[22.516425164251643,44.03020936517126],[22.52362523625237,44.045406560600185],[22.534425344253464,44.05722660148936],[22.55602556025562,44.06229233329901],[22.57402574025741,44.06060375602914],[22.592025920259204,44.063980910568915],[22.60642606426066,44.07917810599784],[22.60642606426066,44.08762099234727],[22.59922599225993,44.10957249685575],[22.595625956259568,44.11970396047502],[22.59922599225993,44.129835424094324],[22.610026100261024,44.16022981495223],[22.60642606426066,44.16022981495223],[22.60642606426066,44.17373843311128],[22.610026100261024,44.175427010381156],[22.62442624426245,44.188935628540236],[22.63882638826388,44.20750997850894],[22.649626496264972,44.21426428758846],[22.692826928269284,44.227772905747514],[22.905229052290537,44.1230811150148],[22.94122941229412,44.11126107412562],[22.988029880298797,44.10619534231597],[23.00963009630098,44.10112961050632],[23.031230312303137,44.09268672415692],[23.038430384303837,44.06229233329901],[23.02403024030241,44.031897942441134],[22.988029880298797,44.01838932428208],[22.96642966429664,44.015012169742306],[22.926829268292693,44.006569283392906],[22.905229052290537,44.00319212885313],[22.887228872288716,43.9947492425037],[22.876428764287652,43.97279773799525],[22.851228512285132,43.89681176085051],[22.851228512285132,43.87486025634203],[22.862028620286196,43.854597329103456],[22.887228872288716,43.8394001336745],[22.919629196291964,43.83433440186485],[23.052830528305293,43.84277728821428],[23.132031320313217,43.84784302002393],[23.1608316083161,43.857974483643204],[23.196831968319685,43.863040215452855],[23.232832328323298,43.876548833611935],[23.32643326433265,43.88668029723121],[23.4848348483485,43.87992598815168],[23.59283592835928,43.83771155640463],[23.621636216362162,43.83433440186485],[23.63603636036362,43.83264582459498],[23.722437224372243,43.84615444275403],[23.7440374403744,43.84277728821428],[23.801638016380167,43.819137206435926],[24.150841508415084,43.75497127018036],[24.158041580415812,43.75328269291049],[24.338043380433817,43.760037001990014],[24.359643596435973,43.760037001990014],[24.3740437404374,43.76341415652979],[24.43164431644317,43.79380854738767],[24.46764467644678,43.8022514337371],[24.50004500045,43.79887427919732],[24.662046620466214,43.75497127018036],[24.705247052470526,43.743151229291186],[24.7520475204752,43.738085497481535],[24.964449644496455,43.74990553837071],[25.083250832508327,43.71951114751283],[25.21285212852129,43.71106826116343],[25.25245252452524,43.70431395208388],[25.284852848528487,43.69080533392483],[25.28845288452885,43.689116756654954],[25.324453244532464,43.670542406686224],[25.360453604536048,43.653656633987396],[25.40365403654036,43.65027947944765],[25.425254252542544,43.653656633987396],[25.468454684546856,43.667165252146475],[25.482854828548284,43.670542406686224],[25.490054900549012,43.670542406686224],[25.533255332553324,43.66885382941635],[25.543222689373476,43.66963301848398],[25.80570923204476,41.33956329665237],[25.79965799657998,41.338617196978234],[25.76365763657637,41.31835426973964],[25.727657276572785,41.316665692469755],[25.716857168571693,41.31328853792999],[25.7060570605706,41.30653422885045],[25.6988569885699,41.301468497040815],[25.691656916569173,41.29809134250104],[25.68085680856808,41.296402765231164],[25.670056700567017,41.29977991977093],[25.64845648456486,41.30822280612034],[25.641256412564132,41.311599960660104],[25.551255512555144,41.314977115199866],[25.536855368553688,41.311599960660104],[25.52965529655296,41.30315707431069],[25.52245522455226,41.29133703342151],[25.515255152551532,41.2828941470721],[25.50445504455044,41.281205569802225],[25.49725497254974,41.281205569802225],[25.490054900549012,41.2828941470721],[25.47925479254792,41.28458272434199],[25.4540545405454,41.281205569802225],[25.284852848528487,41.238991138055155],[25.26325263252633,41.23730256078527],[25.23805238052381,41.24067971532503],[25.22005220052202,41.24912260167444],[25.17685176851768,41.2930256106914],[25.158851588515887,41.30653422885045],[25.155251552515523,41.30822280612034],[25.115651156511575,41.32004284700952],[25.11205112051121,41.32342000154928],[25.104851048510483,41.33355146516858],[25.10125101251012,41.336928619708345],[25.097650976509783,41.336928619708345],[25.079650796507963,41.33355146516858],[24.91764917649178,41.38589736053494],[24.88524885248853,41.401094555963894],[24.863648636486374,41.401094555963894],[24.84204842048422,41.394340246884354],[24.802448024480242,41.39265166961448],[24.798847988479906,41.379143051455415],[24.802448024480242,41.36225727875659],[24.795247952479542,41.34706008332765],[24.773647736477386,41.34874866059752],[24.7520475204752,41.36225727875659],[24.719647196471982,41.39602882415424],[24.698046980469826,41.40953744231331],[24.680046800468006,41.41629175139283],[24.662046620466214,41.41798032866272],[24.636846368463694,41.41798032866272],[24.64404644046442,41.42811179228201],[24.60804608046081,41.426423215012136],[24.597245972459746,41.4298003695519],[24.579245792457925,41.43993183317119],[24.579245792457925,41.44499756498084],[24.58284582845829,41.45512902860014],[24.58284582845829,41.46019476040978],[24.57564575645756,41.463571914949554],[24.56844568445686,41.46863764675919],[24.564845648456497,41.47032622402908],[24.55764557645577,41.477080533108605],[24.554045540455405,41.48045768764838],[24.55044550445504,41.48552341945802],[24.546845468454705,41.49396630580743],[24.54324543245434,41.52098354212556],[24.53244532445325,41.54800077844368],[24.510845108451093,41.561509396602744],[24.48204482044821,41.55306651025333],[24.460444604446053,41.54968935571357],[24.438844388443897,41.52773785120509],[24.42444424444244,41.526049273935215],[24.402844028440285,41.52773785120509],[24.388443884438857,41.526049273935215],[24.352443524435245,41.519294964855675],[24.345243452434545,41.5176063875858],[24.31644316443166,41.52098354212556],[24.309243092430933,41.519294964855675],[24.302043020430204,41.5176063875858],[24.294842948429505,41.51591781031591],[24.287642876428777,41.5176063875858],[24.284042840428413,41.52267211939544],[24.287642876428777,41.53111500574485],[24.287642876428777,41.539557892094265],[24.26604266042662,41.54968935571357],[24.251642516425164,41.56319797387263],[24.233642336423372,41.561509396602744],[24.21564215642158,41.55644366479309],[24.19764197641976,41.54800077844368],[24.19764197641976,41.546312201173805],[24.183241832418332,41.53786931482439],[24.176041760417604,41.53111500574485],[24.17244172441724,41.51591781031591],[24.168841688416904,41.51085207850626],[24.161641616416176,41.51254065577615],[24.158041580415812,41.51591781031591],[24.154441544415448,41.52267211939544],[24.14724147241472,41.526049273935215],[24.1148411484115,41.53280358301474],[24.075240752407524,41.5361807375545],[24.04644046440464,41.526049273935215],[24.050040500405004,41.49396630580743],[24.053640536405368,41.47201480129897],[24.053640536405368,41.463571914949554],[24.04644046440464,41.45512902860014],[24.035640356403576,41.45175187406038],[24.02124021240212,41.45344045133025],[23.999639996399964,41.463571914949554],[23.9960399603996,41.456817605870015],[23.992439924399264,41.45512902860014],[23.985239852398536,41.45344045133025],[23.98163981639817,41.45006329679049],[23.96363963639638,41.43824325590131],[23.949239492394923,41.43824325590131],[23.902439024390247,41.463571914949554],[23.89523895238952,41.463571914949554],[23.866438664386664,41.44499756498084],[23.852038520385207,41.43993183317119],[23.83043830438305,41.43486610136155],[23.808838088380895,41.43317752409166],[23.790837908379103,41.43486610136155],[23.776437764377647,41.4298003695519],[23.75483754837549,41.401094555963894],[23.7368373683737,41.39771740142413],[23.70443704437045,41.40278313323377],[23.672036720367203,41.40278313323377],[23.65403654036541,41.39771740142413],[23.62883628836289,41.379143051455415],[23.625236252362527,41.37745447418553],[23.6108361083611,41.370700165106],[23.57843578435785,41.37238874237589],[23.513635136351382,41.39771740142413],[23.412834128341302,41.399405978694006],[23.394833948339482,41.39602882415424],[23.366033660336598,41.379143051455415],[23.348033480334806,41.370700165106],[23.32643326433265,41.36901158783611],[23.315633156331558,41.37745447418553],[23.304833048330494,41.38758593780483],[23.286832868328702,41.39771740142413],[23.26883268832688,41.39771740142413],[23.247232472324725,41.38927451507472],[23.22563225632257,41.379143051455415],[23.21123211232114,41.36901158783611],[23.207632076320778,41.3605687014867],[23.204032040320413,41.341994351518],[23.20043200432005,41.33355146516858],[23.189631896318957,41.32679715608906],[23.178831788317893,41.321731424279406],[23.157231572315737,41.316665692469755],[23.114031140311397,41.31328853792999],[22.9160291602916,41.33524004243847],[22.94122941229412,41.35043723786741],[22.944829448294485,41.36901158783611],[22.937629376293756,41.38927451507472],[22.937629376293756,41.41122601958318],[22.94122941229412,41.41629175139283],[22.952029520295213,41.42811179228201],[22.955629556295577,41.43317752409166],[22.952029520295213,41.43824325590131],[22.94842948429485,41.4483747195206],[22.944829448294485,41.45344045133025],[22.944829448294485,41.52267211939544],[22.94122941229412,41.53786931482439],[22.94842948429485,41.55475508752322],[22.94842948429485,41.561509396602744],[22.944829448294485,41.568263705682284],[22.937629376293756,41.57839516930157],[22.93402934029342,41.5851494783811],[22.930429304293057,41.59865809654016],[22.93402934029342,41.61216671469923],[22.937629376293756,41.62567533285829],[22.94122941229412,41.63749537374747],[22.944829448294485,41.64087252828723],[22.962829628296276,41.644249682826995],[22.96642966429664,41.64762683736676],[22.970029700297005,41.65269256917641],[22.977229772297733,41.666201187335474],[22.98442984429846,41.67802122822465],[22.99882998829989,41.69321842365359],[23.00963009630098,41.71685850543196],[23.00963009630098,41.74049858721031],[22.99162991629916,41.7607615144489],[22.980829808298097,41.764138668988664],[22.955629556295577,41.76582724625855],[22.944829448294485,41.769204400798316],[22.94122941229412,41.775958709877855],[22.919629196291964,41.81479598708515],[22.9088290882909,41.848567532482804],[22.901629016290173,41.86038757337198],[22.89802898028981,41.86376472791174],[22.88362883628838,41.868830459721394],[22.88362883628838,41.87220761426116],[22.880028800288017,41.87220761426116],[22.876428764287652,41.88065050061057],[22.880028800288017,41.895847696039525],[22.876428764287652,41.90260200511905],[22.86562865628656,41.92455350962753],[22.85842858428586,41.94819359140588],[22.85842858428586,41.971833673184236],[22.854828548285496,41.98196513680354],[22.84762847628477,41.993785177692715],[22.844028440284404,42.00729379585178],[22.844028440284404,42.014048104931305],[22.836828368283676,42.01911383674096],[22.826028260282612,42.02586814582048],[22.82242822428225,42.02586814582048],[22.804428044280456,42.020802414010845],[22.797227972279728,42.020802414010845],[22.790027900279,42.02586814582048],[22.786427864278636,42.03262245490002],[22.786427864278636,42.03937676397955],[22.779227792277936,42.04275391851931],[22.772027720277208,42.0444424957892],[22.725227252272532,42.04275391851931],[22.718027180271804,42.0444424957892],[22.71442714427144,42.04781965032896],[22.710827108271076,42.05288538213861],[22.70722707227074,42.056262536678375],[22.674826748267492,42.061328268488026],[22.628026280262816,42.07990261845673],[22.617226172261724,42.083279772996505],[22.5308253082531,42.12887135928334],[22.509225092250944,42.14406855471228],[22.50562505625058,42.14913428652193],[22.494824948249487,42.16433148195087],[22.48042480424806,42.19303729553887],[22.444424444244447,42.21498880004735],[22.343623436234367,42.31292628170054]]]}},{"type":"Feature","properties":{"territory_id":"BG-02","country_code":"BG","country_name":"Bulgaria","display_name":"Eastern Bulgaria and the Black Sea coast","strategic_centre":"Varna","centre":[27.9167,43.2167],"boundary_status":"provisional-strategic-partition"},"geometry":{"type":"Polygon","coordinates":[[[25.543222689373476,43.66963301848398],[25.55485554855548,43.670542406686224],[25.576455764557664,43.67729671576578],[25.594455944559456,43.680673870305526],[25.616056160561612,43.68742817938505],[25.63765637656377,43.697559643004354],[25.652056520565225,43.707691106623656],[25.670056700567017,43.71782257024296],[25.73125731257312,43.71951114751283],[25.73845738457385,43.71951114751283],[25.78165781657816,43.73133118840201],[25.803258032580345,43.760037001990014],[25.80685806858068,43.76341415652979],[25.83925839258393,43.78874281557802],[25.868058680586813,43.800562856467195],[25.91485914859149,43.84446586548415],[25.92565925659258,43.857974483643204],[25.93285932859328,43.86979452453241],[26.055260552605546,43.933960460787944],[26.062460624606246,43.94915765621687],[26.080460804608066,43.969420583455474],[26.11646116461165,43.99812639704348],[26.152461524615262,44.01163501520253],[26.231662316623186,44.02683221063148],[26.310863108631082,44.05216086967974],[26.332463324633267,44.05553802421949],[26.415264152641527,44.063980910568915],[26.613266132661323,44.08424383780749],[26.649266492664935,44.09268672415692],[26.667266672666727,44.094375301426794],[26.67806678066782,44.09775245596657],[26.69606696066961,44.10619534231597],[26.710467104671068,44.107883919585845],[26.75366753667538,44.107883919585845],[26.789667896678964,44.11632680593527],[26.883268832688344,44.156852660412454],[27.002070020700216,44.165295546761854],[27.027270272702737,44.17711558765106],[27.099270992709933,44.14503261952328],[27.20727207272074,44.129835424094324],[27.225272252722533,44.121392537744924],[27.250472504725053,44.1230811150148],[27.254072540725417,44.121392537744924],[27.268472684726845,44.112949651395496],[27.26487264872648,44.08930956961714],[27.286472864728665,44.072423796918315],[27.34047340473404,44.05384944694961],[27.354873548735497,44.045406560600185],[27.37287372873729,44.02007790155196],[27.38367383673838,44.015012169742306],[27.57447574475745,44.01670074701218],[27.63207632076322,44.03020936517126],[27.65727657276574,44.023455056091734],[27.67527675276753,43.99306066523383],[27.68247682476826,43.987994933424176],[27.722077220772206,43.94915765621687],[27.786877868778703,43.960977697106074],[27.855278552785535,43.987994933424176],[27.912879128791303,43.99306066523383],[27.93447934479346,43.96435485164582],[27.981279812798135,43.849531597293804],[28.013680136801383,43.8292686700552],[28.222482224822244,43.76172557925992],[28.434884348843497,43.734708342941786],[28.57888578885789,43.74146265202131],[28.575285752857525,43.72795403386226],[28.57168571685719,43.60637647043069],[28.575285752857525,43.59286785227164],[28.586085860858617,43.57598207957281],[28.59688596885971,43.564162038683634],[28.60408604086041,43.55234199779446],[28.60408604086041,43.53883337963538],[28.593285932859345,43.511816143317276],[28.57888578885789,43.48142175245937],[28.560885608856097,43.45440451614124],[28.54648546485467,43.44258447525206],[28.535685356853577,43.43920732071231],[28.4888848888489,43.40712435258453],[28.47808478084781,43.39699288896523],[28.474484744847445,43.38348427080618],[28.474484744847445,43.36659849810735],[28.460084600846017,43.3801071162664],[28.41328413284134,43.39868146623513],[28.406084060840612,43.40543577531466],[28.39528395283955,43.41387866166406],[28.37008370083703,43.422321548013485],[28.323283232832324,43.42907585709301],[28.298082980829804,43.425698702553234],[28.26208262082622,43.41050150712431],[28.244082440824428,43.40712435258453],[28.17928179281793,43.41050150712431],[28.157681576815776,43.40712435258453],[28.118081180811828,43.39192715715558],[28.092880928809308,43.363221343567574],[28.08568085680858,43.354778457218174],[28.031680316803175,43.248398089215556],[28.017280172801748,43.23320089378663],[27.999279992799927,43.22306943016733],[27.930879308793095,43.20956081200825],[27.920079200792003,43.204495080198626],[27.912879128791303,43.20280650292872],[27.905679056790575,43.20280650292872],[27.905679056790575,43.1960521938492],[27.938079380793823,43.17578926661059],[27.945279452794523,43.16903495753107],[27.945279452794523,43.15721491664189],[27.923679236792367,43.11331190762493],[27.912879128791303,43.06434316679835],[27.905679056790575,43.055900280448924],[27.894878948789483,43.0491459713694],[27.887678876788783,43.04239166228987],[27.88407884078842,43.030571621400696],[27.88407884078842,43.00862011689222],[27.90207902079021,42.963028530605385],[27.905679056790575,42.94276560336678],[27.898478984789847,42.8752225125715],[27.905679056790575,42.860025317142544],[27.88407884078842,42.84820527625337],[27.88407884078842,42.83131950355454],[27.891278912789147,42.811056576315934],[27.898478984789847,42.78403933999783],[27.898478984789847,42.73675917644111],[27.894878948789483,42.718184826472395],[27.891278912789147,42.70974194012298],[27.840878408784107,42.70805336285309],[27.786877868778703,42.71480767193263],[27.743677436774362,42.71649624920251],[27.7328773287733,42.71480767193263],[27.72567725677257,42.70805336285309],[27.718477184771842,42.69454474469404],[27.714877148771507,42.68441328107474],[27.718477184771842,42.67428181745545],[27.72567725677257,42.66752750837591],[27.740077400774027,42.660773199296386],[27.711277112771143,42.657396044756624],[27.668076680766802,42.64388742659756],[27.646476464764646,42.640510272057796],[27.628476284762854,42.628690231168605],[27.63207632076322,42.60336157212038],[27.642876428764282,42.57465575853236],[27.65007650076501,42.557769985833545],[27.635676356763582,42.56452429491307],[27.542075420754202,42.56621287218296],[27.513275132751346,42.552704254023894],[27.49887498874989,42.5324413267853],[27.49167491674916,42.50711266773706],[27.480874808748098,42.483472585958694],[27.462874628746306,42.490226895038234],[27.452074520745214,42.48009543141893],[27.452074520745214,42.46489823598999],[27.46647466474664,42.45645534964058],[27.462874628746306,42.448012463291164],[27.462874628746306,42.44294673148151],[27.46647466474664,42.42774953605257],[27.470074700747006,42.43619242240199],[27.470074700747006,42.43788099967186],[27.46647466474664,42.44125815421164],[27.47367473674737,42.46152108145023],[27.502475024750254,42.43788099967186],[27.513275132751346,42.4345038451321],[27.527675276752774,42.44294673148151],[27.534875348753502,42.45476677237069],[27.545675456754566,42.45983250418034],[27.563675636756386,42.448012463291164],[27.570875708757086,42.458143926910466],[27.578075780757814,42.45645534964058],[27.588875888758906,42.45138961783093],[27.596075960759606,42.448012463291164],[27.610476104761062,42.45138961783093],[27.621276212762126,42.45645534964058],[27.628476284762854,42.458143926910466],[27.642876428764282,42.45645534964058],[27.642876428764282,42.44970104056105],[27.639276392763946,42.44970104056105],[27.635676356763582,42.448012463291164],[27.642876428764282,42.431126690592336],[27.653676536765374,42.41930664970316],[27.668076680766802,42.4159294951634],[27.693276932769322,42.42774953605257],[27.693276932769322,42.41930664970316],[27.70047700477005,42.41424091789351],[27.70767707677078,42.41255234062362],[27.718477184771842,42.41424091789351],[27.718477184771842,42.40748660881398],[27.714877148771507,42.405798031544094],[27.696876968769686,42.40073229973444],[27.704077040770414,42.390600836115155],[27.711277112771143,42.38891225884527],[27.718477184771842,42.38722368157539],[27.711277112771143,42.37709221795609],[27.70767707677078,42.363583599797025],[27.714877148771507,42.348386404368085],[27.72567725677257,42.33825494074878],[27.740077400774027,42.33487778620902],[27.75087750877509,42.33487778620902],[27.765277652776547,42.33825494074878],[27.779677796777975,42.33825494074878],[27.779677796777975,42.333189208939146],[27.77607776077761,42.326434899859606],[27.77607776077761,42.321369168049955],[27.779677796777975,42.31630343624032],[27.786877868778703,42.31123770443067],[27.761677616776183,42.29604050900171],[27.75087750877509,42.27746615903301],[27.754477544775455,42.258891809064295],[27.779677796777975,42.243694613635355],[27.77607776077761,42.24031745909559],[27.772477724777247,42.23525172728594],[27.80847808478086,42.218365954587114],[27.815678156781587,42.21161164550759],[27.819278192781923,42.20485733642805],[27.830078300783015,42.19472587280876],[27.844478444784443,42.18628298645935],[27.855278552785535,42.181217254649695],[27.855278552785535,42.17784010010993],[27.85167851678517,42.16939721376052],[27.848078480784807,42.16770863649063],[27.880478804788055,42.15420001833158],[27.887678876788783,42.14744570925204],[27.905679056790575,42.120428472933924],[27.956079560795615,42.09509981388568],[27.963279632796343,42.08496835026638],[27.974079740797407,42.07483688664709],[27.9848798487985,42.071459732107314],[27.981279812798135,42.061328268488026],[27.988479884798863,42.051196804868724],[27.995679956799563,42.0444424957892],[28.006480064800655,42.03768818670967],[28.006480064800655,42.03093387763013],[27.999279992799927,42.03093387763013],[28.01008010080102,42.020802414010845],[28.017280172801748,42.00898237312167],[28.020880208802083,41.993785177692715],[28.013680136801383,41.98196513680354],[28.017280172801748,41.971833673184236],[27.981279812798135,41.978587982263775],[27.966879668796707,41.98196513680354],[27.916479164791667,41.978587982263775],[27.90207902079021,41.98027655953365],[27.87687876878769,41.99040802315295],[27.85167851678517,41.9954737549626],[27.844478444784443,41.9954737549626],[27.822878228782287,41.993785177692715],[27.819278192781923,41.9954737549626],[27.812078120781223,41.9954737549626],[27.80847808478086,41.993785177692715],[27.804878048780495,41.98365371407343],[27.804878048780495,41.97014509591436],[27.80127801278013,41.96001363229506],[27.819278192781923,41.95325932321553],[27.815678156781587,41.94650501413601],[27.80127801278013,41.94312785959623],[27.790477904779067,41.94312785959623],[27.77607776077761,41.94650501413601],[27.72567725677257,41.9667679413746],[27.686076860768623,41.96845651864447],[27.610476104761062,41.95325932321553],[27.606876068760698,41.94312785959623],[27.603276032760334,41.938062127786594],[27.59967599675997,41.938062127786594],[27.588875888758906,41.94312785959623],[27.581675816758178,41.93468497324682],[27.570875708757086,41.92961924143718],[27.54927549275493,41.92455350962753],[27.552875528755294,41.921176355087766],[27.556475564755658,41.921176355087766],[27.556475564755658,41.91948777781788],[27.560075600756022,41.91779920054799],[27.556475564755658,41.916110623278115],[27.552875528755294,41.91273346873835],[27.54927549275493,41.911044891468464],[27.563675636756386,41.90597915965881],[27.545675456754566,41.900913427849176],[27.534875348753502,41.9076677369287],[27.509675096750982,41.93299639597694],[27.495274952749526,41.94312785959623],[27.419674196741965,41.973522250454124],[27.39807398073981,41.98871944588306],[27.376473764737653,42.00898237312167],[27.33327333273334,42.05795111394826],[27.304473044730457,42.078214041186854],[27.27207272072721,42.09172265934592],[27.23967239672396,42.098476968425445],[27.218072180721805,42.09509981388568],[27.203672036720377,42.08834550480614],[27.18207182071822,42.06639400029768],[27.178471784717857,42.061328268488026],[27.178471784717857,42.05795111394826],[27.174871748717493,42.056262536678375],[27.149671496714973,42.061328268488026],[27.128071280712817,42.063016845757915],[27.117271172711725,42.061328268488026],[27.099270992709933,42.071459732107314],[27.084870848708505,42.078214041186854],[27.066870668706684,42.083279772996505],[27.04527045270453,42.083279772996505],[27.023670236702372,42.0731483093772],[27.002070020700216,42.04275391851931],[26.98046980469806,42.03262245490002],[26.966069660696604,42.02924530036026],[26.958869588695904,42.01742525947107],[26.951669516695176,42.00560521858189],[26.93726937269375,41.9954737549626],[26.93006930069302,41.993785177692715],[26.91206912069123,41.99716233223248],[26.901269012690136,41.993785177692715],[26.890468904689044,41.9853422913433],[26.87966879668798,41.9853422913433],[26.872468724687252,41.98871944588306],[26.861668616686188,41.98871944588306],[26.850868508685096,41.98365371407343],[26.836468364683668,41.97521082772401],[26.82926829268294,41.96845651864447],[26.818468184681848,41.96507936410471],[26.807668076680784,41.96845651864447],[26.789667896678964,41.98027655953365],[26.7788677886779,41.98365371407343],[26.768067680676808,41.98027655953365],[26.74646746467465,41.96507936410471],[26.735667356673588,41.958325055025185],[26.717667176671767,41.956636477755296],[26.624066240662415,41.96845651864447],[26.606066060660623,41.9667679413746],[26.588065880658803,41.958325055025185],[26.559265592655947,41.936373550516706],[26.55206552065522,41.931307818707054],[26.548465484654855,41.9262420868974],[26.541265412654127,41.921176355087766],[26.54486544865449,41.916110623278115],[26.555665556655583,41.911044891468464],[26.559265592655947,41.9076677369287],[26.559265592655947,41.900913427849176],[26.555665556655583,41.89247054149976],[26.55206552065522,41.88740480969011],[26.55206552065522,41.873896191531045],[26.548465484654855,41.85701041883222],[26.541265412654127,41.838436068863516],[26.5268652686527,41.82492745070445],[26.480064800648023,41.813107409815274],[26.37566375663758,41.81648456435504],[26.332463324633267,41.789467328036906],[26.321663216632174,41.76582724625855],[26.31806318063181,41.743875741750074],[26.321663216632174,41.72361281451148],[26.332463324633267,41.713481350892195],[26.296462964629654,41.71010419635242],[26.2748627486275,41.71516992816207],[26.260462604626042,41.72361281451148],[26.235262352623522,41.74556431901996],[26.22446224462246,41.748941473559725],[26.210062100621002,41.75063005082961],[26.188461884618846,41.73543285540066],[26.13446134461344,41.733744278130786],[26.10926109261092,41.728678546321134],[26.080460804608066,41.71179277362231],[26.073260732607338,41.708415619082544],[26.06606066060661,41.708415619082544],[26.05886058860588,41.706727041812655],[26.055260552605546,41.701661310003004],[26.048060480604818,41.68984126911383],[26.048060480604818,41.67464407368489],[26.051660516605182,41.66113545552582],[26.055260552605546,41.649315414636646],[26.05886058860588,41.644249682826995],[26.06606066060661,41.63580679647758],[26.080460804608066,41.63074106466793],[26.094860948609494,41.629052487398056],[26.105661056610586,41.623986755588405],[26.11646116461165,41.61723244650888],[26.130861308613106,41.58346090111122],[26.130861308613106,41.55306651025333],[26.138061380613806,41.54968935571357],[26.152461524615262,41.546312201173805],[26.159661596615962,41.54293504663404],[26.163261632616326,41.52942642847498],[26.163261632616326,41.505786346696624],[26.159661596615962,41.49396630580743],[26.148861488614898,41.48552341945802],[26.145261452614534,41.478769110378494],[26.156061560615626,41.46019476040978],[26.159661596615962,41.45512902860014],[26.174061740617418,41.44668614225073],[26.177661776617782,41.43993183317119],[26.174061740617418,41.43148894682177],[26.170461704617054,41.4298003695519],[26.163261632616326,41.42811179228201],[26.159661596615962,41.421357483202485],[26.148861488614898,41.39771740142413],[26.130861308613106,41.370700165106],[26.120061200612014,41.357191546946936],[26.11646116461165,41.35550296967706],[26.105661056610586,41.357191546946936],[26.022860228602298,41.341994351518],[26.00846008460084,41.336928619708345],[25.98325983259832,41.32342000154928],[25.9580595805958,41.314977115199866],[25.947259472594737,41.31328853792999],[25.936459364593645,41.316665692469755],[25.922059220592217,41.316665692469755],[25.896858968589697,41.30653422885045],[25.88245882458824,41.30484565158058],[25.86445864458645,41.30991138339023],[25.8320583205832,41.33524004243847],[25.810458104581045,41.34030577424811],[25.80570923204476,41.33956329665237],[25.543222689373476,43.66963301848398]]]}},{"type":"Feature","properties":{"territory_id":"BY-01","country_code":"BY","country_name":"Belarus","display_name":"Western Belarus","strategic_centre":"Brest","centre":[23.6569,52.1347],"boundary_status":"provisional-strategic-partition"},"geometry":{"type":"Polygon","coordinates":[[[23.164431644316437,52.289040792167526],[23.21123211232114,52.34814099661344],[23.229232292322934,52.365026769312266],[23.26883268832688,52.395421160170145],[23.391233912339118,52.51024441452216],[23.481234812348134,52.55414742353912],[23.56763567635676,52.586230391666874],[23.7368373683737,52.61493620525488],[23.870038700387,52.67065925516101],[23.909639096390976,52.69936506874902],[23.924039240392403,52.743268077765975],[23.92043920439204,52.77197389135398],[23.91323913239134,52.89355145478552],[23.909639096390976,52.90199434113495],[23.90603906039061,52.9070600729446],[23.902439024390247,52.912125804754254],[23.902439024390247,52.930700154722956],[23.91323913239134,52.94420877288201],[23.916839168391704,52.95096308196156],[23.916839168391704,52.95940596831096],[23.909639096390976,52.98642320462909],[23.909639096390976,53.01344044094722],[23.898838988389883,53.02694905910627],[23.866438664386664,53.050589140884625],[23.859238592385935,53.06747491358345],[23.859238592385935,53.08773784082206],[23.870038700387,53.10124645898111],[23.88083880838809,53.113066499870285],[23.891638916389184,53.12826369529924],[23.89523895238952,53.15190377707759],[23.884438844388455,53.16372381796677],[23.866438664386664,53.17216670431617],[23.848438484384843,53.183986745205374],[23.83763837638378,53.1991839406343],[23.826838268382687,53.21438113606325],[23.81963819638196,53.2278897542223],[23.801638016380167,53.24308694965126],[23.783637836378375,53.27010418596939],[23.7440374403744,53.3646645130828],[23.722437224372243,53.39674748121058],[23.675636756367567,53.455847685656465],[23.589235892358943,53.61119679448569],[23.56763567635676,53.68042846255088],[23.564035640356423,53.74290582153654],[23.538835388353903,53.763168748775115],[23.531635316353174,53.78343167601372],[23.520835208352082,53.83746614864995],[23.51003510035102,53.86279480769821],[23.495634956349562,53.88474631220669],[23.488434884348862,53.910074971254915],[23.4848348483485,53.93878078484292],[23.520835208352082,53.93371505303327],[23.6108361083611,53.901632084905515],[23.62883628836289,53.89825493036574],[23.64323643236432,53.89825493036574],[23.69363693636936,53.91176354852482],[23.75483754837549,53.91682928033444],[23.772837728377283,53.923583589413994],[23.78723787237874,53.92864932122362],[23.79443794437944,53.92696074395374],[23.81243812438126,53.92020643487422],[23.81963819638196,53.91851785760434],[23.826838268382687,53.92020643487422],[23.90603906039061,53.945535093922445],[23.92043920439204,53.94722367119235],[23.934839348393496,53.94384651665257],[23.96363963639638,53.932026475763394],[23.98163981639817,53.93033789849352],[24.04644046440464,53.93033789849352],[24.075240752407524,53.93540363030317],[24.136441364413656,53.95566655754175],[24.168841688416904,53.959043712081524],[24.201242012420124,53.952289403002],[24.23004230042301,53.932026475763394],[24.2480424804248,53.90332066217539],[24.258842588425892,53.89318919855609],[24.276842768427684,53.89150062128621],[24.309243092430933,53.89318919855609],[24.34164341643418,53.88643488947656],[24.377643776437765,53.88643488947656],[24.413644136441377,53.89825493036574],[24.528845288452885,53.959043712081524],[24.579245792457925,53.97592948478035],[24.64404644046442,53.98268379385988],[24.665646656466578,53.994503834749054],[24.672846728467306,53.994503834749054],[24.67644676446764,53.99281525747918],[24.690846908469098,53.972552330240575],[24.705247052470526,53.964109443891175],[24.723247232472346,53.964109443891175],[24.788047880478814,53.969175175700826],[24.806048060480606,53.97592948478035],[24.820448204482062,53.99281525747918],[24.820448204482062,54.01983249379731],[24.813248132481334,54.03840684376601],[24.798847988479906,54.05529261646484],[24.788047880478814,54.07724412097332],[24.780847808478086,54.092441316402244],[24.78444784447845,54.09581847094202],[24.791647916479178,54.09581847094202],[24.798847988479906,54.102572780021546],[24.816848168481698,54.10932708910107],[24.820448204482062,54.11439282091072],[24.816848168481698,54.12114712999025],[24.816848168481698,54.1279014390698],[24.820448204482062,54.13465574814933],[24.849248492484918,54.14478721176863],[24.856448564485646,54.146475789038504],[24.903249032490322,54.14985294357825],[24.950049500495,54.146475789038504],[25.02565025650256,54.1279014390698],[25.072450724507263,54.132967170879425],[25.10320659660849,54.14378657654795],[26.127647748195006,51.87484644485762],[26.080460804608066,51.900668020094514],[26.051660516605182,51.90404517463426],[25.979659796597986,51.90404517463426],[25.767257672576733,51.927685256412644],[25.684456844568444,51.91755379279334],[25.54765547655478,51.919242370063216],[25.35325353253532,51.92093094733309],[25.184051840518407,51.949636760921095],[25.13725137251373,51.949636760921095],[25.09405094050942,51.93950529730182],[25.004050040500402,51.91079948371382],[24.723247232472346,51.88209367012581],[24.70164701647016,51.88209367012581],[24.640446404464058,51.892225133745086],[24.39204392043922,51.88040509285591],[24.370443704437065,51.87533936104626],[24.34884348843488,51.86183074288721],[24.312843128431297,51.82805919748955],[24.294842948429505,51.807796270250975],[24.27324273242732,51.74363033399541],[24.244442444424465,51.718301674947185],[24.129241292412928,51.669332934120575],[23.98163981639817,51.58659264789634],[23.942039420394224,51.58152691608669],[23.91323913239134,51.598412688785515],[23.884438844388455,51.620364193293995],[23.84483844838448,51.63049565691327],[23.81963819638196,51.63049565691327],[23.751237512375127,51.64400427507235],[23.726037260372607,51.64569285234222],[23.62883628836289,51.628807079643394],[23.6180361803618,51.62542992510362],[23.607236072360735,51.61867561602409],[23.59283592835928,51.60516699786504],[23.59283592835928,51.59672411151561],[23.600036000360006,51.58828122516621],[23.625236252362527,51.54100106160951],[23.62883628836289,51.530869597990204],[23.625236252362527,51.51567240256125],[23.614436144361463,51.5122952480215],[23.607236072360735,51.517360979831125],[23.60363603636037,51.530869597990204],[23.589235892358943,51.535935329799855],[23.571235712357122,51.539312484339604],[23.56043560435606,51.55450967976856],[23.574835748357486,51.55450967976856],[23.55323553235533,51.57814976154691],[23.542435424354238,51.593346956975864],[23.538835388353903,51.606855575134915],[23.546035460354602,51.633872811453045],[23.542435424354238,51.64400427507235],[23.531635316353174,51.65075858415187],[23.531635316353174,51.65920147050127],[23.542435424354238,51.65920147050127],[23.546035460354602,51.66257862504105],[23.56043560435606,51.67271008866035],[23.556835568355694,51.6760872432001],[23.549635496354966,51.682841552279655],[23.546035460354602,51.68959586135918],[23.549635496354966,51.69297301589893],[23.56043560435606,51.69466159316883],[23.556835568355694,51.70141590224836],[23.549635496354966,51.70817021132788],[23.546035460354602,51.71323594313753],[23.55323553235533,51.73687602491589],[23.556835568355694,51.74700748853519],[23.56043560435606,51.753761797614715],[23.57843578435785,51.767270415773766],[23.600036000360006,51.77402472485332],[23.6180361803618,51.785844765742496],[23.62883628836289,51.80948484752085],[23.6108361083611,51.824682042949775],[23.59283592835928,51.843256392918505],[23.607236072360735,51.851699279267905],[23.6108361083611,51.873650783776384],[23.621636216362162,51.87702793831616],[23.621636216362162,51.883782247395686],[23.614436144361463,51.883782247395686],[23.621636216362162,51.89560228828486],[23.621636216362162,51.927685256412644],[23.62883628836289,51.946259606381346],[23.646836468364683,51.97327684269948],[23.66123661236614,51.98678546085853],[23.675636756367567,51.99353976993805],[23.664836648366503,52.01042554263688],[23.650436504365047,52.04926281984419],[23.64323643236432,52.061082860733364],[23.64323643236432,52.07290290162254],[23.63603636036362,52.08472294251172],[23.625236252362527,52.08978867432137],[23.614436144361463,52.09147725159124],[23.6108361083611,52.0982315606708],[23.60363603636037,52.1066744470202],[23.596435964359642,52.115117333369625],[23.57843578435785,52.12187164244915],[23.531635316353174,52.12018306517925],[23.513635136351382,52.1252487969889],[23.4848348483485,52.159020342386555],[23.488434884348862,52.16239749692633],[23.492034920349198,52.17421753781551],[23.488434884348862,52.180971846895034],[23.470434704347042,52.17084038327573],[23.463234632346342,52.17590611508538],[23.456034560345614,52.180971846895034],[23.448834488344886,52.186037578704685],[23.438034380343822,52.17590611508538],[23.42723427234273,52.177594692355285],[23.420034200342002,52.18266042416491],[23.405634056340574,52.186037578704685],[23.391233912339118,52.18266042416491],[23.387633876338782,52.18434900143481],[23.394833948339482,52.19279188778421],[23.394833948339482,52.199546196863736],[23.373233732337326,52.20123477413364],[23.312033120331222,52.21474339229269],[23.30123301233013,52.22318627864212],[23.283232832328338,52.21980912410234],[23.21123211232114,52.23162916499152],[23.189631896318957,52.240072051340945],[23.196831968319685,52.25864640130965],[23.19323193231932,52.2721550194687],[23.182431824318257,52.28059790581813],[23.17523175231753,52.28566363762778],[23.1680316803168,52.289040792167526],[23.164431644316437,52.289040792167526]]]}},{"type":"Feature","properties":{"territory_id":"BY-02","country_code":"BY","country_name":"Belarus","display_name":"Eastern Belarus and Minsk","strategic_centre":"Minsk","centre":[27.5667,53.9],"boundary_status":"provisional-strategic-partition"},"geometry":{"type":"Polygon","coordinates":[[[25.10320659660849,54.14378657654795],[25.115651156511575,54.14816436630838],[25.155251552515523,54.17518160262651],[25.173251732517343,54.19713310713499],[25.1948519485195,54.244413270691695],[25.205652056520563,54.25623331158087],[25.223652236522383,54.257921888850746],[25.28845288452885,54.244413270691695],[25.37125371253714,54.24779042523147],[25.392853928539296,54.257921888850746],[25.432454324543244,54.2916934342484],[25.457654576545764,54.298447743327955],[25.47205472054722,54.29675916605805],[25.47925479254792,54.293382011518304],[25.482854828548284,54.28831627970865],[25.55485554855548,54.230904652532644],[25.544055440554416,54.22752749799287],[25.52245522455226,54.22921607526274],[25.500855008550104,54.222461766183216],[25.500855008550104,54.21233030256391],[25.52245522455226,54.20388741621451],[25.52965529655296,54.195444529865085],[25.52245522455226,54.18869022078556],[25.493654936549376,54.181935911706034],[25.486454864548648,54.17518160262651],[25.493654936549376,54.15829582992768],[25.515255152551532,54.14478721176863],[25.544055440554416,54.1363443254192],[25.63045630456304,54.1279014390698],[25.652056520565225,54.1279014390698],[25.66285662856629,54.132967170879425],[25.68085680856808,54.14478721176863],[25.691656916569173,54.14816436630838],[25.727657276572785,54.14478721176863],[25.73845738457385,54.146475789038504],[25.76365763657637,54.15660725265781],[25.770857708577097,54.17180444808673],[25.770857708577097,54.217396034373564],[25.77445774457746,54.222461766183216],[25.785257852578525,54.23259322980252],[25.78885788857889,54.235970384342295],[25.785257852578525,54.24272469342182],[25.78165781657816,54.244413270691695],[25.778057780577825,54.24610184796157],[25.770857708577097,54.249479002501346],[25.767257672576733,54.25961046612065],[25.75645756457564,54.26974192973992],[25.74925749257494,54.276496238819476],[25.73845738457385,54.283250547899],[25.734857348573485,54.283250547899],[25.72405724057242,54.28156197062913],[25.720457204572057,54.28156197062913],[25.716857168571693,54.284939125168876],[25.7060570605706,54.30351347513758],[25.702457024570265,54.311956361487006],[25.695256952569537,54.320399247836406],[25.68085680856808,54.32546497964606],[25.666456664566653,54.32377640237618],[25.608856088560884,54.30520205240748],[25.565655656556572,54.30351347513758],[25.544055440554416,54.30857920694723],[25.52965529655296,54.320399247836406],[25.52965529655296,54.34572790688466],[25.54765547655478,54.36767941139314],[25.594455944559456,54.399762379520894],[25.61245612456125,54.42171388402937],[25.616056160561612,54.440288233998075],[25.616056160561612,54.462239738506554],[25.619656196561976,54.48756839755481],[25.63045630456304,54.507831324793386],[25.644856448564497,54.51965136568256],[25.7060570605706,54.54160287019104],[25.727657276572785,54.55342291108022],[25.742057420574213,54.56862010650917],[25.745657456574577,54.58888303374778],[25.73845738457385,54.60745738371648],[25.716857168571693,54.64291750638401],[25.709657096570965,54.663180433622614],[25.709657096570965,54.67500047451179],[25.71325713257133,54.68513193813109],[25.720457204572057,54.69526340175037],[25.72405724057242,54.70539486536967],[25.72405724057242,54.71552632898897],[25.720457204572057,54.766183647085455],[25.72405724057242,54.779692265244506],[25.734857348573485,54.78982372886381],[25.75645756457564,54.79995519248311],[25.767257672576733,54.80333234702286],[25.77445774457746,54.80333234702286],[25.778057780577825,54.80502092429276],[25.78165781657816,54.81346381064216],[25.78165781657816,54.82190669699159],[25.77445774457746,54.842169624230166],[25.770857708577097,54.850612510579595],[25.78165781657816,54.8691868605483],[25.803258032580345,54.88100690143747],[25.8248582485825,54.89282694232665],[25.846458464584657,54.9063355604857],[25.853658536585385,54.916467024105],[25.853658536585385,54.92490991045443],[25.85725857258572,54.93335279680383],[25.871658716587177,54.93841852861348],[25.90765907659076,54.948549992232785],[25.92565925659258,54.948549992232785],[25.961659616596165,54.94348426042313],[25.979659796597986,54.94348426042313],[26.102061020610222,54.956992878582184],[26.138061380613806,54.96881291947136],[26.152461524615262,54.97894438309066],[26.170461704617054,54.99245300124974],[26.188461884618846,55.00933877394857],[26.22446224462246,55.0549303602354],[26.228062280622822,55.0633732465848],[26.231662316623186,55.07519328747398],[26.231662316623186,55.11234198741141],[26.264062640626406,55.139359223729514],[26.310863108631082,55.144424955539165],[26.41886418864189,55.12753918284034],[26.429664296642983,55.12753918284034],[26.436864368643683,55.12922776011024],[26.44406444064441,55.13429349191989],[26.45126451264514,55.139359223729514],[26.458464584645867,55.144424955539165],[26.472864728647295,55.14611353280907],[26.57726577265774,55.11909629649094],[26.60246602466026,55.12078487376081],[26.616866168661687,55.135982069189765],[26.62766627666278,55.16468788277777],[26.634866348663508,55.1917051190959],[26.642066420664207,55.20352515998508],[26.656466564665664,55.21534520087425],[26.685266852668548,55.23223097357308],[26.699666996669976,55.23729670538273],[26.739267392673923,55.242362437192384],[26.764467644676444,55.247428169002006],[26.789667896678964,55.25755963262131],[26.800468004680056,55.27275682805026],[26.793267932679328,55.28964260074909],[26.768067680676808,55.29977406436839],[26.60246602466026,55.31665983706722],[26.541265412654127,55.30821695071779],[26.5268652686527,55.30821695071779],[26.465664656646567,55.32003699160697],[26.45126451264514,55.326791300686494],[26.44406444064441,55.3369227643058],[26.454864548645503,55.3554971142745],[26.480064800648023,55.380825773322755],[26.487264872648723,55.39095723694206],[26.498064980649815,55.42810593687946],[26.508865088650907,55.43992597776864],[26.54486544865449,55.46018890500724],[26.54486544865449,55.47200894589642],[26.5268652686527,55.492271873134996],[26.530465304653063,55.51591195491338],[26.55206552065522,55.53448630488208],[26.57726577265774,55.55137207758091],[26.59526595265953,55.568257850279736],[26.606066060660623,55.590209354788215],[26.606066060660623,55.617226591106316],[26.60246602466026,55.64255525015457],[26.59526595265953,55.666195331932926],[26.616866168661687,55.688146836441405],[26.638466384663843,55.69490114552093],[26.667266672666727,55.693212568251056],[26.72126721267213,55.68139252736188],[26.742867428674288,55.68308110463175],[26.822068220682212,55.70672118641011],[26.843668436684368,55.71854122729928],[26.901269012690136,55.77933000901507],[26.958869588695904,55.818167286222376],[26.98046980469806,55.826610172571776],[27.110071100711025,55.83674163619108],[27.149671496714973,55.83167590438143],[27.174871748717493,55.8249215953019],[27.236072360723625,55.7962157817139],[27.261272612726145,55.78777289536447],[27.2828728287283,55.791150049904246],[27.329673296732977,55.818167286222376],[27.351273512735133,55.83167590438143],[27.37287372873729,55.8147901316826],[27.405274052740538,55.8046586680633],[27.437674376743786,55.79790435898377],[27.563675636756386,55.79283862717412],[27.592475924759242,55.79452720444402],[27.603276032760334,55.80972439987295],[27.610476104761062,55.83167590438143],[27.617676176761762,55.878956067938134],[27.646476464764646,55.92285907695509],[27.743677436774362,55.960007776892525],[27.77607776077761,55.99209074502028],[27.779677796777975,56.01573082679866],[27.812078120781223,56.03430517676736],[27.880478804788055,56.06469956762524],[27.891278912789147,56.07651960851442],[27.90207902079021,56.090028226673496],[27.912879128791303,56.10015969029277],[27.92727927279273,56.1086025766422],[27.938079380793823,56.11366830845185],[27.981279812798135,56.1187340402615],[28.024480244802447,56.128865503880775],[28.049680496804967,56.14068554476998],[28.067680676806788,56.147439853849505],[28.1108811088111,56.15757131746878],[28.150481504815048,56.142374122039854],[28.168481684816868,56.125488349341026],[28.2368823688237,56.08327391759394],[28.26928269282695,56.057945258545715],[28.290882908829104,56.04612521765654],[28.31248312483126,56.04274806311676],[28.334083340833416,56.04950237219629],[28.366483664836665,56.079896763054194],[28.38808388083882,56.08833964940359],[28.53928539285394,56.098471113022896],[28.593285932859345,56.09171680394337],[28.611286112861137,56.08833964940359],[28.62208622086223,56.08327391759394],[28.636486364863657,56.066388144895114],[28.67248672486727,56.03768233130711],[28.67968679686797,56.027550867687836],[28.69048690486906,56.003910785909454],[28.694086940869425,55.9802707041311],[28.70488704887049,55.960007776892525],[28.733687336873373,55.946499158733445],[28.809288092880934,55.93467911784427],[28.83088830888309,55.938056272384046],[28.834488344883454,55.9616963541624],[28.859688596885974,55.97689354959135],[28.920889208892106,55.99209074502028],[28.98208982089821,56.01404224952876],[29.03249032490325,56.02417371314806],[29.09009090090902,56.022485135878185],[29.144091440914423,56.01235367225888],[29.194491944919463,55.99209074502028],[29.223292232922347,55.97858212686123],[29.378093780937803,55.953253467813],[29.396093960939623,55.94818773600335],[29.414094140941415,55.938056272384046],[29.432094320943207,55.924547654224966],[29.439294392943935,55.91441619060569],[29.4428944289443,55.90766188152617],[29.439294392943935,55.90090757244661],[29.432094320943207,55.89921899517674],[29.424894248942508,55.89921899517674],[29.41769417694178,55.897530417906864],[29.406894068940687,55.89415326336709],[29.399693996939988,55.89246468609721],[29.39249392493926,55.889087531557436],[29.38529385293853,55.88064464520804],[29.381693816938167,55.870513181588734],[29.374493744937467,55.84687309981038],[29.370893708937103,55.83674163619108],[29.349293492934947,55.80297009079342],[29.34209342093422,55.78777289536447],[29.349293492934947,55.76582139085602],[29.363693636936375,55.75231277269694],[29.414094140941415,55.72698411364871],[29.46089460894609,55.68645825917153],[29.482494824948247,55.68139252736188],[29.507695076950768,55.68476968190163],[29.586895868958692,55.73880415453789],[29.684096840968408,55.77088712266564],[29.709297092970928,55.77426427720542],[29.781297812978124,55.764132813586116],[29.806498064980644,55.77088712266564],[29.84609846098462,55.813101554412725],[29.867698676986777,55.82998732711155],[29.907299072990725,55.843495945270604],[29.9468994689947,55.848561677080255],[29.98649986499865,55.84687309981038],[30.10530105301055,55.821544440762125],[30.134101341013405,55.826610172571776],[30.177301773017746,55.85193883162003],[30.1989019890199,55.85869314069956],[30.216902169021694,55.85531598615978],[30.252902529025306,55.83843021346095],[30.270902709027098,55.82998732711155],[30.468904689046894,55.79283862717412],[30.476104761047623,55.78777289536447],[30.476104761047623,55.77933000901507],[30.47250472504726,55.77088712266564],[30.468904689046894,55.76244423631624],[30.479704797047987,55.75400134996684],[30.569705697056975,55.73036126818846],[30.580505805058067,55.72529553637881],[30.587705877058767,55.71854122729928],[30.59130591305913,55.70503260914023],[30.587705877058767,55.696589722790804],[30.58410584105843,55.688146836441405],[30.58410584105843,55.67970395009198],[30.594905949059495,55.66450675466305],[30.61650616506165,55.657752445583526],[30.638106381063807,55.65437529104375],[30.681306813068147,55.65606386831362],[30.69210692106921,55.652686713773875],[30.702907029070303,55.64255525015457],[30.713707137071367,55.62735805472562],[30.74250742507425,55.59358650932796],[30.771307713077135,55.59189793205809],[30.803708037080384,55.60202939567739],[30.846908469084696,55.61047228202679],[30.886508865088672,55.60034081840749],[30.908109081090828,55.57838931389904],[30.911709117091192,55.571635004819484],[30.91890918909189,55.53448630488208],[30.9009090090901,55.49902618221455],[30.915309153091528,55.4939604504049],[30.91890918909189,55.492271873134996],[30.911709117091192,55.48045183224582],[30.886508865088672,55.46863179135664],[30.882908829088308,55.451746018657815],[30.890108901089008,55.43317166868911],[30.904509045090464,55.421351627799936],[30.91890918909189,55.407843009640885],[30.91890918909189,55.38758008240228],[30.904509045090464,55.375760041513104],[30.846908469084696,55.350431382464876],[30.81090810908111,55.323414146146746],[30.796507965079655,55.304839796178044],[30.79290792907929,55.28626544620931],[30.803708037080384,55.27275682805026],[30.821708217082175,55.264313941700834],[30.857708577085788,55.25418247808156],[30.86850868508685,55.242362437192384],[30.886508865088672,55.20521373725495],[30.9009090090901,55.1917051190959],[30.947709477094776,55.171442191857295],[30.958509585095868,55.162999305507896],[30.962109621096232,55.157933573698244],[30.958509585095868,55.149490687348816],[30.958509585095868,55.144424955539165],[30.962109621096232,55.14273637826929],[30.972909729097296,55.14104780099942],[30.97650976509766,55.139359223729514],[30.980109801098024,55.13429349191989],[30.983709837098388,55.130916337380114],[30.983709837098388,55.12585060557046],[30.980109801098024,55.11571914195116],[30.972909729097296,55.108964832871635],[30.969309693096932,55.10221052379211],[30.972909729097296,55.09376763744268],[30.980109801098024,55.087013328363156],[30.994509945099452,55.06675040112458],[31.005310053100544,55.0431103193462],[31.005310053100544,55.02284739210762],[30.980109801098024,55.019470237567845],[30.933309333093348,55.0262245466474],[30.911709117091192,55.024535969377496],[30.908109081090828,55.01271592848832],[30.915309153091528,54.99583015578949],[30.929709297092984,54.98569869217019],[30.936909369093712,54.97387865128101],[30.91890918909189,54.953615724042436],[30.9009090090901,54.94686141496291],[30.839708397083967,54.93841852861348],[30.814508145081447,54.92828706499418],[30.81810818108181,54.918155601374906],[30.828908289082904,54.90295840594595],[30.82530825308254,54.877629746897696],[30.81090810908111,54.86074397419887],[30.789307893078927,54.84723535603982],[30.76770767707677,54.83034958334099],[30.764107641076407,54.801643769752985],[30.771307713077135,54.78644657432403],[30.78570785707859,54.779692265244506],[30.828908289082904,54.77124937889511],[30.980109801098024,54.70539486536967],[30.994509945099452,54.690197669940716],[30.998109981099816,54.671623319972014],[31.019710197101972,54.67331189724189],[31.106111061110624,54.668246165432265],[31.12771127711278,54.641228929114135],[31.16731167311673,54.62096600187553],[31.138511385113873,54.58212872466822],[31.088110881108832,54.53653713838139],[31.062910629106312,54.49263412936446],[31.095310953109532,54.47912551120538],[31.16731167311673,54.467305470316205],[31.17811178111782,54.453796852157154],[31.21051210512107,54.4487311203475],[31.224912249122497,54.4284681931089],[31.250112501125017,54.37612229774254],[31.26091260912611,54.364302256853364],[31.275312753127537,54.355859370503964],[31.28611286112863,54.347416484154536],[31.29331293312933,54.33053071145571],[31.300513005130057,54.2731190842797],[31.31131311313115,54.244413270691695],[31.325713257132577,54.22921607526274],[31.48051480514806,54.15660725265781],[31.50571505715058,54.14309863449873],[31.5309153091531,54.138032902689076],[31.58131581315814,54.12959001633968],[31.667716677166766,54.102572780021546],[31.69651696516965,54.097507048211895],[31.725317253172534,54.097507048211895],[31.736117361173626,54.09412989367215],[31.74691746917469,54.08568700732272],[31.754117541175418,54.075555543703416],[31.761317613176146,54.06035834827449],[31.77211772117721,54.048538307385314],[31.782917829178302,54.04516115284554],[31.808118081180822,54.05529261646484],[31.81531815318155,54.056981193734714],[31.82251822518225,54.05360403919494],[31.82251822518225,54.04516115284554],[31.84771847718477,53.99281525747918],[31.84051840518407,53.98437237112975],[31.84051840518407,53.969175175700826],[31.836918369183707,53.96242086662127],[31.826118261182614,53.94046936211282],[31.811718117181186,53.883057734936784],[31.793717937179366,53.85772907588856],[31.754117541175418,53.81889179868125],[31.743317433174326,53.7952517169029],[31.786517865178666,53.79356313963302],[31.87291872918729,53.776677366934194],[32.08532085320854,53.81044891233185],[32.1069210692107,53.80707175779207],[32.16452164521647,53.781743098743846],[32.29052290522907,53.76148017150524],[32.32652326523265,53.74628297607629],[32.3589235892359,53.719265739758185],[32.37332373323733,53.714200007948534],[32.42012420124203,53.71588858521841],[32.44172441724419,53.714200007948534],[32.463324633246344,53.70744569886901],[32.481324813248136,53.692248503440055],[32.488524885248864,53.68549419436053],[32.488524885248864,53.670296998931576],[32.481324813248136,53.661854112582176],[32.405724057240576,53.6399026080737],[32.39852398523985,53.634836876264046],[32.39852398523985,53.62808256718452],[32.40212402124021,53.60950821721579],[32.412924129241304,53.58249098089769],[32.430924309243096,53.562228053659084],[32.45252452524525,53.54703085823013],[32.481324813248136,53.53521081734095],[32.531725317253176,53.5217021991819],[32.55332553325533,53.5115707355626],[32.57132571325715,53.4929963855939],[32.57852578525785,53.48624207651437],[32.58572585725858,53.48455349924447],[32.59292592925931,53.48624207651437],[32.60012600126001,53.4929963855939],[32.61812618126183,53.49468496286377],[32.63612636126362,53.4929963855939],[32.65052650526505,53.48793065378425],[32.64692646926471,53.47948776743485],[32.64332643326435,53.469356303815545],[32.64692646926471,53.45753626292637],[32.65772657726578,53.455847685656465],[32.690126901269025,53.46260199473602],[32.70092700927009,53.46260199473602],[32.71892718927191,53.43896191295764],[32.71892718927191,53.43051902660824],[32.70452704527045,53.3663530903527],[32.71892718927191,53.33427012222492],[32.69732697326975,53.325827235875494],[32.6829268292683,53.327515813145396],[32.664926649266505,53.330892967685145],[32.65052650526505,53.33427012222492],[32.57852578525785,53.32413865860562],[32.58212582125822,53.32076150406587],[32.59292592925931,53.31231861771644],[32.59652596525967,53.308941463176694],[32.56772567725679,53.29880999955739],[32.538925389253905,53.295432845017615],[32.506525065250656,53.29712142228749],[32.481324813248136,53.30556430863692],[32.456124561245616,53.300498576827266],[32.44892448924489,53.28867853593809],[32.456124561245616,53.27854707231879],[32.47772477724777,53.27516991777904],[32.47052470524707,53.254906990540434],[32.456124561245616,53.23633264057173],[32.42372423724237,53.20424967244395],[32.405724057240576,53.19242963155477],[32.387723877238784,53.18736389974512],[32.35172351723517,53.1806095906656],[32.31932319323195,53.162035240696895],[32.29412294122943,53.140083736188416],[32.26892268922691,53.12488654075946],[32.21492214922151,53.12488654075946],[32.211322113221144,53.121509386219714],[32.20772207722078,53.11644365441006],[32.20772207722078,53.104623613520886],[32.204122041220415,53.099557881711235],[32.20052200522005,53.09786930444133],[32.19692196921969,53.09786930444133],[32.18972189721899,53.099557881711235],[32.153721537215375,53.09618072717146],[32.12492124921249,53.08436068628228],[32.11772117721179,53.080983531742504],[32.08172081720818,53.08267210901241],[32.00972009720098,53.099557881711235],[31.9809198091981,53.09786930444133],[31.95571955719558,53.08942641809193],[31.93051930519306,53.08773784082206],[31.908919089190903,53.09111499536181],[31.8549185491855,53.10968934533051],[31.844118441184406,53.11137792260041],[31.808118081180822,53.10968934533051],[31.79731797317973,53.113066499870285],[31.77931779317794,53.12826369529924],[31.768517685176846,53.16878954977642],[31.757717577175782,53.18736389974512],[31.73971739717399,53.19242963155477],[31.692916929169286,53.19242963155477],[31.674916749167494,53.19580678609455],[31.61371613716139,53.2093154042536],[31.592115921159206,53.211003981523476],[31.574115741157414,53.20762682698373],[31.534515345153466,53.19411820882465],[31.51291512915131,53.19411820882465],[31.46251462514627,53.1991839406343],[31.415714157141565,53.1991839406343],[31.37971379713798,53.18229816793547],[31.36171361713619,53.13332942710889],[31.36171361713619,53.11982080894981],[31.365313653136525,53.10968934533051],[31.365313653136525,53.08942641809193],[31.35451354513546,53.08267210901241],[31.32931329313294,53.07929495447263],[31.31851318513185,53.07591779993288],[31.26811268112681,53.028637636376146],[31.246512465124653,53.015129018217095],[31.322113221132213,52.97629174100979],[31.340113401134005,52.957717391041086],[31.365313653136525,52.90874865021448],[31.38691386913871,52.8884857229759],[31.41931419314193,52.86991137300717],[31.451714517145177,52.85640275484812],[31.48051480514806,52.85133702303847],[31.50571505715058,52.849648445768594],[31.51291512915131,52.841205559419166],[31.516515165151645,52.827696941260115],[31.523715237152373,52.81249974583116],[31.53811538115383,52.800679704941984],[31.548915489154894,52.79392539586246],[31.559715597155986,52.787171086782934],[31.57051570515705,52.76690815954433],[31.57051570515705,52.72469372779727],[31.548915489154894,52.70611937782854],[31.48051480514806,52.68247929605019],[31.491314913149125,52.667282100621264],[31.534515345153466,52.63013340068383],[31.566915669156685,52.58960754620665],[31.577715777157778,52.577787505317474],[31.61371613716139,52.55921315534877],[31.628116281162818,52.547393114459595],[31.624516245162454,52.53726165084029],[31.610116101161026,52.53557307357042],[31.574115741157414,52.54063880538004],[31.559715597155986,52.54063880538004],[31.56331563315635,52.53726165084029],[31.577715777157778,52.525441609951116],[31.559715597155986,52.520375878141465],[31.548915489154894,52.51193299179204],[31.552515525155258,52.50180152817276],[31.566915669156685,52.493358641823335],[31.58851588515887,52.48322717820403],[31.58851588515887,52.457898519155805],[31.584915849158506,52.4275041282979],[31.58131581315814,52.40217546924967],[31.592115921159206,52.39204400563037],[31.599315993159934,52.38360111928097],[31.606516065160662,52.37178107839179],[31.610116101161026,52.35489530569296],[31.602916029160298,52.341386687533884],[31.592115921159206,52.32787806937483],[31.58131581315814,52.31774660575553],[31.566915669156685,52.310992296676005],[31.59571595715957,52.283975060357875],[31.61371613716139,52.27384359673857],[31.631716317163182,52.26540071038917],[31.649716497164974,52.26033497857952],[31.682116821168222,52.25695782403977],[31.700117001170014,52.25189209223012],[31.68931689316895,52.243449205880694],[31.682116821168222,52.22994058772164],[31.678516785167858,52.216431969562564],[31.682116821168222,52.20123477413364],[31.68931689316895,52.191103310514336],[31.700117001170014,52.186037578704685],[31.750517505175054,52.164086074196206],[31.761317613176146,52.150577456037155],[31.76491764917651,52.13031452879855],[31.76491764917651,52.09992013794067],[31.649716497164974,52.096542983400894],[31.473314733147333,52.11849448790937],[31.383313833138345,52.1168059106395],[31.30411304113042,52.0982315606708],[31.282512825128265,52.08134578797197],[31.26811268112681,52.061082860733364],[31.25371253712538,52.04419708803454],[31.22851228512286,52.03744277895501],[31.20331203312034,52.04419708803454],[31.16011160111603,52.06783716981289],[31.13491134911351,52.07628005616232],[31.095310953109532,52.07965721070207],[30.958509585095868,52.074591478892415],[30.933309333093348,52.06952574708279],[30.91890918909189,52.05939428346349],[30.92610926109262,52.04250851076466],[30.91890918909189,52.03744277895501],[30.915309153091528,52.03237704714536],[30.915309153091528,52.02731131533571],[30.911709117091192,52.02224558352606],[30.940509405094048,52.02055700625618],[30.95130951309514,52.00704838809713],[30.940509405094048,51.99353976993805],[30.915309153091528,51.99185119266818],[30.908109081090828,51.998605501747704],[30.904509045090464,52.00029407901758],[30.897308973089736,51.998605501747704],[30.890108901089008,51.99353976993805],[30.879308793087944,51.9884740381284],[30.879308793087944,51.97327684269948],[30.86850868508685,51.96483395635005],[30.857708577085788,51.95807964727052],[30.846908469084696,51.951325338191],[30.832508325083268,51.946259606381346],[30.803708037080384,51.93950529730182],[30.803708037080384,51.92937383368252],[30.81090810908111,51.92599667914274],[30.81090810908111,51.91755379279334],[30.796507965079655,51.90742232917404],[30.789307893078927,51.900668020094514],[30.778507785077863,51.89729086555474],[30.74970749707498,51.89897944282464],[30.74250742507425,51.89729086555474],[30.738907389073887,51.892225133745086],[30.738907389073887,51.88209367012581],[30.73530735307355,51.873650783776384],[30.713707137071367,51.86689647469686],[30.706507065070667,51.86014216561733],[30.702907029070303,51.85338785653781],[30.695706957069575,51.85001070199803],[30.695706957069575,51.846633547458254],[30.67410674106742,51.829747774759426],[30.66690666906669,51.8229934656799],[30.663306633066327,51.81961631114015],[30.663306633066327,51.816239156600375],[30.670506705067055,51.80610769298107],[30.670506705067055,51.79091049755215],[30.652506525065263,51.77909045666294],[30.630906309063107,51.77064757031354],[30.61650616506165,51.76051610669424],[30.638106381063807,51.75545037488459],[30.645306453064535,51.753761797614715],[30.645306453064535,51.74700748853519],[30.63450634506347,51.740253179455664],[30.630906309063107,51.72843313856649],[30.630906309063107,51.71492452040741],[30.62370623706238,51.70648163405801],[30.612906129061287,51.70310447951823],[30.58410584105843,51.70310447951823],[30.569705697056975,51.69972732497848],[30.576905769057703,51.6862187068194],[30.56610566105661,51.66595577958083],[30.569705697056975,51.65075858415187],[30.562505625056247,51.647381429612096],[30.555305553055547,51.6389385432627],[30.551705517055183,51.63724996599282],[30.551705517055183,51.633872811453045],[30.555305553055547,51.62374134783374],[30.544505445054455,51.620364193293995],[30.51570515705157,51.60347842059517],[30.51570515705157,51.59672411151561],[30.53370533705339,51.58659264789634],[30.544505445054455,51.58321549335656],[30.544505445054455,51.576461184277036],[30.53370533705339,51.57477260700716],[30.530105301053027,51.57308402973726],[30.526505265052663,51.571395452467385],[30.5229052290523,51.56970687519751],[30.5229052290523,51.56295256611796],[30.53370533705339,51.55282110249868],[30.56610566105661,51.54775537068903],[30.58410584105843,51.54268963887938],[30.576905769057703,51.530869597990204],[30.569705697056975,51.52580386618055],[30.562505625056247,51.522426711640776],[30.57330573305734,51.51567240256125],[30.58410584105843,51.508918093481725],[30.59130591305913,51.5021637844022],[30.58410584105843,51.49372089805277],[30.587705877058767,51.481900857163595],[30.59850598505986,51.473457970814195],[30.60930609306095,51.47008081627442],[30.61650616506165,51.46670366173467],[30.61650616506165,51.459949352655116],[30.605706057060587,51.46163792992502],[30.594905949059495,51.45826077538524],[30.587705877058767,51.451506466305716],[30.58410584105843,51.43968642541654],[30.587705877058767,51.42786638452736],[30.594905949059495,51.424489229987586],[30.605706057060587,51.424489229987586],[30.61650616506165,51.419423498177935],[30.62370623706238,51.41266918909841],[30.630906309063107,51.383963375510405],[30.638106381063807,51.37889764370075],[30.645306453064535,51.37214333462123],[30.645306453064535,51.36707760281158],[30.630906309063107,51.3637004482718],[30.638106381063807,51.3366832119537],[30.60930609306095,51.31810886198497],[30.580505805058067,51.30291166655604],[30.576905769057703,51.28940304839696],[30.55890558905591,51.26914012115839],[30.555305553055547,51.267451543888484],[30.555305553055547,51.242122884840256],[30.551705517055183,51.237057153030605],[30.54090540905409,51.23536857576073],[30.53370533705339,51.24381146211013],[30.519305193051935,51.25225434845956],[30.50850508505087,51.25732008026921],[30.494104941049414,51.26069723480896],[30.479704797047987,51.259008657539084],[30.46530465304653,51.26238581207886],[30.443704437044374,51.28264873931744],[30.429304293042946,51.291091625666866],[30.41490414904149,51.294468780206614],[30.38250382503827,51.294468780206614],[30.368103681036814,51.29784593474639],[30.353703537035386,51.30460024382592],[30.324903249032502,51.329928902874144],[30.317703177031774,51.34006036649345],[30.321303213032138,51.34174894376335],[30.328503285032866,51.362011871001926],[30.328503285032866,51.389029107320056],[30.324903249032502,51.39578341639958],[30.321303213032138,51.40253772547911],[30.30690306903071,51.40929203455863],[30.25650256502567,51.424489229987586],[30.242102421024214,51.43462069360689],[30.20610206102063,51.46670366173467],[30.177301773017746,51.48021227989372],[30.14850148501486,51.48358943443347],[30.008100081000805,51.481900857163595],[29.98649986499865,51.478523702623846],[29.925299252992545,51.45826077538524],[29.91089910899109,51.45826077538524],[29.89649896498966,51.46501508446477],[29.88569885698857,51.46501508446477],[29.874898748987505,51.459949352655116],[29.856898568985685,51.43968642541654],[29.84609846098462,51.432932116337014],[29.82809828098283,51.42955496179724],[29.738097380973812,51.43968642541654],[29.723697236972384,51.44981788903584],[29.716497164971656,51.46501508446477],[29.698496984969864,51.48358943443347],[29.684096840968408,51.4920323207829],[29.662496624966252,51.49372089805277],[29.637296372963732,51.49034374351302],[29.61929619296194,51.48527801170337],[29.597695976959784,51.473457970814195],[29.583295832958328,51.46163792992502],[29.5688956889569,51.44981788903584],[29.54369543695438,51.44306357995629],[29.51849518495186,51.441375002686414],[29.504095040950403,51.43799784814664],[29.496894968949704,51.42617780725746],[29.482494824948247,51.40084914820923],[29.464494644946456,51.38565195278028],[29.446494464944664,51.38565195278028],[29.403294032940323,51.39578341639958],[29.378093780937803,51.39071768458993],[29.352893528935283,51.37720906643088],[29.34209342093422,51.370454757351354],[29.320493204932063,51.3653890255417],[29.295292952929543,51.3738319118911],[29.28449284492845,51.392406261859804],[29.277292772927723,51.41435776636828],[29.26649266492666,51.432932116337014],[29.244892448924503,51.44812931176594],[29.226892268922683,51.454883620845465],[29.219692196921983,51.46670366173467],[29.230492304923047,51.49372089805277],[29.226892268922683,51.51904955710103],[29.21609216092162,51.535935329799855],[29.180091800918007,51.566329720657734],[29.162091620916215,51.60347842059517],[29.147691476914787,51.61529846148434],[29.122491224912267,51.62542992510362],[29.08289082890829,51.63049565691327],[29.0648906489065,51.63049565691327],[29.043290432904342,51.62542992510362],[29.02529025290255,51.61360988421444],[29.00009000090003,51.58321549335656],[28.98208982089821,51.56970687519751],[28.953289532895326,51.56295256611796],[28.892088920889222,51.56295256611796],[28.863288632886338,51.55957541157821],[28.83088830888309,51.54775537068903],[28.79848798487987,51.53255817526008],[28.77328773287735,51.5106066707516],[28.751687516875165,51.48358943443347],[28.74808748087483,51.46670366173467],[28.751687516875165,51.42955496179724],[28.74808748087483,51.41435776636828],[28.73008730087301,51.40084914820923],[28.719287192871946,51.410980611828535],[28.712087120871217,51.42955496179724],[28.70488704887049,51.44306357995629],[28.69048690486906,51.44306357995629],[28.67968679686797,51.43799784814664],[28.66528665286654,51.43462069360689],[28.64728647286475,51.43968642541654],[28.636486364863657,51.44981788903584],[28.62928629286293,51.46332650719489],[28.6148861488615,51.51904955710103],[28.611286112861137,51.539312484339604],[28.60408604086041,51.55282110249868],[28.57888578885789,51.55957541157821],[28.4888848888489,51.571395452467385],[28.460084600846017,51.571395452467385],[28.434884348843497,51.566329720657734],[28.384483844838456,51.544378216149255],[28.359283592835936,51.52918102072033],[28.348483484834844,51.52580386618055],[28.334083340833416,51.52918102072033],[28.326883268832688,51.535935329799855],[28.316083160831624,51.56464114338786],[28.31248312483126,51.57477260700716],[28.298082980829804,51.58321549335656],[28.26928269282695,51.59503553424574],[28.258482584825856,51.601789843325264],[28.247682476824764,51.61360988421444],[28.247682476824764,51.63049565691327],[28.244082440824428,51.64062712053257],[28.229682296822972,51.65075858415187],[28.21168211682118,51.65244716142175],[28.18648186481866,51.64569285234222],[28.164881648816504,51.633872811453045],[28.146881468814684,51.61360988421444],[28.114481144811464,51.57477260700716],[28.089280892808944,51.56126398884808],[28.071280712807123,51.557886834308334],[27.974079740797407,51.557886834308334],[27.956079560795615,51.56126398884808],[27.93447934479346,51.566329720657734],[27.87687876878769,51.60854415240479],[27.855278552785535,51.61529846148434],[27.830078300783015,51.61360988421444],[27.812078120781223,51.601789843325264],[27.80127801278013,51.584904070626436],[27.794077940779403,51.56464114338786],[27.794077940779403,51.55282110249868],[27.797677976779767,51.54100106160951],[27.797677976779767,51.530869597990204],[27.794077940779403,51.517360979831125],[27.786877868778703,51.5106066707516],[27.740077400774027,51.47176939354429],[27.729277292772935,51.46501508446477],[27.714877148771507,51.46332650719489],[27.70047700477005,51.46670366173467],[27.68247682476826,51.47514654808407],[27.671676716767166,51.48527801170337],[27.664476644766467,51.49034374351302],[27.664476644766467,51.4920323207829],[27.696876968769686,51.54268963887938],[27.704077040770414,51.56801829792761],[27.693276932769322,51.58996980243609],[27.67527675276753,51.59503553424574],[27.621276212762126,51.59672411151561],[27.513275132751346,51.62374134783374],[27.477274772747734,51.62374134783374],[27.459274592745942,51.61698703875422],[27.430474304743058,51.598412688785515],[27.4088740887409,51.59165837970599],[27.387273872738746,51.58996980243609],[27.329673296732977,51.59672411151561],[27.290072900729,51.58828122516621],[27.268472684726845,51.58828122516621],[27.254072540725417,51.59503553424574],[27.261272612726145,51.611921306944566],[27.275672756727573,51.633872811453045],[27.279272792727937,51.65075858415187],[27.24687246872469,51.655824315961524],[27.225272252722533,51.65413573869162],[27.203672036720377,51.655824315961524],[27.18927189271892,51.664267202310924],[27.18207182071822,51.682841552279655],[27.18207182071822,51.70985878859776],[27.185671856718585,51.731810293106236],[27.178471784717857,51.74700748853519],[27.149671496714973,51.75713895215449],[27.110071100711025,51.762204683964114],[27.02007020070201,51.76389326123402],[26.919269192691928,51.74194175672554],[26.85446854468546,51.74869606580506],[26.667266672666727,51.80104196117142],[26.44406444064441,51.80610769298107],[26.433264332643347,51.80948484752085],[26.41886418864189,51.821304888410026],[26.415264152641527,51.83143635202933],[26.41886418864189,51.83987923837873],[26.41886418864189,51.846633547458254],[26.408064080640827,51.85001070199803],[26.174061740617418,51.856765011077556],[26.145261452614534,51.865207897426984],[26.127647748195006,51.87484644485762],[25.10320659660849,54.14378657654795]]]}},{"type":"Feature","properties":{"territory_id":"CH-01","country_code":"CH","country_name":"Switzerland","display_name":"Swiss Plateau","strategic_centre":"Bern","centre":[7.4475,46.9481],"boundary_status":"provisional-strategic-partition"},"geometry":{"type":"MultiPolygon","coordinates":[[[[5.956259562595619,46.20003115697051],[5.959859598595983,46.21185119785969],[5.981459814598139,46.22198266147899],[6.042660426604272,46.242245588717594],[6.046260462604636,46.24393416598747],[6.0570605706056995,46.242245588717594],[6.0606606066060635,46.24055701144769],[6.067860678606792,46.242245588717594],[6.089460894608948,46.24562274325734],[6.093060930609312,46.2523770523369],[6.093060930609312,46.27263997957547],[6.10026100261004,46.30134579316348],[6.103861038610404,46.309788679512906],[6.118261182611832,46.331740184021356],[6.136261362613624,46.35875742033949],[6.136261362613624,46.37057746122866],[6.121861218612196,46.38577465665762],[6.10746107461074,46.39590612027692],[6.0606606066060635,46.4178576247854],[6.053460534605364,46.41954620205527],[6.064260642606428,46.4263005111348],[6.067860678606792,46.43305482021432],[6.064260642606428,46.43980912929385],[6.064260642606428,46.451629170183054],[6.0606606066060635,46.4550063247228],[6.0606606066060635,46.465137788342105],[6.064260642606428,46.47189209742163],[6.07506075060752,46.48033498377106],[6.111061110611104,46.52086083824824],[6.147061470614716,46.55125522910612],[6.121861218612196,46.56982957907482],[6.118261182611832,46.5833381972339],[6.13266132661326,46.595158238123076],[6.265862658626588,46.679587101617216],[6.337863378633784,46.70660433793532],[6.348663486634877,46.71335864701487],[6.373863738637397,46.73362157425345],[6.406264062640645,46.745441615142624],[6.417064170641709,46.750507346952276],[6.427864278642801,46.76063881057158],[6.431464314643165,46.76908169692098],[6.431464314643165,46.785967469619806],[6.424264242642437,46.79103320142946],[6.420664206642073,46.79609893323911],[6.417064170641709,46.80285324231863],[6.417064170641709,46.80623039685841],[6.435064350643501,46.840001942256066],[6.442264422644229,46.848444828605466],[6.442264422644229,46.85182198314524],[6.445864458644593,46.856887714954894],[6.449464494644957,46.87208491038385],[6.445864458644593,46.88221637400312],[6.431464314643165,46.90079072397185],[6.427864278642801,46.90923361032125],[6.442264422644229,46.94469373298878],[6.492664926649269,46.96326808295751],[6.597065970659713,46.986908164735866],[6.665466654666545,47.02067971013352],[6.687066870668701,47.044319791911875],[6.6762667626676375,47.06289414188058],[6.690666906669065,47.07809133730953],[6.6978669786697935,47.084845646389056],[6.723067230672314,47.09159995546858],[6.726667266672678,47.09666568727823],[6.730267302673042,47.09835426454811],[6.74466744667447,47.10341999635776],[6.74466744667447,47.120305769056586],[6.773467734677354,47.128748655406014],[6.838268382683822,47.16758593261329],[6.841868418684186,47.169274509883195],[6.859868598686006,47.191226014391674],[6.888668886688862,47.21148894163025],[6.957069570695722,47.245260487027906],[6.953469534695358,47.27058914607616],[6.957069570695722,47.29085207331474],[6.978669786697878,47.30436069147382],[6.9858698586986065,47.30436069147382],[6.993069930699306,47.30604926874369],[7.0074700747007626,47.31955788690274],[7.018270182701826,47.32293504144252],[7.0254702547025545,47.324623618712394],[7.036270362703647,47.329689350522045],[7.043470434704346,47.33982081414135],[7.032670326703283,47.34995227776065],[7.018270182701826,47.360083741379924],[7.0038700387003985,47.36852662772935],[6.9858698586986065,47.36177231864983],[6.867068670686706,47.3533294323004],[6.87066870668707,47.36683805045948],[6.885068850688526,47.3820352458884],[6.899468994689954,47.39554386404748],[6.924669246692474,47.405675327666756],[6.924669246692474,47.42424967763549],[6.953469534695358,47.42931540944511],[6.967869678696786,47.43438114125476],[6.9822698226982425,47.44451260487406],[6.989469894698942,47.45295549122349],[6.9858698586986065,47.46477553211267],[6.975069750697514,47.47828415027172],[6.975069750697514,47.48841561389102],[6.993069930699306,47.49348134570067],[7.000270002700034,47.49685850024042],[7.011070110701127,47.498547077510324],[7.018270182701826,47.49685850024042],[7.0290702907029186,47.49348134570067],[7.054270542705439,47.490104191160896],[7.104671046710479,47.49685850024042],[7.126271262712635,47.49348134570067],[7.140671406714063,47.48841561389102],[7.155071550715519,47.48672703662115],[7.180271802718039,47.48841561389102],[7.162271622716247,47.45970980030302],[7.169471694716947,47.44282402760419],[7.191071910719103,47.43438114125476],[7.219872198721987,47.42931540944511],[7.223472234722351,47.42593825490536],[7.227072270722715,47.422561100365584],[7.230672306723079,47.419183945825836],[7.237872378723807,47.41749536855593],[7.245072450724507,47.41749536855593],[7.281072810728119,47.42931540944511],[7.309873098731003,47.43269256398489],[7.338673386733888,47.43269256398489],[7.3782737827378355,47.43100398671501],[7.389073890738928,47.43269256398489],[7.40707407074072,47.43775829579454],[7.4214742147421475,47.45126691395359],[7.425074250742512,47.45633264576324],[7.428674286742876,47.46477553211267],[7.428674286742876,47.47152984119219],[7.4214742147421475,47.47490699573197],[7.4178741787417835,47.47828415027172],[7.414274142741448,47.48334988208137],[7.414274142741448,47.490104191160896],[7.425074250742512,47.49179276843077],[7.4430744307443035,47.48841561389102],[7.446674466744668,47.48672703662115],[7.453874538745396,47.48334988208137],[7.468274682746824,47.481661304811496],[7.48267482674828,47.49179276843077],[7.486274862748644,47.49348134570067],[7.486274862748644,47.5002356547802],[7.479074790747916,47.50698996385972],[7.475474754747552,47.512055695669375],[7.475474754747552,47.51543285020915],[7.48267482674828,47.517121427479026],[7.493474934749344,47.51543285020915],[7.500675006750072,47.517121427479026],[7.504275042750436,47.52218715928868],[7.504275042750436,47.53231862290798],[7.500675006750072,47.53231862290798],[7.486274862748644,47.54076150925738],[7.48267482674828,47.54245008652725],[7.522275222752228,47.56271301376586],[7.525875258752592,47.566090168305635],[7.551075510755112,47.57622163192491],[7.587075870758724,47.58466451827434],[7.637476374763764,47.59479598189364],[7.65907659076592,47.596484559163514],[7.648276482764828,47.57115590011526],[7.637476374763764,47.56440159103573],[7.60867608676088,47.56440159103573],[7.648276482764828,47.55089297287668],[7.6626766267662845,47.54582724106703],[7.6842768427684405,47.544138663797156],[7.7274772747727525,47.55089297287668],[7.7670776707767,47.55595870468633],[7.785077850778521,47.56271301376586],[7.803078030780313,47.57622163192491],[7.821078210782105,47.59479598189364],[7.835478354783561,47.58973025008399],[7.896678966789665,47.588041672814086],[7.903879038790393,47.58297594100446],[7.907479074790757,47.574533054655035],[7.911079110791121,47.56440159103573],[7.911079110791121,47.561024436495984],[8.040680406804086,47.561024436495984],[8.087480874808762,47.56777874557551],[8.098280982809825,47.57115590011526],[8.10188101881019,47.57622163192491],[8.105481054810554,47.58128736373456],[8.112681126811282,47.588041672814086],[8.123481234812346,47.59141882735386],[8.145081450814502,47.59986171370326],[8.163081630816322,47.60323886824304],[8.170281702817022,47.60830460005269],[8.173881738817386,47.61337033186234],[8.17748177481775,47.615058909132216],[8.231482314823154,47.62181321821174],[8.249482494824946,47.62181321821174],[8.27828278282783,47.61674748640209],[8.289082890828922,47.615058909132216],[8.292682926829286,47.61168175459247],[8.299882998829986,47.601550290973165],[8.307083070830714,47.59141882735386],[8.317883178831806,47.588041672814086],[8.35388353883539,47.58128736373456],[8.422284222842222,47.58128736373456],[8.447484474844742,47.58466451827434],[8.451084510845106,47.58973025008399],[8.461884618846199,47.606616022782816],[8.490684906849083,47.62012464094187],[8.523085230852303,47.62181321821174],[8.524351330718755,47.620922432346404],[8.458708118121457,46.22521791822359],[8.458284582845835,46.225359816018766],[8.436684366843679,46.23549127963807],[8.425884258842586,46.250688475066994],[8.422284222842222,46.27601713411525],[8.425884258842586,46.30134579316348],[8.443884438844407,46.353691688529835],[8.447484474844742,46.38239750211784],[8.447484474844742,46.41279189297575],[8.440284402844043,46.434743397484226],[8.42948429484295,46.44825201564328],[8.400684006840066,46.451629170183054],[8.386283862838638,46.44994059291315],[8.343083430834326,46.443186283833626],[8.317883178831806,46.43305482021432],[8.296282962829622,46.4178576247854],[8.285482854828558,46.40603758389622],[8.289082890828922,46.40097185208657],[8.296282962829622,46.39759469754679],[8.296282962829622,46.38746323392749],[8.292682926829286,46.37902034757809],[8.281882818828194,46.37057746122866],[8.271082710827102,46.36382315214914],[8.242282422824246,46.353691688529835],[8.191881918819206,46.309788679512906],[8.170281702817022,46.2996572158936],[8.12708127081271,46.29290290681408],[8.105481054810554,46.286148597734524],[8.087480874808762,46.27263997957547],[8.07668076680767,46.26250851595617],[8.073080730807305,46.25406562960677],[8.07668076680767,46.24899989779712],[8.098280982809825,46.23549127963807],[8.130681306813074,46.19665400243076],[8.130681306813074,46.15950530249333],[8.109081090810918,46.127422334365576],[8.065880658806606,46.100405098047446],[8.055080550805513,46.09871652077754],[8.037080370803722,46.09702794350767],[8.02628026280263,46.09196221169802],[8.019080190801901,46.08014217080884],[8.015480154801566,46.07001070718954],[8.015480154801566,46.05819066630036],[8.011880118801201,46.02948485271236],[8.008280082800837,46.02779627544248],[7.997479974799745,46.01259908001353],[7.997479974799745,46.010910502743656],[7.986679866798681,45.99909046185448],[7.979479794797953,45.9957133073147],[7.968679686796861,45.99233615277495],[7.896678966789665,45.98220468915565],[7.882278822788237,45.97376180280625],[7.871478714787145,45.9585646073773],[7.871478714787145,45.939990257408596],[7.849878498784989,45.939990257408596],[7.849878498784989,45.93830168013869],[7.846278462784625,45.92817021651942],[7.846278462784625,45.92310448470977],[7.842678426784261,45.91972733016999],[7.831878318783197,45.91466159836034],[7.824678246782469,45.91466159836034],[7.806678066780677,45.91803875290012],[7.781477814778157,45.91803875290012],[7.7310773107731166,45.92985879378929],[7.723877238772388,45.92985879378929],[7.713077130771325,45.926481639249516],[7.7058770587705965,45.926481639249516],[7.695076950769504,45.92817021651942],[7.69147691476914,45.93154737105917],[7.673476734767348,45.95012172102787],[7.65907659076592,45.96025318464717],[7.644676446764464,45.9670074937267],[7.540275402754048,45.983893266425525],[7.525875258752592,45.978827534615874],[7.515075150751528,45.9670074937267],[7.504275042750436,45.95687603010742],[7.48267482674828,45.95518745283752],[7.453874538745396,45.94505598921822],[7.392673926739263,45.916350175630214],[7.360273602736044,45.907907289280814],[7.288272882728847,45.912973021090465],[7.273872738727391,45.90959586655069],[7.245072450724507,45.89777582566151],[7.183871838718403,45.880890052962684],[7.155071550715519,45.87582432115303],[7.122671226712271,45.87582432115303],[7.0902709027090225,45.880890052962684],[7.0686706867068665,45.891021516581986],[7.02187021870219,45.92479306197964],[7.014670146701462,45.93323594832904],[7.011070110701127,45.943367411948344],[7.0038700387003985,45.961941761917046],[6.993069930699306,45.98220468915565],[6.9858698586986065,45.99233615277495],[6.9822698226982425,45.9957133073147],[6.913869138691382,46.04805920268109],[6.892268922689226,46.054813511760614],[6.885068850688526,46.05312493449071],[6.877868778687798,46.04805920268109],[6.87066870668707,46.04468204814131],[6.859868598686006,46.04468204814131],[6.852668526685278,46.04974777995096],[6.849068490684914,46.05312493449071],[6.852668526685278,46.05650208903049],[6.852668526685278,46.08520790261849],[6.849068490684914,46.08520790261849],[6.852668526685278,46.090273634428144],[6.859868598686006,46.09702794350767],[6.867068670686706,46.1054708298571],[6.87066870668707,46.11222513893662],[6.852668526685278,46.122356602555925],[6.773467734677354,46.1341766434451],[6.766267662676626,46.15106241614393],[6.773467734677354,46.18652253881146],[6.791467914679146,46.22198266147899],[6.827468274682758,46.269262825035696],[6.805868058680602,46.296280061353826],[6.76986769867699,46.32329729767196],[6.751867518675198,46.345248802180436],[6.755467554675562,46.35706884306961],[6.780667806678082,46.37902034757809],[6.787867878678782,46.39590612027692],[6.787867878678782,46.41448047024562],[6.777067770677718,46.424611933864924],[6.7626676266762615,46.429677665674575],[6.615066150661505,46.45669490199268],[6.546665466654673,46.45669490199268],[6.481864818648205,46.44825201564328],[6.399063990639917,46.407726161166096],[6.3666636666366685,46.402660429356445],[6.330663306633085,46.40097185208657],[6.3018630186302005,46.39421754300702],[6.269462694626952,46.375643193038314],[6.240662406624068,46.348625956720184],[6.219062190621912,46.32836302948161],[6.215462154621548,46.31485441132256],[6.219062190621912,46.304722947703254],[6.22626226262264,46.28783717500443],[6.22626226262264,46.28446002046465],[6.237062370623704,46.26757424776582],[6.240662406624068,46.26419709322607],[6.25146251462516,46.25913136141642],[6.269462694626952,46.26588567049595],[6.27666276662768,46.26250851595617],[6.2802628026280445,46.24055701144769],[6.255062550625524,46.220294084209115],[6.190261902619028,46.19158827062111],[6.139861398613988,46.14937383887403],[6.10746107461074,46.13924237525475],[6.07506075060752,46.14937383887403],[6.028260282602844,46.14768526160415],[5.981459814598139,46.14093095252463],[5.959859598595983,46.130799488905325],[5.9706597065970755,46.152750993413804],[5.981459814598139,46.162882457033106],[5.981459814598139,46.171325343382506],[5.963459634596347,46.18652253881146],[5.956259562595619,46.20003115697051]]],[[[8.389883898839003,47.6657162272287],[8.397083970839702,47.675847690848],[8.393483934839367,47.6842905771974],[8.389883898839003,47.69273346354683],[8.393483934839367,47.699487772626355],[8.400684006840066,47.707930658975755],[8.425884258842586,47.71637354532518],[8.436684366843679,47.72312785440471],[8.443884438844407,47.74339078164331],[8.451084510845106,47.75014509072284],[8.461884618846199,47.76365370888189],[8.472684726847262,47.76703086342167],[8.483484834848355,47.76703086342167],[8.53150564189779,47.77303723619178],[8.526092230811107,47.6579374110684],[8.519485194851967,47.6572733408793],[8.50508505085051,47.65220760906965],[8.490684906849083,47.64545329999012],[8.476284762847627,47.64038756818047],[8.458284582845835,47.64038756818047],[8.436684366843679,47.64714187726],[8.411484114841159,47.66065049541905],[8.407884078840794,47.66233907268892],[8.389883898839003,47.6657162272287]]]]}},{"type":"Feature","properties":{"territory_id":"CH-02","country_code":"CH","country_name":"Switzerland","display_name":"Alpine Switzerland","strategic_centre":"Chur","centre":[9.5333,46.85],"boundary_status":"provisional-strategic-partition"},"geometry":{"type":"Polygon","coordinates":[[[8.458708118121457,46.22521791822359],[8.524351330718755,47.620922432346404],[8.537485374853759,47.61168175459247],[8.548285482854823,47.59817313643339],[8.551885518855187,47.596484559163514],[8.559085590855915,47.58973025008399],[8.573485734857343,47.59310740462374],[8.577085770857707,47.59479598189364],[8.580685806858071,47.59986171370326],[8.580685806858071,47.615058909132216],[8.584285842858435,47.62181321821174],[8.580685806858071,47.62519037275152],[8.580685806858071,47.628567527291295],[8.577085770857707,47.63363325910092],[8.580685806858071,47.63869899091057],[8.584285842858435,47.64038756818047],[8.587885878858799,47.642076145450346],[8.595085950859527,47.642076145450346],[8.595085950859527,47.63532183637082],[8.602286022860227,47.631944681831044],[8.605886058860591,47.6555847636094],[8.598685986859863,47.6572733408793],[8.595085950859527,47.658961918149174],[8.580685806858071,47.66065049541905],[8.569885698857007,47.66233907268892],[8.526092230811107,47.6579374110684],[8.53150564189779,47.77303723619178],[8.537485374853759,47.77378517250119],[8.551885518855187,47.77885090431084],[8.541085410854123,47.79573667700967],[8.559085590855915,47.80080240881932],[8.584285842858435,47.80080240881932],[8.602286022860227,47.7940480997398],[8.602286022860227,47.78729379066024],[8.605886058860591,47.77378517250119],[8.605886058860591,47.761965131612016],[8.616686166861683,47.756899399802364],[8.631086310863111,47.761965131612016],[8.634686346863475,47.783916636120495],[8.645486454864567,47.79067094520002],[8.656286562865631,47.78729379066024],[8.667086670866723,47.77885090431084],[8.674286742867423,47.76703086342167],[8.681486814868151,47.75858797707224],[8.692286922869243,47.756899399802364],[8.703087030870307,47.75858797707224],[8.7138871388714,47.756899399802364],[8.721087210872128,47.74676793618306],[8.717487174871764,47.74339078164331],[8.703087030870307,47.729882163484234],[8.699486994869943,47.72312785440471],[8.703087030870307,47.71468496805531],[8.7138871388714,47.707930658975755],[8.7138871388714,47.70117634989623],[8.717487174871764,47.694422040816704],[8.771487714877168,47.694422040816704],[8.760687606876076,47.70117634989623],[8.771487714877168,47.721439277134834],[8.796687966879688,47.71975069986496],[8.829088290882908,47.707930658975755],[8.854288542885428,47.691044886276956],[8.836288362883636,47.68766773173718],[8.836288362883636,47.68091342265765],[8.850688506885064,47.67078195903835],[8.854288542885428,47.67078195903835],[8.883088830888312,47.6555847636094],[8.904689046890468,47.65220760906965],[8.944289442894444,47.65389618633952],[8.980289802898028,47.66233907268892],[8.998289982899848,47.67415911357813],[9.01629016290164,47.67922484538775],[9.127891278912784,47.67078195903835],[9.181891818918189,47.67078195903835],[9.196291962919645,47.6555847636094],[9.235892358923593,47.6555847636094],[9.271892718927205,47.650519031799746],[9.549095490954926,47.534007200177854],[9.55269552695529,47.517121427479026],[9.556295562955626,47.5103671183995],[9.58509585095851,47.47997272754159],[9.621096210962122,47.46984126392232],[9.649896498965006,47.45126691395359],[9.649896498965006,47.40905248220653],[9.639096390963914,47.39385528677758],[9.599495994959966,47.36177231864983],[9.595895958959602,47.351640855030524],[9.592295922959238,47.3347550823317],[9.588695886958874,47.32800077325217],[9.55269552695529,47.29929495966417],[9.520295202952042,47.262146259726734],[9.505895058950586,47.24357190975803],[9.487894878948794,47.209800364360376],[9.48429484294843,47.17602881896272],[9.491494914949158,47.15914304626389],[9.50229502295025,47.14563442810484],[9.513095130951314,47.128748655406014],[9.513095130951314,47.10848572816741],[9.50229502295025,47.09497711000836],[9.487894878948794,47.08315706911918],[9.47709477094773,47.07302560549988],[9.47709477094773,47.06458271915045],[9.498694986949886,47.0595169873408],[9.55989559895599,47.052762678261274],[9.581495814958146,47.05613983280105],[9.599495994959966,47.052762678261274],[9.65349653496537,47.057828410070925],[9.667896678966798,47.05613983280105],[9.858698586985867,47.01561397832387],[9.855098550985502,47.00379393743469],[9.86229862298623,47.00210536016479],[9.865898658986595,47.00210536016479],[9.869498694986959,46.99872820562504],[9.869498694986959,46.99366247381539],[9.865898658986595,46.98353101019609],[9.86229862298623,46.959890928417735],[9.86229862298623,46.93962800117913],[9.876698766987687,46.927807960289954],[9.898298982989843,46.9142993421309],[10.006300063000623,46.89065926035255],[10.0459004590046,46.865330601304294],[10.067500675006755,46.856887714954894],[10.110701107011067,46.84675625133559],[10.132301323013223,46.84675625133559],[10.157501575015743,46.85182198314524],[10.200702007020084,46.867019178574196],[10.211502115021148,46.87715064219347],[10.215102151021512,46.883904951273024],[10.215102151021512,46.892347837622424],[10.218702187021876,46.905856455781475],[10.236702367023668,46.9227422284803],[10.251102511025124,46.92611938302008],[10.269102691026916,46.92105365121043],[10.294302943029436,46.9227422284803],[10.2979029790298,46.94131657844903],[10.312303123031228,46.96495666022739],[10.337503375033748,46.98353101019609],[10.366303663036632,46.995351051085265],[10.37350373503736,46.99703962835514],[10.380703807038088,46.995351051085265],[10.384303843038424,46.99366247381539],[10.395103951039516,46.98521958746596],[10.416704167041672,46.96157950568761],[10.44910449104492,46.94469373298878],[10.459904599045984,46.93625084663938],[10.463504635046348,46.919365073940554],[10.452704527045285,46.8855935285429],[10.452704527045285,46.86364202403442],[10.44910449104492,46.83155905590664],[10.445504455044556,46.82311616955724],[10.438304383043828,46.81636186047771],[10.416704167041672,46.799476087778885],[10.420304203042036,46.78427889234993],[10.427504275042764,46.76908169692098],[10.427504275042764,46.75557307876193],[10.416704167041672,46.74375303787275],[10.39870398703988,46.73531015152332],[10.395103951039516,46.72686726517392],[10.395103951039516,46.701538606125695],[10.384303843038424,46.68971856523649],[10.37350373503736,46.68127567888709],[10.369903699036996,46.67283279253766],[10.377103771037724,46.652569865299085],[10.395103951039516,46.639061247140035],[10.438304383043828,46.63568409260026],[10.459904599045984,46.62386405171108],[10.467104671046712,46.603601124472476],[10.467104671046712,46.57827246542425],[10.456304563045649,46.55294380637599],[10.452704527045285,46.54618949729647],[10.445504455044556,46.53774661094707],[10.427504275042764,46.536058033677165],[10.355503555035568,46.54787807456634],[10.319503195031956,46.54618949729647],[10.305103051030528,46.54787807456634],[10.294302943029436,46.55125522910612],[10.290702907029072,46.55632096091577],[10.283502835028344,46.56138669272542],[10.276302763027644,46.56476384726517],[10.233102331023304,46.57489531088447],[10.229502295022968,46.58671535177365],[10.236702367023668,46.60697827901225],[10.233102331023304,46.61879831990143],[10.218702187021876,46.62724120625083],[10.193501935019356,46.62724120625083],[10.09630096300964,46.60866685628213],[10.089100891008911,46.603601124472476],[10.081900819008183,46.59684681539295],[10.07110071100712,46.56476384726517],[10.063900639006391,46.55632096091577],[10.042300423004235,46.541123765486816],[10.031500315003143,46.532680879137416],[10.031500315003143,46.50397506554941],[10.027900279002807,46.49384360193011],[10.027900279002807,46.48371213831081],[10.031500315003143,46.47695782923128],[10.035100351003507,46.47189209742163],[10.042300423004235,46.46682636561198],[10.027900279002807,46.4465634383734],[10.042300423004235,46.43305482021432],[10.07110071100712,46.424611933864924],[10.117901179011795,46.41954620205527],[10.132301323013223,46.41448047024562],[10.139501395013951,46.402660429356445],[10.132301323013223,46.380708924847966],[10.125101251012524,46.37395461576844],[10.103501035010368,46.36213457487926],[10.09630096300964,46.35200311125996],[10.092700927009275,46.33849449310091],[10.092700927009275,46.32836302948161],[10.09630096300964,46.31992014313218],[10.103501035010368,46.309788679512906],[10.14670146701468,46.2810828659249],[10.157501575015743,46.26250851595617],[10.14670146701468,46.24393416598747],[10.117901179011795,46.23042554782842],[10.074700747007483,46.220294084209115],[10.042300423004235,46.220294084209115],[10.042300423004235,46.242245588717594],[10.031500315003143,46.260819938686296],[9.991899918999195,46.28446002046465],[9.977499774997767,46.29796863862373],[9.970299702997039,46.31992014313218],[9.970299702997039,46.340183070370784],[9.963099630996311,46.35538026579974],[9.93789937899379,46.367200306688915],[9.919899198991999,46.37057746122866],[9.898298982989843,46.372266038498566],[9.855098550985502,46.367200306688915],[9.790297902979034,46.34356022491056],[9.768697686976878,46.33849449310091],[9.75429754297545,46.340183070370784],[9.72909729097293,46.35031453399009],[9.721897218972202,46.35031453399009],[9.707497074970746,46.34187164764066],[9.707497074970746,46.31147725678278],[9.693096930969318,46.296280061353826],[9.675096750967526,46.291214329544175],[9.55989559895599,46.29290290681408],[9.53469534695347,46.29796863862373],[9.516695166951678,46.308100102243],[9.50229502295025,46.31992014313218],[9.48429484294843,46.35706884306961],[9.473494734947366,46.36213457487926],[9.45189451894521,46.37057746122866],[9.444694446944482,46.375643193038314],[9.441094410944117,46.380708924847966],[9.444694446944482,46.39590612027692],[9.437494374943753,46.492155024660235],[9.43389433894339,46.49890933373976],[9.42669426694269,46.497220756469886],[9.412294122941233,46.48877787012046],[9.405094050940505,46.48202356104093],[9.40149401494017,46.47526925196141],[9.394293942939441,46.470203520151756],[9.38349383493835,46.46682636561198],[9.37629376293765,46.46851494288188],[9.35109351093513,46.48540071558068],[9.35109351093513,46.497220756469886],[9.329493294932945,46.50228648827951],[9.282692826928269,46.497220756469886],[9.264692646926477,46.48540071558068],[9.246692466924685,46.46176063380233],[9.239492394923957,46.4364319747541],[9.246692466924685,46.42292335659505],[9.261092610926113,46.416169047515496],[9.261092610926113,46.37902034757809],[9.27549275492757,46.34356022491056],[9.27549275492757,46.331740184021356],[9.268292682926841,46.309788679512906],[9.239492394923957,46.26757424776582],[9.225092250922529,46.23042554782842],[9.214292142921437,46.220294084209115],[9.203492034920345,46.21353977512959],[9.19269192691928,46.21016262058981],[9.181891818918189,46.20340831151029],[9.174691746917489,46.19496542516086],[9.171091710917125,46.18314538427168],[9.163891638916397,46.17301392065241],[9.0918909189092,46.13755379798485],[9.070290702907045,46.11897944801615],[9.06669066690668,46.1054708298571],[9.070290702907045,46.08351932534862],[9.06669066690668,46.07169928445944],[9.059490594905952,46.06156782084014],[9.048690486904889,46.05819066630036],[9.027090270902704,46.05312493449071],[9.001890018900184,46.03961631633166],[8.998289982899848,46.02779627544248],[9.01629016290164,45.99233615277495],[8.983889838898392,45.97207322553635],[8.980289802898028,45.9686960709966],[8.980289802898028,45.96363033918695],[8.983889838898392,45.961941761917046],[8.994689946899484,45.95349887556765],[9.001890018900184,45.93661310286882],[9.009090090900912,45.926481639249516],[9.019890198902004,45.92310448470977],[9.04149041490416,45.91972733016999],[9.052290522905224,45.916350175630214],[9.063090630906316,45.899464402931386],[9.059490594905952,45.88257863023256],[9.034290342903432,45.84880708483493],[9.001890018900184,45.8201012712469],[8.973089730897328,45.82516700305655],[8.94068940689408,45.83529846667585],[8.901089010890104,45.82685558032645],[8.904689046890468,45.84205277575538],[8.908289082890832,45.853872816644554],[8.91548915489156,45.86569285753376],[8.911889118891196,45.88257863023256],[8.908289082890832,45.89608724839164],[8.897488974889768,45.90959586655069],[8.879488794887948,45.93154737105917],[8.872288722887248,45.94674456648812],[8.86508865088652,45.95349887556765],[8.857888578885792,45.95687603010742],[8.800288002880023,45.978827534615874],[8.785887858878596,45.98220468915565],[8.767887678876804,45.983893266425525],[8.767887678876804,45.98558184369543],[8.775087750877503,45.99064757550505],[8.78948789487896,46.019353389093084],[8.818288182881844,46.04299347087144],[8.832688326883272,46.06663355264979],[8.807488074880752,46.090273634428144],[8.793087930879324,46.09365078896792],[8.746287462874648,46.09365078896792],[8.73908739087392,46.09871652077754],[8.731887318873191,46.10715940712697],[8.728287282872827,46.108847984396846],[8.724687246872463,46.108847984396846],[8.717487174871764,46.10715940712697],[8.703087030870307,46.09871652077754],[8.695886958869607,46.095339366237795],[8.677886778867787,46.095339366237795],[8.631086310863111,46.1139137162065],[8.61308613086132,46.11897944801615],[8.602286022860227,46.122356602555925],[8.537485374853759,46.188211116081334],[8.508685086850875,46.20847404331994],[8.483484834848355,46.21691692966934],[8.458708118121457,46.22521791822359]]]}},{"type":"Feature","properties":{"territory_id":"CY-01","country_code":"CY","country_name":"Cyprus","display_name":"Cyprus","strategic_centre":"Nicosia","centre":[33.365,35.1725],"boundary_status":"country-sourced"},"geometry":{"type":"MultiPolygon","coordinates":[[[[33.78093780937809,34.976058044060224],[33.78093780937809,34.97943519859999],[33.77733777337775,34.97943519859999],[33.770137701377024,34.97943519859999],[33.770137701377024,34.98450093040964],[33.76653766537666,34.98618950767951],[33.75933759337593,34.9878780849494],[33.762937629376296,34.98956666221929],[33.76653766537666,34.98956666221929],[33.77373773737739,34.9878780849494],[33.77733777337775,34.98450093040964],[33.78093780937809,34.98450093040964],[33.788137881378816,34.98450093040964],[33.79173791737918,34.98281235313975],[33.795337953379544,34.9777466213301],[33.79173791737918,34.9777466213301],[33.788137881378816,34.9777466213301],[33.78453784537845,34.976058044060224],[33.78093780937809,34.976058044060224]]],[[[33.74133741337414,35.001386703108466],[33.74133741337414,35.00307528037834],[33.737737377373776,35.00476385764823],[33.74133741337414,35.00982958945788],[33.74133741337414,35.01320674399764],[33.744937449374504,35.01489532126753],[33.75213752137523,35.01489532126753],[33.75213752137523,35.00476385764823],[33.744937449374504,35.00307528037834],[33.74133741337414,35.001386703108466]]],[[[33.70173701737019,34.9878780849494],[33.70173701737019,34.97268088952046],[33.68013680136801,34.96592658044092],[33.65493654936549,34.94397507593246],[33.64773647736479,34.932155035043266],[33.64053640536406,34.91526926234444],[33.63333633336333,34.898383489645624],[33.63333633336333,34.87980913967691],[33.63333633336333,34.86123478970819],[33.63333633336333,34.85279190335878],[33.62253622536227,34.849414748819015],[33.61533615336154,34.84603759427925],[33.611736117361176,34.82746324431055],[33.60453604536045,34.8223975125009],[33.59013590135902,34.81733178069125],[33.55773557735577,34.81733178069125],[33.54333543335434,34.81564320342136],[33.536135361353615,34.807200317071946],[33.52533525335255,34.79538027618277],[33.51453514535146,34.78524881256348],[33.50013500135003,34.78018308075383],[33.46773467734678,34.77511734894418],[33.4389343893439,34.763297308055],[33.41373413734138,34.75823157624535],[33.39933399333995,34.773428771674304],[33.39933399333995,34.744722958086285],[33.37053370533707,34.731214339927234],[33.29493294932951,34.71770572176817],[33.28053280532805,34.71263998995852],[33.27333273332735,34.70757425814887],[33.258932589325894,34.70081994906934],[33.24453244532447,34.69744279452958],[33.17253172531727,34.70588568087899],[33.100531005310074,34.69744279452958],[33.08613086130862,34.694065639989816],[33.07173071730719,34.687311330910276],[33.024930249302514,34.651851208242746],[33.01413014130142,34.63496543554392],[32.992529925299266,34.63496543554392],[32.97092970929711,34.631588281004156],[32.96372963729638,34.624833971924616],[32.956529565295654,34.62821112646439],[32.95292952929529,34.64340832189333],[32.967329673296746,34.651851208242746],[32.97092970929711,34.646785476433095],[32.9889298892989,34.646785476433095],[32.9889298892989,34.673802712751225],[32.95292952929529,34.67717986729099],[32.942129421294226,34.667048403671686],[32.9349293492935,34.6569169400524],[32.93132931329313,34.661982671862035],[32.916929169291706,34.667048403671686],[32.91332913329134,34.66029409459216],[32.88452884528846,34.667048403671686],[32.866528665286666,34.67886844456086],[32.85932859328594,34.687311330910276],[32.85932859328594,34.70081994906934],[32.85212852128521,34.69913137179945],[32.84492844928451,34.69913137179945],[32.841328413284145,34.69913137179945],[32.83412834128342,34.69913137179945],[32.83052830528305,34.70081994906934],[32.82692826928269,34.69575421725969],[32.82332823328235,34.69068848545004],[32.81972819728199,34.687311330910276],[32.80532805328053,34.6856227536404],[32.79812798127983,34.67042555821145],[32.78012780127801,34.673802712751225],[32.765727657276585,34.6754912900211],[32.75852758527586,34.668736980941574],[32.76212762127622,34.65353978551262],[32.74772747727479,34.65016263097286],[32.70812708127082,34.64509689916321],[32.664926649266505,34.651851208242746],[32.62532625326253,34.667048403671686],[32.57492574925749,34.69237706271993],[32.5569255692557,34.69913137179945],[32.53532535325354,34.704197103609104],[32.49212492124923,34.70757425814887],[32.47412474124741,34.71263998995852],[32.45972459724598,34.72108287630793],[32.42012420124203,34.74810011262606],[32.412924129241304,34.7531658444357],[32.405724057240576,34.78187165802372],[32.40212402124021,34.786937389833355],[32.40212402124021,34.79706885345266],[32.380523805238056,34.849414748819015],[32.36972369723699,34.856169057898555],[32.34812348123481,34.86798909878773],[32.337323373233744,34.876431985137145],[32.330123301233016,34.886563448756434],[32.32292322923229,34.898383489645624],[32.32292322923229,34.911892107804675],[32.330123301233016,34.92371214869385],[32.312123121231224,34.95072938501198],[32.30852308523086,34.960860848631285],[32.30852308523086,34.98281235313975],[32.304923049230496,35.001386703108466],[32.28332283322834,35.031781093966345],[32.27612276122761,35.0469782893953],[32.27252272522725,35.07230694844354],[32.27612276122761,35.09088129841224],[32.286922869228704,35.09763560749178],[32.30852308523086,35.08581556660259],[32.337323373233744,35.058798330284475],[32.35172351723517,35.04866686666517],[32.37332373323733,35.04191255758565],[32.412924129241304,35.043601134855535],[32.44892448924489,35.058798330284475],[32.481324813248136,35.08243841206283],[32.50292502925029,35.10945564838096],[32.51732517325175,35.13985003923884],[32.52812528125281,35.156735811937665],[32.54252542525427,35.16686727555697],[32.54612546125463,35.17193300736662],[32.54972549725497,35.17531016190638],[32.55332553325533,35.178687316446144],[32.56052560525606,35.17699873917627],[32.56772567725679,35.17193300736662],[32.57492574925749,35.17024443009673],[32.58572585725858,35.17193300736662],[32.59292592925931,35.161801543747316],[32.60732607326074,35.1533586573979],[32.62172621726219,35.15167008012803],[32.63252632526326,35.1533586573979],[32.64692646926471,35.161801543747316],[32.65412654126541,35.17362158463649],[32.66132661326614,35.18713020279556],[32.690126901269025,35.183753048255795],[32.69732697326975,35.156735811937665],[32.70452704527045,35.143227193778614],[32.71172711727118,35.13309573015931],[32.72972729727297,35.126341421079786],[32.75492754927549,35.11958711200025],[32.77652776527765,35.11114422565083],[32.79452794527947,35.10270133930142],[32.80532805328053,35.094258452952005],[32.8089280892809,35.080749834792954],[32.8089280892809,35.07061837117365],[32.816128161281625,35.06217548482424],[32.82692826928269,35.058798330284475],[32.83412834128342,35.058798330284475],[32.85932859328594,35.065552639364],[32.873728737287394,35.07230694844354],[32.87732877328773,35.07737268025318],[32.88452884528846,35.08750414387248],[32.891728917289186,35.09088129841224],[32.898928989289914,35.08750414387248],[32.90612906129061,35.080749834792954],[32.92052920529207,35.07230694844354],[32.9349293492935,35.07230694844354],[32.949329493294954,35.079061257523065],[32.967329673296746,35.094258452952005],[32.98532985329854,35.10945564838096],[33.00333003330033,35.116209957460484],[33.024930249302514,35.12802999834966],[33.03573035730358,35.136472884699074],[33.04653046530467,35.13816146196896],[33.07173071730719,35.1347843074292],[33.09693096930971,35.13140715288942],[33.12213122131223,35.13140715288942],[33.13653136531366,35.136472884699074],[33.143731437314386,35.13985003923884],[33.150931509315114,35.14829292558825],[33.17253172531727,35.163490121017205],[33.19053190531906,35.163490121017205],[33.201332013320155,35.15842438920755],[33.21573215732158,35.1533586573979],[33.23013230132301,35.1533586573979],[33.23733237332374,35.14998150285814],[33.251732517325195,35.136472884699074],[33.26253262532626,35.126341421079786],[33.276932769327715,35.11789853473037],[33.302133021330235,35.11283280292072],[33.309333093330935,35.116209957460484],[33.3129331293313,35.121275689270135],[33.31653316533166,35.12971857561955],[33.327333273332755,35.136472884699074],[33.34893348933491,35.15504723466779],[33.35613356133561,35.156735811937665],[33.37413374133743,35.15504723466779],[33.39933399333995,35.15842438920755],[33.41733417334174,35.16011296647744],[33.42093420934211,35.156735811937665],[33.42093420934211,35.14491577104849],[33.42453424534247,35.12971857561955],[33.43173431734317,35.12296426654002],[33.44253442534426,35.11283280292072],[33.45693456934569,35.101012762031544],[33.460534605346055,35.094258452952005],[33.460534605346055,35.07737268025318],[33.460534605346055,35.06048690755436],[33.460534605346055,35.04191255758565],[33.45333453334533,35.018272475807294],[33.44613446134463,35.001386703108466],[33.44973449734499,34.9878780849494],[33.460534605346055,34.9777466213301],[33.47133471334715,34.9777466213301],[33.485734857348575,34.981123775869875],[33.4929349293493,34.9980095485687],[33.49653496534967,35.02671536215671],[33.50373503735037,35.03009251669647],[33.510935109351095,35.036846825775996],[33.51813518135182,35.043601134855535],[33.52893528935289,35.036846825775996],[33.52893528935289,35.01320674399764],[33.53253532535325,34.99969812583858],[33.54693546935471,34.994632394028926],[33.5649356493565,35.001386703108466],[33.57213572135723,35.01489532126753],[33.57933579335793,35.01996105307717],[33.59013590135902,35.018272475807294],[33.60453604536045,35.011518166727754],[33.611736117361176,35.01320674399764],[33.618936189361904,35.016583898537405],[33.62973629736297,35.01320674399764],[33.64053640536406,35.00982958945788],[33.662136621366216,34.99969812583858],[33.67293672936731,34.9980095485687],[33.68373683736837,34.9980095485687],[33.70173701737019,34.9878780849494]]],[[[33.89973899738999,35.06048690755436],[33.91053910539105,35.057109753014586],[33.921339213392145,35.053732598474824],[33.93213932139321,35.05035544393506],[33.946539465394665,35.05035544393506],[33.96093960939609,35.057109753014586],[33.97893978939791,35.057109753014586],[33.98973989739898,35.05204402120495],[34.00054000540007,35.0469782893953],[34.01134011340113,35.04866686666517],[34.01854018540186,35.05204402120495],[34.022140221402225,35.057109753014586],[34.03654036540365,35.0469782893953],[34.05094050940511,35.03346967123623],[34.06174061740617,35.00645243491812],[34.072540725407265,34.9878780849494],[34.08694086940869,34.97268088952046],[34.097740977409785,34.96592658044092],[34.08694086940869,34.96423800317105],[34.05814058140581,34.96592658044092],[34.03294032940329,34.97268088952046],[34.022140221402225,34.98281235313975],[34.01134011340113,34.9878780849494],[33.95733957339573,34.981123775869875],[33.91053910539105,34.97099231225057],[33.89973899738999,34.96592658044092],[33.89253892538926,34.95748369409151],[33.863738637386376,34.96254942590116],[33.845738457384584,34.959172271361396],[33.838538385383856,34.96423800317105],[33.84933849338495,34.97268088952046],[33.86013860138601,34.974369466790336],[33.86013860138601,34.99125523948916],[33.84213842138422,34.99294381675905],[33.82773827738279,35.001386703108466],[33.83133831338313,35.02333820761693],[33.82413824138243,35.03009251669647],[33.79893798937991,35.038535403045884],[33.80613806138061,35.05035544393506],[33.813338133381336,35.05542117574471],[33.82773827738279,35.06048690755436],[33.83493834938349,35.057109753014586],[33.84213842138422,35.05035544393506],[33.85653856538565,35.053732598474824],[33.86733867338674,35.06048690755436],[33.87453874538747,35.06724121663389],[33.88173881738817,35.07230694844354],[33.89973899738999,35.06048690755436]]]]}},{"type":"Feature","properties":{"territory_id":"CZ-01","country_code":"CZ","country_name":"Czechia","display_name":"Bohemia and Prague","strategic_centre":"Prague","centre":[14.4214,50.0875],"boundary_status":"provisional-strategic-partition"},"geometry":{"type":"Polygon","coordinates":[[[12.076320763207633,50.315093963674656],[12.101521015210153,50.31340538640478],[12.14832148321483,50.31171680913488],[12.169921699216985,50.30327392278548],[12.17352173521735,50.29314245916618],[12.17352173521735,50.27625668646735],[12.177121771217713,50.26950237738782],[12.187921879218806,50.2627480683083],[12.202322023220233,50.25937091376852],[12.231122311223118,50.25937091376852],[12.238322383223846,50.25599375922877],[12.24192241922421,50.252616604688995],[12.24192241922421,50.247550872879344],[12.238322383223846,50.24248514106969],[12.234722347223482,50.24248514106969],[12.231122311223118,50.24079656379982],[12.231122311223118,50.239107986529945],[12.227522275222753,50.23741940926004],[12.231122311223118,50.23404225472029],[12.231122311223118,50.23235367745039],[12.24912249122491,50.220533636561214],[12.252722527225274,50.217156482021466],[12.259922599226002,50.21040217294194],[12.259922599226002,50.20027070932264],[12.27432274322743,50.17156489573463],[12.285122851228522,50.16143343211533],[12.29952299522995,50.16143343211533],[12.313923139231406,50.16649916392498],[12.313923139231406,50.176630627544284],[12.310323103231042,50.18676209116356],[12.306723067230678,50.19858213205276],[12.310323103231042,50.217156482021466],[12.313923139231406,50.22728794564077],[12.335523355233562,50.24248514106969],[12.335523355233562,50.25937091376852],[12.346323463234626,50.266125222848046],[12.357123571235718,50.2711909546577],[12.36792367923681,50.279633841007126],[12.396723967239666,50.315093963674656],[12.407524075240758,50.32184827275418],[12.439924399244006,50.33197973637348],[12.45072450724507,50.33873404545301],[12.454324543245434,50.34042262272288],[12.461524615246162,50.34042262272288],[12.465124651246526,50.342111199992786],[12.46872468724689,50.345488354532534],[12.46872468724689,50.35224266361209],[12.465124651246526,50.35561981815184],[12.46872468724689,50.358996972691614],[12.472324723247226,50.364062704501265],[12.47592475924759,50.369128436310916],[12.483124831248318,50.37419416812054],[12.511925119251202,50.38939136354949],[12.55152551525515,50.39614567262902],[12.62712627126271,50.399522827168795],[12.67752677526775,50.394457095359144],[12.691926919269207,50.394457095359144],[12.70272702727027,50.40121140443867],[12.724327243272427,50.42316290894715],[12.738727387273883,50.43160579529655],[12.753127531275311,50.434982949836325],[12.771127711277131,50.4366715271062],[12.789127891278923,50.434982949836325],[12.792727927279287,50.4366715271062],[12.807128071280715,50.44173725891585],[12.817928179281807,50.44342583618575],[12.825128251282507,50.44173725891585],[12.918729187291888,50.404588558978446],[12.951129511295107,50.404588558978446],[12.9619296192962,50.4096542907881],[12.983529835298356,50.42316290894715],[12.997929979299812,50.43329437256645],[13.001530015300148,50.45186872253515],[13.008730087300876,50.492394577012334],[13.019530195301968,50.49577173155211],[13.026730267302668,50.497460308821985],[13.033930339303396,50.49577173155211],[13.041130411304124,50.492394577012334],[13.051930519305188,50.49070599974246],[13.069930699307008,50.49070599974246],[13.077130771307708,50.492394577012334],[13.080730807308072,50.492394577012334],[13.105931059310592,50.49914888609186],[13.159931599315996,50.497460308821985],[13.185131851318516,50.50928034971116],[13.199531995319973,50.52616612240999],[13.231932319323192,50.581889172316124],[13.253532535325348,50.58020059504625],[13.267932679326805,50.573446285966696],[13.285932859328597,50.56838055415707],[13.303933039330389,50.5751348632366],[13.31473314733148,50.595397790475175],[13.321933219332209,50.6021520995547],[13.357933579335793,50.61903787225353],[13.36513365133652,50.62410360406318],[13.36513365133652,50.62748075860296],[13.368733687336885,50.62916933587283],[13.379533795337949,50.62579218133308],[13.386733867338677,50.622415026793306],[13.401134011340133,50.60721783136435],[13.408334083340833,50.60046352228483],[13.429934299342989,50.5937092132053],[13.44793447934481,50.59708636774508],[13.465934659346601,50.60721783136435],[13.483934839348393,50.62072644952343],[13.491134911349121,50.62410360406318],[13.49833498334985,50.62916933587283],[13.49833498334985,50.635923644952356],[13.494734947349485,50.64267795403191],[13.509135091350913,50.65112084038131],[13.52353523535237,50.66294088127049],[13.527135271352734,50.676449499429566],[13.516335163351641,50.69164669485849],[13.55593555935559,50.706843890287445],[13.602736027360294,50.711909622097096],[13.692736927369282,50.711909622097096],[13.710737107371074,50.71359819936697],[13.75033750337505,50.72372966298627],[13.771937719377206,50.72541824025615],[13.815138151381518,50.7220410857164],[13.83313833138331,50.72372966298627],[13.861938619386194,50.73554970387545],[13.869138691386922,50.73554970387545],[13.87633876338765,50.73723828114532],[13.88353883538835,50.742304012954975],[13.88353883538835,50.747369744764626],[13.879938799388015,50.755812631114054],[13.879938799388015,50.764255517463454],[13.88353883538835,50.77269840381285],[13.890738907389078,50.78114129016228],[13.90153901539017,50.78114129016228],[13.912339123391234,50.77945271289241],[13.923139231392327,50.77945271289241],[13.93393933939339,50.78451844470206],[13.948339483394847,50.79802706286111],[13.95913959139591,50.801404217400886],[13.980739807398095,50.804781371940635],[14.016740167401679,50.801404217400886],[14.03474034740347,50.80309279467076],[14.189541895418955,50.84868438095759],[14.203942039420411,50.85543869003712],[14.221942219422203,50.872324462735946],[14.232742327423267,50.87907877181547],[14.26874268742688,50.88414450362512],[14.347943479434804,50.880767349085346],[14.376743767437688,50.8959645445143],[14.380343803438052,50.921293203562556],[14.355143551435532,50.93142466718183],[14.31914319143192,50.93817897626138],[14.2939429394294,50.95337617169031],[14.2939429394294,50.96350763530961],[14.301143011430128,50.96688478984939],[14.304743047430492,50.97026194438914],[14.283142831428307,50.97532767619879],[14.250742507425088,50.97701625346866],[14.239942399423995,50.98208198527831],[14.250742507425088,50.992213448897616],[14.265142651426515,51.02091926248562],[14.286742867428671,51.036116457914574],[14.31914319143192,51.03949361245432],[14.355143551435532,51.0327393033748],[14.362343623436232,51.027673571565145],[14.36954369543696,51.022607839755494],[14.376743767437688,51.01754210794587],[14.387543875438752,51.01247637613622],[14.398343983439844,51.01247637613622],[14.427144271442728,51.02091926248562],[14.463144631446312,51.019230685215746],[14.473944739447404,51.022607839755494],[14.481144811448132,51.03780503518445],[14.488344883448832,51.02936214883505],[14.488344883448832,51.022607839755494],[14.491944919449196,51.01754210794587],[14.502745027450288,51.00909922159644],[14.513545135451352,51.00234491251692],[14.542345423454236,50.99896775797714],[14.553145531455328,50.992213448897616],[14.567545675456756,50.983770562548216],[14.574745747457484,50.97532767619879],[14.578345783457848,50.965196212579485],[14.574745747457484,50.94999901715056],[14.567545675456756,50.93817897626138],[14.556745567455692,50.924670358102304],[14.549545495454964,50.91285031721313],[14.560345603456028,50.9060960081336],[14.617946179461796,50.921293203562556],[14.628746287462889,50.921293203562556],[14.635946359463588,50.90947316267338],[14.628746287462889,50.8959645445143],[14.610746107461068,50.87063588546607],[14.607146071460733,50.853750112767244],[14.614346143461432,50.845307226417816],[14.64674646746468,50.83855291733829],[14.661146611466108,50.835175762798514],[14.700747007470085,50.81660141282981],[14.736747367473669,50.81153568102016],[14.758347583475853,50.809847103750286],[14.776347763477645,50.81322425829006],[14.783547835478373,50.81997856736959],[14.794347943479437,50.831798608258765],[14.808748087480893,50.858815844576895],[14.83034830348305,50.858815844576895],[14.866348663486633,50.86388157638655],[14.98154981549817,50.858815844576895],[14.985149851498534,50.867258730926295],[14.98154981549817,50.902718853593825],[14.98154981549817,50.914538894483],[14.985149851498534,50.91791604902278],[14.995949959499598,50.924670358102304],[14.999549995499962,50.929736089911955],[14.995949959499598,50.95844190349996],[14.98154981549817,50.97363909892891],[14.96354963549635,50.98208198527831],[14.959949599496014,50.992213448897616],[14.967149671496713,50.99559060343739],[14.970749707497077,50.99896775797714],[14.977949779497806,51.000656335247044],[14.98154981549817,51.000656335247044],[14.995949959499598,51.00741064432657],[14.999549995499962,51.01247637613622],[15.003150031500326,51.02091926248562],[15.024750247502482,51.00909922159644],[15.075150751507522,51.00234491251692],[15.08235082350825,50.992213448897616],[15.093150931509314,50.98545913981809],[15.10755107551077,50.98039340800844],[15.118351183511834,50.98208198527831],[15.121951219512198,50.992213448897616],[15.13275132751329,51.005722067056666],[15.143551435514354,51.01078779886632],[15.154351543515446,51.00741064432657],[15.161551615516174,50.992213448897616],[15.168751687516874,50.978704830738565],[15.226352263522642,50.97701625346866],[15.255152551525526,50.96857336711926],[15.269552695526954,50.95337617169031],[15.269552695526954,50.943244708071006],[15.25875258752589,50.93311324445173],[15.251552515525162,50.914538894483],[15.255152551525526,50.89934169905408],[15.26595265952659,50.88245592635525],[15.276752767527682,50.86557015365642],[15.287552875528775,50.85543869003712],[15.30915309153093,50.845307226417816],[15.327153271532723,50.840241494608165],[15.34155341553415,50.831798608258765],[15.352353523535243,50.81322425829006],[15.352353523535243,50.80309279467076],[15.348753487534879,50.79296133105146],[15.348753487534879,50.78451844470206],[15.355953559535607,50.77607555835263],[15.370353703537035,50.77269840381285],[15.381153811538127,50.77945271289241],[15.39195391953919,50.791272753781584],[15.399153991539919,50.79802706286111],[15.44235442354423,50.799715640130984],[15.640356403564056,50.755812631114054],[15.654756547565484,50.7507468993044],[15.665556655566576,50.738926858415226],[15.672756727567275,50.733861126605575],[15.683556835568368,50.73217254933567],[15.766357663576656,50.74399259022485],[15.791557915579176,50.742304012954975],[15.795157951579512,50.73554970387545],[15.798757987579876,50.7304839720658],[15.849158491584916,50.67476092215966],[15.856358563585644,50.67307234488979],[15.881558815588164,50.67476092215966],[15.942759427594297,50.68826954031874],[15.943809283703942,50.68814643299681],[15.232413545248995,48.9498767788883],[15.161551615516174,48.93721491145038],[15.143551435514354,48.93721491145038],[15.147151471514718,48.95241210687931],[15.150751507515082,48.96592072503839],[15.143551435514354,48.97942934319744],[15.136351363513654,48.99293796135649],[15.060750607506094,48.99800369316614],[15.003150031500326,49.00982373405532],[14.98154981549817,49.00813515678544],[14.977949779497806,49.00644657951557],[14.977949779497806,48.99293796135649],[14.96354963549635,48.97098645684804],[14.96354963549635,48.94396922052991],[14.967149671496713,48.91188625240213],[14.967149671496713,48.884869016084],[14.945549455494557,48.822391657098336],[14.93834938349383,48.81057161620916],[14.93834938349383,48.79706299805011],[14.945549455494557,48.78862011170071],[14.949149491494921,48.781865802621155],[14.952749527495286,48.78017722535128],[14.93834938349383,48.76329145265245],[14.920349203492037,48.76160287538258],[14.866348663486633,48.77511149354163],[14.815948159481593,48.78017722535128],[14.801548015480165,48.776800070811504],[14.794347943479437,48.76666860719223],[14.790747907479073,48.75484856630305],[14.779947799478009,48.74302852541388],[14.776347763477645,48.724454175445146],[14.72234722347224,48.69405978458727],[14.704347043470449,48.67379685734866],[14.700747007470085,48.64677962103056],[14.700747007470085,48.61469665290278],[14.69714697146972,48.58936799385455],[14.689946899468993,48.585990839314775],[14.675546755467565,48.57585937569547],[14.657546575465773,48.57754795296535],[14.650346503465045,48.5843022620449],[14.64674646746468,48.5927451483943],[14.635946359463588,48.6028766120136],[14.628746287462889,48.6028766120136],[14.614346143461432,48.599499457473826],[14.603546035460369,48.599499457473826],[14.603546035460369,48.611319498363],[14.599945999460004,48.618073807442556],[14.592745927459276,48.621450961982305],[14.578345783457848,48.61976238471243],[14.549545495454964,48.611319498363],[14.535145351453508,48.607942343823254],[14.52074520745208,48.611319498363],[14.481144811448132,48.62482811652208],[14.459544595445948,48.643402466490784],[14.44514445144452,48.63664815741126],[14.419944199442,48.59781088020395],[14.405544055440572,48.585990839314775],[14.355143551435532,48.57079364388582],[14.333543335433347,48.56066218026652],[14.326343263432648,48.558973602996645],[14.315543155431556,48.55728502572677],[14.214742147421475,48.580925107505124],[14.074340743407447,48.591056571124426],[14.041940419404199,48.60118803474373],[14.031140311403135,48.60625376655335],[14.016740167401679,48.61976238471243],[14.00954009540095,48.626516693791956],[14.005940059400615,48.64002531195101],[14.00954009540095,48.64171388922091],[14.013140131401315,48.643402466490784],[14.020340203402043,48.653533930110086],[14.023940239402407,48.65522250737996],[14.027540275402771,48.653533930110086],[14.031140311403135,48.65522250737996],[14.03474034740347,48.661976816459486],[14.031140311403135,48.66704254826914],[14.027540275402771,48.670419702808914],[14.020340203402043,48.67210828007879],[14.013140131401315,48.675485434618565],[14.00954009540095,48.683928320967965],[13.991539915399159,48.70081409366679],[13.980739807398095,48.705879825476444],[13.915939159391598,48.73120848452467],[13.894338943389442,48.74302852541388],[13.87633876338765,48.75315998903315],[13.854738547385494,48.759914298112705],[13.815138151381518,48.76666860719223],[13.797137971379726,48.78017722535128],[13.746737467374686,48.84265458433694],[13.72513725137253,48.8679832433852],[13.710737107371074,48.87304897519482],[13.67473674736749,48.8764261297346],[13.653136531365334,48.88149186154425],[13.638736387363878,48.893311902433425],[13.620736207362086,48.90850909786238],[13.609936099360993,48.92708344783108],[13.609936099360993,48.94565779779978],[13.591935919359202,48.94565779779978],[13.57393573935741,48.950723529609434],[13.55593555935559,48.95916641595886],[13.537935379353797,48.96760930230826],[13.52353523535237,48.969297879578136],[13.516335163351641,48.97098645684804],[13.501935019350213,48.96592072503839],[13.491134911349121,48.955789261419085],[13.483934839348393,48.93721491145038],[13.458734587345873,48.94565779779978],[13.426334263342653,48.95916641595886],[13.397533975339769,48.977740765927564],[13.383133831338313,48.99293796135649],[13.383133831338313,49.02164377494452],[13.372333723337249,49.03852954764335],[13.329133291332909,49.067235361231354],[13.300333003330053,49.094252597549456],[13.285932859328597,49.10100690662898],[13.267932679326805,49.10607263843863],[13.206732067320672,49.107761215708535],[13.177931779317788,49.11789267932781],[13.16353163531636,49.13477845202664],[13.149131491314932,49.15504137926524],[13.055530555305552,49.23778166548951],[13.044730447304488,49.24284739729913],[13.01233012330124,49.268176056347386],[13.005130051300512,49.276618942696786],[13.005130051300512,49.28675040631609],[13.001530015300148,49.295193292665516],[12.983529835298356,49.30025902447517],[12.954729547295472,49.31883337444387],[12.940329403294044,49.32727626079327],[12.922329223292252,49.33234199260292],[12.88632886328864,49.339096301682446],[12.871928719287212,49.33740772441257],[12.875528755287547,49.32389910625352],[12.857528575285755,49.32221052898362],[12.796327963279651,49.32727626079327],[12.778327783277831,49.33234199260292],[12.760327603276039,49.34247345622222],[12.72792727927279,49.39144219704883],[12.709927099270999,49.40495081520788],[12.663126631266323,49.418459433366934],[12.645126451264531,49.43027947425611],[12.630726307263075,49.44378809241519],[12.62712627126271,49.46067386511402],[12.623526235262347,49.49275683324177],[12.623526235262347,49.5096426059406],[12.616326163261647,49.513019760480375],[12.605526055260555,49.513019760480375],[12.59472594725949,49.51470833775025],[12.583925839258399,49.52315122409968],[12.57672576725767,49.5299055331792],[12.56952569525697,49.5383484195286],[12.562325623256243,49.55016846041778],[12.558725587255879,49.561988501306985],[12.555125551255514,49.583940005815435],[12.547925479254786,49.59576004670461],[12.537125371253723,49.602514355784166],[12.511925119251202,49.610957242133566],[12.50112501125011,49.619400128482994],[12.50112501125011,49.62277728302274],[12.508325083250838,49.62953159210227],[12.50112501125011,49.632908746642045],[12.497524975249746,49.63459732391192],[12.504725047250474,49.646417364801096],[12.504725047250474,49.659925982960175],[12.497524975249746,49.67005744657948],[12.483124831248318,49.6751231783891],[12.45072450724507,49.6852546420084],[12.432724327243278,49.69200895108793],[12.41832418324185,49.700451837437356],[12.40032400324003,49.71902618740606],[12.389523895238966,49.73253480556514],[12.382323823238238,49.74266626918441],[12.396723967239666,49.757863464613365],[12.436324363243642,49.76968350550254],[12.454324543245434,49.779814969121844],[12.454324543245434,49.79670074182067],[12.457924579245798,49.81696366905925],[12.461524615246162,49.83047228721833],[12.483124831248318,49.82709513267855],[12.490324903249046,49.842292328107504],[12.511925119251202,49.87099814169551],[12.522725227252266,49.88619533712446],[12.522725227252266,49.904769687093165],[12.51912519125193,49.91152399617269],[12.504725047250474,49.91658972798234],[12.461524615246162,49.931786923411295],[12.465124651246526,49.94191838703057],[12.472324723247226,49.95542700518965],[12.46872468724689,49.97062420061857],[12.45072450724507,49.980755664237876],[12.414724147241486,49.98244424150778],[12.40032400324003,49.99257570512705],[12.396723967239666,49.99257570512705],[12.245522455224545,50.04492160049341],[12.24192241922421,50.051675909572964],[12.24192241922421,50.070250259541666],[12.231122311223118,50.08038172316097],[12.21672216722169,50.08882460951037],[12.202322023220233,50.09389034132002],[12.187921879218806,50.10233322766945],[12.180721807218077,50.11753042309837],[12.177121771217713,50.132727618527326],[12.184321843218441,50.15636770030568],[12.184321843218441,50.17156489573463],[12.17352173521735,50.18338493662381],[12.162721627216285,50.19351640024311],[12.137521375213765,50.21040217294194],[12.09072090720909,50.230665100180516],[12.079920799207997,50.24248514106969],[12.09072090720909,50.25430518195887],[12.101521015210153,50.25937091376852],[12.108721087210881,50.26443664557817],[12.112321123211245,50.27625668646735],[12.108721087210881,50.2914538818963],[12.097920979209789,50.2998967682457],[12.076320763207633,50.315093963674656]]]}},{"type":"Feature","properties":{"territory_id":"CZ-02","country_code":"CZ","country_name":"Czechia","display_name":"Moravia and Silesia","strategic_centre":"Brno","centre":[16.6083,49.1925],"boundary_status":"provisional-strategic-partition"},"geometry":{"type":"Polygon","coordinates":[[[15.232413545248995,48.9498767788883],[15.943809283703942,50.68814643299681],[15.957159571595724,50.68658096304884],[15.971559715597152,50.67813807669944],[15.985959859598609,50.66294088127049],[15.993159931599337,50.649432263111436],[16.000360003600036,50.635923644952356],[15.996759967599672,50.62410360406318],[15.982359823598244,50.61566071771378],[15.97875978759788,50.612283563174],[15.97875978759788,50.60721783136435],[15.982359823598244,50.6038406768246],[16.025560255602556,50.608906408634255],[16.08676086760869,50.64605510857166],[16.129961299613,50.644366531301785],[16.158761587615885,50.62916933587283],[16.176761767617677,50.62410360406318],[16.191161911619133,50.62579218133308],[16.20556205562056,50.635923644952356],[16.21276212762129,50.649432263111436],[16.219962199622017,50.65956372673074],[16.23076230762308,50.66125230400061],[16.266762667626693,50.66125230400061],[16.299162991629913,50.65449799492109],[16.33156331563316,50.644366531301785],[16.417964179641814,50.586954904125776],[16.425164251642514,50.56838055415707],[16.392763927639294,50.559937667807645],[16.399963999639994,50.551494781458246],[16.399963999639994,50.54811762691847],[16.39636396363963,50.546429049648594],[16.392763927639294,50.53967474056904],[16.38916389163893,50.53460900875942],[16.38916389163893,50.52110039060034],[16.392763927639294,50.52110039060034],[16.3819638196382,50.51434608152081],[16.360363603636046,50.50083746336176],[16.353163531635317,50.492394577012334],[16.335163351633526,50.49070599974246],[16.302763027630277,50.49577173155211],[16.28836288362885,50.492394577012334],[16.28116281162812,50.48057453612316],[16.266762667626693,50.47213164977376],[16.248762487624873,50.465377340694204],[16.23076230762308,50.456934454344804],[16.227162271622717,50.45524587707493],[16.216362163621653,50.45186872253515],[16.21276212762129,50.45186872253515],[16.216362163621653,50.440048681645976],[16.216362163621653,50.4366715271062],[16.198361983619833,50.440048681645976],[16.191161911619133,50.42485148621702],[16.198361983619833,50.40627713624832],[16.23076230762308,50.40289998170854],[16.245162451624537,50.377571322660316],[16.248762487624873,50.37081701358079],[16.26316263162633,50.364062704501265],[16.27036270362703,50.36575128177114],[16.277562775627757,50.369128436310916],[16.28836288362885,50.372505590850665],[16.335163351633526,50.372505590850665],[16.342363423634254,50.369128436310916],[16.349563495634953,50.36068554996149],[16.353163531635317,50.350554086342186],[16.349563495634953,50.342111199992786],[16.353163531635317,50.33366831364336],[16.37116371163711,50.31847111821443],[16.41436414364145,50.30833965459513],[16.43956439564397,50.29820819097583],[16.450364503645034,50.28469957281678],[16.479164791647918,50.25599375922877],[16.493564935649374,50.24248514106969],[16.504365043650438,50.22728794564077],[16.536765367653686,50.20702501840216],[16.54756547565475,50.18845066843346],[16.558365583655842,50.154679123035805],[16.56556565565657,50.14285908214663],[16.583565835658362,50.127661886717675],[16.619566195661974,50.10739895947907],[16.659166591665922,50.092201764050145],[16.702367023670234,50.095578918589894],[16.73116731167312,50.122596154908024],[16.752767527675275,50.132727618527326],[16.76716767167673,50.14285908214663],[16.777967779677795,50.15636770030568],[16.795967959679615,50.17494205027438],[16.81756817568177,50.18676209116356],[16.839168391683927,50.18845066843346],[16.85716857168572,50.18845066843346],[16.86796867968681,50.190139245703335],[16.88236882368824,50.19182782297321],[16.889568895688967,50.19689355478286],[16.90756907569076,50.212090750211814],[16.91836918369185,50.217156482021466],[16.929169291692915,50.217156482021466],[16.947169471694735,50.21377932748169],[16.954369543695435,50.21377932748169],[16.9579695796958,50.217156482021466],[16.9579695796958,50.22897652291064],[16.961569615696163,50.23235367745039],[16.97596975969759,50.23235367745039],[16.979569795697955,50.22897652291064],[16.986769867698683,50.22391079110099],[16.997569975699776,50.212090750211814],[17.00837008370084,50.21040217294194],[17.015570155701568,50.21884505929134],[17.011970119701203,50.23235367745039],[17.00117001170011,50.24248514106969],[16.997569975699776,50.26781380011795],[16.986769867698683,50.28469957281678],[16.96876968769689,50.29820819097583],[16.94356943569437,50.306651077325256],[16.92556925569255,50.31847111821443],[16.91836918369185,50.33873404545301],[16.90756907569076,50.36068554996149],[16.896768967689695,50.377571322660316],[16.864368643686447,50.407965713518195],[16.864368643686447,50.42316290894715],[16.89316893168933,50.43329437256645],[16.914769147691487,50.43160579529655],[16.94356943569437,50.41978575440737],[16.9579695796958,50.41472002259775],[16.98316983169832,50.41640859986762],[17.0839708397084,50.39783424989892],[17.094770947709492,50.394457095359144],[17.119971199712012,50.38094847720009],[17.130771307713076,50.377571322660316],[17.145171451714532,50.37588274539044],[17.17757177571775,50.38094847720009],[17.188371883718844,50.37925989993019],[17.18477184771848,50.37588274539044],[17.188371883718844,50.364062704501265],[17.195571955719572,50.35224266361209],[17.202772027720272,50.34379977726266],[17.209972099721,50.337045468183135],[17.245972459724612,50.32184827275418],[17.271172711727132,50.31847111821443],[17.31797317973181,50.31847111821443],[17.3359733597336,50.31340538640478],[17.31797317973181,50.30833965459513],[17.321573215732172,50.30496250005535],[17.325173251732537,50.301585345515605],[17.328773287732872,50.29820819097583],[17.332373323733236,50.296519613705954],[17.332373323733236,50.283010995546874],[17.3359733597336,50.26950237738782],[17.34317343173433,50.25937091376852],[17.353973539735392,50.252616604688995],[17.364773647736484,50.2711909546577],[17.38637386373864,50.2728795319276],[17.41157411574116,50.261059491038395],[17.41877418774189,50.24248514106969],[17.425974259742617,50.24079656379982],[17.429574295742952,50.239107986529945],[17.433174331743317,50.24079656379982],[17.440374403744045,50.24248514106969],[17.46917469174693,50.266125222848046],[17.515975159751605,50.26781380011795],[17.605976059760593,50.25768233649865],[17.631176311763113,50.2627480683083],[17.64557645576457,50.2711909546577],[17.677976779767818,50.29820819097583],[17.681576815768153,50.30496250005535],[17.685176851768517,50.31171680913488],[17.692376923769245,50.315093963674656],[17.706777067770673,50.31171680913488],[17.7139771397714,50.30833965459513],[17.731977319773193,50.2914538818963],[17.735577355773557,50.28976530462643],[17.735577355773557,50.283010995546874],[17.731977319773193,50.281322418277],[17.72117721177213,50.2627480683083],[17.717577175771765,50.252616604688995],[17.72117721177213,50.24248514106969],[17.731977319773193,50.23573083199017],[17.74637746377465,50.217156482021466],[17.73917739177392,50.20195928659251],[17.717577175771765,50.19182782297321],[17.674376743767453,50.17494205027438],[17.649176491764933,50.168187741194856],[17.598775987759893,50.16649916392498],[17.5879758797588,50.163122009385205],[17.580775807758073,50.1529905457659],[17.584375843758437,50.14623623668638],[17.631176311763113,50.105710382209196],[17.649176491764933,50.10233322766945],[17.659976599765997,50.10233322766945],[17.667176671766725,50.105710382209196],[17.677976779767818,50.10739895947907],[17.692376923769245,50.105710382209196],[17.717577175771765,50.097267495859796],[17.731977319773193,50.095578918589894],[17.731977319773193,50.092201764050145],[17.72117721177213,50.087136032240494],[17.72117721177213,50.07531599135132],[17.731977319773193,50.06856168227179],[17.742777427774286,50.060118795922364],[17.749977499775014,50.04998733230306],[17.757177571775713,50.03647871414401],[17.76437764377644,50.024658673254834],[17.775177751777534,50.01452720963553],[17.839978399784002,49.97400135515835],[17.875978759787614,49.9689356233487],[17.911979119791198,49.975689932428224],[17.940779407794082,49.99257570512705],[17.958779587795874,49.99595285966683],[17.99837998379985,49.99595285966683],[18.0307803078031,50.002707168746355],[18.0379803798038,50.007772900556006],[18.034380343803434,50.01790436417531],[18.027180271802735,50.024658673254834],[18.019980199802006,50.024658673254834],[18.01278012780128,50.02297009598496],[18.00558005580058,50.024658673254834],[18.001980019800214,50.04661017776331],[18.019980199802006,50.04492160049341],[18.034380343803434,50.04154444595366],[18.091980919809203,50.01790436417531],[18.084780847808474,49.99933001420658],[18.09918099180993,49.989198550587304],[18.160381603816035,49.980755664237876],[18.178381783817855,49.975689932428224],[18.20718207182074,49.9588041597294],[18.221582215822167,49.95542700518965],[18.243182431824323,49.95204985064987],[18.25758257582578,49.945295541570346],[18.261182611826115,49.940229809760694],[18.268382683826843,49.92503261433174],[18.271982719827207,49.918278305252215],[18.293582935829363,49.90814684163291],[18.30798307983082,49.909835418902816],[18.33318333183334,49.92503261433174],[18.33318333183334,49.92840976887152],[18.329583295832975,49.92840976887152],[18.369183691836923,49.931786923411295],[18.40878408784087,49.92334403706187],[18.480784807848096,49.896326800743736],[18.505985059850616,49.896326800743736],[18.545585455854564,49.913212573442564],[18.55998559985599,49.90645826436304],[18.56718567185672,49.88957249166421],[18.563585635856356,49.87437529623526],[18.56718567185672,49.860866678076206],[18.59238592385924,49.85242379172681],[18.56718567185672,49.8321608644882],[18.56718567185672,49.80514362817007],[18.585185851858512,49.77474923731219],[18.606786067860696,49.74266626918441],[18.61758617586176,49.71396045559641],[18.624786247862488,49.70720614651688],[18.635586355863552,49.700451837437356],[18.6679866798668,49.69876326016748],[18.682386823868256,49.695386105627705],[18.696786967869684,49.68863179654818],[18.714787147871476,49.673434601119226],[18.729187291872933,49.668368869309575],[18.74358743587436,49.67005744657948],[18.757987579875817,49.673434601119226],[18.772387723877245,49.6751231783891],[18.786787867878672,49.668368869309575],[18.7939879398794,49.66161456023005],[18.797587975879765,49.62615443756252],[18.804788047880493,49.61602297394322],[18.815588155881557,49.59913720124439],[18.81918819188192,49.59069431489499],[18.833588335883377,49.54679130587803],[18.837188371883713,49.526528378639426],[18.833588335883377,49.5096426059406],[18.7939879398794,49.5096426059406],[18.772387723877245,49.50457687413095],[18.732787327873297,49.480936792352594],[18.703987039870412,49.47924821508272],[18.67518675186753,49.48431394689237],[18.64278642786428,49.49613398778155],[18.628386283862852,49.49613398778155],[18.599585995859968,49.486002524162245],[18.556385563855656,49.48937967870202],[18.53478534785347,49.480936792352594],[18.531185311853136,49.47418248327307],[18.527585275852772,49.455608133304366],[18.523985239852408,49.445476669685064],[18.513185131851316,49.44041093787541],[18.480784807848096,49.428590896986236],[18.437584375843755,49.39481935158858],[18.4159841598416,49.38468788796928],[18.387183871838715,49.38975361977893],[18.38358383583838,49.34247345622222],[18.361983619836195,49.330653415333046],[18.32598325983261,49.312079065364344],[18.18918189181892,49.276618942696786],[18.160381603816035,49.25804459272808],[18.135181351813515,49.232715933679856],[18.117181171811723,49.20232154282195],[18.10638106381066,49.170238574694196],[18.102781027810295,49.143221338376065],[18.102781027810295,49.09256402027958],[18.095580955809567,49.0706125157711],[18.07398073980741,49.04697243399275],[18.045180451804526,49.02839808402405],[18.01278012780128,49.01995519767462],[17.958779587795874,49.02164377494452],[17.933579335793354,49.01995519767462],[17.915579155791562,49.00982373405532],[17.901179011790134,48.99293796135649],[17.893978939789406,48.977740765927564],[17.886778867788678,48.94734637506966],[17.879578795787978,48.933837756910606],[17.861578615786158,48.92201771602143],[17.839978399784002,48.920329138751555],[17.818378183781846,48.9237062932913],[17.79677796777969,48.920329138751555],[17.778777787777898,48.91188625240213],[17.74637746377465,48.87304897519482],[17.728377283772858,48.862917511575546],[17.533975339753397,48.81226019347906],[17.497974979749813,48.81732592528871],[17.46917469174693,48.83758885252729],[17.454774547745473,48.84265458433694],[17.429574295742952,48.83758885252729],[17.41157411574116,48.830834543447764],[17.389973899739005,48.822391657098336],[17.375573755737577,48.81901450255859],[17.26037260372604,48.857851779765895],[17.213572135721364,48.866294666115294],[17.166771667716688,48.85954035703577],[17.112771127711284,48.83421169798754],[17.105571055710556,48.82408023436824],[17.098370983709856,48.80550588439954],[17.0839708397084,48.79368584351033],[17.05157051570515,48.773422916271755],[17.02637026370263,48.746405679953625],[16.97596975969759,48.65015677557031],[16.961569615696163,48.63664815741126],[16.947169471694735,48.62313953925218],[16.94356943569437,48.60456518928348],[16.911169111691123,48.63158242560161],[16.896768967689695,48.697436939127044],[16.871568715687175,48.719388443635495],[16.85716857168572,48.719388443635495],[16.81756817568177,48.710945557286095],[16.79956799567995,48.70925698001622],[16.78156781567816,48.714322711825844],[16.745567455674575,48.7295199072548],[16.727567275672754,48.732897061794574],[16.69156691566917,48.732897061794574],[16.67356673566735,48.73458563906445],[16.662766627666286,48.7396513708741],[16.65556655566556,48.751471411763276],[16.651966519665194,48.76666860719223],[16.644766447664495,48.77848864808141],[16.62316623166231,48.78355437989106],[16.605166051660518,48.78524295716093],[16.54756547565475,48.79706299805011],[16.529565295652958,48.803817307129634],[16.518765187651894,48.80550588439954],[16.511565115651166,48.80550588439954],[16.493564935649374,48.800440152589886],[16.482764827648282,48.79875157531998],[16.453964539645398,48.80212872985976],[16.435964359643606,48.795374420780234],[16.385563855638566,48.73627421633432],[16.374763747637473,48.7295199072548],[16.35676356763568,48.72783132998492],[16.353163531635317,48.72783132998492],[16.33876338763389,48.73627421633432],[16.317163171631734,48.732897061794574],[16.176761767617677,48.746405679953625],[16.08676086760869,48.74302852541388],[16.032760327603285,48.7582257208428],[15.931959319593204,48.80719446166941],[15.931959319593204,48.81901450255859],[15.924759247592476,48.822391657098336],[15.906759067590684,48.81901450255859],[15.906759067590684,48.830834543447764],[15.899558995589956,48.83421169798754],[15.888758887588892,48.835900275257416],[15.874358743587436,48.83252312071764],[15.885158851588528,48.84265458433694],[15.8779587795878,48.84096600706707],[15.870758707587072,48.844343161606815],[15.859958599586008,48.84940889341647],[15.838358383583852,48.84940889341647],[15.834758347583488,48.85278604795624],[15.82755827558276,48.857851779765895],[15.823958239582396,48.86967182065507],[15.816758167581696,48.87304897519482],[15.787957879578812,48.87304897519482],[15.780757807578084,48.871360397924946],[15.744757447574472,48.857851779765895],[15.72675726757268,48.85447462522612],[15.705157051570524,48.85447462522612],[15.679956799568004,48.857851779765895],[15.604356043560443,48.8865575933539],[15.543155431554311,48.90344336605273],[15.521555215552155,48.90850909786238],[15.471154711547115,48.93721491145038],[15.449554495544959,48.94565779779978],[15.406354063540647,48.95410068414921],[15.35955359553597,48.97098645684804],[15.33435334353345,48.97436361138779],[15.287552875528775,48.97605218865769],[15.28395283952841,48.977740765927564],[15.280352803528046,48.982806497737215],[15.273152731527318,48.986183652276964],[15.26595265952659,48.986183652276964],[15.262352623526255,48.982806497737215],[15.25875258752589,48.969297879578136],[15.25875258752589,48.964232147768485],[15.244352443524434,48.95241210687931],[15.237152371523734,48.950723529609434],[15.232413545248995,48.9498767788883]]]}},{"type":"Feature","properties":{"territory_id":"DE-01","country_code":"DE","country_name":"Germany","display_name":"Northern Germany","strategic_centre":"Hamburg","centre":[10,53.55],"boundary_status":"provisional-strategic-partition"},"geometry":{"type":"MultiPolygon","coordinates":[[[[7.417999364991535,53.734788907055425],[7.4214742147421475,53.73446293518711],[7.435874358743604,53.727708626107585],[7.43227432274324,53.72433147156784],[7.428674286742876,53.722642894297934],[7.427020684820595,53.722255087812236],[7.417999364991535,53.734788907055425]]],[[[7.446706751404119,53.69490414528468],[7.45747457474576,53.69562565797983],[7.468274682746824,53.69055992617018],[7.479074790747916,53.68211703982075],[7.504275042750436,53.678739885281004],[7.651876518765192,53.697314235249706],[7.950679506795069,53.722642894297934],[8.029880298802993,53.70744569886901],[8.029880298802993,53.700691389789455],[8.02628026280263,53.67198557620145],[8.05148051480515,53.63652545353392],[8.094680946809461,53.60444248540614],[8.12708127081271,53.59093386724709],[8.12708127081271,53.58417955816756],[8.119881198811981,53.572359517278386],[8.134281342813438,53.567293785468735],[8.155881558815594,53.56391663092896],[8.166681666816686,53.553785167309684],[8.166681666816686,53.53521081734095],[8.155881558815594,53.526767930991554],[8.134281342813438,53.51663646737225],[8.116281162811646,53.5115707355626],[8.07668076680767,53.50819358102285],[8.058680586805878,53.5014392719433],[8.07668076680767,53.469356303815545],[8.087480874808762,53.455847685656465],[8.098280982809825,53.447404799307066],[8.112681126811282,53.450781953846814],[8.123481234812346,53.45415910838659],[8.141481414814166,53.45415910838659],[8.15228152281523,53.44909337657694],[8.170281702817022,53.43727333568776],[8.17748177481775,53.433896181147986],[8.188281882818842,53.42883044933836],[8.195481954819542,53.420387562988935],[8.206282062820634,53.41025609936963],[8.220682206822062,53.406878944829884],[8.235082350823518,53.406878944829884],[8.249482494824946,53.40856752209976],[8.260282602826038,53.411944676639536],[8.271082710827102,53.41869898571906],[8.292682926829286,53.44065049022754],[8.314283142831442,53.474422035625196],[8.321483214832142,53.509882158292726],[8.292682926829286,53.5301450855313],[8.25308253082531,53.52339077645178],[8.231482314823154,53.52507935372168],[8.231482314823154,53.540276549150605],[8.242282422824246,53.55547374457956],[8.249482494824946,53.59093386724709],[8.256682566825674,53.60444248540614],[8.271082710827102,53.61288537175557],[8.289082890828922,53.616262526295344],[8.32868328683287,53.61795110356522],[8.346683466834662,53.61288537175557],[8.364683646836482,53.60106533086639],[8.375483754837546,53.58755671270734],[8.386283862838638,53.57742524908804],[8.42948429484295,53.56560520819886],[8.512285122851239,53.55547374457956],[8.551885518855187,53.54365370369038],[8.551885518855187,53.536899394610856],[8.526685266852667,53.52339077645178],[8.50508505085051,53.50819358102285],[8.490684906849083,53.48624207651437],[8.483484834848355,53.45753626292637],[8.483484834848355,53.40181321302023],[8.490684906849083,53.37648455397198],[8.50508505085051,53.357910204003275],[8.508685086850875,53.38323886305153],[8.497884978849783,53.44571622203719],[8.497884978849783,53.474422035625196],[8.512285122851239,53.496373540133646],[8.537485374853759,53.50650500375295],[8.55548555485555,53.518325044642125],[8.566285662856643,53.54703085823013],[8.559085590855915,53.55209659003978],[8.533885338853395,53.59093386724709],[8.526685266852667,53.59599959905674],[8.515885158851603,53.60950821721579],[8.508685086850875,53.624705412644744],[8.501485014850147,53.64496833988335],[8.487084870848719,53.6669198443918],[8.483484834848355,53.68380561709063],[8.487084870848719,53.700691389789455],[8.490684906849083,53.71588858521841],[8.53028530285303,53.76992305785467],[8.55548555485555,53.83071183957043],[8.573485734857343,53.85772907588856],[8.587885878858799,53.87123769404761],[8.605886058860591,53.88136915766691],[8.627486274862747,53.88981204401634],[8.652686526865267,53.89318919855609],[8.674286742867423,53.89150062128621],[8.685086850868515,53.888123466746435],[8.710287102871035,53.87123769404761],[8.746287462874648,53.85435192134878],[8.782287822878232,53.8425318804596],[8.861488614886156,53.83071183957043],[8.904689046890468,53.83240041684033],[8.976689766897664,53.8425318804596],[9.01629016290164,53.84084330318973],[9.034290342903432,53.85435192134878],[9.113491134911357,53.86448338496808],[9.19269192691928,53.86448338496808],[9.210692106921073,53.87123769404761],[9.225092250922529,53.866171962237985],[9.239492394923957,53.86448338496808],[9.27549275492757,53.86448338496808],[9.282692826928269,53.861106230428334],[9.304293042930425,53.844220457729506],[9.40149401494017,53.74290582153654],[9.441094410944117,53.714200007948534],[9.469894698947002,53.700691389789455],[9.48429484294843,53.69055992617018],[9.498694986949886,53.660165535312274],[9.567095670956718,53.599376753596516],[9.581495814958146,53.59093386724709],[9.599495994959966,53.58586813543744],[9.624696246962486,53.58417955816756],[9.63549635496355,53.580802403627786],[9.696696966969682,53.55716232184943],[9.765097650976514,53.54703085823013],[9.819098190981919,53.540276549150605],[9.833498334983346,53.54365370369038],[9.819098190981919,53.55716232184943],[9.783097830978306,53.56898236273861],[9.693096930969318,53.575736671818134],[9.657096570965706,53.58417955816756],[9.58509585095851,53.61288537175557],[9.549095490954926,53.634836876264046],[9.538295382953834,53.6669198443918],[9.53469534695347,53.69393708070993],[9.531095310953106,53.71082285340876],[9.523895238952406,53.71588858521841],[9.473494734947366,53.732774357917236],[9.45909459094591,53.73615151245701],[9.437494374943753,53.74797155334619],[9.412294122941233,53.77836594420407],[9.397893978939805,53.81044891233185],[9.394293942939441,53.83071183957043],[9.35829358293583,53.839154725919855],[9.297092970929725,53.87123769404761],[9.257492574925749,53.88474631220669],[9.221492214922165,53.89150062128621],[9.0918909189092,53.89318919855609],[9.055890558905588,53.90332066217539],[9.030690306903068,53.906697816715166],[9.019890198902004,53.90332066217539],[9.009090090900912,53.89318919855609],[8.983889838898392,53.896566353095864],[8.947889478894808,53.91345212579469],[8.91548915489156,53.937092207573045],[8.832688326883272,54.03671826649611],[8.872288722887248,54.04684973011541],[8.89028890288904,54.048538307385314],[8.91548915489156,54.04347257557566],[8.955089550895508,54.02827538014671],[8.976689766897664,54.02489822560693],[8.998289982899848,54.029963957416584],[9.005490054900548,54.04178399830576],[9.012690126901276,54.06035834827449],[9.019890198902004,54.08230985278297],[9.019890198902004,54.097507048211895],[9.005490054900548,54.1076385118312],[8.987489874898756,54.1177699754505],[8.973089730897328,54.1279014390698],[8.976689766897664,54.13972147995898],[8.976689766897664,54.146475789038504],[8.951489514895144,54.14985294357825],[8.919089190891924,54.146475789038504],[8.886688866888676,54.1363443254192],[8.868688686886884,54.124524284530025],[8.861488614886156,54.124524284530025],[8.832688326883272,54.15323009811803],[8.81468814688148,54.17518160262651],[8.811088110881116,54.18024733443616],[8.821888218882208,54.20051026167474],[8.836288362883636,54.217396034373564],[8.847088470884728,54.23428180707239],[8.839888398884,54.249479002501346],[8.839888398884,54.25623331158087],[8.850688506885064,54.26129904339052],[8.893888938889404,54.26805335247005],[8.911889118891196,54.26974192973992],[8.922689226892288,54.27480766154957],[8.937089370893716,54.28662770243875],[8.951489514895144,54.301824897867704],[8.962289622896236,54.31702209329666],[8.94068940689408,54.315333516026755],[8.901089010890104,54.29507058878818],[8.879488794887948,54.29000485697853],[8.883088830888312,54.293382011518304],[8.886688866888676,54.30013632059783],[8.886688866888676,54.30351347513758],[8.857888578885792,54.301824897867704],[8.803888038880388,54.2916934342484],[8.775087750877503,54.29000485697853],[8.73908739087392,54.293382011518304],[8.724687246872463,54.29000485697853],[8.68868688686888,54.271430507009825],[8.677886778867787,54.26974192973992],[8.652686526865267,54.27480766154957],[8.623886238862383,54.29000485697853],[8.602286022860227,54.311956361487006],[8.598685986859863,54.337285020535234],[8.61308613086132,54.34910506142441],[8.641886418864203,54.355859370503964],[8.670686706867087,54.35923652504371],[8.695886958869607,54.35923652504371],[8.695886958869607,54.36599083412324],[8.677886778867787,54.36767941139314],[8.66348663486636,54.37612229774254],[8.649086490864903,54.377810875012415],[8.634686346863475,54.36599083412324],[8.627486274862747,54.37612229774254],[8.627486274862747,54.38794233863172],[8.63828638286384,54.39807380225102],[8.649086490864903,54.40651668860045],[8.670686706867087,54.4014509567908],[8.749887498874983,54.41327099767997],[8.861488614886156,54.41327099767997],[8.886688866888676,54.418336729489624],[8.908289082890832,54.42509103856915],[8.947889478894808,54.44704254307763],[8.987489874898756,54.458862583966805],[9.005490054900548,54.46561689304633],[9.012690126901276,54.48250266574516],[9.012690126901276,54.50614274752351],[8.987489874898756,54.529782829301865],[8.904689046890468,54.58044014739835],[8.893888938889404,54.59057161101765],[8.886688866888676,54.60239165190683],[8.879488794887948,54.605768806446605],[8.857888578885792,54.605768806446605],[8.836288362883636,54.60239165190683],[8.825488254882544,54.59732592009718],[8.818288182881844,54.605768806446605],[8.854288542885428,54.619277424605656],[8.818288182881844,54.67331189724189],[8.803888038880388,54.68682051540097],[8.775087750877503,54.698640556290144],[8.721087210872128,54.725657792608274],[8.68868688686888,54.73578925622755],[8.68868688686888,54.7425435653071],[8.695886958869607,54.75942933800593],[8.681486814868151,54.78138084251438],[8.66348663486636,54.79995519248311],[8.649086490864903,54.81852954245181],[8.641886418864203,54.84385820150004],[8.645486454864567,54.86749828327842],[8.659886598865995,54.89620409686643],[8.695886958869607,54.88944978778687],[8.731887318873191,54.88944978778687],[8.800288002880023,54.90464698321583],[8.825488254882544,54.9063355604857],[8.904689046890468,54.8978926741363],[8.983889838898392,54.8793183241676],[9.196291962919645,54.850612510579595],[9.210692106921073,54.842169624230166],[9.214292142921437,54.832038160610864],[9.217892178921801,54.81852954245181],[9.225092250922529,54.806709501562636],[9.243092430924321,54.801643769752985],[9.318693186931881,54.801643769752985],[9.333093330933309,54.80333234702286],[9.340293402934037,54.80839807883251],[9.354693546935465,54.81177523337229],[9.365493654936557,54.81684096518194],[9.38349383493835,54.82021811972169],[9.405094050940505,54.80839807883251],[9.423094230942326,54.806709501562636],[9.437494374943753,54.81008665610241],[9.45189451894521,54.81008665610241],[9.50949509495095,54.828661006071115],[9.531095310953106,54.842169624230166],[9.55269552695529,54.84723535603982],[9.567095670956718,54.86074397419887],[9.581495814958146,54.86580970600852],[9.581495814958146,54.83034958334099],[9.631896318963186,54.82021811972169],[9.693096930969318,54.81852954245181],[9.73629736297363,54.806709501562636],[9.750697506975087,54.79995519248311],[9.77949779497797,54.793200883403586],[9.801098010980127,54.78306941978428],[9.81189811898119,54.766183647085455],[9.822698226982283,54.75605218346615],[9.851498514985167,54.75942933800593],[9.894698946989479,54.769560801625204],[9.891098910989115,54.78982372886381],[9.916299162991635,54.79151230613368],[9.948699486994883,54.779692265244506],[9.970299702997039,54.76280649254568],[9.984699846998467,54.72903494714802],[9.991899918999195,54.72059206079862],[9.999099990999923,54.712149174449195],[10.017100171001715,54.70201771082992],[10.006300063000623,54.69526340175037],[9.991899918999195,54.69695197902027],[9.981099810998103,54.70032913356002],[9.970299702997039,54.70201771082992],[9.970299702997039,54.698640556290144],[9.945099450994519,54.68682051540097],[9.941499414994155,54.68682051540097],[9.93789937899379,54.68513193813109],[9.930699306993063,54.68513193813109],[9.930699306993063,54.67331189724189],[9.945099450994519,54.67331189724189],[9.970299702997039,54.67837762905154],[9.99549995499956,54.67837762905154],[10.009900099000987,54.66655758816236],[10.02070020700208,54.671623319972014],[10.035100351003507,54.67331189724189],[10.038700387003871,54.66655758816236],[10.031500315003143,54.65304897000331],[10.038700387003871,54.63954035184426],[10.038700387003871,54.619277424605656],[10.031500315003143,54.5770629928586],[10.027900279002807,54.56017722015977],[10.02070020700208,54.54666860200069],[10.009900099000987,54.53484856111152],[9.999099990999923,54.52302852022234],[9.966699666996675,54.50614274752351],[9.927099270992727,54.49263412936446],[9.880298802988023,54.48419124301503],[9.840698406984075,54.48250266574516],[9.840698406984075,54.47574835666563],[9.883898838988387,54.462239738506554],[10.125101251012524,54.49601128390421],[10.143101431014315,54.49263412936446],[10.204302043020448,54.46055116123668],[10.182701827018263,54.4487311203475],[10.182701827018263,54.4385996567282],[10.193501935019356,54.426779615839024],[10.19710197101972,54.409893843140196],[10.189901899018992,54.396385224981145],[10.175501755017564,54.38456518409197],[10.157501575015743,54.37612229774254],[10.143101431014315,54.37274514320279],[10.143101431014315,54.369367988663015],[10.14670146701468,54.36767941139314],[10.14670146701468,54.36599083412324],[10.143101431014315,54.35923652504371],[10.153901539015408,54.35248221596419],[10.153901539015408,54.34403932961479],[10.150301503015044,54.333907865995485],[10.143101431014315,54.32377640237618],[10.164701647016471,54.328842134185834],[10.179101791017928,54.34066217507501],[10.204302043020448,54.37274514320279],[10.218702187021876,54.404828111330545],[10.225902259022604,54.41327099767997],[10.233102331023304,54.418336729489624],[10.27270272702728,54.4200253067595],[10.287102871028708,54.42509103856915],[10.290702907029072,54.4301567703788],[10.2979029790298,54.43522250218845],[10.305103051030528,54.440288233998075],[10.319503195031956,54.44366538853785],[10.359103591035904,54.440288233998075],[10.384303843038424,54.43522250218845],[10.441904419044192,54.40651668860045],[10.600306003060041,54.36599083412324],[10.690306903069029,54.31702209329666],[10.729907299073005,54.31026778421713],[10.776707767077681,54.315333516026755],[10.80910809108093,54.32715355691596],[10.86670866708667,54.35923652504371],[10.899108991089918,54.37105656593289],[10.93510935109353,54.37949945228232],[11.01791017910179,54.38625376136184],[11.01791017910179,54.37949945228232],[10.999909999099998,54.377810875012415],[10.974709747097478,54.377810875012415],[10.99270992709927,54.374433720472666],[11.01071010710109,54.377810875012415],[11.032310323103246,54.36767941139314],[11.104311043110442,54.39300807044137],[11.13671136711369,54.38625376136184],[11.097110971109714,54.360925102313615],[11.08631086310865,54.35248221596419],[11.082710827108286,54.35417079323406],[11.06831068310683,54.35923652504371],[11.079110791107922,54.342350752344885],[11.08631086310865,54.301824897867704],[11.09351093510935,54.283250547899],[11.08631086310865,54.271430507009825],[11.08631086310865,54.254544734311],[11.09351093510935,54.22583892072299],[11.089910899108986,54.20726457075426],[11.079110791107922,54.19882168440486],[11.071910719107194,54.19206737532534],[11.06831068310683,54.18362448897591],[10.949509495094958,54.13972147995898],[10.90990909909101,54.10932708910107],[10.89190891908919,54.102572780021546],[10.852308523085242,54.09412989367215],[10.845108451084513,54.09412989367215],[10.837908379083785,54.09075273913237],[10.830708307083086,54.092441316402244],[10.823508235082357,54.097507048211895],[10.812708127081265,54.097507048211895],[10.805508055080566,54.09412989367215],[10.801908019080201,54.092441316402244],[10.762307623076225,54.056981193734714],[10.751507515075161,54.05022688465519],[10.751507515075161,54.04347257557566],[10.76590765907659,54.02489822560693],[10.780307803078045,54.00970103017801],[10.798307983079837,54.00125814382858],[10.827108271082722,53.99619241201893],[10.86670866708667,53.99788098928883],[10.873908739087398,53.99619241201893],[10.881108811088126,53.98437237112975],[10.88470884708849,53.972552330240575],[10.888308883088825,53.964109443891175],[10.902709027090282,53.9607322893514],[10.924309243092438,53.9607322893514],[10.93510935109353,53.96748659843092],[10.963909639096386,53.986060948399654],[10.981909819098206,53.9894381029394],[10.999909999099998,53.99112668020928],[11.053910539105402,54.008012452908105],[11.176311763117639,54.01814391652741],[11.183511835118367,54.01645533925753],[11.190711907119066,54.00970103017801],[11.197911979119795,53.99619241201893],[11.205112051120523,53.9894381029394],[11.241112411124107,53.98268379385988],[11.24471244712447,53.977618062050226],[11.241112411124107,53.95566655754175],[11.24471244712447,53.945535093922445],[11.255512555125563,53.94046936211282],[11.29511295112951,53.94046936211282],[11.334713347133487,53.9607322893514],[11.341913419134187,53.959043712081524],[11.352713527135279,53.94384651665257],[11.359913599136007,53.94046936211282],[11.399513995139955,53.94046936211282],[11.399513995139955,53.937092207573045],[11.439114391143931,53.90838639398504],[11.446314463144631,53.906697816715166],[11.457114571145723,53.906697816715166],[11.460714607146087,53.91682928033444],[11.467914679146787,53.932026475763394],[11.475114751147515,53.952289403002],[11.471514715147151,53.969175175700826],[11.47871478714788,53.97592948478035],[11.489514895148972,53.98099521659],[11.496714967149671,53.98099521659],[11.496714967149671,53.986060948399654],[11.493114931149307,53.99788098928883],[11.493114931149307,54.00294672109848],[11.525515255152555,54.02320964833706],[11.525515255152555,54.029963957416584],[11.518315183151827,54.029963957416584],[11.518315183151827,54.03671826649611],[11.543515435154347,54.029963957416584],[11.55431554315544,54.029963957416584],[11.572315723157232,54.03840684376601],[11.590315903159052,54.06542408008414],[11.60471604716048,54.070489811893765],[11.611916119161208,54.07217838916367],[11.619116191161908,54.07724412097332],[11.626316263162636,54.083998430052844],[11.629916299163,54.09075273913237],[11.629916299163,54.09581847094202],[11.622716227162272,54.09919562548177],[11.622716227162272,54.10426135729142],[11.626316263162636,54.10932708910107],[11.629916299163,54.11270424364085],[11.633516335163364,54.1160813981806],[11.658716587165884,54.14141005722885],[11.691116911169132,54.154918675387904],[11.727117271172716,54.15829582992768],[11.813518135181369,54.14985294357825],[12.048845064359742,54.17995625645137],[11.130669859626487,51.144629487406],[8.578452564974963,52.12250700990754],[7.446706751404119,53.69490414528468]]],[[[7.468274682746824,53.74459439880641],[7.475474754747552,53.75641443969559],[7.486274862748644,53.76148017150524],[7.518675186751864,53.76148017150524],[7.605076050760516,53.763168748775115],[7.626676266762672,53.754725862425715],[7.626676266762672,53.749660130616064],[7.547475474754748,53.749660130616064],[7.515075150751528,53.74628297607629],[7.511475114751164,53.727708626107585],[7.48267482674828,53.727708626107585],[7.471874718747188,53.73108578064736],[7.468274682746824,53.74459439880641]]],[[[7.6626766267662845,53.76148017150524],[7.6878768787688045,53.781743098743846],[7.7274772747727525,53.7868088305535],[7.813878138781405,53.78343167601372],[7.813878138781405,53.776677366934194],[7.799477994779949,53.776677366934194],[7.777877778777793,53.768234480584766],[7.7490774907749085,53.76148017150524],[7.720277202772024,53.75979159423537],[7.695076950769504,53.76992305785467],[7.6842768427684405,53.76148017150524],[7.677076770767712,53.75810301696549],[7.669876698766984,53.75810301696549],[7.6626766267662845,53.76148017150524]]],[[[7.853478534785353,53.785120253283594],[7.860678606786081,53.790185985093245],[7.875078750787509,53.7952517169029],[7.896678966789665,53.79694029417277],[7.914679146791485,53.7952517169029],[7.929079290792913,53.79187456236312],[7.954279542795433,53.78343167601372],[7.936279362793641,53.78343167601372],[7.893078930789301,53.78849740782337],[7.875078750787509,53.78849740782337],[7.875078750787509,53.776677366934194],[7.853478534785353,53.785120253283594]]],[[[7.878678786787873,54.19375595259521],[7.893078930789301,54.195444529865085],[7.900279002790029,54.19037879805546],[7.903879038790393,54.18024733443616],[7.900279002790029,54.17855875716626],[7.896678966789665,54.181935911706034],[7.893078930789301,54.18362448897591],[7.889478894788965,54.187001643515686],[7.885878858788601,54.19037879805546],[7.878678786787873,54.19375595259521]]],[[[7.911079110791121,54.19206737532534],[7.929079290792913,54.195444529865085],[7.932679326793277,54.19037879805546],[7.918279182791821,54.187001643515686],[7.911079110791121,54.19206737532534]]],[[[8.119881198811981,53.714200007948534],[8.119881198811981,53.72095431702806],[8.134281342813438,53.73446293518711],[8.15228152281523,53.73952866699676],[8.173881738817386,53.73784008972689],[8.195481954819542,53.727708626107585],[8.181081810818114,53.727708626107585],[8.170281702817022,53.72602004883771],[8.155881558815594,53.71588858521841],[8.15228152281523,53.714200007948534],[8.141481414814166,53.71588858521841],[8.137881378813802,53.71757716248828],[8.130681306813074,53.719265739758185],[8.119881198811981,53.714200007948534]]],[[[8.27828278282783,54.75605218346615],[8.27828278282783,54.78306941978428],[8.289082890828922,54.891138365056776],[8.296282962829622,54.913089869565255],[8.375483754837546,55.0346674329968],[8.415084150841523,55.06506182385468],[8.461884618846199,55.04986462842575],[8.400684006840066,55.04817605115585],[8.393483934839367,55.0431103193462],[8.422284222842222,55.041421742076324],[8.42948429484295,55.02960170118715],[8.422284222842222,55.016093083028096],[8.37908379083791,55.00258446486902],[8.361083610836118,54.98738726944009],[8.350283502835026,54.96712434220149],[8.361083610836118,54.948549992232785],[8.35388353883539,54.913089869565255],[8.389883898839003,54.894515519596524],[8.436684366843679,54.887761210517],[8.652686526865267,54.89282694232665],[8.631086310863111,54.88269547870735],[8.50508505085051,54.886072633247124],[8.487084870848719,54.88100690143747],[8.461884618846199,54.8691868605483],[8.447484474844742,54.86580970600852],[8.375483754837546,54.86580970600852],[8.371883718837182,54.86749828327842],[8.361083610836118,54.877629746897696],[8.35388353883539,54.8793183241676],[8.343083430834326,54.8793183241676],[8.335883358833598,54.877629746897696],[8.307083070830714,54.86580970600852],[8.30348303483035,54.86243255146877],[8.299882998829986,54.855678242389246],[8.296282962829622,54.83541531515064],[8.296282962829622,54.832038160610864],[8.299882998829986,54.77631511070476],[8.296282962829622,54.75942933800593],[8.289082890828922,54.74592071984685],[8.285482854828558,54.7425435653071],[8.27828278282783,54.75605218346615]]],[[[8.292682926829286,54.66655758816236],[8.321483214832142,54.698640556290144],[8.339483394833962,54.71046059717932],[8.361083610836118,54.71552632898897],[8.361083610836118,54.71046059717932],[8.357483574835754,54.708772019909446],[8.35388353883539,54.708772019909446],[8.343083430834326,54.70201771082992],[8.332283322833234,54.69357482448049],[8.382683826838274,54.63954035184426],[8.400684006840066,54.63278604276471],[8.386283862838638,54.62603173368518],[8.35388353883539,54.619277424605656],[8.32868328683287,54.63109746549483],[8.310683106831078,54.65136039273344],[8.292682926829286,54.66655758816236]]],[[[8.393483934839367,54.71552632898897],[8.415084150841523,54.73578925622755],[8.436684366843679,54.74929787438663],[8.465484654846563,54.75436360619628],[8.497884978849783,54.75605218346615],[8.551885518855187,54.75436360619628],[8.577085770857707,54.74592071984685],[8.595085950859527,54.72903494714802],[8.595085950859527,54.7222806380685],[8.584285842858435,54.7138377517191],[8.573485734857343,54.69357482448049],[8.566285662856643,54.68682051540097],[8.551885518855187,54.68513193813109],[8.533885338853395,54.68682051540097],[8.519485194851967,54.690197669940716],[8.512285122851239,54.69357482448049],[8.483484834848355,54.68850909267084],[8.451084510845106,54.69357482448049],[8.393483934839367,54.71552632898897]]],[[[8.595085950859527,54.51289705660304],[8.602286022860227,54.529782829301865],[8.620286202862047,54.53822571565129],[8.627486274862747,54.53991429292117],[8.634686346863475,54.543291447460945],[8.699486994869943,54.55848864288987],[8.699486994869943,54.54835717927057],[8.692286922869243,54.52302852022234],[8.670686706867087,54.50107701571386],[8.641886418864203,54.49263412936446],[8.620286202862047,54.49263412936446],[8.605886058860591,54.49938843844399],[8.595085950859527,54.51289705660304]]],[[[8.811088110881116,54.48250266574516],[8.825488254882544,54.48587982028491],[8.825488254882544,54.49094555209456],[8.821888218882208,54.49769986117411],[8.811088110881116,54.502765592983735],[8.843488434884364,54.51965136568256],[8.879488794887948,54.529782829301865],[8.919089190891924,54.529782829301865],[8.962289622896236,54.52302852022234],[8.958689586895872,54.52302852022234],[8.955089550895508,54.51965136568256],[8.955089550895508,54.50951990206329],[8.937089370893716,54.49938843844399],[8.926289262892624,54.48756839755481],[8.911889118891196,54.47574835666563],[8.886688866888676,54.46899404758611],[8.843488434884364,54.467305470316205],[8.825488254882544,54.47068262485598],[8.811088110881116,54.48250266574516]]],[[[11.007110071100726,54.45548542942703],[11.007110071100726,54.46899404758611],[11.032310323103246,54.50951990206329],[11.071910719107194,54.53147140657177],[11.122311223112234,54.53653713838139],[11.205112051120523,54.51458563387294],[11.230312303123043,54.50107701571386],[11.241112411124107,54.49601128390421],[11.255512555125563,54.47912551120538],[11.313113131131331,54.41327099767997],[11.18711187111873,54.426779615839024],[11.16911169111691,54.4200253067595],[11.176311763117639,54.41664815221972],[11.179911799118003,54.41495957494985],[11.140311403114026,54.41327099767997],[11.11151111511117,54.41495957494985],[11.100711007110078,54.423402461299276],[11.104311043110442,54.44366538853785],[11.097110971109714,54.45210827488728],[11.082710827108286,54.45548542942703],[11.057510575105766,54.45548542942703],[11.046710467104674,54.453796852157154],[11.039510395103946,54.44704254307763],[11.032310323103246,54.44704254307763],[11.028710287102882,54.45548542942703],[11.025110251102518,54.458862583966805],[11.021510215102154,54.458862583966805],[11.007110071100726,54.45548542942703]]],[[[11.374313743137435,53.98099521659],[11.388713887138891,54.004635298368356],[11.42831428314284,54.02320964833706],[11.467914679146787,54.031652534686486],[11.496714967149671,54.02320964833706],[11.467914679146787,53.9708637529707],[11.457114571145723,53.9607322893514],[11.446314463144631,53.9607322893514],[11.442714427144267,53.96748659843092],[11.449914499144995,53.986060948399654],[11.446314463144631,53.99788098928883],[11.439114391143931,53.99788098928883],[11.431914319143203,53.9894381029394],[11.439114391143931,53.97424090751048],[11.424714247142475,53.96748659843092],[11.406714067140683,53.96748659843092],[11.392313923139227,53.97424090751048],[11.374313743137435,53.98099521659]]],[[[11.52911529115292,54.075555543703416],[11.52911529115292,54.07724412097332],[11.532715327153284,54.08568700732272],[11.601116011160116,54.10426135729142],[11.615516155161572,54.11270424364085],[11.597515975159752,54.097507048211895],[11.55431554315544,54.07386696643354],[11.539915399154012,54.056981193734714],[11.532715327153284,54.056981193734714],[11.52911529115292,54.075555543703416]]]]}},{"type":"Feature","properties":{"territory_id":"DE-02","country_code":"DE","country_name":"Germany","display_name":"Rhine-Ruhr","strategic_centre":"Dusseldorf","centre":[6.7735,51.2277],"boundary_status":"provisional-strategic-partition"},"geometry":{"type":"MultiPolygon","coordinates":[[[[5.851858518585203,51.0428707669941],[5.880658806588059,51.0513136533435],[5.895058950589515,51.04793649880375],[5.905859058590579,51.03780503518445],[5.920259202592035,51.02936214883505],[5.938259382593827,51.03105072610492],[5.9490594905949195,51.03949361245432],[5.9706597065970755,51.06482227150258],[5.981459814598139,51.07495373512188],[6.07506075060752,51.12054532140871],[6.13266132661326,51.139119671377415],[6.147061470614716,51.152628289536466],[6.12546125461256,51.16444833042564],[6.15066150661508,51.17626837131482],[6.15786157861578,51.179645525854596],[6.13266132661326,51.18471125766425],[6.085860858608584,51.16275975315577],[6.0606606066060635,51.171202639505196],[6.053460534605364,51.1897769894739],[6.0570605706056995,51.21172849398238],[6.064260642606428,51.231991421220954],[6.07506075060752,51.242122884840256],[6.096660966609676,51.259008657539084],[6.147061470614716,51.31810886198497],[6.15786157861578,51.32486317106452],[6.1830618306183,51.334994634683795],[6.193861938619392,51.3451260983031],[6.197461974619756,51.356946139192274],[6.20106201062012,51.37889764370075],[6.20826208262082,51.38734053005018],[6.193861938619392,51.39916057093936],[6.193861938619392,51.41773492090806],[6.20106201062012,51.43799784814664],[6.204662046620484,51.45826077538524],[6.20106201062012,51.476835125353944],[6.193861938619392,51.508918093481725],[6.154261542615444,51.53762390706973],[6.085860858608584,51.59503553424574],[6.0822608226082195,51.60854415240479],[6.085860858608584,51.62205277056387],[6.10026100261004,51.64400427507235],[6.031860318603179,51.66257862504105],[6.010260102601023,51.68115297500975],[6.021060210602116,51.70985878859776],[6.0138601386013875,51.71661309767728],[5.988659886598867,51.726744561296584],[5.977859778597804,51.73012171583636],[5.9490594905949195,51.73012171583636],[5.938259382593827,51.731810293106236],[5.941859418594191,51.74194175672554],[5.945459454594555,51.74700748853519],[5.963459634596347,51.75713895215449],[5.963459634596347,51.775713302123194],[5.9490594905949195,51.79597622936177],[5.9274592745927634,51.80610769298107],[5.931059310593099,51.816239156600375],[5.9490594905949195,51.8229934656799],[5.988659886598867,51.82805919748955],[6.006660066600659,51.8331249292992],[6.028260282602844,51.8415678156486],[6.042660426604272,51.846633547458254],[6.0822608226082195,51.85338785653781],[6.114661146611468,51.848322124728156],[6.139861398613988,51.84494497018838],[6.15786157861578,51.8415678156486],[6.143461434614352,51.85507643380768],[6.103861038610404,51.878716515586035],[6.093060930609312,51.88547082466556],[6.12546125461256,51.89729086555474],[6.15786157861578,51.887159401935435],[6.190261902619028,51.87196220650651],[6.22626226262264,51.86183074288721],[6.255062550625524,51.86689647469686],[6.265862658626588,51.86689647469686],[6.273062730627316,51.86183074288721],[6.28386283862838,51.85001070199803],[6.287462874628744,51.846633547458254],[6.327063270632721,51.843256392918505],[6.341463414634148,51.83650208383898],[6.3450634506345125,51.821304888410026],[6.381063810638125,51.82805919748955],[6.3882638826388245,51.838190661108854],[6.377463774637761,51.86014216561733],[6.442264422644229,51.848322124728156],[6.463864638646385,51.848322124728156],[6.478264782647841,51.85338785653781],[6.528665286652881,51.87702793831616],[6.6294662946629614,51.89729086555474],[6.7158671586715855,51.89897944282464],[6.74466744667447,51.909110906443914],[6.766267662676626,51.92599667914274],[6.791467914679146,51.951325338191],[6.798667986679874,51.95639107000065],[6.805868058680602,51.95807964727052],[6.809468094680966,51.9597682245404],[6.813068130681302,51.97327684269948],[6.809468094680966,51.980031151779],[6.802268022680238,51.98509688358865],[6.777067770677718,52.00198265628748],[6.712267122671221,52.02393416079596],[6.690666906669065,52.02731131533571],[6.6762667626676375,52.034065624415234],[6.6726667266672735,52.04926281984419],[6.679866798668002,52.061082860733364],[6.690666906669065,52.06277143800324],[6.6978669786697935,52.06277143800324],[6.712267122671221,52.06783716981289],[6.7194671946719495,52.07290290162254],[6.726667266672678,52.08641151978162],[6.733867338673406,52.09147725159124],[6.748267482674834,52.10329729248042],[6.766267662676626,52.10836302429007],[6.76986769867699,52.10836302429007],[6.831068310683122,52.11342875609972],[6.841868418684186,52.12018306517925],[6.867068670686706,52.14720030149738],[6.885068850688526,52.16070891965646],[6.928269282692838,52.172528960545634],[6.94626946269463,52.18266042416491],[6.97146971469715,52.20630050594329],[6.9822698226982425,52.21474339229269],[7.0254702547025545,52.22994058772164],[7.0290702907029186,52.235006319531294],[7.0254702547025545,52.23838347407104],[7.02187021870219,52.24513778315057],[7.011070110701127,52.26708928765905],[7.011070110701127,52.28566363762778],[7.018270182701826,52.3008608330567],[7.039870398703982,52.32787806937483],[7.0470704707047105,52.365026769312266],[7.032670326703283,52.39035542836049],[6.975069750697514,52.45114421007628],[6.967869678696786,52.44945563280638],[6.9606696066960865,52.44270132372685],[6.949869498694994,52.4376355919172],[6.928269282692838,52.43256986010755],[6.899468994689954,52.43256986010755],[6.87066870668707,52.43425843737745],[6.82026820268203,52.44607847826663],[6.7410674106741055,52.45283278734615],[6.7158671586715855,52.46127567369555],[6.6942669426694295,52.47478429185463],[6.690666906669065,52.48998148728356],[6.687066870668701,52.50855583725229],[6.683466834668366,52.525441609951116],[6.6726667266672735,52.542327382649944],[6.687066870668701,52.542327382649944],[6.74466744667447,52.55921315534877],[6.712267122671221,52.5760989280476],[6.705067050670522,52.582853237127125],[6.705067050670522,52.591296123476525],[6.708667086670886,52.59973900982595],[6.708667086670886,52.60818189617535],[6.701467014670158,52.618313359794655],[6.7194671946719495,52.62675624614408],[6.7374673746737415,52.63519913249348],[6.76986769867699,52.640264864303134],[6.867068670686706,52.64195344157301],[6.917469174691746,52.631821977953706],[6.967869678696786,52.63688770976336],[6.9822698226982425,52.63351055522361],[7.018270182701826,52.62675624614408],[7.036270362703647,52.64701917338266],[7.043470434704346,52.68247929605019],[7.054270542705439,52.79054824132268],[7.061470614706167,52.82431978672034],[7.072270722707231,52.841205559419166],[7.079470794707959,52.854714177578245],[7.162271622716247,52.93238873199283],[7.183871838718403,52.966160277390486],[7.191071910719103,52.99824324551827],[7.194671946719467,53.0337033681858],[7.183871838718403,53.104623613520886],[7.180271802718039,53.11475507714016],[7.176671766717675,53.11982080894981],[7.173071730717311,53.126575118029336],[7.173071730717311,53.14514946799807],[7.187471874718767,53.167100972506546],[7.194671946719467,53.18567532247525],[7.198271982719831,53.2008725179042],[7.198271982719831,53.21606971333313],[7.194671946719467,53.24477552692113],[7.205472054720559,53.24815268146091],[7.216272162721623,53.254906990540434],[7.223472234722351,53.26334987688983],[7.234272342723443,53.273481340509136],[7.237872378723807,53.28530138139831],[7.230672306723079,53.29712142228749],[7.255872558725599,53.31907292679597],[7.266672666726663,53.32413865860562],[7.291872918729183,53.32413865860562],[7.3134731347313675,53.32076150406587],[7.345873458734587,53.30725288590679],[7.367473674736743,53.30218715409714],[7.342273422734223,53.32413865860562],[7.302673026730275,53.33258154495505],[7.075870758707595,53.3376472767647],[7.039870398703982,53.34777874038397],[7.02187021870219,53.37648455397198],[7.02187021870219,53.450781953846814],[7.0290702907029186,53.46766772654564],[7.0470704707047105,53.49806211740355],[7.050670506705075,53.513259312832474],[7.061470614706167,53.5217021991819],[7.079470794707959,53.5217021991819],[7.119071190711907,53.51663646737225],[7.126271262712635,53.52507935372168],[7.133471334713363,53.526767930991554],[7.140671406714063,53.536899394610856],[7.140671406714063,53.55040801276991],[7.129871298712999,53.55716232184943],[7.101071010710115,53.56560520819886],[7.0902709027090225,53.57404809454826],[7.086670866708687,53.58755671270734],[7.101071010710115,53.59768817632661],[7.133471334713363,53.61119679448569],[7.169471694716947,53.634836876264046],[7.187471874718767,53.643279762613446],[7.227072270722715,53.6669198443918],[7.306273062730639,53.68549419436053],[7.446706751404119,53.69490414528468],[8.578452564974963,52.12250700990754],[6.871585138515821,49.20611827399977],[6.841868418684186,49.21076442917138],[6.834668346683486,49.209075851901474],[6.827468274682758,49.19556723374242],[6.834668346683486,49.178681461043595],[6.838268382683822,49.16348426561464],[6.82026820268203,49.14828707018572],[6.809468094680966,49.14659849291584],[6.76986769867699,49.15504137926524],[6.726667266672678,49.15504137926524],[6.712267122671221,49.15841853380502],[6.701467014670158,49.173615729233944],[6.705067050670522,49.18543577012312],[6.708667086670886,49.1972558110123],[6.701467014670158,49.214141583711125],[6.6978669786697935,49.214141583711125],[6.683466834668366,49.2073872746316],[6.679866798668002,49.2073872746316],[6.6762667626676375,49.21076442917138],[6.6762667626676375,49.22089589279068],[6.6726667266672735,49.2259616246003],[6.665466654666545,49.24453597456903],[6.658266582665846,49.24622455183891],[6.647466474664753,49.249601706378684],[6.640266402664025,49.25297886091843],[6.640266402664025,49.271553210887134],[6.571865718657193,49.31376764263422],[6.557465574655765,49.325587683523395],[6.550265502655037,49.33740772441257],[6.553865538655401,49.347539188031874],[6.571865718657193,49.347539188031874],[6.579065790657921,49.355982074381274],[6.575465754657557,49.361047806190925],[6.525065250652517,49.39481935158858],[6.517865178651789,49.401573660668106],[6.521465214652153,49.40326223793801],[6.521465214652153,49.40832796974766],[6.517865178651789,49.41677085609706],[6.510665106651061,49.42521374244649],[6.496264962649633,49.43534520606576],[6.402664026640281,49.46573959692367],[6.391863918639189,49.46742817419354],[6.38466384663846,49.464051019653766],[6.363063630636304,49.455608133304366],[6.352263522635241,49.45391955603449],[6.3450634506345125,49.455608133304366],[6.3450634506345125,49.46236244238389],[6.341463414634148,49.49275683324177],[6.348663486634877,49.52483980136955],[6.352263522635241,49.534971264988855],[6.352263522635241,49.56705423311661],[6.355863558635605,49.57718569673591],[6.370263702637033,49.59238289216486],[6.399063990639917,49.61433439667334],[6.406264062640645,49.62784301483239],[6.413464134641345,49.63459732391192],[6.417064170641709,49.63966305572157],[6.417064170641709,49.646417364801096],[6.4098640986409805,49.64979451934087],[6.406264062640645,49.65317167388065],[6.402664026640281,49.6565488284204],[6.417064170641709,49.67005744657948],[6.492664926649269,49.700451837437356],[6.489064890648905,49.70214041470723],[6.481864818648205,49.708894723786756],[6.485464854648541,49.71227187832653],[6.492664926649269,49.71396045559641],[6.499864998649997,49.71227187832653],[6.492664926649269,49.71902618740606],[6.489064890648905,49.725780496485584],[6.485464854648541,49.73422338283501],[6.485464854648541,49.74266626918441],[6.496264962649633,49.74773200099406],[6.496264962649633,49.752797732803714],[6.492664926649269,49.75617488734349],[6.492664926649269,49.762929196423016],[6.499864998649997,49.784880700931495],[6.499864998649997,49.7950121645508],[6.502025020250217,49.796025310912725],[6.496264962649633,49.80007789636042],[6.492664926649269,49.80007789636042],[6.463864638646385,49.80514362817007],[6.413464134641345,49.80514362817007],[6.395463954639553,49.80852078270985],[6.381063810638125,49.815275091789374],[6.352263522635241,49.833849441758076],[6.33426334263342,49.84060375083763],[6.327063270632721,49.84060375083763],[6.3090630906309,49.833849441758076],[6.3018630186302005,49.83553801902798],[6.3018630186302005,49.83891517356773],[6.294662946629472,49.84904663718703],[6.291062910629108,49.855800946266555],[6.287462874628744,49.860866678076206],[6.273062730627316,49.86762098715573],[6.237062370623704,49.87606387350516],[6.222662226622276,49.88788391439434],[6.190261902619028,49.93854123249082],[6.172261722617236,49.95542700518965],[6.161461614616144,49.94191838703057],[6.154261542615444,49.95204985064987],[6.139861398613988,49.979067086968],[6.121861218612196,49.99595285966683],[6.118261182611832,50.00439574601623],[6.118261182611832,50.016215786905406],[6.114661146611468,50.03647871414401],[6.10746107461074,50.04492160049341],[6.096660966609676,50.04829875503319],[6.10746107461074,50.060118795922364],[6.111061110611104,50.06349595046214],[6.10026100261004,50.06349595046214],[6.10746107461074,50.092201764050145],[6.111061110611104,50.105710382209196],[6.118261182611832,50.12090757763815],[6.12546125461256,50.127661886717675],[6.129061290612924,50.1344161957972],[6.12546125461256,50.13948192760685],[6.114661146611468,50.14623623668638],[6.118261182611832,50.149613391226154],[6.121861218612196,50.16143343211533],[6.121861218612196,50.16481058665511],[6.13266132661326,50.168187741194856],[6.15066150661508,50.16987631846473],[6.15786157861578,50.17325347300451],[6.165061650616508,50.181696359353936],[6.165061650616508,50.19351640024311],[6.161461614616144,50.20533644113229],[6.147061470614716,50.21377932748169],[6.15786157861578,50.22222221383112],[6.179461794617964,50.23235367745039],[6.190261902619028,50.24248514106969],[6.211862118621184,50.24923945014922],[6.255062550625524,50.25599375922877],[6.273062730627316,50.26781380011795],[6.265862658626588,50.27625668646735],[6.269462694626952,50.28638815008665],[6.27666276662768,50.296519613705954],[6.287462874628744,50.30327392278548],[6.298262982629836,50.30833965459513],[6.3090630906309,50.30833965459513],[6.3234632346323565,50.30496250005535],[6.33426334263342,50.30327392278548],[6.363063630636304,50.306651077325256],[6.373863738637397,50.315093963674656],[6.373863738637397,50.32860258183371],[6.337863378633784,50.36743985904101],[6.337863378633784,50.37925989993019],[6.3450634506345125,50.39276851808927],[6.348663486634877,50.41640859986762],[6.352263522635241,50.43329437256645],[6.348663486634877,50.4366715271062],[6.341463414634148,50.4383601043761],[6.330663306633085,50.4468029907255],[6.327063270632721,50.456934454344804],[6.3234632346323565,50.465377340694204],[6.327063270632721,50.47382022704363],[6.337863378633784,50.48057453612316],[6.319863198631992,50.48226311339303],[6.27666276662768,50.48732884520268],[6.25866258662586,50.492394577012334],[6.25866258662586,50.49408315428221],[6.25146251462516,50.49408315428221],[6.25146251462516,50.492394577012334],[6.215462154621548,50.48564026793281],[6.20826208262082,50.48564026793281],[6.197461974619756,50.49070599974246],[6.190261902619028,50.502526040631636],[6.1830618306183,50.50590319517141],[6.190261902619028,50.51603465879069],[6.179461794617964,50.51603465879069],[6.172261722617236,50.51772323606059],[6.168661686616872,50.52278896787024],[6.1758617586176,50.52954327694977],[6.161461614616144,50.54305189510882],[6.179461794617964,50.56162624507752],[6.211862118621184,50.57851201777635],[6.23346233462334,50.586954904125776],[6.23346233462334,50.590332058665524],[6.244262442624432,50.59877494501495],[6.25146251462516,50.608906408634255],[6.247862478624796,50.613972140443906],[6.179461794617964,50.61566071771378],[6.15786157861578,50.622415026793306],[6.147061470614716,50.635923644952356],[6.161461614616144,50.64267795403191],[6.10026100261004,50.701778158477794],[6.0822608226082195,50.71359819936697],[6.064260642606428,50.715286776636844],[6.02466024660248,50.706843890287445],[6.010260102601023,50.70853246755732],[6.006660066600659,50.71697535390675],[6.010260102601023,50.72710681752602],[6.010260102601023,50.73723828114532],[5.9958599585995955,50.742304012954975],[5.9922599225992315,50.74399259022485],[5.9922599225992315,50.747369744764626],[5.9958599585995955,50.7507468993044],[5.9958599585995955,50.76256694019358],[5.9922599225992315,50.769321249273105],[5.981459814598139,50.77269840381285],[5.9742597425974395,50.78114129016228],[5.967059670596711,50.79464990832133],[5.985059850598503,50.79296133105146],[5.99945999459996,50.801404217400886],[6.003060030600324,50.81322425829006],[6.003060030600324,50.82166714463946],[5.99945999459996,50.83011003098889],[6.010260102601023,50.840241494608165],[6.02466024660248,50.845307226417816],[6.046260462604636,50.84361864914794],[6.0570605706056995,50.85206153549734],[6.064260642606428,50.862192999116644],[6.064260642606428,50.87063588546607],[6.053460534605364,50.89089881270465],[6.0570605706056995,50.897653121784174],[6.0606606066060635,50.902718853593825],[6.064260642606428,50.907784585403476],[6.031860318603179,50.914538894483],[6.006660066600659,50.924670358102304],[5.99945999459996,50.929736089911955],[5.9958599585995955,50.93817897626138],[5.9958599585995955,50.951687594420434],[5.99945999459996,50.960130480769834],[6.006660066600659,50.96857336711926],[6.003060030600324,50.97363909892891],[5.967059670596711,50.97026194438914],[5.941859418594191,50.97701625346866],[5.9274592745927634,50.97701625346866],[5.913059130591307,50.97532767619879],[5.887858878588787,50.96688478984939],[5.873458734587359,50.965196212579485],[5.873458734587359,50.99052487162774],[5.859058590585903,51.019230685215746],[5.851858518585203,51.0428707669941]]],[[[6.658266582665846,53.599376753596516],[6.6726667266672735,53.60444248540614],[6.748267482674834,53.61795110356522],[6.784267842678446,53.61963968083509],[6.798667986679874,53.60444248540614],[6.777067770677718,53.602753908136265],[6.7410674106741055,53.59262244451696],[6.723067230672314,53.59093386724709],[6.723067230672314,53.58417955816756],[6.733867338673406,53.58249098089769],[6.7410674106741055,53.57911382635791],[6.748267482674834,53.572359517278386],[6.755467554675562,53.562228053659084],[6.748267482674834,53.56560520819886],[6.733867338673406,53.575736671818134],[6.726667266672678,53.57742524908804],[6.7158671586715855,53.575736671818134],[6.701467014670158,53.57067094000851],[6.6942669426694295,53.57067094000851],[6.6762667626676375,53.575736671818134],[6.661866618666181,53.58755671270734],[6.658266582665846,53.599376753596516]]],[[[6.874268742687434,53.67198557620145],[6.910269102691046,53.68380561709063],[7.0470704707047105,53.69393708070993],[7.086670866708687,53.687182771630404],[6.874268742687434,53.67198557620145]]],[[[7.133471334713363,53.70744569886901],[7.180271802718039,53.72433147156784],[7.234272342723443,53.72939720337746],[7.345873458734587,53.727708626107585],[7.345873458734587,53.722642894297934],[7.342273422734223,53.722642894297934],[7.295472954729547,53.71082285340876],[7.173071730717311,53.700691389789455],[7.133471334713363,53.70744569886901]]],[[[7.367473674736743,53.727708626107585],[7.3818738187382,53.73446293518711],[7.403474034740356,53.73615151245701],[7.417999364991535,53.734788907055425],[7.427020684820595,53.722255087812236],[7.4214742147421475,53.72095431702806],[7.3818738187382,53.727708626107585],[7.367473674736743,53.727708626107585]]]]}},{"type":"Feature","properties":{"territory_id":"DE-03","country_code":"DE","country_name":"Germany","display_name":"Central Germany","strategic_centre":"Frankfurt","centre":[8.6822,50.1106],"boundary_status":"provisional-strategic-partition"},"geometry":{"type":"Polygon","coordinates":[[[6.871585138515821,49.20611827399977],[8.578452564974963,52.12250700990754],[11.130669859626487,51.144629487406],[11.29161008294426,50.82916153410427],[10.830679345431266,50.15338208173106],[7.8376471695098475,49.035737931124444],[7.774277742777429,49.048661011262624],[7.763477634776365,49.04697243399275],[7.738277382773845,49.03852954764335],[7.7274772747727525,49.03515239310357],[7.71667716677166,49.03684097037345],[7.695076950769504,49.0419067021831],[7.6842768427684405,49.04359527945297],[7.673476734767348,49.040218124913224],[7.65907659076592,49.03852954764335],[7.648276482764828,49.03515239310357],[7.644676446764464,49.03684097037345],[7.6338763387634,49.03852954764335],[7.626676266762672,49.04359527945297],[7.615876158761608,49.05541532034215],[7.60867608676088,49.0621696294217],[7.587075870758724,49.06892393850123],[7.543875438754384,49.07398967031088],[7.522275222752228,49.08412113393018],[7.5078750787508,49.094252597549456],[7.486274862748644,49.11789267932781],[7.471874718747188,49.12802414294711],[7.471874718747188,49.13140129748689],[7.475474754747552,49.13308987475676],[7.48267482674828,49.13646702929654],[7.475474754747552,49.151664224725465],[7.45747457474576,49.15504137926524],[7.414274142741448,49.15841853380502],[7.410674106741084,49.16854999742429],[7.392673926739263,49.170238574694196],[7.371073710737107,49.16686142015442],[7.367473674736743,49.165172842884544],[7.349473494734951,49.15841853380502],[7.345873458734587,49.15504137926524],[7.338673386733888,49.13984418383629],[7.3350733507335235,49.13477845202664],[7.327873278732795,49.13140129748689],[7.306273062730639,49.129712720217015],[7.295472954729547,49.12802414294711],[7.291872918729183,49.12295841113746],[7.281072810728119,49.10944979297841],[7.273872738727391,49.10438406116876],[7.266672666726663,49.10607263843863],[7.241472414724143,49.11451552478806],[7.155071550715519,49.11451552478806],[7.140671406714063,49.11789267932781],[7.122671226712271,49.12295841113746],[7.086670866708687,49.14153276110619],[7.079470794707959,49.14153276110619],[7.072270722707231,49.13646702929654],[7.072270722707231,49.13140129748689],[7.075870758707595,49.12464698840736],[7.072270722707231,49.11958125659771],[7.043470434704346,49.107761215708535],[7.02187021870219,49.11958125659771],[7.0074700747007626,49.14659849291584],[7.011070110701127,49.18205861558337],[6.989469894698942,49.18205861558337],[6.924669246692474,49.205698697361726],[6.913869138691382,49.2073872746316],[6.885068850688526,49.20401012009185],[6.871585138515821,49.20611827399977]]]}},{"type":"Feature","properties":{"territory_id":"DE-04","country_code":"DE","country_name":"Germany","display_name":"Eastern Germany and Berlin","strategic_centre":"Berlin","centre":[13.405,52.52],"boundary_status":"provisional-strategic-partition"},"geometry":{"type":"MultiPolygon","coordinates":[[[[11.130669859626487,51.144629487406],[12.048845064359742,54.17995625645137],[12.051120511205113,54.18024733443616],[12.087120871208725,54.19375595259521],[12.094320943209425,54.16505013900721],[12.09072090720909,54.138032902689076],[12.09072090720909,54.11439282091072],[12.11592115921161,54.097507048211895],[12.105121051210517,54.10932708910107],[12.101521015210153,54.1363443254192],[12.094320943209425,54.146475789038504],[12.105121051210517,54.15660725265781],[12.133921339213401,54.16673871627708],[12.14112141121413,54.18024733443616],[12.130321303213037,54.181935911706034],[12.119521195211945,54.18024733443616],[12.112321123211245,54.17687017989638],[12.101521015210153,54.173493025356635],[12.108721087210881,54.18362448897591],[12.14112141121413,54.208953148024165],[12.162721627216285,54.21908461164347],[12.187921879218806,54.24272469342182],[12.202322023220233,54.249479002501346],[12.213122131221326,54.25116757977122],[12.288722887228886,54.27480766154957],[12.328323283232834,54.293382011518304],[12.34272342723429,54.30351347513758],[12.378723787237874,54.34572790688466],[12.439924399244006,54.396385224981145],[12.44352443524437,54.404828111330545],[12.486724867248682,54.44704254307763],[12.50112501125011,54.47405977939573],[12.511925119251202,54.48250266574516],[12.533525335253358,54.48756839755481],[12.533525335253358,54.48250266574516],[12.52632526325263,54.48250266574516],[12.547925479254786,54.462239738506554],[12.591125911259127,54.45210827488728],[12.817928179281807,54.45210827488728],[12.857528575285755,54.440288233998075],[12.879128791287911,54.4487311203475],[12.907929079290795,54.445353965807726],[12.922329223292252,54.43353392491855],[12.897128971289732,54.4200253067595],[12.871928719287212,54.41664815221972],[12.763927639276403,54.42171388402937],[12.720727207272091,54.431845347648675],[12.695526955269571,54.43353392491855],[12.688326883268843,54.431845347648675],[12.67752677526775,54.42171388402937],[12.670326703267051,54.4200253067595],[12.648726487264867,54.4200253067595],[12.623526235262347,54.423402461299276],[12.612726127261283,54.4200253067595],[12.609126091260919,54.40651668860045],[12.60192601926019,54.41327099767997],[12.598325983259826,54.41158242041007],[12.587525875258763,54.40820526587032],[12.580325803258035,54.40651668860045],[12.583925839258399,54.39807380225102],[12.587525875258763,54.39469664771124],[12.59472594725949,54.39300807044137],[12.60192601926019,54.391319493171494],[12.59472594725949,54.391319493171494],[12.59472594725949,54.38625376136184],[12.57672576725767,54.391319493171494],[12.555125551255514,54.391319493171494],[12.537125371253723,54.38456518409197],[12.52632526325263,54.37274514320279],[12.511925119251202,54.38456518409197],[12.490324903249046,54.38963091590162],[12.454324543245434,54.391319493171494],[12.439924399244006,54.38794233863172],[12.42552425524255,54.37612229774254],[12.41832418324185,54.360925102313615],[12.42552425524255,54.34572790688466],[12.411124111241122,54.347416484154536],[12.403924039240394,54.347416484154536],[12.396723967239666,54.35248221596419],[12.389523895238966,54.34572790688466],[12.396723967239666,54.33221928872558],[12.39312393123933,54.320399247836406],[12.378723787237874,54.311956361487006],[12.364323643236446,54.31026778421713],[12.36792367923681,54.29675916605805],[12.378723787237874,54.28662770243875],[12.378723787237874,54.276496238819476],[12.36792367923681,54.26974192973992],[12.411124111241122,54.25116757977122],[12.436324363243642,54.24779042523147],[12.457924579245798,54.25623331158087],[12.44352443524437,54.254544734311],[12.429124291242914,54.257921888850746],[12.411124111241122,54.26974192973992],[12.41832418324185,54.28156197062913],[12.42552425524255,54.29000485697853],[12.45072450724507,54.30351347513758],[12.457924579245798,54.306890629677355],[12.46872468724689,54.30857920694723],[12.472324723247226,54.31026778421713],[12.47592475924759,54.315333516026755],[12.47592475924759,54.32715355691596],[12.479524795247954,54.33221928872558],[12.49392493924941,54.34066217507501],[12.562325623256243,54.35923652504371],[12.547925479254786,54.364302256853364],[12.540725407254087,54.36599083412324],[12.540725407254087,54.37274514320279],[12.558725587255879,54.37612229774254],[12.565925659256607,54.37612229774254],[12.573125731257306,54.37274514320279],[12.573125731257306,54.37949945228232],[12.59472594725949,54.369367988663015],[12.623526235262347,54.374433720472666],[12.67752677526775,54.391319493171494],[12.673926739267387,54.39469664771124],[12.673926739267387,54.40313953406067],[12.670326703267051,54.40651668860045],[12.681126811268115,54.41158242041007],[12.691926919269207,54.41327099767997],[12.706327063270635,54.41495957494985],[12.717127171271727,54.41327099767997],[12.717127171271727,54.40651668860045],[12.70272702727027,54.404828111330545],[12.691926919269207,54.396385224981145],[12.688326883268843,54.38456518409197],[12.684726847268479,54.37274514320279],[12.695526955269571,54.38456518409197],[12.70272702727027,54.391319493171494],[12.706327063270635,54.399762379520894],[12.713527135271363,54.38963091590162],[12.724327243272427,54.38118802955219],[12.735127351273519,54.377810875012415],[12.745927459274611,54.38625376136184],[12.756727567275675,54.37949945228232],[12.767527675276767,54.37949945228232],[12.778327783277831,54.38456518409197],[12.78552785527856,54.391319493171494],[12.789127891278923,54.38456518409197],[12.796327963279651,54.377810875012415],[12.799927999279987,54.37105656593289],[12.817928179281807,54.35754794777384],[12.821528215282171,54.355859370503964],[12.825128251282507,54.35754794777384],[12.8359283592836,54.35923652504371],[12.853928539285391,54.35754794777384],[12.864728647286483,54.35923652504371],[12.875528755287547,54.36599083412324],[12.88632886328864,54.37274514320279],[12.893528935289368,54.38963091590162],[12.904329043290431,54.399762379520894],[12.929529295292951,54.41495957494985],[12.969129691296928,54.4301567703788],[13.008730087300876,54.4385996567282],[13.033930339303396,54.43353392491855],[13.023130231302332,54.426779615839024],[13.019530195301968,54.41495957494985],[13.030330303303032,54.4014509567908],[13.041130411304124,54.391319493171494],[13.084330843308436,54.37949945228232],[13.095130951309528,54.37274514320279],[13.077130771307708,54.35248221596419],[13.080730807308072,54.337285020535234],[13.109531095310956,54.31026778421713],[13.11313113131132,54.30013632059783],[13.11313113131132,54.279873393359225],[13.127531275312748,54.276496238819476],[13.170731707317088,54.276496238819476],[13.170731707317088,54.26974192973992],[13.159931599315996,54.26974192973992],[13.156331563315632,54.26805335247005],[13.141931419314204,54.2629876206604],[13.174331743317452,54.2646761979303],[13.228332283322828,54.24779042523147],[13.26433264332644,54.24272469342182],[13.28953289532896,54.23428180707239],[13.321933219332209,54.19375595259521],[13.347133471334729,54.18024733443616],[13.332733327333273,54.173493025356635],[13.321933219332209,54.16673871627708],[13.347133471334729,54.16673871627708],[13.383133831338313,54.17855875716626],[13.404734047340469,54.173493025356635],[13.393933939339405,54.16167298446743],[13.390333903339041,54.15660725265781],[13.383133831338313,54.15323009811803],[13.393933939339405,54.14816436630838],[13.401134011340133,54.151541520848156],[13.408334083340833,54.154918675387904],[13.419134191341925,54.15323009811803],[13.42273422734229,54.14816436630838],[13.437134371343717,54.124524284530025],[13.451534515345173,54.111015666370974],[13.465934659346601,54.09919562548177],[13.483934839348393,54.09075273913237],[13.505535055350549,54.09075273913237],[13.505535055350549,54.097507048211895],[13.49833498334985,54.102572780021546],[13.487534875348757,54.11439282091072],[13.480334803348029,54.1177699754505],[13.480334803348029,54.124524284530025],[13.602736027360294,54.13972147995898],[13.63153631536315,54.14816436630838],[13.68193681936819,54.16842729354698],[13.710737107371074,54.173493025356635],[13.717937179371802,54.16842729354698],[13.714337143371438,54.16336156173733],[13.70713707137071,54.16167298446743],[13.69993699937001,54.159984407197555],[13.69993699937001,54.15323009811803],[13.728737287372894,54.14309863449873],[13.80793807938079,54.10426135729142],[13.80793807938079,54.097507048211895],[13.793537935379362,54.083998430052844],[13.786337863378634,54.06373550281424],[13.771937719377206,54.04684973011541],[13.746737467374686,54.03671826649611],[13.75753757537575,54.031652534686486],[13.786337863378634,54.00970103017801],[13.797137971379726,53.999569566558705],[13.804338043380454,53.99619241201893],[13.83313833138331,53.9894381029394],[13.840338403384038,53.986060948399654],[13.843938439384402,53.9793066393201],[13.847538475384766,53.972552330240575],[13.847538475384766,53.96748659843092],[13.85113851138513,53.964109443891175],[13.847538475384766,53.959043712081524],[13.847538475384766,53.95566655754175],[13.85113851138513,53.95397798027187],[13.869138691386922,53.95397798027187],[13.87633876338765,53.950600825732096],[13.879938799388015,53.94891224846222],[13.887138871388714,53.94722367119235],[13.894338943389442,53.94722367119235],[13.905139051390535,53.94384651665257],[13.90873908739087,53.93371505303327],[13.90153901539017,53.92189501214409],[13.890738907389078,53.91345212579469],[13.818738187381882,53.87799200312716],[13.80793807938079,53.86448338496808],[13.818738187381882,53.852663344078906],[13.836738367383674,53.847597612269254],[13.854738547385494,53.844220457729506],[13.861938619386194,53.84084330318973],[13.869138691386922,53.83071183957043],[13.88353883538835,53.817203221411376],[13.90153901539017,53.80876033506195],[13.912339123391234,53.81044891233185],[13.98433984339843,53.77330021239442],[14.016740167401679,53.76992305785467],[14.03474034740347,53.75810301696549],[14.038340383403835,53.754725862425715],[14.05994059940599,53.75641443969559],[14.067140671406719,53.754725862425715],[14.092340923409239,53.74628297607629],[14.106741067410695,53.74290582153654],[14.185941859418591,53.73952866699676],[14.214742147421475,53.74459439880641],[14.225542255422567,53.75810301696549],[14.232742327423267,53.76148017150524],[14.250742507425088,53.75979159423537],[14.265142651426515,53.75134870788594],[14.26874268742688,53.73615151245701],[14.257942579425787,53.727708626107585],[14.211142111421111,53.70744569886901],[14.225542255422567,53.70406854432923],[14.239942399423995,53.700691389789455],[14.257942579425787,53.69900281251958],[14.265142651426515,53.700691389789455],[14.265142651426515,53.67198557620145],[14.261542615426151,53.656788380772525],[14.275942759427608,53.63652545353392],[14.297542975429764,53.59768817632661],[14.297542975429764,53.52845650826143],[14.304743047430492,53.50819358102285],[14.329943299433012,53.48624207651437],[14.337143371433712,53.46597914927577],[14.358743587435868,53.44402764476729],[14.36954369543696,53.39168174940093],[14.391143911439116,53.33427012222492],[14.398343983439844,53.31569577225622],[14.398343983439844,53.30725288590679],[14.401944019440208,53.28867853593809],[14.401944019440208,53.27854707231879],[14.409144091440908,53.27179276323926],[14.423544235442364,53.265038454159736],[14.427144271442728,53.25828414508021],[14.441544415444156,53.25152983600066],[14.416344163441636,53.22113544514278],[14.409144091440908,53.21438113606325],[14.398343983439844,53.211003981523476],[14.387543875438752,53.202561095174076],[14.380343803438052,53.189052477015],[14.376743767437688,53.17723243612582],[14.380343803438052,53.16034666342699],[14.387543875438752,53.14683804526794],[14.391143911439116,53.13164084983899],[14.358743587435868,53.07422922266298],[14.355143551435532,53.06747491358345],[14.34434344343444,53.04890056361475],[14.311943119431191,53.028637636376146],[14.254342543425452,53.001620400058016],[14.19314193141932,52.98135747281944],[14.142741427414279,52.95940596831096],[14.142741427414279,52.95434023650131],[14.149941499415007,52.94420877288201],[14.164341643416435,52.90874865021448],[14.164341643416435,52.895240032055426],[14.160741607416071,52.876665682086696],[14.149941499415007,52.86484564119752],[14.124741247412487,52.85133702303847],[14.135541355413551,52.836139827609514],[14.153541535415371,52.827696941260115],[14.175141751417527,52.82431978672034],[14.196741967419683,52.82263120945046],[14.214742147421475,52.81756547764081],[14.247142471424723,52.79392539586246],[14.275942759427608,52.78548250951303],[14.383943839438388,52.738202345956324],[14.398343983439844,52.72638230506715],[14.430744307443092,52.68585645058997],[14.441544415444156,52.680790718780315],[14.463144631446312,52.67403640970079],[14.488344883448832,52.65039632792244],[14.549545495454964,52.63688770976336],[14.607146071460733,52.596361855286176],[14.614346143461432,52.59298470074643],[14.643146431464316,52.5760989280476],[14.617946179461796,52.54063880538004],[14.610746107461068,52.51699872360169],[14.628746287462889,52.506867259982386],[14.632346323463253,52.49673579636311],[14.614346143461432,52.47309571458476],[14.592745927459276,52.44945563280638],[14.538745387453872,52.422438396488275],[14.5459454594546,52.381912542011065],[14.567545675456756,52.338009532994135],[14.589145891458912,52.30930371940613],[14.585545855458548,52.2907293694374],[14.607146071460733,52.275532174008475],[14.639546395463952,52.26540071038917],[14.668346683466837,52.26033497857952],[14.69714697146972,52.253580669499996],[14.711547115471149,52.23669489680117],[14.711547115471149,52.21474339229269],[14.693546935469357,52.199546196863736],[14.693546935469357,52.19279188778421],[14.707947079470813,52.17928326962516],[14.704347043470449,52.16577465146608],[14.693546935469357,52.14720030149738],[14.686346863468628,52.12187164244915],[14.69714697146972,52.1066744470202],[14.761947619476189,52.07628005616232],[14.743947439474397,52.06277143800324],[14.736747367473669,52.05432855165384],[14.733147331473333,52.04588566530441],[14.729547295472969,52.03575420168514],[14.725947259472605,52.025622738065834],[14.704347043470449,52.00198265628748],[14.700747007470085,51.99185119266818],[14.69714697146972,51.93106241095239],[14.686346863468628,51.91248806098369],[14.6719467194672,51.89391371101499],[14.653946539465409,51.878716515586035],[14.59634596345964,51.843256392918505],[14.581945819458213,51.824682042949775],[14.585545855458548,51.8044191157112],[14.603546035460369,51.78753334301237],[14.62154621546216,51.780779033932845],[14.635946359463588,51.76895899304367],[14.639546395463952,51.74194175672554],[14.64674646746468,51.71661309767728],[14.6719467194672,51.70141590224836],[14.718747187471877,51.6760872432001],[14.733147331473333,51.6575128932314],[14.743947439474397,51.63218423418317],[14.743947439474397,51.606855575134915],[14.733147331473333,51.58659264789634],[14.711547115471149,51.56801829792761],[14.704347043470449,51.54775537068903],[14.707947079470813,51.54100106160951],[14.711547115471149,51.530869597990204],[14.733147331473333,51.51567240256125],[14.797947979479801,51.5021637844022],[14.819548195481957,51.4920323207829],[14.841148411484113,51.48358943443347],[14.887948879488789,51.47514654808407],[14.909549095490974,51.468392239004544],[14.927549275492765,51.46163792992502],[14.945549455494557,51.44981788903584],[14.95634956349565,51.43462069360689],[14.945549455494557,51.42280065271771],[14.949149491494921,51.39578341639958],[14.95634956349565,51.353568984652526],[14.959949599496014,51.334994634683795],[14.96354963549635,51.32824032560427],[14.98154981549817,51.30797739836569],[15.003150031500326,51.291091625666866],[15.021150211502118,51.272517275698135],[15.01395013950139,51.242122884840256],[15.017550175501754,51.23874573030048],[15.021150211502118,51.237057153030605],[15.003150031500326,51.215105648522126],[14.992349923499233,51.1897769894739],[14.98154981549817,51.161071175885894],[14.98154981549817,51.12223389867859],[14.974349743497442,51.11547958959906],[14.967149671496713,51.112102435059285],[14.959949599496014,51.10534812597976],[14.959949599496014,51.07495373512188],[14.95634956349565,51.06482227150258],[14.909549095490974,50.992213448897616],[14.859148591485933,50.916227471752904],[14.823148231482321,50.89258738997455],[14.808748087480893,50.8773901945456],[14.808748087480893,50.858815844576895],[14.794347943479437,50.831798608258765],[14.783547835478373,50.81997856736959],[14.776347763477645,50.81322425829006],[14.758347583475853,50.809847103750286],[14.736747367473669,50.81153568102016],[14.700747007470085,50.81660141282981],[14.661146611466108,50.835175762798514],[14.64674646746468,50.83855291733829],[14.614346143461432,50.845307226417816],[14.607146071460733,50.853750112767244],[14.610746107461068,50.87063588546607],[14.628746287462889,50.8959645445143],[14.635946359463588,50.90947316267338],[14.628746287462889,50.921293203562556],[14.617946179461796,50.921293203562556],[14.560345603456028,50.9060960081336],[14.549545495454964,50.91285031721313],[14.556745567455692,50.924670358102304],[14.567545675456756,50.93817897626138],[14.574745747457484,50.94999901715056],[14.578345783457848,50.965196212579485],[14.574745747457484,50.97532767619879],[14.567545675456756,50.983770562548216],[14.553145531455328,50.992213448897616],[14.542345423454236,50.99896775797714],[14.513545135451352,51.00234491251692],[14.502745027450288,51.00909922159644],[14.491944919449196,51.01754210794587],[14.488344883448832,51.022607839755494],[14.488344883448832,51.02936214883505],[14.481144811448132,51.03780503518445],[14.473944739447404,51.022607839755494],[14.463144631446312,51.019230685215746],[14.427144271442728,51.02091926248562],[14.398343983439844,51.01247637613622],[14.387543875438752,51.01247637613622],[14.376743767437688,51.01754210794587],[14.36954369543696,51.022607839755494],[14.362343623436232,51.027673571565145],[14.355143551435532,51.0327393033748],[14.31914319143192,51.03949361245432],[14.286742867428671,51.036116457914574],[14.265142651426515,51.02091926248562],[14.250742507425088,50.992213448897616],[14.239942399423995,50.98208198527831],[14.250742507425088,50.97701625346866],[14.283142831428307,50.97532767619879],[14.304743047430492,50.97026194438914],[14.301143011430128,50.96688478984939],[14.2939429394294,50.96350763530961],[14.2939429394294,50.95337617169031],[14.31914319143192,50.93817897626138],[14.355143551435532,50.93142466718183],[14.380343803438052,50.921293203562556],[14.376743767437688,50.8959645445143],[14.347943479434804,50.880767349085346],[14.26874268742688,50.88414450362512],[14.232742327423267,50.87907877181547],[14.221942219422203,50.872324462735946],[14.203942039420411,50.85543869003712],[14.189541895418955,50.84868438095759],[14.03474034740347,50.80309279467076],[14.016740167401679,50.801404217400886],[13.980739807398095,50.804781371940635],[13.95913959139591,50.801404217400886],[13.948339483394847,50.79802706286111],[13.93393933939339,50.78451844470206],[13.923139231392327,50.77945271289241],[13.912339123391234,50.77945271289241],[13.90153901539017,50.78114129016228],[13.890738907389078,50.78114129016228],[13.88353883538835,50.77269840381285],[13.879938799388015,50.764255517463454],[13.879938799388015,50.755812631114054],[13.88353883538835,50.747369744764626],[13.88353883538835,50.742304012954975],[13.87633876338765,50.73723828114532],[13.869138691386922,50.73554970387545],[13.861938619386194,50.73554970387545],[13.83313833138331,50.72372966298627],[13.815138151381518,50.7220410857164],[13.771937719377206,50.72541824025615],[13.75033750337505,50.72372966298627],[13.710737107371074,50.71359819936697],[13.692736927369282,50.711909622097096],[13.602736027360294,50.711909622097096],[13.55593555935559,50.706843890287445],[13.516335163351641,50.69164669485849],[13.527135271352734,50.676449499429566],[13.52353523535237,50.66294088127049],[13.509135091350913,50.65112084038131],[13.494734947349485,50.64267795403191],[13.49833498334985,50.635923644952356],[13.49833498334985,50.62916933587283],[13.491134911349121,50.62410360406318],[13.483934839348393,50.62072644952343],[13.465934659346601,50.60721783136435],[13.44793447934481,50.59708636774508],[13.429934299342989,50.5937092132053],[13.408334083340833,50.60046352228483],[13.401134011340133,50.60721783136435],[13.386733867338677,50.622415026793306],[13.379533795337949,50.62579218133308],[13.368733687336885,50.62916933587283],[13.36513365133652,50.62748075860296],[13.36513365133652,50.62410360406318],[13.357933579335793,50.61903787225353],[13.321933219332209,50.6021520995547],[13.31473314733148,50.595397790475175],[13.303933039330389,50.5751348632366],[13.285932859328597,50.56838055415707],[13.267932679326805,50.573446285966696],[13.253532535325348,50.58020059504625],[13.231932319323192,50.581889172316124],[13.199531995319973,50.52616612240999],[13.185131851318516,50.50928034971116],[13.159931599315996,50.497460308821985],[13.105931059310592,50.49914888609186],[13.080730807308072,50.492394577012334],[13.077130771307708,50.492394577012334],[13.069930699307008,50.49070599974246],[13.051930519305188,50.49070599974246],[13.041130411304124,50.492394577012334],[13.033930339303396,50.49577173155211],[13.026730267302668,50.497460308821985],[13.019530195301968,50.49577173155211],[13.008730087300876,50.492394577012334],[13.001530015300148,50.45186872253515],[12.997929979299812,50.43329437256645],[12.983529835298356,50.42316290894715],[12.9619296192962,50.4096542907881],[12.951129511295107,50.404588558978446],[12.918729187291888,50.404588558978446],[12.825128251282507,50.44173725891585],[12.817928179281807,50.44342583618575],[12.807128071280715,50.44173725891585],[12.792727927279287,50.4366715271062],[12.789127891278923,50.434982949836325],[12.771127711277131,50.4366715271062],[12.753127531275311,50.434982949836325],[12.738727387273883,50.43160579529655],[12.724327243272427,50.42316290894715],[12.70272702727027,50.40121140443867],[12.691926919269207,50.394457095359144],[12.67752677526775,50.394457095359144],[12.62712627126271,50.399522827168795],[12.55152551525515,50.39614567262902],[12.511925119251202,50.38939136354949],[12.483124831248318,50.37419416812054],[12.47592475924759,50.369128436310916],[12.472324723247226,50.364062704501265],[12.46872468724689,50.358996972691614],[12.465124651246526,50.35561981815184],[12.46872468724689,50.35224266361209],[12.46872468724689,50.345488354532534],[12.465124651246526,50.342111199992786],[12.461770314244362,50.34053786649921],[11.29161008294426,50.82916153410427],[11.130669859626487,51.144629487406]]],[[[13.06273062730628,54.46899404758611],[13.06273062730628,54.50445417025364],[13.095130951309528,54.57030868377905],[13.102331023310228,54.5956373428273],[13.109531095310956,54.60239165190683],[13.127531275312748,54.605768806446605],[13.152731527315268,54.605768806446605],[13.156331563315632,54.59901449736705],[13.156331563315632,54.58888303374778],[13.152731527315268,54.59057161101765],[13.149131491314932,54.59057161101765],[13.149131491314932,54.5770629928586],[13.141931419314204,54.5770629928586],[13.141931419314204,54.59732592009718],[13.120331203312048,54.587194456477874],[13.11313113131132,54.57030868377905],[13.11313113131132,54.55004575654047],[13.102331023310228,54.529782829301865],[13.095130951309528,54.524717097492214],[13.080730807308072,54.51796278841269],[13.073530735307372,54.50951990206329],[13.069930699307008,54.49938843844399],[13.069930699307008,54.46899404758611],[13.06273062730628,54.46899404758611]]],[[[13.116731167311684,54.337285020535234],[13.127531275312748,54.35923652504371],[13.149131491314932,54.377810875012415],[13.174331743317452,54.38456518409197],[13.203132031320308,54.37274514320279],[13.210332103321036,54.37949945228232],[13.224732247322493,54.37274514320279],[13.235532355323556,54.374433720472666],[13.267932679326805,54.38625376136184],[13.249932499325013,54.38625376136184],[13.23913239132392,54.39300807044137],[13.235532355323556,54.40313953406067],[13.23913239132392,54.41327099767997],[13.23913239132392,54.4200253067595],[13.224732247322493,54.4200253067595],[13.217532175321764,54.42509103856915],[13.210332103321036,54.431845347648675],[13.203132031320308,54.43353392491855],[13.156331563315632,54.426779615839024],[13.174331743317452,54.44704254307763],[13.181531815318152,54.453796852157154],[13.210332103321036,54.4571740066969],[13.23913239132392,54.46561689304633],[13.260732607326077,54.46899404758611],[13.260732607326077,54.47574835666563],[13.267932679326805,54.47743693393551],[13.271532715327169,54.48250266574516],[13.246332463324649,54.48756839755481],[13.231932319323192,54.49263412936446],[13.224732247322493,54.502765592983735],[13.228332283322828,54.50445417025364],[13.231932319323192,54.50614274752351],[13.231932319323192,54.516274211142814],[13.203132031320308,54.50951990206329],[13.185131851318516,54.507831324793386],[13.177931779317788,54.51289705660304],[13.174331743317452,54.516274211142814],[13.170731707317088,54.516274211142814],[13.167131671316724,54.51965136568256],[13.16353163531636,54.52640567476212],[13.16353163531636,54.53484856111152],[13.159931599315996,54.53991429292117],[13.152731527315268,54.543291447460945],[13.141931419314204,54.543291447460945],[13.167131671316724,54.55004575654047],[13.242732427324285,54.556800065619996],[13.260732607326077,54.55342291108022],[13.26433264332644,54.54835717927057],[13.275132751327533,54.54498002473082],[13.28953289532896,54.53991429292117],[13.293132931329325,54.52640567476212],[13.296732967329689,54.51965136568256],[13.303933039330389,54.52302852022234],[13.307533075330753,54.53484856111152],[13.300333003330053,54.55004575654047],[13.31473314733148,54.56186579742965],[13.332733327333273,54.57368583831882],[13.354333543335429,54.58212872466822],[13.368733687336885,54.585505879208],[13.357933579335793,54.565242951969395],[13.350733507335093,54.556800065619996],[13.343533435334365,54.55004575654047],[13.354333543335429,54.55004575654047],[13.357933579335793,54.54835717927057],[13.361533615336157,54.543291447460945],[13.357933579335793,54.53822571565129],[13.347133471334729,54.52302852022234],[13.361533615336157,54.52302852022234],[13.375933759337613,54.52640567476212],[13.383133831338313,54.53147140657177],[13.390333903339041,54.543291447460945],[13.383133831338313,54.54498002473082],[13.372333723337249,54.54835717927057],[13.361533615336157,54.55004575654047],[13.361533615336157,54.556800065619996],[13.375933759337613,54.565242951969395],[13.386733867338677,54.551734333810344],[13.404734047340469,54.53822571565129],[13.415534155341561,54.524717097492214],[13.411934119341197,54.50951990206329],[13.429934299342989,54.49263412936446],[13.455134551345509,54.48756839755481],[13.505535055350549,54.48756839755481],[13.49833498334985,54.49601128390421],[13.509135091350913,54.50951990206329],[13.512735127351277,54.51289705660304],[13.519935199352005,54.516274211142814],[13.519935199352005,54.52302852022234],[13.512735127351277,54.53822571565129],[13.509135091350913,54.54498002473082],[13.49833498334985,54.55004575654047],[13.49833498334985,54.556800065619996],[13.505535055350549,54.56017722015977],[13.509135091350913,54.56186579742965],[13.512735127351277,54.56355437469952],[13.519935199352005,54.565242951969395],[13.519935199352005,54.57030868377905],[13.509135091350913,54.57030868377905],[13.501935019350213,54.565242951969395],[13.494734947349485,54.56017722015977],[13.487534875348757,54.556800065619996],[13.440734407344081,54.556800065619996],[13.437134371343717,54.56017722015977],[13.429934299342989,54.5669315292393],[13.42273422734229,54.5753744155887],[13.415534155341561,54.5770629928586],[13.397533975339769,54.578751570128475],[13.393933939339405,54.583817301938126],[13.390333903339041,54.59057161101765],[13.383133831338313,54.59732592009718],[13.372333723337249,54.60745738371648],[13.368733687336885,54.61252311552613],[13.354333543335429,54.605768806446605],[13.347133471334729,54.600703074636954],[13.332733327333273,54.587194456477874],[13.307533075330753,54.578751570128475],[13.293132931329325,54.56862010650917],[13.271532715327169,54.56017722015977],[13.253532535325348,54.565242951969395],[13.249932499325013,54.5770629928586],[13.257132571325712,54.5956373428273],[13.271532715327169,54.61252311552613],[13.282332823328233,54.619277424605656],[13.285932859328597,54.62434315641531],[13.28953289532896,54.63278604276471],[13.293132931329325,54.64291750638401],[13.28953289532896,54.646294660923786],[13.246332463324649,54.63954035184426],[13.231932319323192,54.63447462003461],[13.224732247322493,54.63447462003461],[13.224732247322493,54.646294660923786],[13.231932319323192,54.65304897000331],[13.242732427324285,54.65980327908284],[13.253532535325348,54.66486901089249],[13.390333903339041,54.68850909267084],[13.419134191341925,54.68850909267084],[13.444334443344445,54.68006620632144],[13.444334443344445,54.67331189724189],[13.429934299342989,54.66655758816236],[13.408334083340833,54.65980327908284],[13.390333903339041,54.65136039273344],[13.383133831338313,54.636163197304484],[13.386733867338677,54.619277424605656],[13.393933939339405,54.6040802291767],[13.408334083340833,54.5939487655574],[13.426334263342653,54.585505879208],[13.465934659346601,54.5770629928586],[13.595535955359566,54.59057161101765],[13.638736387363878,54.585505879208],[13.671136711367126,54.5669315292393],[13.678336783367854,54.53991429292117],[13.64953649536497,54.516274211142814],[13.60633606336063,54.49938843844399],[13.584735847358473,54.48587982028491],[13.57393573935741,54.472371202125856],[13.577535775357774,54.45548542942703],[13.588335883358837,54.436911079458326],[13.59913599135993,54.423402461299276],[13.609936099360993,54.41327099767997],[13.63153631536315,54.40820526587032],[13.678336783367854,54.4014509567908],[13.69993699937001,54.391319493171494],[13.72513725137253,54.364302256853364],[13.743137431374322,54.35079363869431],[13.764737647376478,54.34572790688466],[13.753937539375414,54.338973597805136],[13.739537395373958,54.33053071145571],[13.728737287372894,54.31702209329666],[13.72513725137253,54.30013632059783],[13.72513725137253,54.284939125168876],[13.721537215372166,54.27818481608935],[13.714337143371438,54.27818481608935],[13.689136891368918,54.283250547899],[13.703537035370374,54.283250547899],[13.710737107371074,54.28662770243875],[13.714337143371438,54.293382011518304],[13.710737107371074,54.30351347513758],[13.703537035370374,54.30351347513758],[13.696336963369646,54.29675916605805],[13.678336783367854,54.293382011518304],[13.663936639366398,54.293382011518304],[13.64953649536497,54.29675916605805],[13.64953649536497,54.30351347513758],[13.689136891368918,54.31364493875688],[13.703537035370374,54.320399247836406],[13.710737107371074,54.33221928872558],[13.660336603366034,54.33053071145571],[13.637513733627877,54.32594287887338],[13.671136711367126,54.34066217507501],[13.689136891368918,54.34572790688466],[13.689136891368918,54.35248221596419],[13.64953649536497,54.35248221596419],[13.638736387363878,54.34910506142441],[13.627936279362814,54.338973597805136],[13.617136171361722,54.34066217507501],[13.609936099360993,54.347416484154536],[13.59913599135993,54.35248221596419],[13.49833498334985,54.34572790688466],[13.480334803348029,54.338973597805136],[13.429934299342989,54.31026778421713],[13.419134191341925,54.30013632059783],[13.404734047340469,54.284939125168876],[13.383133831338313,54.28156197062913],[13.357933579335793,54.27480766154957],[13.354333543335429,54.249479002501346],[13.368733687336885,54.25623331158087],[13.368733687336885,54.26129904339052],[13.36513365133652,54.26129904339052],[13.361533615336157,54.2629876206604],[13.411934119341197,54.26805335247005],[13.419134191341925,54.266364775200174],[13.426334263342653,54.24272469342182],[13.42273422734229,54.23259322980252],[13.408334083340833,54.22752749799287],[13.379533795337949,54.230904652532644],[13.347133471334729,54.23765896161217],[13.311133111331117,54.25116757977122],[13.318333183331845,54.25623331158087],[13.325533255332573,54.26805335247005],[13.336333363333637,54.283250547899],[13.321933219332209,54.27818481608935],[13.31473314733148,54.27480766154957],[13.307533075330753,54.26974192973992],[13.311133111331117,54.266364775200174],[13.31473314733148,54.2629876206604],[13.293132931329325,54.2646761979303],[13.285932859328597,54.2629876206604],[13.275132751327533,54.25961046612065],[13.267932679326805,54.25623331158087],[13.257132571325712,54.25961046612065],[13.249932499325013,54.266364775200174],[13.242732427324285,54.26974192973992],[13.228332283322828,54.271430507009825],[13.210332103321036,54.276496238819476],[13.199531995319973,54.284939125168876],[13.203132031320308,54.29675916605805],[13.18873188731888,54.30013632059783],[13.159931599315996,54.2916934342484],[13.149131491314932,54.29000485697853],[13.141931419314204,54.298447743327955],[13.149131491314932,54.30520205240748],[13.16353163531636,54.306890629677355],[13.177931779317788,54.30351347513758],[13.177931779317788,54.31026778421713],[13.116731167311684,54.337285020535234]]],[[[13.617136171361722,54.31702209329666],[13.635136351363514,54.32546497964606],[13.637513733627877,54.32594287887338],[13.617136171361722,54.31702209329666]]],[[[13.753937539375414,54.15323009811803],[13.761137611376114,54.16505013900721],[13.779137791377934,54.173493025356635],[13.797137971379726,54.17855875716626],[13.815138151381518,54.173493025356635],[13.822338223382246,54.16336156173733],[13.843938439384402,54.13127859360955],[13.854738547385494,54.1177699754505],[13.88353883538835,54.102572780021546],[13.948339483394847,54.08062127551307],[13.987939879398795,54.070489811893765],[14.016740167401679,54.06035834827449],[14.19314193141932,53.945535093922445],[14.211142111421111,53.93878078484292],[14.19314193141932,53.91176354852482],[14.185941859418591,53.90838639398504],[14.175141751417527,53.906697816715166],[14.19314193141932,53.89318919855609],[14.200342003420047,53.87799200312716],[14.088740887408875,53.87123769404761],[14.063540635406355,53.87292627131751],[14.049140491404927,53.879680580397036],[14.023940239402407,53.86448338496808],[13.995139951399523,53.85435192134878],[13.937539375393754,53.844220457729506],[13.87633876338765,53.844220457729506],[13.840338403384038,53.85097476680903],[13.822338223382246,53.86448338496808],[13.83313833138331,53.86786053950786],[13.854738547385494,53.87799200312716],[13.887138871388714,53.88136915766691],[13.923139231392327,53.89318919855609],[13.930339303393055,53.89994350763561],[13.937539375393754,53.92864932122362],[13.90153901539017,53.969175175700826],[13.905139051390535,53.99619241201893],[13.955539555395575,53.99281525747918],[13.973539735397367,53.9894381029394],[13.966339663396639,53.98099521659],[13.969939699397003,53.97592948478035],[13.95913959139591,53.95735513481165],[13.95913959139591,53.94046936211282],[13.973539735397367,53.95735513481165],[13.987939879398795,53.9607322893514],[14.027540275402771,53.9607322893514],[14.023940239402407,53.959043712081524],[14.020340203402043,53.95566655754175],[14.016740167401679,53.952289403002],[14.013140131401315,53.94722367119235],[14.049140491404927,53.94046936211282],[14.041940419404199,53.95397798027187],[14.052740527405291,53.977618062050226],[14.052740527405291,54.004635298368356],[14.038340383403835,54.021521071067184],[14.013140131401315,54.01645533925753],[14.005940059400615,54.031652534686486],[13.995139951399523,54.04516115284554],[13.980739807398095,54.056981193734714],[13.966339663396639,54.06373550281424],[13.944739447394483,54.067112657354016],[13.92673926739269,54.06373550281424],[13.915939159391598,54.056981193734714],[13.923139231392327,54.04347257557566],[13.923139231392327,54.03671826649611],[13.915939159391598,54.03334111195636],[13.90873908739087,54.02827538014671],[13.90153901539017,54.01983249379731],[13.897938979389806,54.013078184717756],[13.890738907389078,54.00970103017801],[13.854738547385494,54.00294672109848],[13.85833858338583,54.01645533925753],[13.865538655386558,54.02489822560693],[13.872738727387286,54.029963957416584],[13.87633876338765,54.03671826649611],[13.872738727387286,54.048538307385314],[13.861938619386194,54.05022688465519],[13.854738547385494,54.04684973011541],[13.822338223382246,54.03840684376601],[13.80793807938079,54.026586802876835],[13.793537935379362,54.01814391652741],[13.77553775537757,54.02320964833706],[13.78273782737827,54.04178399830576],[13.80793807938079,54.075555543703416],[13.815138151381518,54.10088420275167],[13.80793807938079,54.1160813981806],[13.764737647376478,54.14141005722885],[13.753937539375414,54.15323009811803]]]]}},{"type":"Feature","properties":{"territory_id":"DE-05","country_code":"DE","country_name":"Germany","display_name":"Southwest Germany","strategic_centre":"Stuttgart","centre":[9.18,48.7775],"boundary_status":"provisional-strategic-partition"},"geometry":{"type":"Polygon","coordinates":[[[7.511475114751164,47.707930658975755],[7.515075150751528,47.712996390785406],[7.53307533075332,47.72481643167458],[7.536675366753684,47.73157074075414],[7.536675366753684,47.748456513452965],[7.525875258752592,47.783916636120495],[7.529475294752956,47.797425254279545],[7.543875438754384,47.82950822240733],[7.547475474754748,47.83457395421698],[7.561875618756204,47.83963968602663],[7.565475654756568,47.8497711496459],[7.55827558275584,47.868345499614634],[7.55827558275584,47.88354269504356],[7.561875618756204,47.886919849583336],[7.569075690756904,47.89198558139299],[7.572675726757268,47.89705131320264],[7.579875798757996,47.90549419955204],[7.579875798757996,47.92744570406052],[7.58347583475836,47.94095432221957],[7.612276122761244,47.9595286721883],[7.619476194761944,47.971348713077475],[7.619476194761944,48.00343168120523],[7.576275762757632,48.05408899930171],[7.572675726757268,48.09461485377892],[7.579875798757996,48.1148777810175],[7.587075870758724,48.13007497644645],[7.594275942759424,48.13851786279585],[7.601476014760152,48.145272171875376],[7.605076050760516,48.15202648095493],[7.605076050760516,48.167223676383855],[7.612276122761244,48.17904371727303],[7.677076770767712,48.238143921718944],[7.6878768787688045,48.25334111714787],[7.695076950769504,48.2702268898467],[7.695076950769504,48.2904898170853],[7.702277022770232,48.310752744323906],[7.720277202772024,48.319195630673306],[7.738277382773845,48.32594993975283],[7.7490774907749085,48.341147135181785],[7.7526775267752726,48.354655753340836],[7.745477454774544,48.368164371499915],[7.74187741877418,48.381672989658966],[7.738277382773845,48.39349303054814],[7.738277382773845,48.407001648707194],[7.745477454774544,48.43233030775545],[7.7490774907749085,48.44415034864463],[7.756277562775637,48.45428181226393],[7.763477634776365,48.461036121343454],[7.7706777067770645,48.469479007692854],[7.7706777067770645,48.48974193493146],[7.777877778777793,48.49818482128086],[7.788677886778885,48.50662770763029],[7.813878138781405,48.52013632578934],[7.813878138781405,48.52689063486889],[7.803078030780313,48.54715356210747],[7.803078030780313,48.582613684775],[7.810278102781041,48.61469665290278],[7.853478534785353,48.65859966191974],[7.864278642786445,48.66366539372939],[7.882278822788237,48.66704254826914],[7.896678966789665,48.67717401188844],[7.921879218792185,48.697436939127044],[7.936279362793641,48.70250267093667],[7.947079470794705,48.71263413455597],[7.957879578795797,48.7210770209054],[7.965079650796525,48.7295199072548],[7.965079650796525,48.7480942572235],[7.968679686796861,48.75653714357293],[7.983079830798317,48.759914298112705],[8.008280082800837,48.759914298112705],[8.015480154801566,48.76160287538258],[8.022680226802265,48.76498002992233],[8.02628026280263,48.77004576173198],[8.02628026280263,48.78017722535128],[8.033480334803357,48.78524295716093],[8.037080370803722,48.78862011170071],[8.037080370803722,48.79030868897058],[8.047880478804785,48.79030868897058],[8.083880838808398,48.803817307129634],[8.091080910809126,48.80719446166941],[8.10188101881019,48.82070307982846],[8.148681486814866,48.90344336605273],[8.181081810818114,48.942280643260034],[8.199081990819906,48.95747783868896],[8.199081990819906,48.95916641595886],[8.188281882818842,48.96592072503839],[8.091080910809126,48.97942934319744],[7.932679326793277,49.03515239310357],[7.914679146791485,49.03684097037345],[7.857078570785717,49.031775238563796],[7.8376471695098475,49.035737931124444],[10.830679345431266,50.15338208173106],[10.083920032295284,47.358868714605],[10.081900819008183,47.35839516411005],[10.074700747007483,47.365149473189575],[10.067500675006755,47.37528093680888],[10.067500675006755,47.38541240042818],[10.063900639006391,47.39554386404748],[10.053100531005327,47.405675327666756],[10.074700747007483,47.41749536855593],[10.081900819008183,47.427626832175235],[10.07110071100712,47.43944687306441],[10.024300243002443,47.48841561389102],[10.009900099000987,47.485038459351244],[10.002700027000287,47.47997272754159],[9.991899918999195,47.476595573001845],[9.981099810998103,47.481661304811496],[9.981099810998103,47.49348134570067],[9.970299702997039,47.50698996385972],[9.959499594995947,47.51543285020915],[9.948699486994883,47.52387573655855],[9.945099450994519,47.54076150925738],[9.934299342993427,47.534007200177854],[9.919899198991999,47.53231862290798],[9.88749887498875,47.534007200177854],[9.858698586985867,47.54076150925738],[9.855098550985502,47.54076150925738],[9.840698406984075,47.53569577744773],[9.833498334983346,47.534007200177854],[9.81189811898119,47.54245008652725],[9.808298082980826,47.552581550146556],[9.81189811898119,47.56440159103573],[9.808298082980826,47.57622163192491],[9.797497974979763,47.58466451827434],[9.783097830978306,47.588041672814086],[9.768697686976878,47.588041672814086],[9.75429754297545,47.58128736373456],[9.72909729097293,47.56440159103573],[9.718297182971838,47.547515818336905],[9.70389703897041,47.53063004563808],[9.675096750967526,47.52218715928868],[9.613896138961394,47.52218715928868],[9.55269552695529,47.53231862290798],[9.549095490954926,47.534007200177854],[9.271892718927205,47.650519031799746],[9.235892358923593,47.6555847636094],[9.196291962919645,47.6555847636094],[9.181891818918189,47.67078195903835],[9.127891278912784,47.67078195903835],[9.01629016290164,47.67922484538775],[8.998289982899848,47.67415911357813],[8.980289802898028,47.66233907268892],[8.944289442894444,47.65389618633952],[8.904689046890468,47.65220760906965],[8.883088830888312,47.6555847636094],[8.854288542885428,47.67078195903835],[8.850688506885064,47.67078195903835],[8.836288362883636,47.68091342265765],[8.836288362883636,47.68766773173718],[8.854288542885428,47.691044886276956],[8.829088290882908,47.707930658975755],[8.796687966879688,47.71975069986496],[8.771487714877168,47.721439277134834],[8.760687606876076,47.70117634989623],[8.771487714877168,47.694422040816704],[8.717487174871764,47.694422040816704],[8.7138871388714,47.70117634989623],[8.7138871388714,47.707930658975755],[8.703087030870307,47.71468496805531],[8.699486994869943,47.72312785440471],[8.703087030870307,47.729882163484234],[8.717487174871764,47.74339078164331],[8.721087210872128,47.74676793618306],[8.7138871388714,47.756899399802364],[8.703087030870307,47.75858797707224],[8.692286922869243,47.756899399802364],[8.681486814868151,47.75858797707224],[8.674286742867423,47.76703086342167],[8.667086670866723,47.77885090431084],[8.656286562865631,47.78729379066024],[8.645486454864567,47.79067094520002],[8.634686346863475,47.783916636120495],[8.631086310863111,47.761965131612016],[8.616686166861683,47.756899399802364],[8.605886058860591,47.761965131612016],[8.605886058860591,47.77378517250119],[8.602286022860227,47.78729379066024],[8.602286022860227,47.7940480997398],[8.584285842858435,47.80080240881932],[8.559085590855915,47.80080240881932],[8.541085410854123,47.79573667700967],[8.551885518855187,47.77885090431084],[8.537485374853759,47.77378517250119],[8.483484834848355,47.76703086342167],[8.472684726847262,47.76703086342167],[8.461884618846199,47.76365370888189],[8.451084510845106,47.75014509072284],[8.443884438844407,47.74339078164331],[8.436684366843679,47.72312785440471],[8.425884258842586,47.71637354532518],[8.400684006840066,47.707930658975755],[8.393483934839367,47.699487772626355],[8.389883898839003,47.69273346354683],[8.393483934839367,47.6842905771974],[8.397083970839702,47.675847690848],[8.389883898839003,47.6657162272287],[8.407884078840794,47.66233907268892],[8.411484114841159,47.66065049541905],[8.436684366843679,47.64714187726],[8.458284582845835,47.64038756818047],[8.476284762847627,47.64038756818047],[8.490684906849083,47.64545329999012],[8.50508505085051,47.65220760906965],[8.519485194851967,47.6572733408793],[8.569885698857007,47.66233907268892],[8.580685806858071,47.66065049541905],[8.595085950859527,47.658961918149174],[8.598685986859863,47.6572733408793],[8.605886058860591,47.6555847636094],[8.602286022860227,47.631944681831044],[8.595085950859527,47.63532183637082],[8.595085950859527,47.642076145450346],[8.587885878858799,47.642076145450346],[8.584285842858435,47.64038756818047],[8.580685806858071,47.63869899091057],[8.577085770857707,47.63363325910092],[8.580685806858071,47.628567527291295],[8.580685806858071,47.62519037275152],[8.584285842858435,47.62181321821174],[8.580685806858071,47.615058909132216],[8.580685806858071,47.59986171370326],[8.577085770857707,47.59479598189364],[8.573485734857343,47.59310740462374],[8.559085590855915,47.58973025008399],[8.551885518855187,47.596484559163514],[8.548285482854823,47.59817313643339],[8.537485374853759,47.61168175459247],[8.523085230852303,47.62181321821174],[8.490684906849083,47.62012464094187],[8.461884618846199,47.606616022782816],[8.451084510845106,47.58973025008399],[8.447484474844742,47.58466451827434],[8.422284222842222,47.58128736373456],[8.35388353883539,47.58128736373456],[8.317883178831806,47.588041672814086],[8.307083070830714,47.59141882735386],[8.299882998829986,47.601550290973165],[8.292682926829286,47.61168175459247],[8.289082890828922,47.615058909132216],[8.27828278282783,47.61674748640209],[8.249482494824946,47.62181321821174],[8.231482314823154,47.62181321821174],[8.17748177481775,47.615058909132216],[8.173881738817386,47.61337033186234],[8.170281702817022,47.60830460005269],[8.163081630816322,47.60323886824304],[8.145081450814502,47.59986171370326],[8.123481234812346,47.59141882735386],[8.112681126811282,47.588041672814086],[8.105481054810554,47.58128736373456],[8.10188101881019,47.57622163192491],[8.098280982809825,47.57115590011526],[8.087480874808762,47.56777874557551],[8.040680406804086,47.561024436495984],[7.911079110791121,47.561024436495984],[7.911079110791121,47.56440159103573],[7.907479074790757,47.574533054655035],[7.903879038790393,47.58297594100446],[7.896678966789665,47.588041672814086],[7.835478354783561,47.58973025008399],[7.821078210782105,47.59479598189364],[7.803078030780313,47.57622163192491],[7.785077850778521,47.56271301376586],[7.7670776707767,47.55595870468633],[7.7274772747727525,47.55089297287668],[7.6842768427684405,47.544138663797156],[7.6626766267662845,47.54582724106703],[7.648276482764828,47.55089297287668],[7.60867608676088,47.56440159103573],[7.637476374763764,47.56440159103573],[7.648276482764828,47.57115590011526],[7.65907659076592,47.596484559163514],[7.637476374763764,47.59479598189364],[7.587075870758724,47.58466451827434],[7.590675906759088,47.59479598189364],[7.594275942759424,47.59817313643339],[7.590675906759088,47.60830460005269],[7.58347583475836,47.61337033186234],[7.579875798757996,47.61674748640209],[7.572675726757268,47.62181321821174],[7.551075510755112,47.65220760906965],[7.536675366753684,47.6657162272287],[7.522275222752228,47.67078195903835],[7.518675186751864,47.675847690848],[7.515075150751528,47.685979154467304],[7.511475114751164,47.707930658975755]]]}},{"type":"Feature","properties":{"territory_id":"DE-06","country_code":"DE","country_name":"Germany","display_name":"Bavaria","strategic_centre":"Munich","centre":[11.575,48.1375],"boundary_status":"provisional-strategic-partition"},"geometry":{"type":"Polygon","coordinates":[[[10.083920032295284,47.358868714605],[10.830679345431266,50.15338208173106],[11.29161008294426,50.82916153410427],[12.461770314244362,50.34053786649921],[12.461524615246162,50.34042262272288],[12.454324543245434,50.34042262272288],[12.45072450724507,50.33873404545301],[12.439924399244006,50.33197973637348],[12.407524075240758,50.32184827275418],[12.396723967239666,50.315093963674656],[12.36792367923681,50.279633841007126],[12.357123571235718,50.2711909546577],[12.346323463234626,50.266125222848046],[12.335523355233562,50.25937091376852],[12.335523355233562,50.24248514106969],[12.313923139231406,50.22728794564077],[12.310323103231042,50.217156482021466],[12.306723067230678,50.19858213205276],[12.310323103231042,50.18676209116356],[12.313923139231406,50.176630627544284],[12.313923139231406,50.16649916392498],[12.29952299522995,50.16143343211533],[12.285122851228522,50.16143343211533],[12.27432274322743,50.17156489573463],[12.259922599226002,50.20027070932264],[12.259922599226002,50.21040217294194],[12.252722527225274,50.217156482021466],[12.24912249122491,50.220533636561214],[12.231122311223118,50.23235367745039],[12.231122311223118,50.23404225472029],[12.227522275222753,50.23741940926004],[12.231122311223118,50.239107986529945],[12.231122311223118,50.24079656379982],[12.234722347223482,50.24248514106969],[12.238322383223846,50.24248514106969],[12.24192241922421,50.247550872879344],[12.24192241922421,50.252616604688995],[12.238322383223846,50.25599375922877],[12.231122311223118,50.25937091376852],[12.202322023220233,50.25937091376852],[12.187921879218806,50.2627480683083],[12.177121771217713,50.26950237738782],[12.17352173521735,50.27625668646735],[12.17352173521735,50.29314245916618],[12.169921699216985,50.30327392278548],[12.14832148321483,50.31171680913488],[12.101521015210153,50.31340538640478],[12.076320763207633,50.315093963674656],[12.097920979209789,50.2998967682457],[12.108721087210881,50.2914538818963],[12.112321123211245,50.27625668646735],[12.108721087210881,50.26443664557817],[12.101521015210153,50.25937091376852],[12.09072090720909,50.25430518195887],[12.079920799207997,50.24248514106969],[12.09072090720909,50.230665100180516],[12.137521375213765,50.21040217294194],[12.162721627216285,50.19351640024311],[12.17352173521735,50.18338493662381],[12.184321843218441,50.17156489573463],[12.184321843218441,50.15636770030568],[12.177121771217713,50.132727618527326],[12.180721807218077,50.11753042309837],[12.187921879218806,50.10233322766945],[12.202322023220233,50.09389034132002],[12.21672216722169,50.08882460951037],[12.231122311223118,50.08038172316097],[12.24192241922421,50.070250259541666],[12.24192241922421,50.051675909572964],[12.245522455224545,50.04492160049341],[12.396723967239666,49.99257570512705],[12.40032400324003,49.99257570512705],[12.414724147241486,49.98244424150778],[12.45072450724507,49.980755664237876],[12.46872468724689,49.97062420061857],[12.472324723247226,49.95542700518965],[12.465124651246526,49.94191838703057],[12.461524615246162,49.931786923411295],[12.504725047250474,49.91658972798234],[12.51912519125193,49.91152399617269],[12.522725227252266,49.904769687093165],[12.522725227252266,49.88619533712446],[12.511925119251202,49.87099814169551],[12.490324903249046,49.842292328107504],[12.483124831248318,49.82709513267855],[12.461524615246162,49.83047228721833],[12.457924579245798,49.81696366905925],[12.454324543245434,49.79670074182067],[12.454324543245434,49.779814969121844],[12.436324363243642,49.76968350550254],[12.396723967239666,49.757863464613365],[12.382323823238238,49.74266626918441],[12.389523895238966,49.73253480556514],[12.40032400324003,49.71902618740606],[12.41832418324185,49.700451837437356],[12.432724327243278,49.69200895108793],[12.45072450724507,49.6852546420084],[12.483124831248318,49.6751231783891],[12.497524975249746,49.67005744657948],[12.504725047250474,49.659925982960175],[12.504725047250474,49.646417364801096],[12.497524975249746,49.63459732391192],[12.50112501125011,49.632908746642045],[12.508325083250838,49.62953159210227],[12.50112501125011,49.62277728302274],[12.50112501125011,49.619400128482994],[12.511925119251202,49.610957242133566],[12.537125371253723,49.602514355784166],[12.547925479254786,49.59576004670461],[12.555125551255514,49.583940005815435],[12.558725587255879,49.561988501306985],[12.562325623256243,49.55016846041778],[12.56952569525697,49.5383484195286],[12.57672576725767,49.5299055331792],[12.583925839258399,49.52315122409968],[12.59472594725949,49.51470833775025],[12.605526055260555,49.513019760480375],[12.616326163261647,49.513019760480375],[12.623526235262347,49.5096426059406],[12.623526235262347,49.49275683324177],[12.62712627126271,49.46067386511402],[12.630726307263075,49.44378809241519],[12.645126451264531,49.43027947425611],[12.663126631266323,49.418459433366934],[12.709927099270999,49.40495081520788],[12.72792727927279,49.39144219704883],[12.760327603276039,49.34247345622222],[12.778327783277831,49.33234199260292],[12.796327963279651,49.32727626079327],[12.857528575285755,49.32221052898362],[12.875528755287547,49.32389910625352],[12.871928719287212,49.33740772441257],[12.88632886328864,49.339096301682446],[12.922329223292252,49.33234199260292],[12.940329403294044,49.32727626079327],[12.954729547295472,49.31883337444387],[12.983529835298356,49.30025902447517],[13.001530015300148,49.295193292665516],[13.005130051300512,49.28675040631609],[13.005130051300512,49.276618942696786],[13.01233012330124,49.268176056347386],[13.044730447304488,49.24284739729913],[13.055530555305552,49.23778166548951],[13.149131491314932,49.15504137926524],[13.16353163531636,49.13477845202664],[13.177931779317788,49.11789267932781],[13.206732067320672,49.107761215708535],[13.267932679326805,49.10607263843863],[13.285932859328597,49.10100690662898],[13.300333003330053,49.094252597549456],[13.329133291332909,49.067235361231354],[13.372333723337249,49.03852954764335],[13.383133831338313,49.02164377494452],[13.383133831338313,48.99293796135649],[13.397533975339769,48.977740765927564],[13.426334263342653,48.95916641595886],[13.458734587345873,48.94565779779978],[13.483934839348393,48.93721491145038],[13.491134911349121,48.955789261419085],[13.501935019350213,48.96592072503839],[13.516335163351641,48.97098645684804],[13.52353523535237,48.969297879578136],[13.537935379353797,48.96760930230826],[13.55593555935559,48.95916641595886],[13.57393573935741,48.950723529609434],[13.591935919359202,48.94565779779978],[13.609936099360993,48.94565779779978],[13.609936099360993,48.92708344783108],[13.620736207362086,48.90850909786238],[13.638736387363878,48.893311902433425],[13.653136531365334,48.88149186154425],[13.67473674736749,48.8764261297346],[13.710737107371074,48.87304897519482],[13.72513725137253,48.8679832433852],[13.746737467374686,48.84265458433694],[13.797137971379726,48.78017722535128],[13.815138151381518,48.76666860719223],[13.786337863378634,48.724454175445146],[13.78273782737827,48.716011289095746],[13.789937899378998,48.716011289095746],[13.80073800738009,48.70250267093667],[13.804338043380454,48.69912551639692],[13.815138151381518,48.69574836185714],[13.804338043380454,48.68730547550774],[13.80073800738009,48.675485434618565],[13.80793807938079,48.643402466490784],[13.804338043380454,48.626516693791956],[13.80073800738009,48.611319498363],[13.797137971379726,48.59781088020395],[13.779137791377934,48.5741707984256],[13.77553775537757,48.56910506661595],[13.764737647376478,48.564039334806296],[13.75753757537575,48.56066218026652],[13.735937359373594,48.558973602996645],[13.73233732337323,48.558973602996645],[13.72513725137253,48.54884213937734],[13.717937179371802,48.52182490305924],[13.714337143371438,48.523513480329115],[13.67473674736749,48.53533352121829],[13.65673656736567,48.550530716647245],[13.642336423364242,48.558973602996645],[13.62433624336245,48.56572791207617],[13.519935199352005,48.5843022620449],[13.487534875348757,48.580925107505124],[13.455134551345509,48.5741707984256],[13.444334443344445,48.56741648934607],[13.440734407344081,48.56066218026652],[13.440734407344081,48.55728502572677],[13.444334443344445,48.55221929391712],[13.44793447934481,48.53533352121829],[13.458734587345873,48.52520205759899],[13.458734587345873,48.51675917124959],[13.455134551345509,48.50662770763029],[13.444334443344445,48.488053357661585],[13.437134371343717,48.47792189404228],[13.437134371343717,48.430641730485576],[13.429934299342989,48.42388742140602],[13.426334263342653,48.4188216895964],[13.426334263342653,48.41375595778675],[13.419134191341925,48.39180445327827],[13.404734047340469,48.376607257849315],[13.307533075330753,48.319195630673306],[13.275132751327533,48.30737558978413],[13.134731347313476,48.2904898170853],[13.033930339303396,48.26347258076717],[13.015930159301604,48.256718271687646],[12.979929799297992,48.23138961263942],[12.947529475294772,48.21956957175021],[12.933129331293316,48.211126685400814],[12.933129331293316,48.20943810813094],[12.879128791287911,48.202683799051414],[12.86112861128612,48.19592948997186],[12.853928539285391,48.189175180892335],[12.8359283592836,48.17060083092363],[12.821528215282171,48.16046936730433],[12.781927819278195,48.14189501733563],[12.778327783277831,48.13851786279585],[12.763927639276403,48.123320667366926],[12.756727567275675,48.12163209009702],[12.753127531275311,48.12163209009702],[12.745927459274611,48.11994351282715],[12.738727387273883,48.11318920374762],[12.738727387273883,48.099680585588544],[12.742327423274247,48.08617196742949],[12.749527495274947,48.07435192654032],[12.760327603276039,48.064220462921014],[12.832328323283235,48.01525172209443],[12.846728467284692,47.993300217585954],[12.846728467284692,47.98316875396665],[12.850328503285027,47.98148017669678],[12.853928539285391,47.9696601358076],[12.86112861128612,47.96290582672805],[12.88632886328864,47.95277436310877],[12.907929079290795,47.939265744949694],[12.915129151291524,47.935888590409945],[12.929529295292951,47.92406854952077],[12.965529655296564,47.87172265415438],[12.98712987129872,47.8497711496459],[12.990729907299084,47.846393995106155],[12.925929259292587,47.77716232704097],[12.922329223292252,47.76871944069154],[12.918729187291888,47.76365370888189],[12.918729187291888,47.75014509072284],[12.91152911529116,47.74339078164331],[12.893528935289368,47.72312785440471],[12.907929079290795,47.712996390785406],[12.965529655296564,47.70455350443601],[12.979929799297992,47.707930658975755],[13.005130051300512,47.71468496805531],[13.019530195301968,47.712996390785406],[13.033930339303396,47.70624208170588],[13.044730447304488,47.69611061808658],[13.06273062730628,47.67415911357813],[13.073530735307372,47.658961918149174],[13.073530735307372,47.62181321821174],[13.069930699307008,47.62012464094187],[13.059130591305916,47.59986171370326],[13.055530555305552,47.59817313643339],[13.041130411304124,47.58297594100446],[13.03753037530376,47.58466451827434],[13.03753037530376,47.561024436495984],[13.041130411304124,47.56271301376586],[13.041130411304124,47.561024436495984],[13.030330303303032,47.544138663797156],[13.026730267302668,47.54245008652725],[13.026730267302668,47.52387573655855],[13.030330303303032,47.5188100047489],[13.030330303303032,47.512055695669375],[13.033930339303396,47.50698996385972],[13.03753037530376,47.50192423205007],[13.03753037530376,47.49348134570067],[13.008730087300876,47.46984126392232],[13.001530015300148,47.46646410938254],[12.990729907299084,47.46646410938254],[12.983529835298356,47.46815268665242],[12.979929799297992,47.47152984119219],[12.969129691296928,47.47490699573197],[12.958329583295836,47.47490699573197],[12.951129511295107,47.47321841846207],[12.943929439294408,47.46984126392232],[12.933129331293316,47.47321841846207],[12.882728827288275,47.498547077510324],[12.8359283592836,47.53231862290798],[12.828728287282871,47.53738435471763],[12.817928179281807,47.539072931987505],[12.803528035280351,47.54076150925738],[12.778327783277831,47.55427012741643],[12.774727747277467,47.579598786464686],[12.78552785527856,47.60323886824304],[12.814328143281443,47.61168175459247],[12.792727927279287,47.62519037275152],[12.767527675276767,47.637010413640695],[12.753127531275311,47.64883045452987],[12.760327603276039,47.667404804498574],[12.745927459274611,47.6657162272287],[12.688326883268843,47.675847690848],[12.65232652326523,47.675847690848],[12.616326163261647,47.66909338176848],[12.598325983259826,47.66233907268892],[12.562325623256243,47.642076145450346],[12.555125551255514,47.63532183637082],[12.537125371253723,47.631944681831044],[12.515525155251567,47.628567527291295],[12.497524975249746,47.628567527291295],[12.483124831248318,47.63363325910092],[12.454324543245434,47.650519031799746],[12.44352443524437,47.6555847636094],[12.439924399244006,47.664027649958825],[12.429124291242914,47.685979154467304],[12.42552425524255,47.691044886276956],[12.407524075240758,47.694422040816704],[12.36792367923681,47.6842905771974],[12.34992349923499,47.68091342265765],[12.29232292322925,47.68935630900705],[12.270722707227065,47.68766773173718],[12.24912249122491,47.67922484538775],[12.238322383223846,47.67922484538775],[12.227522275222753,47.6842905771974],[12.22392223922239,47.69611061808658],[12.227522275222753,47.70286492716613],[12.234722347223482,47.70961923624566],[12.238322383223846,47.71637354532518],[12.238322383223846,47.72819358621436],[12.24192241922421,47.73157074075414],[12.238322383223846,47.73157074075414],[12.22392223922239,47.72819358621436],[12.21672216722169,47.72312785440471],[12.19152191521917,47.70961923624566],[12.177121771217713,47.70624208170588],[12.177121771217713,47.69779919535648],[12.180721807218077,47.69273346354683],[12.187921879218806,47.685979154467304],[12.19872198721987,47.68091342265765],[12.202322023220233,47.677536268117876],[12.205922059220597,47.672470536308225],[12.205922059220597,47.637010413640695],[12.202322023220233,47.63025610456117],[12.17352173521735,47.604927445512914],[12.16632166321665,47.60323886824304],[11.935919359193605,47.609993177322565],[11.853118531185316,47.59986171370326],[11.842318423184253,47.59479598189364],[11.83151831518316,47.57791020919481],[11.820718207182068,47.574533054655035],[11.763117631176328,47.58297594100446],[11.683916839168404,47.58297594100446],[11.640716407164092,47.58973025008399],[11.619116191161908,47.58973025008399],[11.615516155161572,47.58635309554421],[11.590315903159052,47.57115590011526],[11.583115831158324,47.55933585922608],[11.575915759157596,47.53738435471763],[11.568715687156867,47.52725289109833],[11.550715507155076,47.51374427293925],[11.52911529115292,47.5086785411296],[11.482314823148243,47.50192423205007],[11.460714607146087,47.50698996385972],[11.435514355143567,47.5103671183995],[11.413914139141411,47.50530138658985],[11.367113671136707,47.46984126392232],[11.377913779137799,47.46646410938254],[11.388713887138891,47.46139837757289],[11.392313923139227,47.454644068493366],[11.385113851138527,47.44451260487406],[11.367113671136707,47.43944687306441],[11.323913239132395,47.43944687306441],[11.305913059130603,47.436069718524664],[11.287912879128811,47.422561100365584],[11.273512735127355,47.41074105947641],[11.259112591125927,47.400609595857105],[11.23751237512377,47.39385528677758],[11.21231212312125,47.39554386404748],[11.215912159121586,47.422561100365584],[11.19431194311943,47.42931540944511],[11.16911169111691,47.42424967763549],[11.104311043110442,47.39385528677758],[11.082710827108286,47.38878955496793],[10.978309783097842,47.39047813223783],[10.963909639096386,47.39554386404748],[10.956709567095686,47.40905248220653],[10.96030960309605,47.414118214016185],[10.963909639096386,47.42087252309571],[10.963909639096386,47.427626832175235],[10.96030960309605,47.43269256398489],[10.90990909909101,47.46815268665242],[10.85950859508597,47.485038459351244],[10.852308523085242,47.49348134570067],[10.88470884708849,47.5086785411296],[10.89190891908919,47.51543285020915],[10.870308703087034,47.52725289109833],[10.85950859508597,47.53063004563808],[10.845108451084513,47.53063004563808],[10.830708307083086,47.5289414683682],[10.79110791107911,47.51543285020915],[10.762307623076225,47.51374427293925],[10.751507515075161,47.51543285020915],[10.747907479074797,47.5204985820188],[10.744307443074433,47.525564313828426],[10.74070740707407,47.5289414683682],[10.607506075060769,47.56271301376586],[10.582305823058249,47.56271301376586],[10.571505715057157,47.55595870468633],[10.549905499055,47.53738435471763],[10.535505355053544,47.53063004563808],[10.52470524705248,47.5289414683682],[10.481504815048169,47.53231862290798],[10.467104671046712,47.53738435471763],[10.459904599045984,47.54245008652725],[10.452704527045285,47.54582724106703],[10.452704527045285,47.55427012741643],[10.456304563045649,47.561024436495984],[10.459904599045984,47.566090168305635],[10.459904599045984,47.569467322845384],[10.456304563045649,47.579598786464686],[10.452704527045285,47.58128736373456],[10.445504455044556,47.579598786464686],[10.427504275042764,47.57622163192491],[10.413104131041308,47.57284447738516],[10.416704167041672,47.56440159103573],[10.4239042390424,47.552581550146556],[10.431104311043129,47.54245008652725],[10.431104311043129,47.53231862290798],[10.420304203042036,47.49348134570067],[10.434704347043464,47.48841561389102],[10.441904419044192,47.481661304811496],[10.44910449104492,47.47321841846207],[10.452704527045285,47.45970980030302],[10.452704527045285,47.43944687306441],[10.441904419044192,47.41580679128606],[10.427504275042764,47.39554386404748],[10.413104131041308,47.38034666861853],[10.402304023040244,47.37696951407875],[10.380703807038088,47.3719037822691],[10.369903699036996,47.36683805045948],[10.366303663036632,47.36177231864983],[10.344703447034476,47.33137792779192],[10.326703267032684,47.31449215509309],[10.305103051030528,47.302672114203915],[10.261902619026188,47.28409776423521],[10.240302403024032,47.27734345515569],[10.175501755017564,47.272277723346036],[10.161101611016107,47.27058914607616],[10.153901539015408,47.272277723346036],[10.161101611016107,47.27903203242556],[10.168301683016836,47.29085207331474],[10.1719017190172,47.29254065058461],[10.186301863018628,47.294229227854515],[10.189901899018992,47.297606382394264],[10.193501935019356,47.30436069147382],[10.193501935019356,47.31111500055334],[10.189901899018992,47.31786930963287],[10.207902079020784,47.35501800957027],[10.207902079020784,47.3719037822691],[10.189901899018992,47.378658091348655],[10.14670146701468,47.373592359539],[10.135901359013587,47.365149473189575],[10.132301323013223,47.3634608959197],[10.125101251012524,47.3634608959197],[10.114301143011431,47.36683805045948],[10.110701107011067,47.36683805045948],[10.09630096300964,47.3634608959197],[10.089100891008911,47.360083741379924],[10.083920032295284,47.358868714605]]]}},{"type":"Feature","properties":{"territory_id":"DK-01","country_code":"DK","country_name":"Denmark","display_name":"Jutland","strategic_centre":"Aarhus","centre":[10.2107,56.1572],"boundary_status":"provisional-strategic-partition"},"geometry":{"type":"MultiPolygon","coordinates":[[[[8.094680946809461,55.54968350031103],[8.094680946809461,55.563192118470084],[8.148681486814866,55.6493095592341],[8.170281702817022,55.688146836441405],[8.181081810818114,55.728672690918586],[8.184681846818478,55.76919854539577],[8.134281342813438,55.96676208597205],[8.130681306813074,55.97689354959135],[8.12708127081271,55.97858212686123],[8.12708127081271,55.987025013210626],[8.130681306813074,55.9904021677504],[8.137881378813802,55.98871359048053],[8.137881378813802,55.98533643594075],[8.141481414814166,55.98364785867088],[8.145081450814502,55.981959281401004],[8.15228152281523,55.97689354959135],[8.173881738817386,55.90090757244661],[8.191881918819206,55.87389033612851],[8.195481954819542,55.862070295239334],[8.191881918819206,55.853627408889906],[8.184681846818478,55.840118790730855],[8.181081810818114,55.82829874984168],[8.184681846818478,55.8147901316826],[8.191881918819206,55.81141297714285],[8.238682386823882,55.826610172571776],[8.285482854828558,55.84687309981038],[8.307083070830714,55.85193883162003],[8.346683466834662,55.86882460431886],[8.386283862838638,55.89246468609721],[8.393483934839367,55.90935045879604],[8.386283862838638,55.92623623149487],[8.371883718837182,55.9431220041937],[8.357483574835754,55.95831919962262],[8.317883178831806,55.98533643594075],[8.317883178831806,56.017419404068534],[8.307083070830714,56.052879526736064],[8.281882818828194,56.07651960851442],[8.249482494824946,56.090028226673496],[8.170281702817022,56.11029115391207],[8.148681486814866,56.11197973118195],[8.141481414814166,56.10353684483255],[8.141481414814166,56.03937090857701],[8.134281342813438,56.017419404068534],[8.137881378813802,56.000533631369706],[8.134281342813438,55.99377932229018],[8.119881198811981,55.99715647682993],[8.116281162811646,56.00222220863958],[8.112681126811282,56.01235367225888],[8.109081090810918,56.02417371314806],[8.10188101881019,56.09678253575302],[8.105481054810554,56.1187340402615],[8.130681306813074,56.18121139924716],[8.134281342813438,56.204851481025514],[8.123481234812346,56.55100982135147],[8.12708127081271,56.5678955940503],[8.134281342813438,56.586469944019],[8.17748177481775,56.672587384783014],[8.199081990819906,56.699604621101145],[8.213482134821362,56.71142466199032],[8.220682206822062,56.70973608472045],[8.224282242822426,56.699604621101145],[8.231482314823154,56.69622746656137],[8.231482314823154,56.68778458021197],[8.209882098820998,56.65570161208419],[8.20268202682027,56.64725872573479],[8.20268202682027,56.64050441665523],[8.209882098820998,56.637127262115484],[8.213482134821362,56.63543868484561],[8.231482314823154,56.63375010757571],[8.235082350823518,56.63037295303596],[8.242282422824246,56.62024148941666],[8.245882458824582,56.610110025797354],[8.25308253082531,56.60673287125758],[8.296282962829622,56.601667139447954],[8.307083070830714,56.59828998490818],[8.292682926829286,56.593224253098526],[8.296282962829622,56.583092789479224],[8.292682926829286,56.5678955940503],[8.299882998829986,56.557764130430996],[8.307083070830714,56.55438697589122],[8.314283142831442,56.55607555316112],[8.317883178831806,56.56282986224065],[8.310683106831078,56.57127274859005],[8.310683106831078,56.57802705766957],[8.343083430834326,56.58478136674913],[8.393483934839367,56.58478136674913],[8.436684366843679,56.579715634939475],[8.45468454684547,56.5678955940503],[8.465484654846563,56.566207016780396],[8.515885158851603,56.54425551227192],[8.53028530285303,56.547632666811694],[8.541085410854123,56.55607555316112],[8.551885518855187,56.5678955940503],[8.559085590855915,56.57802705766957],[8.566285662856643,56.57802705766957],[8.595085950859527,56.53243547138274],[8.595085950859527,56.52399258503334],[8.591485914859163,56.520615430493564],[8.595085950859527,56.51048396687429],[8.602286022860227,56.50035250325499],[8.616686166861683,56.49359819417546],[8.63828638286384,56.48008957601638],[8.649086490864903,56.47502384420673],[8.667086670866723,56.476712421476634],[8.728287282872827,56.48346673055616],[8.731887318873191,56.485155307826034],[8.73908739087392,56.490221039635685],[8.742687426874284,56.49697534871521],[8.742687426874284,56.522304007763466],[8.746287462874648,56.530746894112866],[8.749887498874983,56.552698398621345],[8.753487534875347,56.557764130430996],[8.760687606876076,56.55945270770087],[8.76428764287644,56.56282986224065],[8.757087570875711,56.57127274859005],[8.728287282872827,56.586469944019],[8.717487174871764,56.586469944019],[8.710287102871035,56.588158521288875],[8.703087030870307,56.593224253098526],[8.703087030870307,56.601667139447954],[8.699486994869943,56.61179860306723],[8.681486814868151,56.61686433487688],[8.681486814868151,56.62699579849618],[8.695886958869607,56.63375010757571],[8.742687426874284,56.63543868484561],[8.803888038880388,56.69622746656137],[8.821888218882208,56.699604621101145],[8.861488614886156,56.708047507450544],[8.91548915489156,56.708047507450544],[8.919089190891924,56.71142466199032],[8.893888938889404,56.71649039379997],[8.850688506885064,56.71649039379997],[8.839888398884,56.721556125609624],[8.850688506885064,56.740130475578326],[8.86508865088652,56.75532767100728],[8.875888758887584,56.76377055735668],[8.908289082890832,56.77727917551573],[8.955089550895508,56.802607834563986],[8.973089730897328,56.80598498910376],[8.983889838898392,56.80429641183386],[9.001890018900184,56.79923068002421],[9.01629016290164,56.797542102754335],[9.027090270902704,56.79923068002421],[9.034290342903432,56.80429641183386],[9.037890378903796,56.80936214364351],[9.045090450904524,56.81273929818329],[9.063090630906316,56.81273929818329],[9.084690846908472,56.80767356637364],[9.106291062910628,56.80091925729411],[9.113491134911357,56.78741063913503],[9.120691206912085,56.76377055735668],[9.135091350913513,56.75026193919763],[9.149491494914969,56.740130475578326],[9.163891638916397,56.72999901195902],[9.174691746917489,56.708047507450544],[9.149491494914969,56.704670352910796],[9.11709117091172,56.67934169386254],[9.0918909189092,56.67427596205289],[9.0918909189092,56.66752165297336],[9.099090990909929,56.65907876662396],[9.088290882908836,56.64894730300466],[9.059490594905952,56.63375010757571],[9.048690486904889,56.62024148941666],[9.048690486904889,56.60673287125758],[9.052290522905224,56.574649903129824],[9.059490594905952,56.566207016780396],[9.077490774907744,56.5678955940503],[9.0918909189092,56.57802705766957],[9.106291062910628,56.610110025797354],[9.120691206912085,56.61348718033713],[9.138691386913877,56.61179860306723],[9.156691566915669,56.61348718033713],[9.149491494914969,56.62193006668653],[9.14229142291424,56.62530722122631],[9.131491314913148,56.62530722122631],[9.120691206912085,56.62024148941666],[9.127891278912784,56.63206153030583],[9.135091350913513,56.63881583938536],[9.14229142291424,56.64725872573479],[9.149491494914969,56.66076734389384],[9.156691566915669,56.66076734389384],[9.149491494914969,56.63881583938536],[9.174691746917489,56.63543868484561],[9.210692106921073,56.63881583938536],[9.232292322923229,56.637127262115484],[9.246692466924685,56.63206153030583],[9.261092610926113,56.63375010757571],[9.27549275492757,56.63375010757571],[9.286292862928633,56.62024148941666],[9.282692826928269,56.610110025797354],[9.261092610926113,56.59153567582865],[9.25029250292505,56.57802705766957],[9.261092610926113,56.5763384803997],[9.264692646926477,56.57127274859005],[9.264692646926477,56.566207016780396],[9.271892718927205,56.557764130430996],[9.279092790927905,56.552698398621345],[9.304293042930425,56.54425551227192],[9.311493114931153,56.54087835773217],[9.311493114931153,56.53581262592252],[9.315093150931517,56.530746894112866],[9.32589325893261,56.530746894112866],[9.340293402934037,56.547632666811694],[9.347493474934765,56.552698398621345],[9.361893618936193,56.54425551227192],[9.372693726937285,56.552698398621345],[9.372693726937285,56.566207016780396],[9.35109351093513,56.57127274859005],[9.318693186931881,56.561141284970745],[9.318693186931881,56.55945270770087],[9.311493114931153,56.557764130430996],[9.30069300693009,56.557764130430996],[9.293492934929361,56.561141284970745],[9.293492934929361,56.566207016780396],[9.297092970929725,56.57127274859005],[9.30069300693009,56.60842144852748],[9.318693186931881,56.64050441665523],[9.32589325893261,56.66921023024324],[9.304293042930425,56.69622746656137],[9.297092970929725,56.70129319837102],[9.289892898928997,56.704670352910796],[9.271892718927205,56.70298177564089],[9.232292322923229,56.69285031202162],[9.221492214922165,56.68440742567219],[9.199891998920009,56.67596453932279],[9.178291782917825,56.67596453932279],[9.16749167491676,56.68947315748184],[9.181891818918189,56.70129319837102],[9.225092250922529,56.71649039379997],[9.235892358923593,56.7333761664988],[9.243092430924321,56.74688478465785],[9.239492394923957,56.75363909373738],[9.214292142921437,56.75870482554703],[9.203492034920345,56.76377055735668],[9.196291962919645,56.770524866436205],[9.189091890918917,56.77727917551573],[9.185491854918553,56.784033484595284],[9.178291782917825,56.79416494821456],[9.174691746917489,56.80598498910376],[9.174691746917489,56.81780502999294],[9.181891818918189,56.82118218453269],[9.203492034920345,56.84144511177129],[9.207092070920709,56.846510843580944],[9.210692106921073,56.851576575390595],[9.210692106921073,56.86339661627977],[9.207092070920709,56.87521665716895],[9.199891998920009,56.8802823889786],[9.189091890918917,56.881970966248474],[9.178291782917825,56.88534812078822],[9.163891638916397,56.89379100713765],[9.181891818918189,56.91911966618588],[9.199891998920009,56.93938259342448],[9.221492214922165,56.95457978885344],[9.25029250292505,56.97315413882214],[9.257492574925749,56.97484271609201],[9.264692646926477,56.976531293361916],[9.27549275492757,56.976531293361916],[9.279092790927905,56.979908447901664],[9.286292862928633,56.993417066060715],[9.289892898928997,56.99679422060049],[9.437494374943753,57.02381145691862],[9.469894698947002,57.02381145691862],[9.58509585095851,56.99679422060049],[9.58509585095851,56.99003991152097],[9.574295742957446,56.984974179711315],[9.574295742957446,56.97821987063179],[9.581495814958146,56.97315413882214],[9.595895958959602,56.96977698428236],[9.606696066960666,56.96977698428236],[9.617496174961758,56.97484271609201],[9.65349653496537,57.006925684219794],[9.671496714967162,57.0255000341885],[9.689496894968954,57.03900865234755],[9.72909729097293,57.047451538696976],[9.76149761497615,57.05927157958615],[9.808298082980826,57.05251727050663],[9.916299162991635,57.05927157958615],[9.855098550985502,57.08797739317416],[9.826298262982647,57.09473170225368],[9.80469804698049,57.104863165872985],[9.793897938979399,57.10655174314286],[9.78669786697867,57.10317458860311],[9.750697506975087,57.077845929554854],[9.732697326973266,57.06602588866568],[9.71109711097111,57.06096015685603],[9.693096930969318,57.069403043205455],[9.675096750967526,57.07953450682476],[9.657096570965706,57.07615735228498],[9.621096210962122,57.05927157958615],[9.581495814958146,57.04914011596685],[9.495094950949522,57.04914011596685],[9.264692646926477,57.00354852968002],[9.246692466924685,57.00185995241014],[9.225092250922529,57.006925684219794],[9.113491134911357,57.05927157958615],[9.120691206912085,57.0457629614271],[9.113491134911357,57.03900865234755],[9.081090810908108,57.03056576599815],[9.055890558905588,57.020434302378845],[9.04149041490416,57.0170571478391],[9.027090270902704,57.0170571478391],[9.030690306903068,57.02381145691862],[9.012690126901276,57.03056576599815],[8.998289982899848,57.02887718872827],[8.980289802898028,57.020434302378845],[8.962289622896236,57.01030283875954],[8.947889478894808,57.011991416029446],[8.926289262892624,57.00017137514027],[8.908289082890832,56.98835133425109],[8.901089010890104,56.98666275698119],[8.893888938889404,57.00017137514027],[8.872288722887248,57.00523710694992],[8.850688506885064,57.00354852968002],[8.832688326883272,56.99679422060049],[8.847088470884728,56.98835133425109],[8.811088110881116,56.96977698428236],[8.760687606876076,56.95626836612331],[8.724687246872463,56.96133409793296],[8.703087030870307,56.957956943393185],[8.677886778867787,56.952891211583534],[8.667086670866723,56.94613690250401],[8.66348663486636,56.92587397526543],[8.649086490864903,56.914053934376255],[8.634686346863475,56.90561104802683],[8.620286202862047,56.89379100713765],[8.616686166861683,56.865085193549646],[8.61308613086132,56.86339661627977],[8.61308613086132,56.854953729930344],[8.609486094860955,56.84988799812069],[8.602286022860227,56.84482226631104],[8.569885698857007,56.81780502999294],[8.548285482854823,56.81780502999294],[8.537485374853759,56.81442787545316],[8.53028530285303,56.80936214364351],[8.523085230852303,56.80429641183386],[8.508685086850875,56.80091925729411],[8.490684906849083,56.79416494821456],[8.483484834848355,56.78065633005551],[8.490684906849083,56.74688478465785],[8.490684906849083,56.7316875892289],[8.476284762847627,56.721556125609624],[8.476284762847627,56.71649039379997],[8.515885158851603,56.71817897106985],[8.526685266852667,56.71649039379997],[8.533885338853395,56.70298177564089],[8.526685266852667,56.69453888929149],[8.512285122851239,56.68947315748184],[8.501485014850147,56.68947315748184],[8.490684906849083,56.69116173475172],[8.465484654846563,56.699604621101145],[8.45468454684547,56.70298177564089],[8.440284402844043,56.699604621101145],[8.422284222842222,56.69116173475172],[8.407884078840794,56.68947315748184],[8.407884078840794,56.68103027113244],[8.45468454684547,56.68947315748184],[8.469084690846927,56.686096002942065],[8.490684906849083,56.677653116592666],[8.501485014850147,56.67427596205289],[8.569885698857007,56.69116173475172],[8.587885878858799,56.68947315748184],[8.587885878858799,56.65401303481431],[8.602286022860227,56.64050441665523],[8.609486094860955,56.63037295303596],[8.591485914859163,56.61686433487688],[8.584285842858435,56.610110025797354],[8.569885698857007,56.60673287125758],[8.55548555485555,56.6050442939877],[8.548285482854823,56.601667139447954],[8.548285482854823,56.59828998490818],[8.559085590855915,56.593224253098526],[8.541085410854123,56.593224253098526],[8.512285122851239,56.60673287125758],[8.487084870848719,56.62530722122631],[8.476284762847627,56.637127262115484],[8.469084690846927,56.65232445754441],[8.443884438844407,56.664144498433615],[8.415084150841523,56.672587384783014],[8.389883898839003,56.67427596205289],[8.371883718837182,56.68103027113244],[8.35388353883539,56.69285031202162],[8.332283322833234,56.708047507450544],[8.317883178831806,56.721556125609624],[8.307083070830714,56.75870482554703],[8.30348303483035,56.76377055735668],[8.289082890828922,56.767147711896456],[8.260282602826038,56.77727917551573],[8.242282422824246,56.77727917551573],[8.256682566825674,56.740130475578326],[8.263882638826402,56.71817897106985],[8.260282602826038,56.704670352910796],[8.245882458824582,56.704670352910796],[8.238682386823882,56.72493328014937],[8.235082350823518,56.770524866436205],[8.249482494824946,56.81273929818329],[8.271082710827102,56.84313368904117],[8.451084510845106,57.00354852968002],[8.50508505085051,57.033942920537925],[8.587885878858799,57.10655174314286],[8.616686166861683,57.12343751584169],[8.652686526865267,57.12174893857181],[8.735487354873555,57.10655174314286],[8.782287822878232,57.104863165872985],[8.875888758887584,57.11668320676216],[8.91548915489156,57.126814670381464],[8.9622…62152 tokens truncated…3],[39.77859778597786,48.02876034025348],[39.83259832598328,48.03551464933301],[39.839798397984,48.035514649332995],[39.84339843398436,48.037203226602884],[39.84339843398436,48.04564611295232],[39.82899828998291,48.076040503810184],[39.83259832598328,48.09968058558854],[39.84339843398436,48.11994351282715],[39.893798937989395,48.18242087181281],[39.911799117991194,48.197618067241756],[39.96219962199624,48.221258149020116],[39.97659976599766,48.23476676717917],[39.99099990999911,48.25334111714788],[39.99459994599945,48.27360404438646],[39.980199801998026,48.2904898170853],[39.95859958599588,48.293866971625086],[39.904599045990466,48.28035835346599],[39.886598865988674,48.27866977619612],[39.8145981459815,48.30737558978412],[39.88299882998832,48.346212866991436],[39.9009990099901,48.36141006242037],[39.92259922599226,48.37660725784932],[39.915399153991565,48.385050144198736],[39.90819908199084,48.3985587623578],[39.89739897398974,48.423887421406015],[39.86499864998652,48.469479007692854],[39.85419854198543,48.476233316772415],[39.84339843398436,48.48298762585193],[39.84339843398436,48.499873398550754],[39.854198541985426,48.499873398550754],[39.86499864998652,48.501561975820636],[39.86859868598686,48.51000486217005],[39.868598685986846,48.513382016709805],[39.86499864998652,48.51675917124959],[39.86499864998652,48.52351348032912],[39.861398613986154,48.53026778940864],[39.854198541985426,48.55559644845689],[39.83619836198363,48.5741707984256],[39.80739807398074,48.5843022620449],[39.68859688596887,48.594433725664175],[39.67059670596705,48.58767941658464],[39.630996309963116,48.58767941658465],[39.64179641796419,48.61131949836301],[39.702997029970305,48.746405679953625],[39.71019710197104,48.75484856630305],[39.73539735397355,48.761602875382586],[39.74619746197461,48.77004576173198],[39.74979749797499,48.78186580262115],[39.76059760597607,48.79199726624044],[39.778597785977865,48.80719446166941],[39.80019800198002,48.815637348018804],[39.82539825398255,48.815637348018804],[39.93339933399336,48.78693153443079],[39.97659976599766,48.79030868897058],[40.01980019800198,48.81394877074894],[40.0378003780038,48.83083454344776],[40.05220052200522,48.849408893416474],[40.05220052200523,48.86967182065507],[40.03420034200342,48.884869016084004],[40.00900009000092,48.888246170623766],[39.99099990999912,48.8764261297346],[39.97299972999729,48.859540357035776],[39.951399513995135,48.85278604795624],[39.93699936999371,48.85616320249599],[39.91899918999191,48.87304897519481],[39.90819908199084,48.87811470700447],[39.89739897398974,48.87980328427437],[39.86139861398616,48.8764261297346],[39.78219782197823,48.888246170623766],[39.75699756997571,48.89500047970328],[39.746197461974624,48.9051319433226],[39.73899738997392,48.91864056148165],[39.72459724597247,48.93721491145038],[39.70659706597067,48.94903495233957],[39.68859688596889,48.95747783868896],[39.67419674196742,48.969297879578136],[39.68139681396814,49.01995519767462],[39.699396993969934,49.028398084024055],[39.749797497974974,49.026709506754145],[39.83259832598327,49.04528385672286],[39.86139861398617,49.04528385672286],[39.890198901989045,49.0419067021831],[39.90819908199082,49.04190670218311],[39.91899918999191,49.04697243399274],[39.92259922599226,49.05879247488193],[39.926199261992615,49.085809711200056],[39.92979929799298,49.101006906628974],[39.95139951399514,49.124646988407356],[39.980199801998026,49.14153276110619],[40.0378003780038,49.1685499974243],[40.05940059400596,49.18205861558337],[40.091800918009206,49.2175187382509],[40.109801098011005,49.22765020187019],[40.135001350013496,49.2360930882196],[40.142201422014246,49.24622455183891],[40.14220142201424,49.28168467450643],[40.156601566015674,49.31545621990408],[40.16020160201604,49.334030569872795],[40.14940149401494,49.34922776530175],[40.10260102601025,49.38468788796928],[40.06300063000632,49.4252137424465],[40.04140041400416,49.45560813330437],[40.03420034200344,49.48769110143212],[40.05580055800559,49.519774069559894],[40.07380073800737,49.5299055331792],[40.10980109801099,49.54510272860816],[40.12780127801278,49.558611346767194],[40.13140131401315,49.580562851275694],[40.11700117001171,49.58900573762508],[40.11700117001172,49.590694314894996],[40.016200162001645,49.60758008759381],[39.99819998199982,49.60758008759381],[39.972999729997305,49.60251435578416],[39.915399153991565,49.563677078576866],[39.890198901989045,49.55354561495754],[39.85779857798579,49.54510272860816],[39.82899828998291,49.54172557406838],[39.80019800198002,49.54172557406838],[39.782197821978244,49.54847988314791],[39.72819728197282,49.58056285127567],[39.688596885968884,49.59407146943475],[39.65259652596527,49.59913720124438],[39.62379623796239,49.612645819403426],[39.59859598595987,49.648105942071],[39.58059580595807,49.69032037381805],[39.569795697956984,49.71396045559641],[39.55899558995591,49.72409191921571],[39.49779497794979,49.72746907375548],[39.479794797947996,49.734223382835],[39.443794437944376,49.749420578263965],[39.407794077940785,49.744354846454314],[39.368193681936816,49.73253480556513],[39.32859328593287,49.72578049648559],[39.28899288992891,49.73253480556514],[39.26019260192605,49.74435484645431],[39.23859238592388,49.76461777369288],[39.180991809918126,49.85917810080633],[39.15579155791559,49.87437529623526],[39.11619116191163,49.864243832615976],[39.09819098190982,49.85242379172681],[39.06939069390694,49.82034082359903],[39.04779047790478,49.81020935997972],[39.033390333903355,49.80683220543997],[38.93618936189364,49.803455050900176],[38.91098910989112,49.82034082359902],[38.8857888578886,49.845669482647246],[38.853388533885344,49.86593240988585],[38.748987489874914,49.886195337124455],[38.687786877868774,49.913212573442564],[38.68058680586807,49.918278305252215],[38.67698676986772,49.92672119160164],[38.67338673386735,49.94360696430048],[38.66258662586626,49.96218131426917],[38.63738637386374,49.95711558245951],[38.630186301863034,49.95373842791973],[38.619386193861935,49.950361273380004],[38.5689856898569,49.95711558245951],[38.49698496984971,49.948672696110116],[38.46098460984609,49.95711558245951],[38.439384393843945,49.9672470460788],[38.421384213842146,49.97231277788848],[38.37458374583747,49.975689932428224],[38.356583565835685,49.980755664237876],[38.345783457834585,49.99257570512705],[38.313383133831344,50.04998733230307],[38.2989829898299,50.06011879592234],[38.28098280982811,50.061807373192245],[38.252182521825226,50.058430218652475],[38.19098190981911,50.06349595046213],[38.172981729817316,50.06011879592236],[38.16578165781658,50.029724405064485],[38.172981729817316,49.98413281877765],[38.16578165781658,49.9402298097607],[38.11898118981191,49.91996688252211],[38.10818108181081,49.91996688252211],[38.09018090180903,49.92840976887152],[38.079380793807964,49.93009834614139],[38.06498064980651,49.92672119160165],[38.02178021780219,49.90983541890282],[38.00018000180003,49.8997039552835],[37.996579965799675,49.90645826436304],[37.99657996579967,49.92165545979198],[37.978579785797876,49.9402298097607],[37.97857978579788,49.941918387030576],[37.94617946179463,49.97737850969812],[37.917379173791744,50.00270716874636],[37.88137881378813,50.02297009598496],[37.841778417784184,50.039855868683794],[37.762577625776274,50.06180737319223],[37.72657726577268,50.07869314589107],[37.632976329763295,50.1732534730045],[37.59697596975971,50.196893554782854],[37.589775897758976,50.203647863862386],[37.58977589775899,50.213779327481696],[37.58977589775898,50.225599368370865],[37.600576005760075,50.24923945014921],[37.600576005760075,50.2914538818963],[37.56817568175682,50.311716809134886],[37.48177481774818,50.340422622722876],[37.46377463774639,50.36575128177114],[37.449374493744955,50.399522827168795],[37.4349743497435,50.42485148621702],[37.41697416974171,50.431605795296555],[37.316173161731626,50.42316290894714],[37.28377283772837,50.41472002259774],[37.226172261722645,50.377571322660316],[37.19737197371977,50.36237412723136],[37.05337053370533,50.33535689091326],[36.98136981369813,50.3421111999928],[36.91296912969131,50.338734045453016],[36.84816848168484,50.323536850024055],[36.68256682566827,50.26105949103839],[36.66816668166683,50.25261660468899],[36.660966609666104,50.244173718339596],[36.64296642966432,50.222222213831124],[36.635766357663584,50.21377932748168],[36.61776617766179,50.20702501840216],[36.596165961659636,50.203647863862386],[36.570965709657116,50.20702501840216],[36.54936549365493,50.21209075021181],[36.53496534965351,50.220533636561214],[36.53136531365314,50.22897652291065],[36.53496534965351,50.23910798652994],[36.534965349653504,50.26105949103839],[36.53856538565387,50.26443664557817],[36.534965349653504,50.267813800117956],[36.52056520565207,50.27456810919747],[36.51336513365135,50.27625668646735],[36.48096480964811,50.281322418277],[36.452164521645216,50.29314245916618],[36.43056430564306,50.29651961370596],[36.408964089640904,50.304962500055346],[36.401764017640176,50.306651077325256],[36.38736387363875,50.306651077325256],[36.38016380163803,50.30327392278547],[36.36216362163623,50.291453881896295],[36.34056340563407,50.281322418277],[36.31536315363156,50.27456810919747],[36.29376293762939,50.27456810919747],[36.268562685626875,50.281322418277],[36.167761677616795,50.38432563173983],[36.142561425614275,50.39276851808928],[36.131761317613176,50.411342868057964],[36.10656106561067,50.421474331677274],[35.93015930159303,50.42991721802668],[35.83655836558368,50.42316290894715],[35.81855818558185,50.419785754407364],[35.80415804158042,50.41134286805795],[35.78615786157864,50.394457095359144],[35.77535775357754,50.38770278627962],[35.764557645576474,50.384325631739834],[35.74655746557465,50.384325631739834],[35.739357393573954,50.38094847720008],[35.721357213572134,50.36912843631091],[35.710557105571084,50.35561981815185],[35.69615696156961,50.345488354532534],[35.69255692556924,50.343799777262674],[35.67455674556746,50.340422622722876],[35.6529565295653,50.340422622722876],[35.63135631356315,50.34548835453254],[35.609756097561,50.35224266361209],[35.591755917559176,50.36068554996148],[35.57015570155702,50.375882745390435],[35.56295562955631,50.391079940819374],[35.56295562955631,50.4096542907881],[35.55575555755558,50.43329437256645],[35.54135541355415,50.450180145265286],[35.523355233552344,50.460311608884574],[35.50175501755019,50.46368876342434],[35.480154801548025,50.467065917964106],[35.44775447754477,50.47550880431349],[35.42615426154262,50.500837463361755],[35.379353793537945,50.6224150267933],[35.37575375753759,50.63423506768249]]],[[[47.62667626676268,43.96266627437594],[47.63747637476377,43.98124062434465],[47.66627666276665,43.9964378197736],[47.781477814778164,43.9947492425037],[47.813878138781405,43.999814974313345],[47.83907839078392,43.99981497431335],[47.84987849878499,43.99981497431335],[47.86067860678608,43.9947492425037],[47.8678786787868,43.991372087963946],[47.8678786787868,43.98461777888442],[47.763477634776365,43.92889472897829],[47.74547745477455,43.927206151708404],[47.70947709477097,43.935649038057804],[47.69507695076951,43.93733761532769],[47.68427684276845,43.93902619259759],[47.680676806768076,43.95084623348678],[47.673476734767355,43.950846233486764],[47.65547655476556,43.94240334713735],[47.641076410764136,43.94409192440723],[47.63387633876342,43.95253481075664],[47.62667626676268,43.96266627437594]]],[[[47.914679146791485,45.62253773067064],[47.91827918279185,45.63266919428994],[47.92907929079293,45.636046348829694],[47.93627936279364,45.6360463488297],[47.94707947079471,45.64448923517912],[47.9578795787958,45.65124354425864],[47.96147961479617,45.63942350336948],[47.96147961479617,45.62422630794051],[47.96507965079653,45.605651957971816],[47.97947979479796,45.583700453463344],[47.983079830798324,45.563437526224725],[47.98307983079832,45.549928908065674],[47.99027990279905,45.53642028990663],[47.99747997479976,45.52122309447767],[47.99747997479976,45.467188621841416],[47.997479974799745,45.45368000368237],[47.99747997479975,45.451991426412484],[47.997479974799745,45.44861427187271],[47.99027990279905,45.44861427187271],[47.98307983079832,45.45368000368235],[47.97947979479795,45.45536858095225],[47.961479614796175,45.475631508190844],[47.94347943479438,45.49927158996918],[47.92907929079291,45.53473171263673],[47.91827918279185,45.57019183530428],[47.91827918279185,45.57863472165368],[47.9146791467915,45.59552049435251],[47.91827918279185,45.60902911251156],[47.914679146791485,45.62253773067064]]]]}},{"type":"Feature","properties":{"territory_id":"SE-01","country_code":"SE","country_name":"Sweden","display_name":"Southern Sweden","strategic_centre":"Malmo","centre":[13.0358,55.6058],"boundary_status":"provisional-strategic-partition"},"geometry":{"type":"MultiPolygon","coordinates":[[[[11.107911079110806,58.953855276394535],[11.11871118711187,58.96905247182349],[11.140311403114026,58.97749535817289],[11.183511835118367,58.99100397633197],[11.140311403114026,58.989315399062065],[11.122311223112234,58.994381130871716],[11.115111151111506,59.007889749030795],[11.11871118711187,59.021398367189846],[11.129511295112962,59.03152983080915],[11.19431194311943,59.08049857163576],[11.21951219512195,59.09063003525503],[11.32031320313203,59.09907292160446],[11.356313563135643,59.092318612524934],[11.367113671136707,59.06361279893693],[11.377913779137799,59.04166129442845],[11.392313923139227,59.01970978991997],[11.413914139141411,59.00113543995127],[11.42831428314284,58.99100397633197],[11.439114391143931,58.99100397633197],[11.45351453514536,58.96060958547406],[11.45351453514536,58.896443649218526],[11.482314823148243,58.88631218559922],[11.547115471154711,58.88462360832935],[11.611916119161208,58.89306649467878],[11.665916659166612,58.92008373099688],[11.694716947169468,58.97411820363314],[11.701917019170196,58.99944686268137],[11.709117091170924,59.021398367189846],[11.734317343173444,59.065301376206804],[11.745117451174508,59.092318612524934],[11.748717487174872,59.13959877608164],[11.773917739177392,59.2020761350673],[11.784717847178484,59.21896190776613],[11.802718027180276,59.23415910319508],[11.809918099181004,59.24935629862401],[11.809918099181004,59.27130780313249],[11.80631806318064,59.293259307640966],[11.784717847178484,59.36080239843628],[11.676716767167676,59.55836593901256],[11.669516695166948,59.58031744352101],[11.676716767167676,59.60733467983914],[11.694716947169468,59.622531875268095],[11.827918279182796,59.6596805752055],[11.853118531185316,59.67318919336458],[11.892718927189293,59.70527216149233],[11.896318963189628,59.71371504784176],[11.896318963189628,59.73228939781046],[11.903519035190357,59.769438097747894],[11.903519035190357,59.78463529317682],[11.889118891188929,59.80152106587565],[11.885518855188565,59.804898220415424],[11.853118531185316,59.823472570384126],[11.842318423184253,59.83866976581308],[11.849518495184952,59.872441311210736],[11.874718747187472,59.88426135209991],[11.889118891188929,59.89270423844931],[11.943119431194333,59.902835702068614],[12.101521015210153,59.894392815719215],[12.144721447214465,59.89776997025896],[12.29232292322925,59.95855875197475],[12.447124471244706,60.05143050181829],[12.483124831248318,60.081824892676195],[12.511925119251202,60.117285015343725],[12.52632526325263,60.16118802436068],[12.522725227252266,60.19833672429809],[12.49392493924941,60.26250266055362],[12.486724867248682,60.29627420595128],[12.490324903249046,60.31147140138023],[12.504725047250474,60.32498001953928],[12.558725587255879,60.36044014220684],[12.57672576725767,60.375637337635766],[12.59472594725949,60.394211687604496],[12.605526055260555,60.419540346652724],[12.612726127261283,60.455000469320254],[12.609126091260919,60.487083437448035],[12.59472594725949,60.514100673766166],[12.483124831248318,60.65762974170619],[12.378723787237874,60.753878646089504],[12.34992349923499,60.79271592329681],[12.335523355233562,60.82817604596434],[12.313923139231406,60.90247344583918],[12.295922959229586,60.93455641396696],[12.256322563225638,60.981836577523666],[12.252722527225274,61.00209950476224],[12.281522815228158,61.01560812292132],[12.511925119251202,61.04937966831898],[12.56952569525697,61.05106824558885],[12.681126811268115,61.04093678196955],[12.70272702727027,61.0460025137792],[12.709927099270999,61.05782255466838],[12.713527135271363,61.061199709208154],[12.731527315273155,61.128742800003465],[12.738727387273883,61.142251418162516],[12.745927459274611,61.150694304511944],[12.798185689999995,61.18991260591041],[16.21619152409058,56.57015222299842],[16.21276212762129,56.547632666811694],[16.20556205562056,56.539189780462294],[16.18036180361804,56.53750120319239],[16.173161731617313,56.52736973957312],[16.165961659616613,56.50879538960439],[16.119161191611937,56.454760916968155],[16.093960939609417,56.419300794300625],[16.065160651606533,56.33656050807636],[16.039960399604013,56.255508799122],[16.032760327603285,56.25044306731235],[16.021960219602192,56.24706591277257],[16.014760147601493,56.23862302642317],[16.01116011160113,56.22849156280387],[16.0039600396004,56.22004867645444],[15.989559895598973,56.20822863556526],[15.949959499594996,56.187965708326686],[15.931959319593204,56.17445709016761],[15.874358743587436,56.10353684483255],[15.85275852758528,56.08665107213372],[15.834758347583488,56.08833964940359],[15.816758167581696,56.098471113022896],[15.787957879578812,56.106913999372324],[15.820358203582032,56.14068554476998],[15.82755827558276,56.15925989473868],[15.805958059580604,56.16770278108808],[15.755557555575564,56.155882740198905],[15.730357303573044,56.15757131746878],[15.712357123571252,56.17445709016761],[15.70155701557016,56.169391358357984],[15.697956979569796,56.17276851289773],[15.690756907569096,56.177834244707384],[15.683556835568368,56.18121139924716],[15.669156691566911,56.182899976517035],[15.654756547565484,56.19303144013634],[15.647556475564755,56.19472001740621],[15.633156331563328,56.18627713105681],[15.611556115561172,56.169391358357984],[15.593555935559351,56.160948472008556],[15.57555575555756,56.17445709016761],[15.582755827558287,56.18121139924716],[15.593555935559351,56.19303144013634],[15.597155971559715,56.20316290375561],[15.586355863558651,56.20822863556526],[15.571955719557195,56.20654005829539],[15.535955359553611,56.187965708326686],[15.49275492754927,56.17614566743751],[15.485554855548571,56.17107993562786],[15.485554855548571,56.155882740198905],[15.478354783547843,56.152505585659156],[15.460354603546051,56.160948472008556],[15.453154531545323,56.16601420381821],[15.44235442354423,56.17276851289773],[15.431554315543167,56.17952282197726],[15.41715417154171,56.18121139924716],[15.402754027540283,56.17952282197726],[15.39195391953919,56.17445709016761],[15.377553775537763,56.160948472008556],[15.370353703537035,56.150817008389254],[15.370353703537035,56.1457512765796],[15.36675366753667,56.14068554476998],[15.319953199531994,56.13899696750008],[15.305553055530567,56.142374122039854],[15.294752947529474,56.147439853849505],[15.31635316353163,56.15419416292903],[15.323553235532358,56.15419416292903],[15.31635316353163,56.16263704927843],[15.294752947529474,56.187965708326686],[15.273152731527318,56.17107993562786],[15.23355233552337,56.15757131746878],[15.193951939519394,56.152505585659156],[15.161551615516174,56.16432562654833],[15.154351543515446,56.169391358357984],[15.147151471514718,56.16770278108808],[15.13995139951399,56.16263704927843],[15.129151291512926,56.160948472008556],[15.093150931509314,56.160948472008556],[15.085950859508614,56.16432562654833],[15.08235082350825,56.182899976517035],[15.075150751507522,56.187965708326686],[15.067950679506794,56.187965708326686],[15.042750427504274,56.182899976517035],[15.035550355503574,56.18121139924716],[15.03915039150391,56.17614566743751],[15.046350463504638,56.15925989473868],[15.049950499505002,56.15419416292903],[14.98874988749887,56.169391358357984],[14.952749527495286,56.17276851289773],[14.927549275492765,56.16432562654833],[14.90594905949061,56.160948472008556],[14.873548735487361,56.16432562654833],[14.848348483484841,56.16432562654833],[14.848348483484841,56.147439853849505],[14.83034830348305,56.142374122039854],[14.812348123481229,56.150817008389254],[14.794347943479437,56.160948472008556],[14.776347763477645,56.16770278108808],[14.725947259472605,56.16770278108808],[14.700747007470085,56.160948472008556],[14.686346863468628,56.147439853849505],[14.682746827468293,56.13899696750008],[14.682746827468293,56.1170454629916],[14.689946899468993,56.11197973118195],[14.704347043470449,56.1086025766422],[14.711547115471149,56.10184826756267],[14.715147151471513,56.093405381213245],[14.718747187471877,56.084962494863845],[14.74754747547476,56.06132241308549],[14.758347583475853,56.04781379492641],[14.769147691476917,56.030928022227585],[14.754747547475489,56.027550867687836],[14.743947439474397,56.02079655860828],[14.733147331473333,56.01404224952876],[14.72234722347224,56.00728794044923],[14.715147151471513,56.00222220863958],[14.711547115471149,56.00728794044923],[14.704347043470449,56.017419404068534],[14.686346863468628,56.017419404068534],[14.679146791467929,56.008976517719105],[14.6719467194672,56.00559936317936],[14.664746647466472,56.00728794044923],[14.657546575465773,56.008976517719105],[14.650346503465045,56.01066509498901],[14.610746107461068,56.01066509498901],[14.610746107461068,56.01573082679866],[14.625146251462525,56.02417371314806],[14.614346143461432,56.030928022227585],[14.607146071460733,56.03768233130711],[14.603546035460369,56.04612521765654],[14.603546035460369,56.057945258545715],[14.581945819458213,56.044436640386664],[14.57114571145712,56.05119094946619],[14.567545675456756,56.05625668127584],[14.567545675456756,56.057945258545715],[14.556745567455692,56.05456810400594],[14.535145351453508,56.04612521765654],[14.524345243452444,56.044436640386664],[14.499144991449924,56.04105948584689],[14.477544775447768,56.030928022227585],[14.44514445144452,56.00222220863958],[14.409144091440908,55.97689354959135],[14.383943839438388,55.96676208597205],[14.365943659436596,55.9616963541624],[14.347943479434804,55.953253467813],[14.333543335433347,55.93467911784427],[14.322743227432284,55.91610476787557],[14.311943119431191,55.90766188152617],[14.272342723427244,55.89415326336709],[14.236342363423631,55.862070295239334],[14.207542075420747,55.821544440762125],[14.196741967419683,55.77933000901507],[14.19314193141932,55.74218130907764],[14.196741967419683,55.72529553637881],[14.207542075420747,55.70840976367998],[14.221942219422203,55.696589722790804],[14.261542615426151,55.67970395009198],[14.272342723427244,55.6678839092028],[14.275942759427608,55.65606386831362],[14.275942759427608,55.63580094107505],[14.283142831428307,55.62229232291597],[14.2939429394294,55.61553801383644],[14.315543155431556,55.60202939567739],[14.358743587435868,55.563192118470084],[14.365943659436596,55.54461776850138],[14.362343623436232,55.52435484126278],[14.347943479434804,55.51084622310373],[14.2939429394294,55.4753861004362],[14.275942759427608,55.46863179135664],[14.265142651426515,55.46187748227712],[14.21834218342184,55.41459731872041],[14.200342003420047,55.39940012329146],[14.182341823418227,55.39095723694206],[14.157141571415707,55.38758008240228],[14.092340923409239,55.38758008240228],[14.063540635406355,55.39095723694206],[14.03474034740347,55.39771154602158],[13.955539555395575,55.42641735960959],[13.930339303393055,55.43317166868911],[13.897938979389806,55.43486024595899],[13.88353883538835,55.43317166868911],[13.85833858338583,55.42472878233971],[13.843938439384402,55.421351627799936],[13.829538295382974,55.421351627799936],[13.779137791377934,55.42810593687946],[13.645936459364606,55.421351627799936],[13.627936279362814,55.41797447326016],[13.617136171361722,55.411220164180634],[13.609936099360993,55.40108870056133],[13.595535955359566,55.39264581421193],[13.58113581135811,55.389268659672155],[13.537935379353797,55.39264581421193],[13.501935019350213,55.38758008240228],[13.411934119341197,55.35211995973475],[13.383133831338313,55.345365650655225],[13.311133111331117,55.34198849611545],[13.278732787327868,55.345365650655225],[13.116731167311684,55.380825773322755],[13.06273062730628,55.380825773322755],[13.041130411304124,55.385891505132406],[13.030330303303032,55.385891505132406],[13.023130231302332,55.38758008240228],[13.008730087300876,55.39771154602158],[13.001530015300148,55.39940012329146],[12.979929799297992,55.402777277831234],[12.958329583295836,55.39940012329146],[12.947529475294772,55.39602296875171],[12.933129331293316,55.38758008240228],[12.922329223292252,55.385891505132406],[12.91152911529116,55.38758008240228],[12.897128971289732,55.39264581421193],[12.88632886328864,55.39264581421193],[12.868328683286848,55.389268659672155],[12.846728467284692,55.38251435059263],[12.832328323283235,55.38251435059263],[12.828728287282871,55.39940012329146],[12.86112861128612,55.43486024595899],[12.871928719287212,55.43486024595899],[12.879128791287911,55.43148309141924],[12.88632886328864,55.42472878233971],[12.904329043290431,55.41797447326016],[12.929529295292951,55.41797447326016],[12.951129511295107,55.42472878233971],[12.965529655296564,55.43486024595899],[12.958329583295836,55.448368864118066],[12.9619296192962,55.45343459592772],[12.972729727297292,55.45343459592772],[12.98712987129872,55.448368864118066],[12.976329763297628,55.4753861004362],[12.929529295292951,55.519289109453126],[12.918729187291888,55.54799492304113],[12.929529295292951,55.57838931389904],[12.958329583295836,55.598652241137614],[13.026730267302668,55.62735805472562],[13.03753037530376,55.63580094107505],[13.048330483304852,55.647620981964224],[13.059130591305916,55.661129600123274],[13.06273062730628,55.674638218282354],[13.055530555305552,55.693212568251056],[13.041130411304124,55.70503260914023],[13.026730267302668,55.71178691821976],[13.01233012330124,55.728672690918586],[12.994329943299448,55.72529553637881],[12.972729727297292,55.72698411364871],[12.965529655296564,55.745558463617414],[12.940329403294044,55.745558463617414],[12.922329223292252,55.74893561815719],[12.91152911529116,55.764132813586116],[12.922329223292252,55.76582139085602],[12.933129331293316,55.76919854539577],[12.93672936729368,55.777641431745195],[12.940329403294044,55.791150049904246],[12.925929259292587,55.8333644816513],[12.889928899289004,55.853627408889906],[12.850328503285027,55.86544744977908],[12.821528215282171,55.88739895428756],[12.81072810728108,55.902596149716516],[12.807128071280715,55.90935045879604],[12.807128071280715,55.924547654224966],[12.803528035280351,55.92961338603462],[12.799927999279987,55.93467911784427],[12.789127891278923,55.93974484965392],[12.781927819278195,55.941433426923794],[12.771127711277131,55.94818773600335],[12.763927639276403,55.965073508702176],[12.760327603276039,55.98364785867088],[12.753127531275311,55.99715647682993],[12.735127351273519,56.00559936317936],[12.720727207272091,56.01235367225888],[12.709927099270999,56.02079655860828],[12.706327063270635,56.04105948584689],[12.699126991269907,56.05119094946619],[12.609126091260919,56.1170454629916],[12.60192601926019,56.12379977207115],[12.565925659256607,56.17107993562786],[12.555125551255514,56.18121139924716],[12.54432544325445,56.213294367374914],[12.540725407254087,56.22173725372434],[12.515525155251567,56.25213164458222],[12.504725047250474,56.275771726360574],[12.465124651246526,56.29096892178953],[12.45072450724507,56.30447753994858],[12.645126451264531,56.25719737639187],[12.65232652326523,56.253820221852095],[12.666726667266687,56.23862302642317],[12.673926739267387,56.23693444915327],[12.681126811268115,56.23355729461352],[12.695526955269571,56.22511440826409],[12.706327063270635,56.22173725372434],[12.713527135271363,56.223425830994216],[12.72792727927279,56.22849156280387],[12.735127351273519,56.22849156280387],[12.778327783277831,56.22680298553399],[12.796327963279651,56.22849156280387],[12.814328143281443,56.23693444915327],[12.828728287282871,56.25044306731235],[12.832328323283235,56.26564026274127],[12.828728287282871,56.27914888090035],[12.781927819278195,56.2926574990594],[12.763927639276403,56.31460900356788],[12.731527315273155,56.36020058985471],[12.645126451264531,56.39566071252224],[12.61992619926201,56.419300794300625],[12.655926559265595,56.454760916968155],[12.713527135271363,56.46658095785733],[12.832328323283235,56.44294087607898],[12.889928899289004,56.454760916968155],[12.904329043290431,56.46658095785733],[12.918729187291888,56.485155307826034],[12.933129331293316,56.50710681233451],[12.940329403294044,56.52736973957312],[12.933129331293316,56.547632666811694],[12.904329043290431,56.593224253098526],[12.88632886328864,56.637127262115484],[12.871928719287212,56.64894730300466],[12.843128431284327,56.65401303481431],[12.817928179281807,56.65232445754441],[12.778327783277831,56.64388157119501],[12.745927459274611,56.64388157119501],[12.731527315273155,56.64725872573479],[12.681126811268115,56.67934169386254],[12.670326703267051,56.69285031202162],[12.663126631266323,56.71480181653007],[12.648726487264867,56.72493328014937],[12.630726307263075,56.7333761664988],[12.616326163261647,56.75026193919763],[12.59472594725949,56.78741063913503],[12.60192601926019,56.80936214364351],[12.598325983259826,56.82118218453269],[12.533525335253358,56.846510843580944],[12.529925299252994,56.84988799812069],[12.529925299252994,56.85664230720022],[12.52632526325263,56.860019461739995],[12.51912519125193,56.86170803900987],[12.504725047250474,56.865085193549646],[12.497524975249746,56.86677377081952],[12.479524795247954,56.887036698058125],[12.46872468724689,56.892102429867776],[12.436324363243642,56.895479584407525],[12.411124111241122,56.90561104802683],[12.37512375123751,56.91236535710635],[12.357123571235718,56.92418539799553],[12.346323463234626,56.94107117069436],[12.34272342723429,56.963022675202836],[12.34272342723429,56.96808840701249],[12.353523535235354,56.976531293361916],[12.353523535235354,56.984974179711315],[12.34992349923499,56.99510564333062],[12.34992349923499,57.00017137514027],[12.346323463234626,57.006925684219794],[12.34272342723429,57.01367999329932],[12.331923319233198,57.020434302378845],[12.303123031230314,57.02887718872827],[12.270722707227065,57.042385806887324],[12.24912249122491,57.06096015685603],[12.245522455224545,57.07953450682476],[12.238322383223846,57.08122308409463],[12.220322203222025,57.09304312498381],[12.238322383223846,57.10824032041276],[12.234722347223482,57.12174893857181],[12.205922059220597,57.14876617488994],[12.202322023220233,57.15552048396947],[12.19872198721987,57.17578341120807],[12.19872198721987,57.18422629755747],[12.19152191521917,57.18591487482735],[12.162721627216285,57.18422629755747],[12.14832148321483,57.18760345209725],[12.180721807218077,57.20448922479608],[12.19152191521917,57.21293211114548],[12.180721807218077,57.216309265685254],[12.159121591215921,57.216309265685254],[12.137521375213765,57.219686420225],[12.119521195211945,57.22644072930453],[12.101521015210153,57.23657219292383],[12.130321303213037,57.23657219292383],[12.14112141121413,57.23826077019373],[12.155521555215557,57.243326502003356],[12.14112141121413,57.24839223381301],[12.126721267212673,57.25008081108291],[12.094320943209425,57.25008081108291],[12.094320943209425,57.256835120162435],[12.105121051210517,57.26358942924196],[12.112321123211245,57.270343738321486],[12.119521195211945,57.27540947013114],[12.14112141121413,57.28047520194079],[12.14832148321483,57.28554093375044],[12.14832148321483,57.292295242829965],[12.14112141121413,57.297360974639616],[12.144721447214465,57.31086959279867],[12.137521375213765,57.319312479148095],[12.126721267212673,57.32606678822762],[12.11592115921161,57.332821097307146],[12.112321123211245,57.33450967457702],[12.105121051210517,57.34464113819632],[12.097920979209789,57.346329715466226],[12.09072090720909,57.34464113819632],[12.072720727207269,57.33957540638667],[12.06552065520657,57.33957540638667],[12.051120511205113,57.35139544727585],[12.06552065520657,57.363215488165054],[12.09072090720909,57.37841268359398],[12.108721087210881,57.39360987902293],[12.061920619206205,57.39360987902293],[12.083520835208361,57.40205276537233],[12.09072090720909,57.412184228991634],[12.09072090720909,57.42231569261094],[12.058320583205841,57.45946439254834],[12.054720547205477,57.46284154708812],[12.043920439204385,57.461152969818244],[12.036720367203685,57.45777581527847],[12.029520295202957,57.45102150619894],[12.022320223202229,57.44933292892907],[12.007920079200801,57.43413573350011],[11.993519935199345,57.3665926427048],[11.979119791197917,57.346329715466226],[11.971919719197189,57.36490406543493],[11.950319503195033,57.36152691089515],[11.93231932319324,57.36152691089515],[11.943119431194333,57.38685556994341],[11.921519215192149,57.38685556994341],[11.914319143191449,57.390232724483155],[11.903519035190357,57.39360987902293],[11.914319143191449,57.403741342642235],[11.914319143191449,57.417249960801286],[11.90711907119072,57.43244715623024],[11.903519035190357,57.44933292892907],[11.90711907119072,57.46453012435799],[11.917919179191813,57.47635016524717],[11.928719287192877,57.48310447432672],[11.943119431194333,57.48985878340625],[11.928719287192877,57.49830166975565],[11.910719107191085,57.5033674015653],[11.917919179191813,57.50505597883517],[11.93231932319324,57.51181028791473],[11.910719107191085,57.521941751534],[11.903519035190357,57.523630328803904],[11.917919179191813,57.53882752423283],[11.910719107191085,57.594550574138964],[11.917919179191813,57.621567810457094],[11.914319143191449,57.62325638772697],[11.903519035190357,57.626633542266745],[11.896318963189628,57.626633542266745],[11.892718927189293,57.613124924107666],[11.878318783187837,57.60637061502814],[11.867518675186773,57.60805919229804],[11.860318603186045,57.61650207864744],[11.85671856718568,57.63338785134627],[11.849518495184952,57.64351931496557],[11.842318423184253,57.65196220131497],[11.835118351183525,57.662093664934275],[11.845918459184588,57.68235659217288],[11.910719107191085,57.68742232398253],[11.925119251192513,57.702619519411456],[11.903519035190357,57.69586521033193],[11.874718747187472,57.692488055792154],[11.845918459184588,57.692488055792154],[11.820718207182068,57.69586521033193],[11.770317703177028,57.71275098303076],[11.748717487174872,57.71443956030063],[11.752317523175236,57.69586521033193],[11.737917379173808,57.692488055792154],[11.719917199171988,57.69417663306206],[11.70551705517056,57.69924236487171],[11.70551705517056,57.72119386938016],[11.802718027180276,57.773539764746545],[11.809918099181004,57.781982651095944],[11.80631806318064,57.78873696017547],[11.788317883178848,57.79042553744537],[11.766717667176692,57.78873696017547],[11.752317523175236,57.78535980563572],[11.727117271172716,57.80224557833455],[11.709117091170924,57.822508505573126],[11.687516875168768,57.83770570100208],[11.65511655116552,57.83939427827195],[11.676716767167676,57.85290289643103],[11.691116911169132,57.857968628240684],[11.70551705517056,57.85965720551056],[11.694716947169468,57.88160871001904],[11.70551705517056,57.89174017363831],[11.759517595175964,57.901871637257614],[11.759517595175964,57.90862594633714],[11.745117451174508,57.90862594633714],[11.745117451174508,57.91538025541669],[11.7559175591756,57.91706883268657],[11.759517595175964,57.91875740995644],[11.766717667176692,57.928888873575744],[11.737917379173808,57.939020337195046],[11.745117451174508,57.955906109893874],[11.788317883178848,57.99812054164093],[11.799117991179912,58.02176062341928],[11.802718027180276,58.03695781884824],[11.795517955179548,58.04877785973741],[11.788317883178848,58.058909323356716],[11.784717847178484,58.06904078697602],[11.784717847178484,58.07917225059529],[11.802718027180276,58.085926559674846],[11.799117991179912,58.09099229148447],[11.795517955179548,58.09268086875437],[11.791917919179213,58.0994351778339],[11.817118171181733,58.102812332373674],[11.827918279182796,58.121386682342376],[11.838718387183889,58.187241195867784],[11.842318423184253,58.19399550494734],[11.853118531185316,58.19568408221721],[11.863918639186409,58.19737265948709],[11.874718747187472,58.19906123675699],[11.885518855188565,58.205815545836515],[11.889118891188929,58.21594700945579],[11.874718747187472,58.21594700945579],[11.860318603186045,58.21763558672569],[11.853118531185316,58.22607847307509],[11.845918459184588,58.25309570939322],[11.835118351183525,58.26153859574262],[11.824318243182432,58.268292904822175],[11.813518135181369,58.27842436844145],[11.809918099181004,58.30206445021983],[11.824318243182432,58.317261645648756],[11.8819188191882,58.33245884107771],[11.871118711187108,58.34596745923676],[11.849518495184952,58.34259030469701],[11.80631806318064,58.32739310926806],[11.752317523175236,58.32908168653793],[11.727117271172716,58.32739310926806],[11.727117271172716,58.312195913839105],[11.712717127171288,58.30713018202948],[11.68031680316804,58.30713018202948],[11.629916299163,58.281801522981226],[11.619116191161908,58.27842436844145],[11.611916119161208,58.2750472139017],[11.590315903159052,58.256472863933],[11.57951579515796,58.25140713212335],[11.568715687156867,58.249718554853445],[11.550715507155076,58.249718554853445],[11.536315363153648,58.25309570939322],[11.525515255152555,58.25816144120287],[11.52911529115292,58.25309570939322],[11.539915399154012,58.23789851396427],[11.507515075150764,58.24296424577392],[11.496714967149671,58.25816144120287],[11.5039150391504,58.28011294571135],[11.518315183151827,58.30544160475958],[11.543515435154347,58.334147418347584],[11.568715687156867,58.35441034558619],[11.622716227162272,58.388181890983844],[11.608316083160844,58.39493620006337],[11.622716227162272,58.40675624095255],[11.637116371163728,58.41351055003207],[11.669516695166948,58.4219534363815],[11.651516515165156,58.437150631810425],[11.629916299163,58.432084900000774],[11.60471604716048,58.415199127301975],[11.590315903159052,58.401690509142895],[11.57951579515796,58.41351055003207],[11.557915579155804,58.4489706726996],[11.55431554315544,58.46247929085868],[11.547115471154711,58.46247929085868],[11.55431554315544,58.43377347727068],[11.550715507155076,58.40000193187302],[11.539915399154012,58.36454180920549],[11.521915219152191,58.33583599561749],[11.496714967149671,58.312195913839105],[11.464314643146452,58.2936215638704],[11.395913959139591,58.2649157502824],[11.406714067140683,58.27842436844145],[11.417514175141747,58.290244409330654],[11.42831428314284,58.298687295680054],[11.442714427144267,58.30544160475958],[11.442714427144267,58.312195913839105],[11.42831428314284,58.312195913839105],[11.399513995139955,58.303753027489705],[11.388713887138891,58.30544160475958],[11.385113851138527,58.31895022291866],[11.388713887138891,58.32908168653793],[11.399513995139955,58.33752457288736],[11.413914139141411,58.339213150157235],[11.449914499144995,58.34090172742711],[11.442714427144267,58.34934461377654],[11.421114211142111,58.36454180920549],[11.424714247142475,58.388181890983844],[11.406714067140683,58.388181890983844],[11.399513995139955,58.37805042736454],[11.392313923139227,58.366230386475365],[11.381513815138163,58.35441034558619],[11.370713707137071,58.34765603650666],[11.356313563135643,58.344278881966886],[11.345513455134551,58.34596745923676],[11.352713527135279,58.35778750012594],[11.385113851138527,58.39831335460315],[11.406714067140683,58.41857628184172],[11.413914139141411,58.428707745461026],[11.424714247142475,58.442216363620076],[11.413914139141411,58.432084900000774],[11.370713707137071,58.40000193187302],[11.356313563135643,58.393247622793496],[11.349113491134915,58.388181890983844],[11.345513455134551,58.38311615917419],[11.338313383133851,58.37129611828502],[11.334713347133487,58.36791896374524],[11.305913059130603,58.35947607739584],[11.280712807128083,58.366230386475365],[11.251912519125199,58.366230386475365],[11.230312303123043,58.339213150157235],[11.21951219512195,58.34596745923676],[11.21951219512195,58.352721768316314],[11.223112231122315,58.361164654665714],[11.223112231122315,58.379739004634416],[11.205112051120523,58.401690509142895],[11.208712087120887,58.41857628184172],[11.223112231122315,58.42533059092125],[11.259112591125927,58.4219534363815],[11.251912519125199,58.442216363620076],[11.262712627126291,58.45234782723938],[11.277112771127719,58.459102136318904],[11.29511295112951,58.46923359993821],[11.259112591125927,58.48274221809726],[11.251912519125199,58.48780794990691],[11.241112411124107,58.50300514533586],[11.23751237512377,58.508070877145514],[11.241112411124107,58.513136608955165],[11.24471244712447,58.51651376349491],[11.248312483124835,58.518202340764816],[11.251912519125199,58.518202340764816],[11.251912519125199,58.548596731622695],[11.255512555125563,58.55535104070222],[11.266312663126627,58.562105349781746],[11.273512735127355,58.56548250432152],[11.280712807128083,58.570548236131174],[11.287912879128811,58.580679699750476],[11.266312663126627,58.580679699750476],[11.26991269912699,58.59249974063965],[11.266312663126627,58.597565472449304],[11.255512555125563,58.59925404971918],[11.251912519125199,58.60769693606858],[11.251912519125199,58.616139822418006],[11.259112591125927,58.62627128603731],[11.259112591125927,58.63471417238671],[11.248312483124835,58.64822279054576],[11.21231212312125,58.678617181403666],[11.215912159121586,58.69888010864224],[11.21951219512195,58.70732299499167],[11.21231212312125,58.71070014953142],[11.18711187111873,58.71070014953142],[11.176311763117639,58.71914303588085],[11.179911799118003,58.736028808579675],[11.190711907119066,58.7529145812785],[11.21231212312125,58.757980313088154],[11.205112051120523,58.771488931247205],[11.21231212312125,58.77993181759663],[11.223112231122315,58.78837470394603],[11.230312303123043,58.80019474483521],[11.233912339123407,58.80863763118464],[11.230312303123043,58.84409775385217],[11.226712267122679,58.84916348566182],[11.215912159121586,58.85085206293169],[11.201512015120159,58.85422921747147],[11.197911979119795,58.86436068109077],[11.197911979119795,58.888000762869126],[11.19431194311943,58.8981322264884],[11.190711907119066,58.9082636901077],[11.19431194311943,58.91164084464748],[11.19431194311943,58.91501799918723],[11.197911979119795,58.92177230826678],[11.147511475114754,58.931903771886056],[11.11871118711187,58.940346658235484],[11.107911079110806,58.953855276394535]]],[[[11.406714067140683,58.13151814596168],[11.410314103141047,58.14502676412073],[11.42831428314284,58.16022395954968],[11.52911529115292,58.21256985491604],[11.561515615156168,58.219324163995566],[11.586715867158688,58.23283278215462],[11.601116011160116,58.23789851396427],[11.619116191161908,58.23789851396427],[11.647916479164792,58.23452135942452],[11.662316623166248,58.23789851396427],[11.658716587165884,58.24802997758357],[11.658716587165884,58.25816144120287],[11.665916659166612,58.26660432755227],[11.676716767167676,58.271670059361924],[11.673116731167312,58.281801522981226],[11.669516695166948,58.285178677521],[11.687516875168768,58.29193298660053],[11.701917019170196,58.29193298660053],[11.737917379173808,58.285178677521],[11.748717487174872,58.263227173012524],[11.770317703177028,58.25309570939322],[11.788317883178848,58.246341400313696],[11.80631806318064,58.23114420488474],[11.813518135181369,58.210881277646166],[11.813518135181369,58.14502676412073],[11.80631806318064,58.12645241415203],[11.78111781117812,58.1196981050725],[11.7559175591756,58.1180095278026],[11.709117091170924,58.09774660056402],[11.65511655116552,58.107878064183296],[11.629916299163,58.0994351778339],[11.611916119161208,58.1180095278026],[11.586715867158688,58.12307525961225],[11.557915579155804,58.1180095278026],[11.532715327153284,58.10618948691342],[11.521915219152191,58.09605802329412],[11.518315183151827,58.089303714214594],[11.514715147151492,58.085926559674846],[11.507515075150764,58.085926559674846],[11.496714967149671,58.089303714214594],[11.464314643146452,58.10618948691342],[11.464314643146452,58.072417941515766],[11.457114571145723,58.072417941515766],[11.449914499144995,58.09774660056402],[11.446314463144631,58.102812332373674],[11.417514175141747,58.12307525961225],[11.406714067140683,58.13151814596168]]],[[[11.496714967149671,58.02851493249884],[11.507515075150764,58.045400705197636],[11.525515255152555,58.05046643700729],[11.568715687156867,58.045400705197636],[11.658716587165884,58.045400705197636],[11.68031680316804,58.05046643700729],[11.698316983169832,58.058909323356716],[11.716317163171652,58.06397505516637],[11.737917379173808,58.058909323356716],[11.737917379173808,58.04202355065789],[11.741517415174172,58.03526924157836],[11.745117451174508,58.031892087038585],[11.734317343173444,58.00318627345058],[11.73071730717308,57.99812054164093],[11.719917199171988,57.991366232561404],[11.709117091170924,57.99305480983128],[11.70551705517056,57.999809118910804],[11.712717127171288,58.01162915980001],[11.694716947169468,58.01500631433976],[11.68031680316804,58.00656342799036],[11.665916659166612,57.98967765529153],[11.658716587165884,57.9626604189734],[11.651516515165156,57.955906109893874],[11.640716407164092,57.95084037808422],[11.619116191161908,57.95421753262397],[11.611916119161208,57.94915180081435],[11.60471604716048,57.94070891446492],[11.593915939159388,57.93564318265527],[11.57951579515796,57.93564318265527],[11.572315723157232,57.94070891446492],[11.565115651156532,57.94577464627457],[11.561515615156168,57.94915180081435],[11.532715327153284,57.95084037808422],[11.52911529115292,57.95421753262397],[11.525515255152555,57.96603757351318],[11.521915219152191,57.974480459862576],[11.514715147151492,57.98461192348188],[11.511115111151128,57.99305480983128],[11.514715147151492,58.00149769618071],[11.525515255152555,58.004874850720455],[11.55431554315544,58.00318627345058],[11.568715687156867,58.00318627345058],[11.547115471154711,58.009940582530106],[11.525515255152555,58.009940582530106],[11.5039150391504,58.01331773706988],[11.496714967149671,58.02851493249884]]],[[[12.162721627216285,61.72481057627206],[12.23130231217446,61.95610947558501],[12.51866860810953,61.56770656061508],[12.483124831248318,61.569461467442835],[12.44352443524437,61.57283862198261],[12.414724147241486,61.582970085601914],[12.339123391233926,61.6336274036984],[12.29232292322925,61.6505131763972],[12.177121771217713,61.71130195811298],[12.162721627216285,61.72481057627206]]],[[[15.643956439564391,56.10522542210242],[15.654756547565484,56.1187340402615],[15.669156691566911,56.12379977207115],[15.67635676356764,56.120422617531375],[15.683556835568368,56.1170454629916],[15.719557195571952,56.1170454629916],[15.72675726757268,56.1187340402615],[15.72675726757268,56.11366830845185],[15.715957159571616,56.106913999372324],[15.70155701557016,56.10522542210242],[15.697956979569796,56.10015969029277],[15.70155701557016,56.090028226673496],[15.705157051570524,56.079896763054194],[15.70155701557016,56.07651960851442],[15.697956979569796,56.07483103124454],[15.683556835568368,56.07483103124454],[15.65115651156512,56.090028226673496],[15.643956439564391,56.10522542210242]]],[[[16.399963999639994,56.29772323086905],[16.40542783785336,56.314381323893976],[16.47061456754169,56.226275250960406],[16.450364503645034,56.218360099184565],[16.428764287642878,56.218360099184565],[16.41436414364145,56.22849156280387],[16.410764107641086,56.23862302642317],[16.41436414364145,56.26057453093165],[16.41436414364145,56.27070599455092],[16.399963999639994,56.29772323086905]]]]}},{"type":"Feature","properties":{"territory_id":"SE-02","country_code":"SE","country_name":"Sweden","display_name":"Central Sweden and Stockholm","strategic_centre":"Stockholm","centre":[18.0686,59.3294],"boundary_status":"provisional-strategic-partition"},"geometry":{"type":"MultiPolygon","coordinates":[[[[11.993519935199345,63.28843312818344],[12.205922059220597,63.453913700631944],[12.220322203222025,63.47417662787052],[12.220322203222025,63.496128132379],[12.169921699216985,63.597442768571966],[12.29232292322925,63.65654297301785],[12.483124831248318,63.810203504577174],[12.681126811268115,63.957109727056974],[12.756727567275675,63.99088127245463],[12.983529835298356,64.05842436324994],[13.235532355323556,64.09050733137772],[13.588335883358837,64.04998147690051],[13.941139411394118,64.00945562242333],[13.962739627396274,64.00945562242333],[13.980739807398095,64.01958708604263],[14.146341463414643,64.16818188579231],[14.160741607416071,64.18675623576104],[14.160741607416071,64.20533058572974],[14.113941139411395,64.4417314035133],[14.095940959409603,64.46537148529168],[14.05994059940599,64.47719152618086],[13.980739807398095,64.48394583526039],[13.941139411394118,64.49070014433991],[13.642336423364242,64.58357189418345],[13.90873908739087,64.78788974383926],[14.171541715417163,64.99220759349507],[14.311943119431191,65.08339076606873],[14.333543335433347,65.11378515692664],[14.333543335433347,65.11547373419651],[14.337143371433712,65.12222804327604],[14.365943659436596,65.21509979311958],[14.380343803438052,65.24042845216783],[14.401944019440208,65.25562564759676],[14.481144811448132,65.28939719299441],[14.513545135451352,65.31810300658242],[14.517145171451716,65.36369459286925],[14.509945099450988,65.41772906550551],[14.509945099450988,65.46500922906222],[14.560345603456028,65.70141004684581],[14.57114571145712,65.71660724227476],[14.635946359463588,65.7807731785303],[14.650346503465045,65.80272468303878],[14.643146431464316,65.84325053751596],[14.55280747192805,66.08726055314665],[18.875759147935884,63.263830580006],[18.880388803888053,63.252973005515884],[18.865988659886597,63.249595850976135],[18.811988119881192,63.25972731459541],[18.76878768787688,63.26141589186531],[18.75078750787509,63.25972731459541],[18.736387363873632,63.252973005515884],[18.754387543875453,63.24284154189661],[18.912789127891273,63.2124471510387],[18.89478894788948,63.19724995560978],[18.862388623886233,63.192184223800126],[18.797587975879765,63.192184223800126],[18.80118801188013,63.182052760180824],[18.804788047880493,63.17867560564105],[18.786787867878672,63.168544142021744],[18.772387723877245,63.168544142021744],[18.761587615876152,63.17698702837117],[18.754387543875453,63.192184223800126],[18.754387543875453,63.20738141922905],[18.77598775987761,63.2124471510387],[18.822788227882285,63.2124471510387],[18.822788227882285,63.21920146011823],[18.729187291872933,63.23271007827731],[18.70038700387005,63.22595576919778],[18.714787147871476,63.21920146011823],[18.71838718387184,63.21075857376883],[18.721987219872204,63.2023156874194],[18.729187291872933,63.192184223800126],[18.75078750787509,63.16685556475187],[18.754387543875453,63.15672410113257],[18.610386103861032,63.17867560564105],[18.563585635856356,63.17867560564105],[18.563585635856356,63.17192129656152],[18.585185851858512,63.17023271929165],[18.610386103861032,63.165166987481996],[18.628386283862852,63.15672410113257],[18.64278642786428,63.146592637513294],[18.64998649986501,63.13646117389399],[18.657186571865736,63.12295255573491],[18.653586535865372,63.11450966938551],[18.639186391863916,63.10944393757586],[18.61758617586176,63.11450966938551],[18.599585995859968,63.12126397846504],[18.577985779857812,63.124641133004815],[18.556385563855656,63.11619824665539],[18.549185491854928,63.10775536030599],[18.545585455854564,63.09593531941681],[18.538385383853836,63.084115278527634],[18.523985239852408,63.075672392178205],[18.556385563855656,63.075672392178205],[18.513185131851316,63.0570980422095],[18.498784987849888,63.05540946493963],[18.49158491584916,63.05034373312998],[18.487984879848796,63.02501507408172],[18.477184771847732,63.01994934227207],[18.46638466384664,63.02332649681185],[18.43398433984339,63.0469665785902],[18.419584195841963,63.053720887669726],[18.405184051840536,63.05540946493963],[18.387183871838715,63.053720887669726],[18.372783727837287,63.0469665785902],[18.405184051840536,63.035146537701024],[18.423184231842328,63.026703651351625],[18.43398433984339,63.01488361046242],[18.369183691836923,63.01994934227207],[18.36558365583656,63.02163791954197],[18.35838358383586,63.03345796043115],[18.35118351183513,63.0368351149709],[18.343983439834403,63.040212269510675],[18.34038340383404,63.0368351149709],[18.34038340383404,63.03008080589137],[18.336783367833675,63.026703651351625],[18.34038340383404,63.02501507408172],[18.32598325983261,63.01488361046242],[18.30078300783009,63.00644072411302],[18.243182431824323,62.999686415033494],[18.26478264782648,62.98955495141419],[18.523985239852408,62.991243528684066],[18.552785527855292,62.986177796874415],[18.570785707857084,62.972669178715364],[18.577985779857812,62.95916056055631],[18.56718567185672,62.95409482874666],[18.552785527855292,62.95916056055631],[18.545585455854564,62.972669178715364],[18.538385383853836,62.972669178715364],[18.527585275852772,62.95409482874666],[18.505985059850616,62.94902909693701],[18.477184771847732,62.95240625147676],[18.419584195841963,62.96929202417559],[18.40158401584017,62.964226292365964],[18.394383943839443,62.945651942397234],[18.44118441184412,62.928766169698406],[18.455584555845576,62.92538901515866],[18.49158491584916,62.93045474696831],[18.50958509585095,62.93214332423818],[18.523985239852408,62.92538901515866],[18.513185131851316,62.90343751065018],[18.473584735847368,62.901748933380304],[18.40158401584017,62.91188039699958],[18.4159841598416,62.89668320157065],[18.462784627846275,62.888240315221225],[18.473584735847368,62.87642027433205],[18.469984699847004,62.86797738798265],[18.462784627846275,62.861223078903095],[18.45198451984521,62.857845924363346],[18.42678426784269,62.85446876982357],[18.419584195841963,62.84940303801392],[18.40878408784087,62.84602588347417],[18.40158401584017,62.84096015166452],[18.37638376383765,62.83589441985487],[18.36558365583656,62.83589441985487],[18.347583475834767,62.839271574394644],[18.329583295832975,62.839271574394644],[18.32598325983261,62.84096015166452],[18.322383223832247,62.84433730620427],[18.318783187831883,62.84940303801392],[18.31518315183152,62.85615734709347],[18.2827828278283,62.87642027433205],[18.268382683826843,62.883174583411574],[18.246782467824687,62.883174583411574],[18.25038250382505,62.879797428871825],[18.253982539825415,62.86966596525252],[18.20718207182074,62.86966596525252],[18.20718207182074,62.862911656173],[18.217982179821803,62.85953450163322],[18.221582215822167,62.852780192553695],[18.21438214382144,62.84433730620427],[18.20718207182074,62.83589441985487],[18.228782287822895,62.82914011077534],[18.261182611826115,62.847714460744044],[18.2827828278283,62.84096015166452],[18.25758257582578,62.81056576080661],[18.243182431824323,62.798745719917434],[18.22518225182253,62.79367998810781],[18.21438214382144,62.790302833568035],[18.20718207182074,62.78185994721861],[18.196381963819647,62.776794215408984],[18.18198181981822,62.78354852448851],[18.18198181981822,62.790302833568035],[18.18918189181892,62.79705714264756],[18.196381963819647,62.803811451727086],[18.19998199982001,62.80718860626686],[18.185581855818555,62.812254338076514],[18.178381783817855,62.803811451727086],[18.167581675816763,62.79199141083791],[18.160381603816035,62.78017136994873],[18.13878138781388,62.77172848359933],[18.120781207812087,62.77003990632943],[18.077580775807775,62.77341706086921],[18.08118081180814,62.78354852448851],[18.084780847808474,62.78692567902826],[18.066780667806682,62.79367998810781],[18.04878048780489,62.795368565377686],[18.009180091800914,62.79367998810781],[18.034380343803434,62.812254338076514],[18.120781207812087,62.80550002899699],[18.145981459814607,62.822385801695816],[18.102781027810295,62.830828688045216],[18.084780847808474,62.83758299712474],[18.070380703807047,62.84940303801392],[18.07398073980741,62.85109161528382],[18.07398073980741,62.852780192553695],[18.077580775807775,62.85615734709347],[18.05598055980562,62.852780192553695],[18.019980199802006,62.84096015166452],[17.987579875798758,62.825762956235565],[17.97317973179733,62.812254338076514],[17.969579695796966,62.80718860626686],[17.951579515795174,62.81056576080661],[17.933579335793354,62.817320069886165],[17.926379263792654,62.822385801695816],[17.92277922779229,62.830828688045216],[17.926379263792654,62.866288810712746],[17.92277922779229,62.86966596525252],[17.915579155791562,62.87810885160192],[17.911979119791198,62.883174583411574],[17.915579155791562,62.888240315221225],[17.92277922779229,62.89668320157065],[17.926379263792654,62.9000603561104],[17.92277922779229,62.915257551539355],[17.908379083790834,62.915257551539355],[17.893978939789406,62.910191819729704],[17.879578795787978,62.91188039699958],[17.87237872378725,62.91863470607913],[17.854378543785458,62.955783406016536],[17.84717847178473,62.964226292365964],[17.836378363783638,62.97098060144549],[17.82197821978221,62.97604633325514],[17.811178111781118,62.97942348779489],[17.818378183781846,62.98448921960454],[17.829178291782938,62.999686415033494],[17.807578075780754,62.99799783776359],[17.778777787777898,62.98280064233467],[17.760777607776078,62.97942348779489],[17.742777427774286,62.98280064233467],[17.728377283772858,62.99293210595397],[17.710377103771037,62.99799783776359],[17.692376923769245,62.99293210595397],[17.818378183781846,62.942274787857485],[17.84717847178473,62.92201186061888],[17.865178651786522,62.901748933380304],[17.890378903789042,62.86966596525252],[17.901179011790134,62.839271574394644],[17.886778867788678,62.822385801695816],[17.886778867788678,62.81563149261626],[17.92997929979302,62.80043429718734],[17.940779407794082,62.79367998810781],[17.951579515795174,62.78523710175838],[17.95517955179554,62.78185994721861],[17.95517955179554,62.763285597249904],[17.962379623796238,62.75146555636073],[17.994779947799486,62.727825474582374],[18.001980019800214,62.70925112461367],[17.99837998379985,62.697431083724496],[17.991179911799122,62.68054531102567],[17.991179911799122,62.673791001946114],[17.99837998379985,62.665348115596714],[17.994779947799486,62.66028238378706],[17.983979839798394,62.65859380651719],[17.97317973179733,62.656905229247286],[17.969579695796966,62.65859380651719],[17.944379443794446,62.66872527013649],[17.933579335793354,62.670413847406365],[17.87237872378725,62.670413847406365],[17.890378903789042,62.65859380651719],[18.041580415804162,62.62651083838941],[18.045180451804526,62.61469079750023],[18.04878048780489,62.60624791115083],[18.05598055980562,62.59949360207128],[18.06318063180632,62.59611644753153],[18.041580415804162,62.59273929299175],[17.969579695796966,62.560656324864],[17.962379623796238,62.56403347940375],[17.962379623796238,62.575853520292924],[17.951579515795174,62.60624791115083],[17.95517955179554,62.611313642960454],[17.951579515795174,62.61469079750023],[17.937179371793718,62.616379374770105],[17.92997929979302,62.613002220230356],[17.926379263792654,62.60455933388093],[17.915579155791562,62.572476365753175],[17.911979119791198,62.56572205667362],[17.911979119791198,62.55727917032422],[17.908379083790834,62.548836283974794],[17.901179011790134,62.545459129435045],[17.879578795787978,62.540393397625394],[17.893978939789406,62.52688477946634],[17.861578615786158,62.50155612041809],[17.843578435784366,62.48973607952891],[17.82197821978221,62.48635892498913],[17.811178111781118,62.48973607952891],[17.79677796777969,62.50324469768796],[17.785977859778598,62.504933274957864],[17.735577355773557,62.504933274957864],[17.692376923769245,62.49817896587834],[17.67077670776709,62.48973607952891],[17.659976599765997,62.477916038639734],[17.659976599765997,62.461030265940906],[17.674376743767453,62.455964534131255],[17.69597695976961,62.4508988023216],[17.706777067770673,62.43739018416255],[17.577175771757737,62.4407673387023],[17.56277562775628,62.44414449324208],[17.548375483754853,62.447521647781855],[17.530375303753033,62.46271884321078],[17.526775267752697,62.46440742048068],[17.479974799747993,62.504933274957864],[17.43677436774368,62.53701624308562],[17.425974259742617,62.540393397625394],[17.404374043740432,62.53532766581574],[17.397173971739733,62.51168758403739],[17.379173791737912,62.504933274957864],[17.357573575735756,62.50324469768796],[17.34317343173433,62.49817896587834],[17.332373323733236,62.488047502259036],[17.332373323733236,62.47285030683008],[17.375573755737577,62.43739018416255],[17.379173791737912,62.434013029622776],[17.379173791737912,62.41037294784442],[17.371973719737213,62.406995793304674],[17.36117361173612,62.4036186387649],[17.3359733597336,62.4036186387649],[17.350373503735057,62.398552906955246],[17.36117361173612,62.390110020605846],[17.364773647736484,62.37828997971664],[17.36117361173612,62.366469938827464],[17.36117361173612,62.35633847520819],[17.36837368373685,62.34282985704911],[17.379173791737912,62.33269839342981],[17.39357393573937,62.327632661620186],[17.422374223742253,62.331009816159934],[17.43677436774368,62.331009816159934],[17.454774547745473,62.32087835254063],[17.4619746197462,62.31243546619123],[17.46917469174693,62.30230400257193],[17.476374763747657,62.29217253895263],[17.48717487174872,62.287106807142976],[17.48717487174872,62.28035249806345],[17.479974799747993,62.28035249806345],[17.472774727747293,62.278663920793576],[17.4619746197462,62.273598188983925],[17.54477544775449,62.2482695299357],[17.566375663756645,62.25333526174535],[17.598775987759893,62.24995810720557],[17.631176311763113,62.23982664358627],[17.652776527765297,62.23138375723687],[17.56997569975701,62.20436652091874],[17.54477544775449,62.20098936637896],[17.541175411754125,62.206055098188614],[17.56997569975701,62.23138375723687],[17.551975519755217,62.23644948904652],[17.533975339753397,62.23476091177662],[17.51957519575197,62.22800660269709],[17.508775087750877,62.21787513907779],[17.505175051750513,62.20436652091874],[17.505175051750513,62.18748074821991],[17.508775087750877,62.17228355279096],[17.508775087750877,62.16384066644156],[17.501575015750177,62.15033204828248],[17.497974979749813,62.14695489374273],[17.479974799747993,62.1300691210439],[17.472774727747293,62.11656050288482],[17.472774727747293,62.08447753475707],[17.46917469174693,62.07603464840764],[17.447574475744773,62.06759176205824],[17.46917469174693,62.06252603024859],[17.458374583745837,62.04901741208954],[17.425974259742617,62.02706590758106],[17.43677436774368,62.02200017577141],[17.451174511745137,62.01186871215211],[17.4619746197462,62.00342582580271],[17.451174511745137,62.00004867126293],[17.404374043740432,61.99498293945328],[17.39357393573937,61.9916057849135],[17.38637386373864,61.98147432129423],[17.389973899739005,61.97134285767493],[17.38637386373864,61.961211394055624],[17.364773647736484,61.957834239515876],[17.353973539735392,61.95614566224597],[17.346773467734693,61.94770277589657],[17.34317343173433,61.9358827350074],[17.34317343173433,61.92406269411822],[17.346773467734693,61.91224265322904],[17.36117361173612,61.89366830326031],[17.364773647736484,61.88691399418079],[17.36117361173612,61.88015968510126],[17.346773467734693,61.87509395329161],[17.34317343173433,61.87002822148196],[17.34317343173433,61.85651960332291],[17.346773467734693,61.854831026053006],[17.350373503735057,61.85314244878313],[17.353973539735392,61.84807671697348],[17.346773467734693,61.83794525335418],[17.34317343173433,61.83456809881443],[17.339573395733964,61.82950236700478],[17.3359733597336,61.82443663519513],[17.339573395733964,61.8176823261156],[17.353973539735392,61.814305171575825],[17.404374043740432,61.82105948065535],[17.400774007740097,61.810928017036076],[17.39357393573937,61.805862285226425],[17.382773827738276,61.80248513068665],[17.371973719737213,61.800796553416774],[17.371973719737213,61.792353667067346],[17.389973899739005,61.7889765125276],[17.389973899739005,61.77715647163842],[17.38637386373864,61.76195927620947],[17.38637386373864,61.74676208078051],[17.389973899739005,61.72818773081181],[17.400774007740097,61.72312199900216],[17.447574475744773,61.72818773081181],[17.465574655746565,61.73325346262146],[17.483574835748357,61.73494203989134],[17.501575015750177,61.72481057627206],[17.51237512375124,61.71299053538286],[17.51957519575197,61.702859071763584],[17.51957519575197,61.69103903087441],[17.51237512375124,61.680907567255105],[17.505175051750513,61.667398949096025],[17.501575015750177,61.6505131763972],[17.497974979749813,61.63531598096827],[17.479974799747993,61.62856167188875],[17.4619746197462,61.63025024915862],[17.447574475744773,61.6336274036984],[17.433174331743317,61.63869313550802],[17.41877418774189,61.6505131763972],[17.382773827738276,61.69272760814428],[17.36117361173612,61.70961338084311],[17.332373323733236,61.71805626719251],[17.332373323733236,61.70454764903346],[17.3359733597336,61.694416185414156],[17.350373503735057,61.67753041271533],[17.314373143731444,61.68259614452498],[17.299972999730016,61.689350453604504],[17.303573035730352,61.70454764903346],[17.26757267572677,61.721433421732286],[17.224372243722456,61.72649915354194],[17.137971379713804,61.72481057627206],[17.148771487714896,61.71467911265276],[17.166771667716688,61.70961338084311],[17.199171991719936,61.71130195811298],[17.26757267572677,61.69103903087441],[17.26037260372604,61.67415325817558],[17.227972279722792,61.6623332172864],[17.191971919719208,61.65726748547675],[17.166771667716688,61.65726748547675],[17.166771667716688,61.6505131763972],[17.173971739717416,61.64882459912732],[17.191971919719208,61.6420702900478],[17.163171631716324,61.63700455823815],[17.119971199712012,61.645447444587575],[17.098370983709856,61.63531598096827],[17.224372243722456,61.62180736280919],[17.249572495724976,61.60829874465014],[17.224372243722456,61.60323301284049],[17.209972099721,61.604921590110365],[17.173971739717416,61.61505305372967],[17.15237152371523,61.618430208269444],[17.0839708397084,61.61505305372967],[17.0839708397084,61.60829874465014],[17.119971199712012,61.609987321920016],[17.13437134371344,61.60661016738027],[17.145171451714532,61.59479012649109],[17.10197101971019,61.58465866287179],[17.055170551705515,61.582970085601914],[17.0839708397084,61.57115004471274],[17.18477184771848,61.561018581093435],[17.18477184771848,61.55426427201391],[17.091170911709128,61.555952849283784],[17.080370803708036,61.55088711747413],[17.087570875708764,61.54582138566448],[17.112771127711284,61.54075565385483],[17.130771307713076,61.53231276750543],[17.155971559715596,61.528935612965654],[17.166771667716688,61.52724703569578],[17.166771667716688,61.51880414934635],[17.123571235712376,61.51880414934635],[17.123571235712376,61.5137384175367],[17.163171631716324,61.503606953917426],[17.173971739717416,61.498541222107775],[17.17757177571775,61.4867211812186],[17.170371703717052,61.479966872139045],[17.15957159571596,61.47490114032942],[17.15237152371523,61.46476967671012],[17.155971559715596,61.45632679036069],[17.163171631716324,61.44788390401129],[17.170371703717052,61.441129594931766],[17.181171811718116,61.43775244039199],[17.191971919719208,61.43775244039199],[17.199171991719936,61.44281817220164],[17.202772027720272,61.44788390401129],[17.213572135721364,61.45126105855104],[17.220772207722092,61.44788390401129],[17.220772207722092,61.441129594931766],[17.217172171721728,61.43437528585221],[17.206372063720636,61.430998131312464],[17.195571955719572,61.42930955404259],[17.18477184771848,61.42762097677269],[17.173971739717416,61.422555244963036],[17.166771667716688,61.41580093588351],[17.15957159571596,61.42424382223294],[17.148771487714896,61.43437528585221],[17.137971379713804,61.43775244039199],[17.12717127171271,61.41748951315341],[17.10917109171092,61.409046626803985],[17.105571055710556,61.39891516318468],[17.10917109171092,61.39384943137503],[17.137971379713804,61.368520772326804],[17.166771667716688,61.35501215416775],[17.199171991719936,61.3482578450882],[17.202772027720272,61.33643780419902],[17.274772747727496,61.31448629969054],[17.245972459724612,61.311109145150795],[17.213572135721364,61.31279772242067],[17.15237152371523,61.32799491784962],[17.166771667716688,61.30773199061102],[17.191971919719208,61.29928910426162],[17.224372243722456,61.29422337245197],[17.249572495724976,61.28746906337244],[17.206372063720636,61.289157640642316],[17.188371883718844,61.29084621791219],[17.13437134371344,61.316174876960446],[17.119971199712012,61.319552031500194],[17.098370983709856,61.3212406087701],[17.098370983709856,61.31448629969054],[17.119971199712012,61.30773199061102],[17.15237152371523,61.29422337245197],[17.181171811718116,61.275649022483265],[17.199171991719936,61.25876324978444],[17.213572135721364,61.235123168006055],[17.195571955719572,61.226680281656655],[17.170371703717052,61.21992597257713],[17.15237152371523,61.204728777148176],[17.18477184771848,61.191220158989125],[17.181171811718116,61.16589149994087],[17.173971739717416,61.15744861359147],[17.15957159571596,61.14900572724204],[17.17757177571775,61.13549710908299],[17.181171811718116,61.123677068193814],[17.170371703717052,61.115234181844386],[17.145171451714532,61.115234181844386],[17.155971559715596,61.11185702730464],[17.18477184771848,61.11185702730464],[17.191971919719208,61.10847987276486],[17.199171991719936,61.10341414095521],[17.199171991719936,61.08990552279616],[17.188371883718844,61.088216945526284],[17.181171811718116,61.08315121371663],[17.173971739717416,61.07301975009733],[17.170371703717052,61.05951113193828],[17.166771667716688,61.0460025137792],[17.170371703717052,61.04262535923945],[17.17757177571775,61.0375596274298],[17.18477184771848,61.03249389562015],[17.166771667716688,61.02236243200085],[17.15957159571596,61.02067385473097],[17.209972099721,61.02405100927072],[17.23517235172352,61.02236243200085],[17.249572495724976,61.012230968381544],[17.188371883718844,61.003788082032145],[17.166771667716688,60.99196804114297],[17.15957159571596,60.96495080482484],[17.155971559715596,60.95313076393566],[17.15957159571596,60.94806503212601],[17.181171811718116,60.93793356850671],[17.199171991719936,60.93624499123683],[17.206372063720636,60.93455641396696],[17.202772027720272,60.92104779580788],[17.206372063720636,60.914293486728354],[17.213572135721364,60.90247344583918],[17.217172171721728,60.8990962912994],[17.231572315723156,60.90416202310905],[17.242372423724248,60.90247344583918],[17.245972459724612,60.89740771402953],[17.281972819728196,60.84168466412339],[17.274772747727496,60.83999608685352],[17.263972639726404,60.83661893231374],[17.256772567725676,60.83324177777399],[17.256772567725676,60.82817604596434],[17.26037260372604,60.816356005075164],[17.26757267572677,60.81466742780526],[17.274772747727496,60.81804458234504],[17.281972819728196,60.81297885053539],[17.28557285572856,60.799470232376336],[17.281972819728196,60.789338768757034],[17.281972819728196,60.780895882407634],[17.296372963729652,60.772452996058206],[17.314373143731444,60.76907584151843],[17.332373323733236,60.77076441878833],[17.3359733597336,60.767387264248555],[17.325173251732537,60.75219006881963],[17.31077310773108,60.745435759740076],[17.278372783727832,60.736992873390676],[17.253172531725312,60.72010710069185],[17.213572135721364,60.70659848253277],[17.191971919719208,60.701532750723146],[17.18477184771848,60.696467018913495],[17.188371883718844,60.69308986437372],[17.191971919719208,60.68971270983397],[17.206372063720636,60.691401287103844],[17.227972279722792,60.696467018913495],[17.238772387723884,60.69815559618337],[17.256772567725676,60.69477844164359],[17.278372783727832,60.67958124621467],[17.31077310773108,60.67282693713514],[17.364773647736484,60.64918685535676],[17.325173251732537,60.63567823719771],[17.325173251732537,60.62892392811818],[17.339573395733964,60.62216961903866],[17.36117361173612,60.62216961903866],[17.375573755737577,60.62385819630853],[17.379173791737912,60.62385819630853],[17.397173971739733,60.63230108265793],[17.415174151741525,60.63736681446758],[17.548375483754853,60.64918685535676],[17.573575735757373,60.647498278086886],[17.59517595175953,60.639055391737486],[17.609576095760957,60.63061250538806],[17.64557645576457,60.61879246449888],[17.659976599765997,60.60866100087958],[17.64557645576457,60.60021811453018],[17.609576095760957,60.588398073641],[17.602376023760257,60.58333234183135],[17.605976059760593,60.56982372367227],[17.62037620376205,60.54787221916382],[17.623976239762413,60.536052178274616],[17.63837638376384,60.51578925103604],[17.67077670776709,60.50396921014686],[17.742777427774286,60.49890347833721],[17.742777427774286,60.50565778741674],[17.728377283772858,60.53436360100474],[17.760777607776078,60.563069414592746],[17.81477814778148,60.585020919101225],[17.919179191791926,60.60021811453018],[17.94797947979481,60.598529537260276],[17.97317973179733,60.588398073641],[17.994779947799486,60.552937950973444],[17.994779947799486,60.54111791008427],[17.987579875798758,60.53098644646499],[17.98037980379806,60.522543560115565],[17.965979659796602,60.51916640557582],[17.965979659796602,60.51241209649626],[17.994779947799486,60.51072351922639],[18.019980199802006,60.50228063287699],[18.06318063180632,60.47864055109861],[18.09918099180993,60.465131932939556],[18.102781027810295,60.45837762386003],[18.109981099810994,60.44318042843108],[18.11358113581136,60.43642611935155],[18.142381423814243,60.4127860375732],[18.178381783817855,60.39927741941412],[18.261182611826115,60.38239164671529],[18.246782467824687,60.37732591490567],[18.221582215822167,60.36381729674659],[18.20718207182074,60.35537441039719],[18.20718207182074,60.34693152404776],[18.221582215822167,60.33848863769836],[18.228782287822895,60.33342290588871],[18.235982359823595,60.326668596809185],[18.25038250382505,60.33342290588871],[18.279182791827935,60.348620101317664],[18.297182971829727,60.35537441039719],[18.31518315183152,60.357062987667064],[18.32598325983261,60.35537441039719],[18.35838358383586,60.34693152404776],[18.42678426784269,60.348620101317664],[18.448384483844848,60.34186579223811],[18.448384483844848,60.33848863769836],[18.444784447844484,60.33004575134893],[18.444784447844484,60.31991428772963],[18.448384483844848,60.313159978650106],[18.45198451984521,60.30978282411036],[18.473584735847368,60.299651360491055],[18.473584735847368,60.29289705141153],[18.462784627846275,60.29120847414163],[18.448384483844848,60.29289705141153],[18.437584375843755,60.29289705141153],[18.42678426784269,60.286142742332004],[18.56718567185672,60.25912550601387],[18.603186031860332,60.23886257877527],[18.563585635856356,60.22704253788609],[18.40158401584017,60.25912550601387],[18.369183691836923,60.27938843325245],[18.31518315183152,60.321602864999534],[18.329583295832975,60.286142742332004],[18.369183691836923,60.25912550601387],[18.4159841598416,60.23548542423552],[18.448384483844848,60.21184534245714],[18.430384303843056,60.210156765187264],[18.4159841598416,60.215222496996915],[18.394383943839443,60.23210826969574],[18.397983979839807,60.20846818791739],[18.419584195841963,60.193270992488436],[18.469984699847004,60.17638521978961],[18.49158491584916,60.16118802436068],[18.505985059850616,60.15612229255103],[18.523985239852408,60.15612229255103],[18.53478534785347,60.15949944709078],[18.545585455854564,60.16456517890043],[18.549185491854928,60.17300806524986],[18.549185491854928,60.1291050562329],[18.552785527855292,60.120662169883474],[18.574385743857448,60.08857920175572],[18.577985779857812,60.07338200632677],[18.585185851858512,60.07338200632677],[18.588785887858876,60.08857920175572],[18.59238592385924,60.1088421289943],[18.588785887858876,60.12741647896303],[18.577985779857812,60.14261367439195],[18.599585995859968,60.147679406201604],[18.624786247862488,60.15105656074138],[18.64998649986501,60.147679406201604],[18.685986859868592,60.130793633502776],[18.721987219872204,60.125727901693125],[18.736387363873632,60.11559643807385],[18.739987399873996,60.09871066537502],[18.739987399873996,60.06493911997737],[18.74358743587436,60.049741924548414],[18.790387903879036,60.01765895642063],[18.797587975879765,60.00415033826158],[18.783187831878337,60.03116757457971],[18.761587615876152,60.05649623362794],[18.754387543875453,60.081824892676195],[18.765187651876516,60.1105307062642],[18.804788047880493,60.12235074715338],[18.815588155881557,60.117285015343725],[18.81918819188192,60.11390786080395],[18.81918819188192,60.081824892676195],[18.822788227882285,60.068316274517116],[18.86958869588696,59.99401887464228],[18.90198901989021,59.94673871108557],[18.923589235892365,59.934918670196396],[18.966789667896677,59.92647578384697],[18.988389883898833,59.91972147476744],[19.006390063900653,59.91127858841804],[19.009990099901017,59.90959001114814],[19.009990099901017,59.89608139298909],[19.024390243902445,59.88426135209991],[19.031590315903173,59.880884197560135],[19.042390423904237,59.88257277483004],[19.042390423904237,59.88763850663966],[19.038790387903873,59.89776997025896],[19.035190351903537,59.902835702068614],[19.05319053190533,59.90114712479874],[19.07119071190712,59.89608139298909],[19.067590675906757,59.88257277483004],[19.067590675906757,59.83360403400343],[19.035190351903537,59.8352926112733],[19.02079020790208,59.840358343082954],[18.948789487894885,59.899458547528866],[18.916389163891637,59.92141005203732],[18.887588875888753,59.929852938386745],[18.89478894788948,59.916344320227694],[18.930789307893093,59.88594992936979],[18.934389343893457,59.86906415667096],[18.923589235892365,59.85217838397213],[18.862388623886233,59.80320964314555],[18.84438844388444,59.79476675679612],[18.81918819188192,59.79307817952625],[18.77598775987761,59.79307817952625],[18.754387543875453,59.79138960225637],[18.739987399873996,59.782946715906945],[18.732787327873297,59.769438097747894],[18.75078750787509,59.769438097747894],[18.790387903879036,59.77956956136717],[19.042390423904237,59.78463529317682],[19.085590855908578,59.77281525228764],[19.074790747907485,59.74917517050929],[19.056790567905693,59.73566655235024],[19.035190351903537,59.72891224327071],[18.973989739897405,59.71878077965141],[18.955989559895613,59.71878077965141],[18.941589415894157,59.72384651146106],[18.930789307893093,59.73060082054059],[18.919989199892,59.74579801596954],[18.912789127891273,59.752552325049066],[18.90198901989021,59.733977975080336],[18.880388803888053,59.72215793419116],[18.855188551885533,59.71371504784176],[18.779587795877973,59.70189500695258],[18.757987579875817,59.69176354333328],[18.754387543875453,59.67656634790433],[18.71838718387184,59.67656634790433],[18.714787147871476,59.67318919336458],[18.711187111871112,59.66474630701515],[18.707587075870777,59.657991997935625],[18.70038700387005,59.652926266125974],[18.69318693186932,59.649549111586225],[18.74358743587436,59.649549111586225],[18.736387363873632,59.6411062252368],[18.72558725587257,59.6326633388874],[18.711187111871112,59.62422045253797],[18.70038700387005,59.62084329799822],[18.689586895868956,59.62422045253797],[18.682386823868256,59.62928618434762],[18.671586715867164,59.636040493427146],[18.660786607866072,59.636040493427146],[18.678786787867892,59.617466143458444],[18.685986859868592,59.60564610256927],[18.678786787867892,59.600580370759616],[18.664386643866436,59.59720321621984],[18.639186391863916,59.58369459806079],[18.595985959859604,59.573563134441486],[18.5419854198542,59.546545898123355],[18.48438484384843,59.53472585723418],[18.45918459184591,59.52121723907513],[18.412384123841235,59.49082284821725],[18.379983799838016,59.475625652788295],[18.343983439834403,59.47224849824852],[18.268382683826843,59.47731423005817],[18.268382683826843,59.470559920978644],[18.304383043830455,59.45705130281959],[18.289982899829,59.45029699374007],[18.261182611826115,59.45198557100994],[18.246782467824687,59.45029699374007],[18.268382683826843,59.44523126193042],[18.2827828278283,59.43678837558099],[18.27558275582757,59.42327975742194],[18.293582935829363,59.41483687107251],[18.318783187831883,59.40977113926286],[18.336783367833675,59.408082561992984],[18.30798307983082,59.39626252110381],[18.246782467824687,59.39795109837368],[18.18918189181892,59.408082561992984],[18.160381603816035,59.42159118015206],[18.171181711817127,59.426656911961686],[18.18198181981822,59.42834548923159],[18.196381963819647,59.426656911961686],[18.20718207182074,59.42159118015206],[18.203582035820375,59.43003406650146],[18.19998199982001,59.45029699374007],[18.192781927819283,59.45705130281959],[18.18198181981822,59.45873988008947],[18.160381603816035,59.44691983920029],[18.145981459814607,59.443542684660514],[18.13878138781388,59.44523126193042],[18.127981279812815,59.45536272554969],[18.117181171811723,59.45705130281959],[18.11358113581136,59.45536272554969],[18.102781027810295,59.44523126193042],[18.095580955809567,59.443542684660514],[18.084780847808474,59.43847695285086],[18.084780847808474,59.42834548923159],[18.091980919809203,59.41652544834241],[18.09918099180993,59.408082561992984],[18.066780667806682,59.39795109837368],[18.052380523805255,59.39626252110381],[18.041580415804162,59.39795109837368],[18.019980199802006,59.40639398472311],[18.009180091800914,59.408082561992984],[18.145981459814607,59.34053947119767],[18.109981099810994,59.33547373938802],[18.095580955809567,59.3388508939278],[18.095580955809567,59.32703085303862],[18.171181711817127,59.32703085303862],[18.196381963819647,59.33378516211815],[18.20718207182074,59.33209658484827],[18.21438214382144,59.320276543959096],[18.221582215822167,59.320276543959096],[18.253982539825415,59.36249097570615],[18.318783187831883,59.3759995938652],[18.39078390783908,59.36924528478568],[18.448384483844848,59.35404808935675],[18.44118441184412,59.350670934816975],[18.430384303843056,59.34391662573745],[18.42678426784269,59.34053947119767],[18.455584555845576,59.33547373938802],[18.469984699847004,59.337162316657924],[18.480784807848096,59.3472937802772],[18.455584555845576,59.381065325674854],[18.448384483844848,59.39626252110381],[18.495184951849524,59.39626252110381],[18.455584555845576,59.40977113926286],[18.437584375843755,59.41990260288216],[18.42678426784269,59.43678837558099],[18.48438484384843,59.43341122104124],[18.50958509585095,59.42834548923159],[18.538385383853836,59.41652544834241],[18.538385383853836,59.413148293802635],[18.5419854198542,59.399639675643584],[18.545585455854564,59.39626252110381],[18.613986139861396,59.37431101659533],[18.599585995859968,59.36249097570615],[18.585185851858512,59.36249097570615],[18.563585635856356,59.3675567075158],[18.545585455854564,59.3675567075158],[18.56718567185672,59.36080239843628],[18.599585995859968,59.355736666626626],[18.631986319863216,59.3472937802772],[18.646386463864644,59.33040800757837],[18.639186391863916,59.315210812149445],[18.621186211862124,59.30845650306992],[18.56718567185672,59.30676792580002],[18.552785527855292,59.30507934853014],[18.53478534785347,59.30001361672049],[18.520385203852044,59.29832503945062],[18.502385023850252,59.30339077126027],[18.49158491584916,59.30845650306992],[18.462784627846275,59.31183365760967],[18.448384483844848,59.31352223487954],[18.36558365583656,59.30676792580002],[18.336783367833675,59.31352223487954],[18.34038340383404,59.31689938941932],[18.343983439834403,59.328719430308496],[18.343983439834403,59.33378516211815],[18.32598325983261,59.33378516211815],[18.30798307983082,59.33040800757837],[18.289982899829,59.32196512122897],[18.27558275582757,59.31352223487954],[18.289982899829,59.30845650306992],[18.30078300783009,59.301702193990366],[18.30798307983082,59.293259307640966],[18.31518315183152,59.28481642129154],[18.31518315183152,59.27806211221201],[18.2827828278283,59.279750689481915],[18.271982719827207,59.274684957672264],[18.279182791827935,59.261176339513185],[18.336783367833675,59.24429056681436],[18.361983619836195,59.24091341227461],[18.387183871838715,59.230781948655306],[18.412384123841235,59.21558475322635],[18.42678426784269,59.19701040325765],[18.336783367833675,59.23584768046496],[18.31518315183152,59.23415910319508],[18.31518315183152,59.22233906230588],[18.329583295832975,59.21389617595648],[18.35118351183513,59.2105190214167],[18.36558365583656,59.2105190214167],[18.372783727837287,59.203764712337176],[18.37638376383765,59.191944671448],[18.387183871838715,59.1835017850986],[18.405184051840536,59.18856751690825],[18.40158401584017,59.18519036236847],[18.40158401584017,59.1818132078287],[18.397983979839807,59.17843605328895],[18.394383943839443,59.17505889874917],[18.394383943839443,59.168304589669646],[18.419584195841963,59.17505889874917],[18.430384303843056,59.17505889874917],[18.43398433984339,59.16492743512987],[18.430384303843056,59.15310739424069],[18.423184231842328,59.14466450789129],[18.4159841598416,59.13959877608164],[18.40158401584017,59.14466450789129],[18.379983799838016,59.14804166243104],[18.343983439834403,59.141287353351515],[18.30798307983082,59.13115588973221],[18.289982899829,59.12102442611294],[18.30078300783009,59.12271300338281],[18.311583115831155,59.12102442611294],[18.318783187831883,59.11595869430329],[18.32598325983261,59.10751580795386],[18.228782287822895,59.083875726175506],[18.19998199982001,59.08049857163576],[18.21438214382144,59.08725288071528],[18.243182431824323,59.09569576706468],[18.253982539825415,59.100761498874334],[18.243182431824323,59.10751580795386],[18.246782467824687,59.11089296249364],[18.253982539825415,59.114270117033385],[18.253982539825415,59.12102442611294],[18.23958239582396,59.12102442611294],[18.22518225182253,59.119335848843036],[18.210782107821075,59.114270117033385],[18.196381963819647,59.10413865341411],[18.185581855818555,59.09907292160446],[18.153181531815335,59.09738434433456],[18.13878138781388,59.09400718979481],[18.13158131581318,59.08725288071528],[18.109981099810994,59.06361279893693],[18.095580955809567,59.05854706712728],[18.041580415804162,59.06023564439715],[18.045180451804526,59.0551699125875],[18.04878048780489,59.043349871698325],[18.04878048780489,59.038284139888674],[18.027180271802735,59.0450384489682],[18.01278012780128,59.0450384489682],[18.001980019800214,59.038284139888674],[18.019980199802006,59.02308694445972],[18.001980019800214,59.00620117176089],[17.976779767797694,58.985938244522316],[17.962379623796238,58.96398674001384],[17.962379623796238,58.95216669912466],[17.969579695796966,58.94372381277523],[17.969579695796966,58.93528092642583],[17.962379623796238,58.92177230826678],[17.94797947979481,58.91501799918723],[17.92997929979302,58.909952267377605],[17.911979119791198,58.909952267377605],[17.901179011790134,58.91501799918723],[17.893978939789406,58.90319795829805],[17.893978939789406,58.860983526550996],[17.879578795787978,58.86773783563052],[17.868778687786886,58.87618072197995],[17.865178651786522,58.888000762869126],[17.87237872378725,58.90150938102818],[17.865178651786522,58.91501799918723],[17.861578615786158,58.918395153727005],[17.850778507785094,58.92514946280653],[17.843578435784366,58.92514946280653],[17.836378363783638,58.92177230826678],[17.829178291782938,58.92177230826678],[17.81477814778148,58.92852661734631],[17.803978039780418,58.93359234915596],[17.785977859778598,58.953855276394535],[17.775177751777534,58.96060958547406],[17.775177751777534,58.94710096731501],[17.785977859778598,58.92514946280653],[17.803978039780418,58.9082636901077],[17.793177931779326,58.891377917408875],[17.785977859778598,58.88462360832935],[17.778777787777898,58.88124645378957],[17.775177751777534,58.88631218559922],[17.775177751777534,58.896443649218526],[17.778777787777898,58.9082636901077],[17.782377823778234,58.91501799918723],[17.749977499775014,58.923460885536656],[17.74637746377465,58.94203523550536],[17.753577535775378,58.96567531728371],[17.742777427774286,58.98424966725244],[17.742777427774286,58.99100397633197],[17.757177571775713,59.00620117176089],[17.760777607776078,59.0365955626188],[17.760777607776078,59.06698995347668],[17.757177571775713,59.08049857163576],[17.757177571775713,59.08556430344538],[17.767977679776806,59.10920438522376],[17.767977679776806,59.12102442611294],[17.757177571775713,59.12609015792259],[17.74637746377465,59.12271300338281],[17.731977319773193,59.114270117033385],[17.728377283772858,59.10413865341411],[17.724777247772494,59.073744262556204],[17.72117721177213,59.05854706712728],[17.710377103771037,59.05348133531763],[17.699576995769974,59.056858489857376],[17.667176671766725,59.08049857163576],[17.667176671766725,59.09569576706468],[17.68877688776888,59.11764727157316],[17.692376923769245,59.13115588973221],[17.68877688776888,59.14297593062142],[17.681576815768153,59.15310739424069],[17.67077670776709,59.16155028059012],[17.659976599765997,59.168304589669646],[17.674376743767453,59.13453304427199],[17.659976599765997,59.119335848843036],[17.649176491764933,59.10751580795386],[17.631176311763113,59.09907292160446],[17.609576095760957,59.09400718979481],[17.62037620376205,59.07205568528633],[17.616776167761685,59.051792758047725],[17.61317613176132,59.03152983080915],[17.631176311763113,59.0180212126501],[17.62037620376205,59.002824017221144],[17.61317613176132,58.980872512712665],[17.605976059760593,58.96567531728371],[17.598775987759893,58.97074104909336],[17.5879758797588,58.96567531728371],[17.580775807758073,58.96060958547406],[17.577175771757737,58.95723243093431],[17.584375843758437,58.950478121854786],[17.591575915759165,58.94710096731501],[17.602376023760257,58.94372381277523],[17.609576095760957,58.94372381277523],[17.609576095760957,58.93696950369571],[17.602376023760257,58.92852661734631],[17.61317613176132,58.923460885536656],[17.627576275762777,58.918395153727005],[17.616776167761685,58.90150938102818],[17.598775987759893,58.89475507194865],[17.577175771757737,58.89475507194865],[17.555575555755553,58.8998208037583],[17.53757537575376,58.90150938102818],[17.54477544775449,58.889689340139],[17.559175591755917,58.8795578765197],[17.591575915759165,58.86773783563052],[17.591575915759165,58.860983526550996],[17.56997569975701,58.860983526550996],[17.577175771757737,58.855917794741345],[17.584375843758437,58.85422921747147],[17.555575555755553,58.85422921747147],[17.479974799747993,58.88631218559922],[17.447574475744773,58.89475507194865],[17.447574475744773,58.888000762869126],[17.465574655746565,58.88124645378957],[17.46917469174693,58.8711149901703],[17.4619746197462,58.84072059931239],[17.451174511745137,58.82383482661356],[17.451174511745137,58.81539194026416],[17.458374583745837,58.81201478572439],[17.465574655746565,58.81032620845451],[17.48717487174872,58.80019474483521],[17.458374583745837,58.79175185848581],[17.3359733597336,58.806949053914735],[17.371973719737213,58.77824324032673],[17.375573755737577,58.76473462216768],[17.357573575735756,58.75122600400863],[17.303573035730352,58.7529145812785],[17.274772747727496,58.749537426738726],[17.274772747727496,58.730963076770024],[17.163171631716324,58.7326516540399],[17.130771307713076,58.73771738584955],[17.119971199712012,58.744471694929075],[17.10197101971019,58.7613574676279],[17.087570875708764,58.76473462216768],[17.07677076770767,58.763046044897806],[17.04437044370445,58.7529145812785],[17.02637026370263,58.75122600400863],[17.040770407704088,58.74784884946885],[17.073170731707336,58.744471694929075],[17.0839708397084,58.73771738584955],[17.0839708397084,58.72927449950015],[17.07677076770767,58.72083161315072],[17.06957069570697,58.714077304071196],[17.062370623706244,58.71070014953142],[17.0839708397084,58.70225726318202],[17.123571235712376,58.7056344177218],[17.145171451714532,58.70225726318202],[17.145171451714532,58.69719153137237],[17.123571235712376,58.68368291321332],[17.10917109171092,58.67017429505424],[17.094770947709492,58.660042831434964],[17.06957069570697,58.66173140870484],[17.011970119701203,58.681994335943415],[16.97596975969759,58.68537149048319],[16.954369543695435,58.668485717784364],[17.00117001170011,58.668485717784364],[17.01917019170193,58.660042831434964],[17.037170371703724,58.641468481466234],[17.011970119701203,58.641468481466234],[16.92556925569255,58.62627128603731],[16.579965799657998,58.646534213275885],[16.234362343623445,58.668485717784364],[16.234362343623445,58.66173140870484],[16.245162451624537,58.65835425416506],[16.2559625596256,58.651599945085536],[16.26316263162633,58.643157058736136],[16.2559625596256,58.63471417238671],[16.241562415624173,58.633025595116834],[16.198361983619833,58.638091326926485],[16.18036180361804,58.63471417238671],[16.18036180361804,58.62795986330718],[16.191161911619133,58.63133701784696],[16.20556205562056,58.63471417238671],[16.21276212762129,58.63133701784696],[16.219962199622017,58.62120555422766],[16.241562415624173,58.62795986330718],[16.284762847628485,58.616139822418006],[16.30636306363064,58.624582708767406],[16.32076320763207,58.63640274965658],[16.335163351633526,58.63977990419636],[16.34596345963459,58.63640274965658],[16.367563675636774,58.62120555422766],[16.37116371163711,58.62120555422766],[16.37116371163711,58.60431978152883],[16.374763747637473,58.5958768951794],[16.38916389163893,58.59081116336975],[16.399963999639994,58.59249974063965],[16.410764107641086,58.5958768951794],[16.41436414364145,58.60938551333848],[16.42156421564215,58.624582708767406],[16.428764287642878,58.63977990419636],[16.43956439564397,58.64822279054576],[16.453964539645398,58.646534213275885],[16.504365043650438,58.63133701784696],[16.518765187651894,58.624582708767406],[16.637566375663766,58.62627128603731],[16.659166591665922,58.62289413149753],[16.677166771667714,58.611074090608355],[16.687966879668807,58.606008358798704],[16.73116731167312,58.60263120425893],[16.74916749167491,58.59249974063965],[16.745567455674575,58.597565472449304],[16.74196741967421,58.60938551333848],[16.74196741967421,58.61445124514813],[16.777967779677795,58.60769693606858],[16.788767887678887,58.60769693606858],[16.777967779677795,58.589122586099876],[16.785167851678523,58.57223681340105],[16.803168031680315,58.562105349781746],[16.8319683196832,58.558728195242],[16.821168211682135,58.553662463432346],[16.81756817568177,58.55197388616247],[16.81756817568177,58.54690815435282],[16.84276842768429,58.54690815435282],[16.84276842768429,58.53846526800339],[16.835568355683563,58.53002238165399],[16.846368463684655,58.52495664984434],[16.885968859688603,58.518202340764816],[16.939969399694007,58.491185104446686],[16.914769147691487,58.48274221809726],[16.864368643686447,58.48274221809726],[16.84276842768429,58.477676486287635],[16.853568535685355,58.46247929085868],[16.8319683196832,58.45234782723938],[16.795967959679615,58.44559351815985],[16.770767707677095,58.442216363620076],[16.76716767167673,58.4405277863502],[16.752767527675275,58.432084900000774],[16.74916749167491,58.428707745461026],[16.74196741967421,58.4303963227309],[16.727567275672754,58.43546205454055],[16.720367203672055,58.437150631810425],[16.59796597965979,58.4489706726996],[16.54036540365405,58.46754502266833],[16.443164431644334,58.486119372637035],[16.41436414364145,58.477676486287635],[16.44676446764467,58.47429933174786],[16.659166591665922,58.415199127301975],[16.69156691566917,58.41351055003207],[16.7059670596706,58.40844481822242],[16.713167131671327,58.39493620006337],[16.71676716767169,58.38649331371394],[16.713167131671327,58.37805042736454],[16.709567095670963,58.369607541015114],[16.713167131671327,58.35947607739584],[16.72396723967239,58.361164654665714],[16.738367383673847,58.36454180920549],[16.752767527675275,58.369607541015114],[16.75636756367564,58.37298469555489],[16.76716767167673,58.36791896374524],[16.770767707677095,58.36285323193559],[16.77436774367743,58.339213150157235],[16.63036630366304,58.35441034558619],[16.64836648366483,58.34259030469701],[16.684366843668442,58.32739310926806],[16.69876698766987,58.31895022291866],[16.695166951669535,58.308818759299356],[16.69876698766987,58.30206445021983],[16.709567095670963,58.298687295680054],[16.720367203672055,58.30037587294993],[16.727567275672754,58.303753027489705],[16.727567275672754,58.31050733656923],[16.720367203672055,58.31895022291866],[16.777967779677795,58.325704531998184],[16.79956799567995,58.32401595472828],[16.788767887678887,58.30544160475958],[16.785167851678523,58.303753027489705],[16.76716767167673,58.30544160475958],[16.759967599676003,58.30544160475958],[16.759967599676003,58.290244409330654],[16.75636756367564,58.285178677521],[16.74196741967421,58.281801522981226],[16.7059670596706,58.27842436844145],[16.7059670596706,58.271670059361924],[16.73116731167312,58.268292904822175],[16.803168031680315,58.24465282304382],[16.79236792367925,58.23958709123417],[16.788767887678887,58.23789851396427],[16.803168031680315,58.23114420488474],[16.813968139681407,58.22101274126544],[16.821168211682135,58.20750412310639],[16.82476824768247,58.192306927677436],[16.821168211682135,58.178798309518385],[16.81756817568177,58.17710973224851],[16.80676806768068,58.18048688678826],[16.795967959679615,58.18217546405816],[16.788767887678887,58.178798309518385],[16.79236792367925,58.17373257770873],[16.79956799567995,58.165289691359334],[16.810368103681043,58.16191253681956],[16.777967779677795,58.129829568691775],[16.720367203672055,58.15009249593038],[16.662766627666286,58.18555261859791],[16.61596615966161,58.20243839129674],[16.63036630366304,58.18555261859791],[16.67356673566735,58.165289691359334],[16.687966879668807,58.148403918660506],[16.68076680766808,58.148403918660506],[16.66636666366665,58.1467153413906],[16.659166591665922,58.148403918660506],[16.68076680766808,58.1281409914219],[16.71676716767169,58.10450090964355],[16.734767347673483,58.08423798240494],[16.713167131671327,58.07917225059529],[16.71676716767169,58.067352209706115],[16.713167131671327,58.058909323356716],[16.702367023670234,58.05722074608684],[16.687966879668807,58.058909323356716],[16.7059670596706,58.05046643700729],[16.72396723967239,58.045400705197636],[16.74196741967421,58.04033497338801],[16.75636756367564,58.02513777795906],[16.745567455674575,58.01669489160963],[16.738367383673847,58.01500631433976],[16.727567275672754,58.01669489160963],[16.720367203672055,58.02513777795906],[16.69156691566917,58.01500631433976],[16.687966879668807,58.00825200526023],[16.69876698766987,57.99812054164093],[16.68076680766808,58.004874850720455],[16.659166591665922,58.03526924157836],[16.644766447664495,58.03864639611811],[16.63036630366304,58.02851493249884],[16.637566375663766,58.01500631433976],[16.659166591665922,57.98967765529153],[16.669966699667015,57.991366232561404],[16.687966879668807,57.98967765529153],[16.69876698766987,57.9711033053228],[16.7059670596706,57.9626604189734],[16.71676716767169,57.96603757351318],[16.727567275672754,57.974480459862576],[16.734767347673483,57.9711033053228],[16.738367383673847,57.9626604189734],[16.74196741967421,57.94577464627457],[16.745567455674575,57.94070891446492],[16.77436774367743,57.92382314176609],[16.78156781567816,57.91538025541669],[16.76716767167673,57.91538025541669],[16.727567275672754,57.928888873575744],[16.734767347673483,57.91369167814679],[16.76716767167673,57.898494482717865],[16.76716767167673,57.88836301909856],[16.75636756367564,57.876542978209386],[16.74196741967421,57.876542978209386],[16.72396723967239,57.88329728728891],[16.709567095670963,57.89174017363831],[16.69156691566917,57.91538025541669],[16.684366843668442,57.91875740995644],[16.68076680766808,57.898494482717865],[16.669966699667015,57.89174017363831],[16.651966519665194,57.89005159636844],[16.612366123661246,57.89511732817809],[16.612366123661246,57.912003100876916],[16.608766087660882,57.920445987226344],[16.605166051660518,57.928888873575744],[16.626766267662674,57.928888873575744],[16.633966339663402,57.92551171903597],[16.644766447664495,57.92213456449622],[16.51516515165153,57.99812054164093],[16.504365043650438,57.99812054164093],[16.49716497164971,57.99305480983128],[16.493564935649374,57.98461192348188],[16.49716497164971,57.97785761440235],[16.504365043650438,57.969414728052925],[16.533165331653322,57.95084037808422],[16.59076590765909,57.93564318265527],[16.583565835658362,57.93226602811552],[16.576365763657634,57.92382314176609],[16.569165691656934,57.92213456449622],[16.576365763657634,57.912003100876916],[16.576365763657634,57.901871637257614],[16.57276572765727,57.893428750908214],[16.561965619656206,57.88836301909856],[16.543965439654414,57.898494482717865],[16.525965259652594,57.906937369067265],[16.479164791647918,57.91538025541669],[16.493564935649374,57.901871637257614],[16.486364863648646,57.89511732817809],[16.479164791647918,57.898494482717865],[16.461164611646126,57.901871637257614],[16.461164611646126,57.89511732817809],[16.677166771667714,57.76509687839712],[16.7059670596706,57.74989968296819],[16.69876698766987,57.74314537388864],[16.684366843668442,57.746522528428414],[16.633966339663402,57.76509687839712],[16.619566195661974,57.773539764746545],[16.54036540365405,57.83939427827195],[16.417964179641814,57.89511732817809],[16.428764287642878,57.876542978209386],[16.43956439564397,57.86472293732021],[16.47196471964719,57.84614858735148],[16.529565295652958,57.8258856601129],[16.57276572765727,57.795491269255024],[16.579965799657998,57.787048382905596],[16.587165871658726,57.778605496556196],[16.594365943659454,57.773539764746545],[16.608766087660882,57.77016261020677],[16.619566195661974,57.76678545566699],[16.651966519665194,57.746522528428414],[16.66636666366665,57.73639106480911],[16.651966519665194,57.72963675572959],[16.67356673566735,57.72963675572959],[16.69156691566917,57.72625960118981],[16.7059670596706,57.716128137570536],[16.713167131671327,57.702619519411456],[16.69156691566917,57.702619519411456],[16.69156691566917,57.69586521033193],[16.7059670596706,57.69586521033193],[16.7059670596706,57.689110901252405],[16.637566375663766,57.692488055792154],[16.608766087660882,57.69924236487171],[16.576365763657634,57.70937382849098],[16.583565835658362,57.70093094214158],[16.601566015660154,57.689110901252405],[16.612366123661246,57.68235659217288],[16.619566195661974,57.667159396743926],[16.61596615966161,57.6587165103945],[16.605166051660518,57.657027933124624],[16.583565835658362,57.662093664934275],[16.59076590765909,57.65196220131497],[16.601566015660154,57.648585046775224],[16.61596615966161,57.648585046775224],[16.62316623166231,57.6418307376957],[16.63036630366304,57.62832211953662],[16.626766267662674,57.62494496499687],[16.61596615966161,57.621567810457094],[16.608766087660882,57.61650207864744],[16.59796597965979,57.60974776956792],[16.569165691656934,57.59623915140884],[16.561965619656206,57.59286199686909],[16.558365583655842,57.59623915140884],[16.554765547655478,57.60637061502814],[16.554765547655478,57.626633542266745],[16.54756547565475,57.621567810457094],[16.54036540365405,57.61987923318722],[16.529565295652958,57.621567810457094],[16.518765187651894,57.626633542266745],[16.529565295652958,57.61481350137757],[16.536765367653686,57.61143634683779],[16.543965439654414,57.60805919229804],[16.525965259652594,57.59623915140884],[16.518765187651894,57.59286199686909],[16.518765187651894,57.586107687789564],[16.543965439654414,57.57935337871004],[16.543965439654414,57.572599069630485],[16.51516515165153,57.572599069630485],[16.51516515165153,57.56584476055096],[16.59076590765909,57.564156183281085],[16.63036630366304,57.55740187420156],[16.659166591665922,57.515187442454476],[16.68076680766808,57.48985878340625],[16.687966879668807,57.471284433437546],[16.659166591665922,57.47635016524717],[16.67356673566735,57.45946439254834],[16.66636666366665,57.45608723800859],[16.651966519665194,57.45439866073872],[16.637566375663766,57.44933292892907],[16.633966339663402,57.43751288803989],[16.637566375663766,57.42738142442059],[16.651966519665194,57.41893853807116],[16.67356673566735,57.41556138353141],[16.65556655566556,57.408807074451886],[16.637566375663766,57.40542991991211],[16.626766267662674,57.39867561083258],[16.63036630366304,57.38010126086385],[16.57276572765727,57.38685556994341],[16.54756547565475,57.381789838133756],[16.533165331653322,57.35983833362528],[16.569165691656934,57.346329715466226],[16.561965619656206,57.3378868291168],[16.551165511655114,57.332821097307146],[16.54756547565475,57.3294439427674],[16.561965619656206,57.319312479148095],[16.486364863648646,57.29398382009984],[16.468364683646854,57.27540947013114],[16.493564935649374,57.243326502003356],[16.46476464764649,57.22812930657443],[16.457564575645762,57.20448922479608],[16.46476464764649,57.17747198847795],[16.479164791647918,57.15552048396947],[16.507965079650802,57.126814670381464],[16.518765187651894,57.12006036130194],[16.529565295652958,57.11668320676216],[16.536765367653686,57.118371784032036],[16.543965439654414,57.118371784032036],[16.551165511655114,57.109928897682636],[16.569165691656934,57.08628881590428],[16.554765547655478,57.08122308409463],[16.561965619656206,57.069403043205455],[16.57276572765727,57.055894425046375],[16.583565835658362,57.0440743841572],[16.569165691656934,57.0440743841572],[16.533165331653322,57.05251727050663],[16.533165331653322,57.0542058477765],[16.536765367653686,57.05927157958615],[16.533165331653322,57.06264873412593],[16.525965259652594,57.06602588866568],[16.52236522365223,57.0643373113958],[16.518765187651894,57.06264873412593],[16.51516515165153,57.05927157958615],[16.511565115651166,57.055894425046375],[16.507965079650802,57.05082869323675],[16.507965079650802,57.0457629614271],[16.504365043650438,57.04069722961745],[16.500765007650074,57.03900865234755],[16.49716497164971,57.04069722961745],[16.493564935649374,57.0440743841572],[16.475564755647554,57.0457629614271],[16.453964539645398,57.05082869323675],[16.43956439564397,57.05251727050663],[16.44676446764467,57.0440743841572],[16.453964539645398,57.03900865234755],[16.46476464764649,57.033942920537925],[16.47196471964719,57.03056576599815],[16.47196471964719,57.02381145691862],[16.453964539645398,57.02381145691862],[16.43956439564397,57.01367999329932],[16.435964359643606,56.998482797870366],[16.43956439564397,56.976531293361916],[16.450364503645034,56.96471125247271],[16.461164611646126,56.95626836612331],[16.468364683646854,56.949514057043785],[16.46476464764649,56.93769401615461],[16.435964359643606,56.91067677983648],[16.435964359643606,56.90561104802683],[16.43956439564397,56.8785938117087],[16.43956439564397,56.86677377081952],[16.435964359643606,56.85664230720022],[16.40716407164072,56.80767356637364],[16.40716407164072,56.79923068002421],[16.41436414364145,56.78741063913503],[16.428764287642878,56.78234490732538],[16.43956439564397,56.78741063913503],[16.453964539645398,56.79416494821456],[16.46476464764649,56.797542102754335],[16.47196471964719,56.79416494821456],[16.475564755647554,56.78572206186516],[16.47196471964719,56.77727917551573],[16.46476464764649,56.770524866436205],[16.453964539645398,56.76883628916633],[16.428764287642878,56.775590598245856],[16.41436414364145,56.77727917551573],[16.39636396363963,56.775590598245856],[16.374763747637473,56.76545913462655],[16.360363603636046,56.76377055735668],[16.35676356763568,56.75870482554703],[16.36396363963641,56.74688478465785],[16.378363783637838,56.726621857419275],[16.3819638196382,56.69453888929149],[16.378363783637838,56.67596453932279],[16.37116371163711,56.66076734389384],[16.360363603636046,56.65401303481431],[16.342363423634254,56.650635880274535],[16.324363243632433,56.65232445754441],[16.302763027630277,56.66245592116371],[16.28836288362885,56.66076734389384],[16.273962739627393,56.65739018935406],[16.26316263162633,56.65401303481431],[16.2559625596256,56.650635880274535],[16.245162451624537,56.642192993925136],[16.223562235622353,56.61348718033713],[16.219962199622017,56.60842144852748],[16.219962199622017,56.593224253098526],[16.216362163621653,56.57127274859005],[16.21619152409058,56.57015222299842],[12.798185689999995,61.18991260591041],[12.817928179281807,61.204728777148176],[12.839528395283963,61.226680281656655],[12.853928539285391,61.25538609524466],[12.889928899289004,61.3499464223581],[12.88632886328864,61.36176646324728],[12.875528755287547,61.37020934959668],[12.612726127261283,61.547509962934356],[12.583925839258399,61.561018581093435],[12.55152551525515,61.56608431290309],[12.51866860810953,61.56770656061508],[12.23130231217446,61.95610947558501],[12.238322383223846,61.979785744024326],[12.31752317523177,62.23476091177662],[12.313923139231406,62.27190961171405],[12.313923139231406,62.2854182298731],[12.285122851228522,62.336075547969585],[12.277922779227794,62.34451843431901],[12.09072090720909,62.585984983912226],[12.09072090720909,62.60624791115083],[12.101521015210153,62.63326514746893],[12.137521375213765,62.68223388829554],[12.155521555215557,62.71093970188355],[12.155521555215557,62.732891206392026],[12.097920979209789,62.88655173795135],[12.094320943209425,62.90681466518993],[12.105121051210517,62.923700437888755],[12.22392223922239,63.00137499230337],[12.058320583205841,63.2040042646893],[11.993519935199345,63.28843312818344]]],[[[16.392763927639294,56.4581380715079],[16.399963999639994,56.54425551227192],[16.403564035640358,56.55438697589122],[16.417964179641814,56.586469944019],[16.443164431644334,56.60842144852748],[16.44676446764467,56.61686433487688],[16.453964539645398,56.637127262115484],[16.619566195661974,56.87183950262917],[16.637566375663766,56.881970966248474],[16.659166591665922,56.887036698058125],[16.687966879668807,56.887036698058125],[16.71676716767169,56.892102429867776],[16.73116731167312,56.90392247075695],[16.74916749167491,56.94107117069436],[16.79236792367925,57.00354852968002],[16.846368463684655,57.05927157958615],[16.889568895688967,57.118371784032036],[16.90756907569076,57.1926691839069],[16.911169111691123,57.202800647526175],[16.91836918369185,57.207866379335826],[16.939969399694007,57.21293211114548],[16.954369543695435,57.221374997494905],[16.9579695796958,57.23150646111418],[16.961569615696163,57.287229511020314],[16.965169651696527,57.30411528371914],[16.986769867698683,57.31762390187819],[17.01917019170193,57.34464113819632],[17.037170371703724,57.35308402454575],[17.055170551705515,57.3581497563554],[17.065970659706608,57.3581497563554],[17.073170731707336,57.34295256092645],[17.080370803708036,57.341263983656575],[17.091170911709128,57.34464113819632],[17.098370983709856,57.35308402454575],[17.105571055710556,57.35308402454575],[17.105571055710556,57.346329715466226],[17.10917109171092,57.34295256092645],[17.10917109171092,57.33957540638667],[17.116371163711648,57.33450967457702],[17.119971199712012,57.33113252003727],[17.123571235712376,57.32437821095775],[17.123571235712376,57.319312479148095],[17.098370983709856,57.31762390187819],[17.07677076770767,57.305803860989016],[17.040770407704088,57.270343738321486],[17.065970659706608,57.24163792473348],[17.065970659706608,57.22644072930453],[17.05157051570515,57.2011120702563],[17.05157051570515,57.1926691839069],[17.047970479704816,57.18760345209725],[17.04437044370445,57.18591487482735],[17.03357033570336,57.1825377202876],[17.02637026370263,57.180849143017696],[17.022770227702296,57.172406256668296],[17.01917019170193,57.15720906123934],[17.015570155701568,57.14876617488994],[16.972369723697255,57.104863165872985],[16.96876968769689,57.08966597044403],[16.961569615696163,57.06264873412593],[16.94356943569437,57.05251727050663],[16.921969219692215,57.0457629614271],[16.90036900369003,57.03732007507767],[16.903969039690395,57.02887718872827],[16.911169111691123,57.02381145691862],[16.921969219692215,57.020434302378845],[16.93276932769328,57.0170571478391],[16.914769147691487,57.006925684219794],[16.90036900369003,56.99679422060049],[16.871568715687175,56.96977698428236],[16.878768787687875,56.95626836612331],[16.885968859688603,56.936005438884706],[16.88236882368824,56.91574251164613],[16.86796867968681,56.9072996252967],[16.85716857168572,56.89716816167743],[16.84276842768429,56.84482226631104],[16.8319683196832,56.82624791634234],[16.828368283682835,56.82624791634234],[16.78156781567816,56.811050720913386],[16.77436774367743,56.80598498910376],[16.76716767167673,56.797542102754335],[16.763567635676367,56.78741063913503],[16.763567635676367,56.77727917551573],[16.759967599676003,56.767147711896456],[16.75636756367564,56.74688478465785],[16.69876698766987,56.645570148464884],[16.687966879668807,56.62530722122631],[16.687966879668807,56.601667139447954],[16.684366843668442,56.593224253098526],[16.67356673566735,56.583092789479224],[16.662766627666286,56.574649903129824],[16.65556655566556,56.57127274859005],[16.644766447664495,56.5678955940503],[16.637566375663766,56.55945270770087],[16.63036630366304,56.53750120319239],[16.63036630366304,56.53243547138274],[16.637566375663766,56.52905831684299],[16.637566375663766,56.52399258503334],[16.626766267662674,56.50879538960439],[16.62316623166231,56.503729657794736],[16.62316623166231,56.48684388509591],[16.619566195661974,56.47502384420673],[16.612366123661246,56.46658095785733],[16.59796597965979,56.44800660788863],[16.587165871658726,56.42605510338015],[16.576365763657634,56.405792176141546],[16.569165691656934,56.387217826172844],[16.569165691656934,56.356823435314965],[16.56556565565657,56.34669197169566],[16.551165511655114,56.33149477626671],[16.54756547565475,56.32136331264741],[16.54036540365405,56.30616611721848],[16.48996489964901,56.240311603693044],[16.47196471964719,56.22680298553399],[16.47061456754169,56.226275250960406],[16.40542783785336,56.314381323893976],[16.40716407164072,56.31967473537753],[16.40716407164072,56.387217826172844],[16.41436414364145,56.4024150216018],[16.40716407164072,56.4209893715705],[16.39636396363963,56.4395637215392],[16.392763927639294,56.4581380715079]]],[[[16.785167851678523,58.379739004634416],[16.788767887678887,58.38987046825372],[16.80676806768068,58.39493620006337],[16.81756817568177,58.39493620006337],[16.828368283682835,58.40000193187302],[16.835568355683563,58.40000193187302],[16.839168391683927,58.39831335460315],[16.853568535685355,58.401690509142895],[16.860768607686083,58.40000193187302],[16.864368643686447,58.39831335460315],[16.860768607686083,58.39155904552359],[16.84996849968499,58.38311615917419],[16.839168391683927,58.379739004634416],[16.828368283682835,58.38142758190432],[16.846368463684655,58.37129611828502],[16.846368463684655,58.369607541015114],[16.835568355683563,58.369607541015114],[16.828368283682835,58.36285323193559],[16.8319683196832,58.35609892285606],[16.846368463684655,58.34596745923676],[16.871568715687175,58.33245884107771],[16.89316893168933,58.334147418347584],[16.911169111691123,58.33752457288736],[16.91836918369185,58.33583599561749],[16.914769147691487,58.33583599561749],[16.914769147691487,58.334147418347584],[16.90756907569076,58.32908168653793],[16.903969039690395,58.325704531998184],[16.896768967689695,58.32063880018853],[16.88236882368824,58.317261645648756],[16.864368643686447,58.317261645648756],[16.846368463684655,58.32063880018853],[16.828368283682835,58.32739310926806],[16.813968139681407,58.339213150157235],[16.810368103681043,58.34765603650666],[16.803168031680315,58.352721768316314],[16.79956799567995,58.35778750012594],[16.803168031680315,58.36454180920549],[16.795967959679615,58.37129611828502],[16.785167851678523,58.379739004634416]]],[[[16.8319683196832,58.303753027489705],[16.846368463684655,58.31050733656923],[16.86796867968681,58.303753027489705],[16.878768787687875,58.30037587294993],[16.88236882368824,58.2936215638704],[16.878768787687875,58.28011294571135],[16.86796867968681,58.273358636631826],[16.85716857168572,58.271670059361924],[16.846368463684655,58.2750472139017],[16.835568355683563,58.290244409330654],[16.8319683196832,58.303753027489705]]],[[[17.623976239762413,58.96398674001384],[17.627576275762777,58.980872512712665],[17.634776347763477,58.99775828541149],[17.64557645576457,59.00957832630067],[17.649176491764933,59.0180212126501],[17.64557645576457,59.02308694445972],[17.64557645576457,59.06192422166703],[17.652776527765297,59.07205568528633],[17.66357663576636,59.07205568528633],[17.667176671766725,59.065301376206804],[17.667176671766725,59.05854706712728],[17.674376743767453,59.056858489857376],[17.677976779767818,59.056858489857376],[17.685176851768517,59.05010418077785],[17.692376923769245,59.038284139888674],[17.699576995769974,59.02477552172962],[17.706777067770673,59.007889749030795],[17.706777067770673,58.99269255360184],[17.703177031770338,58.98424966725244],[17.699576995769974,58.97749535817289],[17.703177031770338,58.96567531728371],[17.703177031770338,58.95554385366444],[17.69597695976961,58.93528092642583],[17.69597695976961,58.92852661734631],[17.68877688776888,58.92514946280653],[17.681576815768153,58.92177230826678],[17.681576815768153,58.91501799918723],[17.692376923769245,58.90150938102818],[17.685176851768517,58.90150938102818],[17.656376563765633,58.923460885536656],[17.656376563765633,58.918395153727005],[17.649176491764933,58.918395153727005],[17.63837638376384,58.93021519461618],[17.641976419764205,58.94710096731501],[17.634776347763477,58.95554385366444],[17.627576275762777,58.95723243093431],[17.623976239762413,58.96398674001384]]],[[[18.00558005580058,62.705873970073895],[18.016380163801642,62.72275974277272],[18.02358023580237,62.7345797836619],[18.027180271802735,62.7447112472812],[18.041580415804162,62.754842710900505],[18.06318063180632,62.75821986544025],[18.08118081180814,62.754842710900505],[18.091980919809203,62.74808840182098],[18.102781027810295,62.7447112472812],[18.127981279812815,62.75146555636073],[18.14958149581497,62.74977697909085],[18.160381603816035,62.74639982455108],[18.160381603816035,62.73964551547155],[18.1567815678157,62.7261368973125],[18.14958149581497,62.7160054336932],[18.145981459814607,62.70925112461367],[18.142381423814243,62.705873970073895],[18.13158131581318,62.70756254734377],[18.120781207812087,62.705873970073895],[18.117181171811723,62.70249681553412],[18.12438124381245,62.69911966099437],[18.13158131581318,62.69405392918472],[18.12438124381245,62.68729962010519],[18.077580775807775,62.68054531102567],[18.027180271802735,62.683922465565416],[18.00558005580058,62.705873970073895]]],[[[18.04878048780489,58.967363894553614],[18.052380523805255,58.97074104909336],[18.059580595805954,58.98424966725244],[18.066780667806682,58.99100397633197],[18.077580775807775,58.99269255360184],[18.08118081180814,58.99606970814162],[18.08118081180814,59.00957832630067],[18.091980919809203,59.0180212126501],[18.102781027810295,59.02308694445972],[18.12438124381245,59.021398367189846],[18.14958149581497,59.02477552172962],[18.171181711817127,59.02815267626937],[18.217982179821803,59.02477552172962],[18.21438214382144,59.01970978991997],[18.178381783817855,59.011266903570544],[18.18198181981822,59.00957832630067],[18.185581855818555,59.011266903570544],[18.192781927819283,59.011266903570544],[18.19998199982001,59.00957832630067],[18.196381963819647,58.99775828541149],[18.18918189181892,58.994381130871716],[18.18198181981822,58.99944686268137],[18.17478174781749,59.00113543995127],[18.167581675816763,58.99775828541149],[18.160381603816035,58.99775828541149],[18.14958149581497,59.00451259449102],[18.145981459814607,59.00451259449102],[18.14958149581497,58.994381130871716],[18.14958149581497,58.97749535817289],[18.145981459814607,58.96905247182349],[18.13158131581318,58.96398674001384],[18.117181171811723,58.967363894553614],[18.09918099180993,58.97918393544279],[18.095580955809567,58.97749535817289],[18.08838088380884,58.975806780903014],[18.070380703807047,58.96567531728371],[18.05598055980562,58.958921008204186],[18.052380523805255,58.96060958547406],[18.04878048780489,58.967363894553614]]],[[[18.09918099180993,57.25852369743231],[18.102781027810295,57.278786624670914],[18.117181171811723,57.297360974639616],[18.153181531815335,57.314246747338444],[18.167581675816763,57.33113252003727],[18.171181711817127,57.35139544727585],[18.167581675816763,57.3665926427048],[18.178381783817855,57.38010126086385],[18.178381783817855,57.385166992673504],[18.167581675816763,57.38854414721328],[18.160381603816035,57.39360987902293],[18.1567815678157,57.39867561083258],[18.145981459814607,57.408807074451886],[18.145981459814607,57.425692847150685],[18.142381423814243,57.43244715623024],[18.13158131581318,57.44595577438929],[18.120781207812087,57.46453012435799],[18.11358113581136,57.488170206136346],[18.11358113581136,57.51181028791473],[18.127981279812815,57.54895898785213],[18.160381603816035,57.577664801440136],[18.32598325983261,57.67222512855358],[18.462784627846275,57.80393415560442],[18.498784987849888,57.8258856601129],[18.549185491854928,57.83939427827195],[18.563585635856356,57.83770570100208],[18.577985779857812,57.83263996919243],[18.595985959859604,57.830951391922554],[18.610386103861032,57.836017123732205],[18.613986139861396,57.84277143281173],[18.621186211862124,57.857968628240684],[18.624786247862488,57.86810009185996],[18.639186391863916,57.88667444182869],[18.657186571865736,57.901871637257614],[18.678786787867892,57.91369167814679],[18.70038700387005,57.92213456449622],[18.72558725587257,57.92382314176609],[18.74358743587436,57.91875740995644],[18.757987579875817,57.906937369067265],[18.76878768787688,57.88836301909856],[18.76878768787688,57.87823155547926],[18.765187651876516,57.87485440093948],[18.761587615876152,57.871477246399735],[18.765187651876516,57.86472293732021],[18.76878768787688,57.86303436005031],[18.772387723877245,57.85965720551056],[18.77598775987761,57.85628005097078],[18.779587795877973,57.84783716462138],[18.783187831878337,57.83939427827195],[18.804788047880493,57.8258856601129],[18.811988119881192,57.85121431916113],[18.82638826388265,57.86303436005031],[18.84438844388444,57.87316582366961],[18.85158851588517,57.89174017363831],[18.847988479884805,57.89680590544796],[18.840788407884077,57.90524879179739],[18.837188371883713,57.912003100876916],[18.85158851588517,57.91538025541669],[18.912789127891273,57.92213456449622],[18.912789127891273,57.91538025541669],[18.898388983889845,57.898494482717865],[18.916389163891637,57.88836301909856],[18.941589415894157,57.88836301909856],[18.941589415894157,57.901871637257614],[18.955989559895613,57.90862594633714],[18.97758977589777,57.912003100876916],[18.99558995589956,57.912003100876916],[19.009990099901017,57.90862594633714],[19.00279002790029,57.901871637257614],[19.006390063900653,57.893428750908214],[19.013590135901353,57.88160871001904],[19.024390243902445,57.871477246399735],[19.038790387903873,57.86810009185996],[19.049590495904965,57.86303436005031],[19.07839078390785,57.8343285464623],[19.085590855908578,57.8258856601129],[19.013590135901353,57.822508505573126],[18.984789847898497,57.8073113101442],[18.981189811898133,57.77016261020677],[18.97038970389704,57.78029407382607],[18.955989559895613,57.78535980563572],[18.948789487894885,57.781982651095944],[18.948789487894885,57.77016261020677],[18.937989379893793,57.76340830112724],[18.930789307893093,57.751588260238066],[18.930789307893093,57.74145679661876],[18.941589415894157,57.72963675572959],[18.90198901989021,57.724571023919935],[18.865988659886597,57.72288244665006],[18.85158851588517,57.72625960118981],[18.833588335883377,57.73470248753924],[18.81918819188192,57.73639106480911],[18.808388083880857,57.73470248753924],[18.804788047880493,57.72794817845971],[18.808388083880857,57.719505292110284],[18.811988119881192,57.70937382849098],[18.797587975879765,57.675602283093326],[18.779587795877973,57.6502736240451],[18.772387723877245,57.640142160425796],[18.76878768787688,57.635076428616145],[18.765187651876516,57.626633542266745],[18.761587615876152,57.61650207864744],[18.76878768787688,57.61481350137757],[18.811988119881192,57.60805919229804],[18.80118801188013,57.591173419599215],[18.7939879398794,57.577664801440136],[18.790387903879036,57.564156183281085],[18.790387903879036,57.54895898785213],[18.783187831878337,57.53545036969308],[18.76878768787688,57.52025317426413],[18.761587615876152,57.50843313337495],[18.77598775987761,57.49830166975565],[18.76878768787688,57.48141589705682],[18.772387723877245,57.47297301070742],[18.786787867878672,57.46790727889777],[18.804788047880493,57.46959585616764],[18.797587975879765,57.46453012435799],[18.790387903879036,57.44933292892907],[18.829988299883013,57.439201465309765],[18.86958869588696,57.43582431076999],[18.873188731887325,57.439201465309765],[18.873188731887325,57.44595577438929],[18.880388803888053,57.44933292892907],[18.891188911889117,57.44595577438929],[18.909189091890937,57.439201465309765],[18.912789127891273,57.43582431076999],[18.919989199892,57.42907000169046],[18.92718927189273,57.41893853807116],[18.930789307893093,57.403741342642235],[18.92718927189273,57.39192130175306],[18.909189091890937,57.38685556994341],[18.880388803888053,57.38685556994341],[18.87678876788769,57.38854414721328],[18.862388623886233,57.39360987902293],[18.858788587885897,57.39360987902293],[18.85158851588517,57.39192130175306],[18.840788407884077,57.38347841540363],[18.833588335883377,57.38010126086385],[18.80118801188013,57.376724106324104],[18.76878768787688,57.36490406543493],[18.739987399873996,57.3480182927361],[18.71838718387184,57.3294439427674],[18.678786787867892,57.31086959279867],[18.6679866798668,57.297360974639616],[18.67518675186753,57.27709804740101],[18.682386823868256,57.27540947013114],[18.703987039870412,57.27709804740101],[18.711187111871112,57.27372089286126],[18.714787147871476,57.243326502003356],[18.678786787867892,57.23319503838408],[18.678786787867892,57.229817883844305],[18.59238592385924,57.21799784295513],[18.563585635856356,57.2095549566057],[18.563585635856356,57.202800647526175],[18.577985779857812,57.202800647526175],[18.577985779857812,57.19604633844665],[18.556385563855656,57.1926691839069],[18.430384303843056,57.153831906699594],[18.405184051840536,57.14370044308029],[18.387183871838715,57.126814670381464],[18.455584555845576,57.126814670381464],[18.430384303843056,57.11668320676216],[18.35838358383586,57.096420279523585],[18.343983439834403,57.082911661364506],[18.336783367833675,57.03056576599815],[18.347583475834767,57.01874572510897],[18.36558365583656,57.011991416029446],[18.40158401584017,57.00354852968002],[18.343983439834403,57.00354852968002],[18.343983439834403,56.99679422060049],[18.35838358383586,56.99003991152097],[18.33318333183334,56.976531293361916],[18.322383223832247,56.96977698428236],[18.311583115831155,56.94782547977388],[18.297182971829727,56.94107117069436],[18.203582035820375,56.91574251164613],[18.171181711817127,56.91236535710635],[18.13878138781388,56.922496820725655],[18.203582035820375,56.98666275698119],[18.20718207182074,56.99510564333062],[18.203582035820375,57.00523710694992],[18.19998199982001,57.0170571478391],[18.21438214382144,57.0255000341885],[18.25038250382505,57.033942920537925],[18.26478264782648,57.04069722961745],[18.271982719827207,57.0542058477765],[18.2827828278283,57.08122308409463],[18.289982899829,57.09304312498381],[18.26478264782648,57.08460023863441],[18.243182431824323,57.069403043205455],[18.221582215822167,57.06096015685603],[18.19998199982001,57.06602588866568],[18.19998199982001,57.0727801977452],[18.21438214382144,57.08122308409463],[18.22518225182253,57.09473170225368],[18.228782287822895,57.10824032041276],[18.21438214382144,57.11330605222241],[18.217982179821803,57.118371784032036],[18.22518225182253,57.12850324765134],[18.228782287822895,57.13356897946099],[18.185581855818555,57.145389020350166],[18.160381603816035,57.229817883844305],[18.09918099180993,57.25852369743231]]],[[[18.10638106381066,59.377688171135105],[18.10638106381066,59.38444248021463],[18.12438124381245,59.38950821202428],[18.235982359823595,59.372622439325454],[18.25038250382505,59.36586813024593],[18.23238232382326,59.364179552976026],[18.22518225182253,59.36586813024593],[18.203582035820375,59.36586813024593],[18.210782107821075,59.36249097570615],[18.221582215822167,59.35235951208685],[18.210782107821075,59.342228048467575],[18.18918189181892,59.3388508939278],[18.1639816398164,59.34053947119767],[18.13878138781388,59.3489823575471],[18.12438124381245,59.3574252438965],[18.117181171811723,59.364179552976026],[18.11358113581136,59.372622439325454],[18.10638106381066,59.377688171135105]]],[[[18.192781927819283,58.91164084464748],[18.196381963819647,58.92008373099688],[18.210782107821075,58.93528092642583],[18.22518225182253,58.945412390045135],[18.261182611826115,58.958921008204186],[18.27558275582757,58.96060958547406],[18.289982899829,58.96060958547406],[18.30078300783009,58.96229816274396],[18.304383043830455,58.96567531728371],[18.322383223832247,58.96905247182349],[18.35118351183513,58.97918393544279],[18.35838358383586,58.97749535817289],[18.354783547835495,58.967363894553614],[18.34038340383404,58.95723243093431],[18.318783187831883,58.95216669912466],[18.30798307983082,58.94710096731501],[18.30078300783009,58.945412390045135],[18.293582935829363,58.94710096731501],[18.289982899829,58.94203523550536],[18.30078300783009,58.93359234915596],[18.31518315183152,58.93021519461618],[18.31518315183152,58.926838040076404],[18.289982899829,58.923460885536656],[18.271982719827207,58.918395153727005],[18.23958239582396,58.913329421917354],[18.217982179821803,58.904886535567954],[18.20718207182074,58.904886535567954],[18.19998199982001,58.9082636901077],[18.192781927819283,58.91164084464748]]],[[[18.34038340383404,59.03321840807902],[18.347583475834767,59.0365955626188],[18.354783547835495,59.0365955626188],[18.361983619836195,59.03997271715855],[18.35838358383586,59.0450384489682],[18.35118351183513,59.05348133531763],[18.35118351183513,59.056858489857376],[18.35838358383586,59.0551699125875],[18.36558365583656,59.05854706712728],[18.37638376383765,59.06361279893693],[18.379983799838016,59.070367108016455],[18.372783727837287,59.073744262556204],[18.37638376383765,59.078809994365855],[18.4159841598416,59.092318612524934],[18.43398433984339,59.10413865341411],[18.45198451984521,59.11258153976351],[18.46638466384664,59.11764727157316],[18.480784807848096,59.11595869430329],[18.48438484384843,59.105827230683985],[18.48438484384843,59.09738434433456],[18.487984879848796,59.09569576706468],[18.49158491584916,59.08894145798516],[18.487984879848796,59.08556430344538],[18.48438484384843,59.08218714890563],[18.455584555845576,59.056858489857376],[18.437584375843755,59.05010418077785],[18.43398433984339,59.043349871698325],[18.430384303843056,59.038284139888674],[18.430384303843056,59.03152983080915],[18.42678426784269,59.0264640989995],[18.423184231842328,59.021398367189846],[18.419584195841963,59.016332635380195],[18.412384123841235,59.011266903570544],[18.405184051840536,59.007889749030795],[18.394383943839443,59.011266903570544],[18.39078390783908,59.011266903570544],[18.387183871838715,59.007889749030795],[18.37638376383765,59.00620117176089],[18.36558365583656,59.00957832630067],[18.354783547835495,59.016332635380195],[18.343983439834403,59.0264640989995],[18.34038340383404,59.03321840807902]]],[[[18.343983439834403,59.30001361672049],[18.462784627846275,59.29832503945062],[18.523985239852408,59.288193575831315],[18.613986139861396,59.257799184973436],[18.55998559985599,59.257799184973436],[18.538385383853836,59.25948776224331],[18.51678516785168,59.27130780313249],[18.51678516785168,59.24935629862401],[18.531185311853136,59.24260198954448],[18.577985779857812,59.24429056681436],[18.552785527855292,59.225716216845655],[18.520385203852044,59.22909337138543],[18.469984699847004,59.252733453163785],[18.430384303843056,59.257799184973436],[18.42678426784269,59.261176339513185],[18.419584195841963,59.27299638040236],[18.412384123841235,59.27806211221201],[18.397983979839807,59.28650499856144],[18.343983439834403,59.30001361672049]]],[[[18.37638376383765,60.500592055607086],[18.379983799838016,60.50734636468661],[18.39078390783908,60.51072351922639],[18.405184051840536,60.50565778741674],[18.412384123841235,60.500592055607086],[18.423184231842328,60.490460591987784],[18.42678426784269,60.48539486017816],[18.42678426784269,60.482017705638384],[18.423184231842328,60.47695197382873],[18.423184231842328,60.47188624201908],[18.42678426784269,60.465131932939556],[18.437584375843755,60.455000469320254],[18.46638466384664,60.44318042843108],[18.473584735847368,60.4313603875419],[18.45918459184591,60.4313603875419],[18.43398433984339,60.4414918511612],[18.419584195841963,60.44318042843108],[18.430384303843056,60.429671810272026],[18.473584735847368,60.38239164671529],[18.48438484384843,60.367194451286366],[18.495184951849524,60.357062987667064],[18.50958509585095,60.35537441039719],[18.531185311853136,60.36888302855624],[18.531185311853136,60.35368583312729],[18.538385383853836,60.34524294677789],[18.549185491854928,60.326668596809185],[18.556385563855656,60.32498001953928],[18.55998559985599,60.32329144226941],[18.56718567185672,60.321602864999534],[18.570785707857084,60.31653713318988],[18.56718567185672,60.308094246840454],[18.556385563855656,60.30640566957058],[18.513185131851316,60.321602864999534],[18.45918459184591,60.35368583312729],[18.40158401584017,60.370571605826115],[18.39078390783908,60.39083453306472],[18.38358383583838,60.41785176938285],[18.387183871838715,60.46682051020943],[18.387183871838715,60.47864055109861],[18.37638376383765,60.500592055607086]]],[[[18.50958509585095,59.48237996186782],[18.513185131851316,59.49082284821725],[18.523985239852408,59.4958885800269],[18.538385383853836,59.4958885800269],[18.549185491854928,59.49251142548712],[18.556385563855656,59.48237996186782],[18.556385563855656,59.48744569367747],[18.55998559985599,59.49082284821725],[18.563585635856356,59.49251142548712],[18.570785707857084,59.494200002757],[18.577985779857812,59.4958885800269],[18.563585635856356,59.4958885800269],[18.55998559985599,59.497577157296774],[18.556385563855656,59.49926573456665],[18.549185491854928,59.49926573456665],[18.545585455854564,59.502642889106426],[18.552785527855292,59.50939719818595],[18.55998559985599,59.51784008453535],[18.581585815858176,59.529660125424556],[18.59238592385924,59.538103011773956],[18.610386103861032,59.54485732085348],[18.631986319863216,59.54992305266313],[18.653586535865372,59.54992305266313],[18.67518675186753,59.54485732085348],[18.685986859868592,59.53979158904383],[18.685986859868592,59.53472585723418],[18.689586895868956,59.533037279964304],[18.69318693186932,59.533037279964304],[18.739987399873996,59.53979158904383],[18.736387363873632,59.53472585723418],[18.682386823868256,59.52121723907513],[18.657186571865736,59.506020043646174],[18.646386463864644,59.5043314663763],[18.639186391863916,59.49926573456665],[18.631986319863216,59.489134270947346],[18.624786247862488,59.48744569367747],[18.606786067860696,59.494200002757],[18.603186031860332,59.49251142548712],[18.603186031860332,59.48744569367747],[18.599585995859968,59.4857571164076],[18.595985959859604,59.48744569367747],[18.606786067860696,59.467182766438896],[18.603186031860332,59.45536272554969],[18.59238592385924,59.45198557100994],[18.581585815858176,59.45536272554969],[18.577985779857812,59.46380561189912],[18.581585815858176,59.43003406650146],[18.574385743857448,59.43172264377134],[18.563585635856356,59.42834548923159],[18.556385563855656,59.42159118015206],[18.549185491854928,59.42327975742194],[18.545585455854564,59.42834548923159],[18.5419854198542,59.43678837558099],[18.53478534785347,59.44691983920029],[18.527585275852772,59.45536272554969],[18.520385203852044,59.46380561189912],[18.51678516785168,59.47393707551842],[18.513185131851316,59.47900280732807],[18.50958509585095,59.48237996186782]]],[[[18.639186391863916,59.3675567075158],[18.646386463864644,59.372622439325454],[18.689586895868956,59.37093386205558],[18.689586895868956,59.37431101659533],[18.696786967869684,59.37431101659533],[18.707587075870777,59.37093386205558],[18.714787147871476,59.3675567075158],[18.732787327873297,59.35404808935675],[18.736387363873632,59.35235951208685],[18.739987399873996,59.350670934816975],[18.74358743587436,59.345605203007324],[18.747187471874724,59.33209658484827],[18.739987399873996,59.320276543959096],[18.72558725587257,59.31183365760967],[18.682386823868256,59.30001361672049],[18.678786787867892,59.30001361672049],[18.671586715867164,59.30339077126027],[18.67518675186753,59.31183365760967],[18.682386823868256,59.31352223487954],[18.685986859868592,59.31689938941932],[18.682386823868256,59.32196512122897],[18.682386823868256,59.33040800757837],[18.67518675186753,59.34053947119767],[18.664386643866436,59.3472937802772],[18.653586535865372,59.35404808935675],[18.64998649986501,59.3591138211664],[18.639186391863916,59.3675567075158]]],[[[18.660786607866072,59.176747476019045],[18.664386643866436,59.18856751690825],[18.678786787867892,59.198698980527524],[18.689586895868956,59.20883044414683],[18.703987039870412,59.212207598686604],[18.714787147871476,59.20883044414683],[18.74358743587436,59.20714186687695],[18.75078750787509,59.20545328960705],[18.736387363873632,59.19701040325765],[18.6679866798668,59.17505889874917],[18.660786607866072,59.176747476019045]]],[[[18.711187111871112,60.21184534245714],[18.71838718387184,60.21691107426679],[18.739987399873996,60.215222496996915],[18.754387543875453,60.20846818791739],[18.761587615876152,60.20340245610774],[18.765187651876516,60.19664814702821],[18.772387723877245,60.19158241521856],[18.783187831878337,60.18989383794869],[18.786787867878672,60.18482810613904],[18.786787867878672,60.17807379705951],[18.783187831878337,60.17638521978961],[18.783187831878337,60.174696642519734],[18.790387903879036,60.17638521978961],[18.7939879398794,60.17807379705951],[18.80118801188013,60.17638521978961],[18.804788047880493,60.16794233344021],[18.808388083880857,60.16118802436068],[18.783187831878337,60.152745138011255],[18.761587615876152,60.14936798347148],[18.736387363873632,60.152745138011255],[18.72558725587257,60.15612229255103],[18.721987219872204,60.16118802436068],[18.714787147871476,60.17300806524986],[18.714787147871476,60.188205260678785],[18.71838718387184,60.19495956975834],[18.72558725587257,60.19664814702821],[18.729187291872933,60.19664814702821],[18.729187291872933,60.20002530156796],[18.711187111871112,60.21184534245714]]],[[[18.721987219872204,59.26286491678309],[18.72558725587257,59.27299638040236],[18.739987399873996,59.28481642129154],[18.757987579875817,59.29494788491084],[18.77598775987761,59.29832503945062],[18.790387903879036,59.29663646218074],[18.797587975879765,59.29494788491084],[18.804788047880493,59.293259307640966],[18.811988119881192,59.28988215310119],[18.808388083880857,59.283127844021664],[18.797587975879765,59.27806211221201],[18.790387903879036,59.27299638040236],[18.779587795877973,59.25948776224331],[18.77598775987761,59.257799184973436],[18.779587795877973,59.25442203043366],[18.77598775987761,59.252733453163785],[18.76878768787688,59.25104487589391],[18.765187651876516,59.25104487589391],[18.754387543875453,59.25611060770353],[18.74358743587436,59.25948776224331],[18.736387363873632,59.25948776224331],[18.732787327873297,59.257799184973436],[18.721987219872204,59.26286491678309]]],[[[18.757987579875817,59.57187455717161],[18.757987579875817,59.57525171171139],[18.77598775987761,59.58031744352101],[18.797587975879765,59.58876032987044],[18.815588155881557,59.60226894802949],[18.82638826388265,59.609023257109016],[18.865988659886597,59.6326633388874],[18.923589235892365,59.65630342066575],[18.923589235892365,59.64786053431632],[18.905589055890573,59.63435191615727],[18.858788587885897,59.60395752529939],[18.855188551885533,59.600580370759616],[18.829988299883013,59.59213748441019],[18.82638826388265,59.58876032987044],[18.82638826388265,59.58538317533066],[18.822788227882285,59.58369459806079],[18.815588155881557,59.58369459806079],[18.808388083880857,59.582006020790914],[18.783187831878337,59.573563134441486],[18.76878768787688,59.57187455717161],[18.757987579875817,59.57187455717161]]],[[[18.847988479884805,59.38950821202428],[18.847988479884805,59.39626252110381],[18.855188551885533,59.40301683018333],[18.865988659886597,59.399639675643584],[18.86958869588696,59.39288536656403],[18.865988659886597,59.38950821202428],[18.855188551885533,59.386131057484505],[18.847988479884805,59.38950821202428]]],[[[18.858788587885897,59.595514638949965],[18.86958869588696,59.60564610256927],[18.937989379893793,59.649549111586225],[18.95238952389525,59.652926266125974],[18.963189631896313,59.64786053431632],[18.97758977589777,59.63435191615727],[18.981189811898133,59.6326633388874],[18.984789847898497,59.62928618434762],[18.984789847898497,59.62422045253797],[18.981189811898133,59.62422045253797],[18.973989739897405,59.622531875268095],[18.966789667896677,59.61915472072832],[18.955989559895613,59.617466143458444],[18.937989379893793,59.61915472072832],[18.92718927189273,59.622531875268095],[18.912789127891273,59.59213748441019],[18.905589055890573,59.58369459806079],[18.89478894788948,59.582006020790914],[18.883988839888417,59.57862886625114],[18.862388623886233,59.58369459806079],[18.858788587885897,59.595514638949965]]],[[[18.862388623886233,59.42496833469181],[18.873188731887325,59.440165530120765],[18.898388983889845,59.44523126193042],[18.912789127891273,59.44691983920029],[18.916389163891637,59.44691983920029],[18.923589235892365,59.44185410739064],[18.92718927189273,59.43341122104124],[18.909189091890937,59.418214025612286],[18.89478894788948,59.40639398472311],[18.873188731887325,59.408082561992984],[18.862388623886233,59.42496833469181]]],[[[18.883988839888417,59.79476675679612],[18.898388983889845,59.809963952225075],[18.941589415894157,59.84880122943238],[18.95238952389525,59.86062127032156],[18.959589595895977,59.86399842486131],[18.97038970389704,59.86230984759143],[18.97758977589777,59.85724411578178],[18.988389883898833,59.85048980670226],[18.99558995589956,59.83866976581308],[18.99558995589956,59.8268497249239],[18.991989919899197,59.813341106764824],[18.991989919899197,59.8082753749552],[18.99558995589956,59.8082753749552],[18.99558995589956,59.809963952225075],[18.999189991899925,59.8082753749552],[19.00279002790029,59.804898220415424],[19.00279002790029,59.79983248860577],[18.999189991899925,59.79476675679612],[18.988389883898833,59.78970102498647],[18.97038970389704,59.78632387044672],[18.955989559895613,59.78632387044672],[18.941589415894157,59.78970102498647],[18.934389343893457,59.79307817952625],[18.930789307893093,59.78970102498647],[18.92718927189273,59.78632387044672],[18.916389163891637,59.788012447716596],[18.891188911889117,59.78632387044672],[18.883988839888417,59.79476675679612]]],[[[18.898388983889845,59.39457394383393],[18.898388983889845,59.40132825291346],[18.909189091890937,59.40639398472311],[18.919989199892,59.40639398472311],[18.934389343893457,59.399639675643584],[18.941589415894157,59.39288536656403],[18.94518945189452,59.38950821202428],[18.948789487894885,59.37937674840498],[18.937989379893793,59.372622439325454],[18.919989199892,59.37937674840498],[18.909189091890937,59.38781963475441],[18.905589055890573,59.391196789294156],[18.898388983889845,59.39457394383393]]],[[[19.035190351903537,57.90524879179739],[19.038790387903873,57.91706883268657],[19.0459904599046,57.92382314176609],[19.067590675906757,57.939020337195046],[19.074790747907485,57.94915180081435],[19.07839078390785,57.95928326443362],[19.085590855908578,57.96772615078305],[19.099990999910005,57.97616903713245],[19.114391143911433,57.97954619167223],[19.150391503915046,57.97954619167223],[19.164791647916473,57.98630050075175],[19.1719917199172,57.98798907802163],[19.186391863918658,57.98461192348188],[19.20439204392045,57.982923346211976],[19.222392223922242,57.98967765529153],[19.225992259922606,57.974480459862576],[19.240392403924034,57.9711033053228],[19.272792727927282,57.97616903713245],[19.30519305193053,57.97616903713245],[19.319593195931958,57.9727918825927],[19.33759337593378,57.964348996243274],[19.333993339933414,57.95928326443362],[19.326793267932686,57.955906109893874],[19.308793087930894,57.955906109893874],[19.294392943929438,57.9440860690047],[19.247592475924762,57.9525289553541],[19.225992259922606,57.94577464627457],[19.20439204392045,57.93564318265527],[19.161191611916138,57.92551171903597],[19.139591395913953,57.90862594633714],[19.15399153991541,57.901871637257614],[19.161191611916138,57.89680590544796],[19.161191611916138,57.879920132749135],[19.132391323913254,57.85290289643103],[19.12879128791289,57.84614858735148],[19.114391143911433,57.84783716462138],[19.099990999910005,57.85290289643103],[19.085590855908578,57.85965720551056],[19.07119071190712,57.86810009185996],[19.035190351903537,57.90524879179739]]],[[[19.186391863918658,58.39493620006337],[19.222392223922242,58.39493620006337],[19.247592475924762,58.38649331371394],[19.30519305193053,58.379739004634416],[19.33039330393305,58.36791896374524],[19.290792907929074,58.35103319104641],[19.251192511925126,58.34259030469701],[19.215192151921514,58.35441034558619],[19.186391863918658,58.39493620006337]]]]}},{"type":"Feature","properties":{"territory_id":"SE-03","country_code":"SE","country_name":"Sweden","display_name":"Northern Sweden","strategic_centre":"Lulea","centre":[22.1539,65.5844],"boundary_status":"provisional-strategic-partition"},"geometry":{"type":"MultiPolygon","coordinates":[[[[14.538745387453872,66.12524294158635],[14.797947979479801,66.13875155974543],[15.053550535505366,66.15394875517435],[15.481954819548207,66.27552631860593],[15.49275492754927,66.2873463594951],[15.489154891548935,66.30929786400358],[15.481954819548207,66.34138083213134],[15.474754747547479,66.35488945029041],[15.431554315543167,66.46295839556291],[15.427954279542803,66.49166420915091],[15.669156691566911,66.5997331544234],[16.039960399604013,66.88679129030345],[16.126361263612637,66.93407145386018],[16.309963099631005,67.0100574310049],[16.37116371163711,67.02356604916395],[16.399963999639994,67.03538609005312],[16.41436414364145,67.05227186275195],[16.443164431644334,67.18229231253292],[16.43956439564397,67.20086666250165],[16.126361263612637,67.42207028485626],[16.18036180361804,67.49636768473113],[16.198361983619833,67.5081877256203],[16.367563675636774,67.52169634377935],[16.428764287642878,67.53351638466853],[16.482764827648282,67.55715646644688],[16.587165871658726,67.62638813451207],[16.608766087660882,67.64665106175067],[16.763567635676367,67.87798614772461],[16.78156781567816,67.89656049769332],[16.80676806768068,67.91006911585237],[17.220772207722092,68.04008956563334],[17.299972999730016,68.09750119280935],[17.321573215732172,68.10594407915877],[17.609576095760957,68.03671241109359],[17.893978939789406,67.96916932029828],[17.92277922779229,67.97254647483803],[17.951579515795174,67.99112082480676],[17.98037980379806,68.01644948385498],[18.167581675816763,68.15828997452513],[18.18918189181892,68.19881582900231],[18.135181351813515,68.3963793695786],[18.135181351813515,68.42677376043648],[18.1567815678157,68.51795693301014],[18.160381603816035,68.52977697389932],[18.171181711817127,68.53653128297884],[18.18918189181892,68.53821986024874],[18.437584375843755,68.57367998291627],[18.480784807848096,68.5618599420271],[18.64278642786428,68.50107116031131],[18.70038700387005,68.49600542850166],[19.038790387903873,68.50613689212096],[19.48159481594817,68.42339660589673],[19.931599315993168,68.35078778329176],[19.971199711997116,68.35078778329176],[20.010800108001092,68.36429640145082],[20.2448024480245,68.47743107853296],[19.963999639996416,68.5415970147885],[20.15120151201512,68.60745152831393],[20.237602376023773,68.65979742368029],[20.338403384033853,68.7661777916829],[20.35280352803528,68.78644071892148],[20.356403564035645,68.80501506889021],[20.349203492034917,68.8928210869241],[20.342003420034217,68.90970685962293],[20.10080100801008,69.02284153670507],[20.363603636036373,69.0295958457846],[20.622806228062274,69.03635015486412],[20.676806768067678,69.01777580489542],[20.79560795607958,69.0110214958159],[20.86400864008641,68.98569283676764],[20.910809108091087,68.98062710495802],[20.936009360093607,68.96711848679894],[20.936009360093607,68.94854413683024],[20.918009180091815,68.93334694140128],[20.88920889208893,68.92659263232176],[20.885608856088567,68.90632970508318],[20.907209072090723,68.89450966419398],[21.0728107281073,68.86918100514575],[21.152011520115195,68.84216376882762],[21.21681216812169,68.81683510977939],[21.27441274412746,68.77630925530221],[21.288812888128888,68.76955494622266],[21.292412924129252,68.76786636895278],[21.29961299612998,68.75942348260338],[21.30681306813068,68.7560463280636],[21.314013140131408,68.75435775079373],[21.386013860138604,68.75435775079373],[21.40761407614076,68.74929201898408],[21.414814148141488,68.73916055536478],[21.422014220142216,68.7273405144756],[21.4508145081451,68.69694612361772],[21.46521465214653,68.68681465999842],[21.494014940149412,68.67499461910924],[21.573215732157337,68.66655173275981],[21.663216632166325,68.63278018736216],[21.71721717217173,68.61927156920311],[21.738817388173885,68.58718860107533],[21.91881918819189,68.56861425110662],[21.965619656196566,68.54666274659814],[21.96921969219693,68.5415970147885],[21.998019980199814,68.52639981935957],[22.012420124201242,68.51626835574027],[22.023220232202334,68.51120262393061],[22.030420304203062,68.50951404666074],[22.037620376203762,68.50613689212096],[22.037620376203762,68.48756254215226],[22.073620736207374,68.47743107853296],[22.30402304023042,68.47574250126308],[22.37242372423725,68.46898819218356],[22.376023760237615,68.46561103764378],[22.37242372423725,68.45716815129438],[22.37962379623798,68.4537909967546],[22.45522455224554,68.45210241948473],[22.520025200252007,68.43859380132565],[22.566825668256683,68.43690522405578],[22.60642606426066,68.4250851831666],[22.62442624426245,68.4250851831666],[22.642426424264244,68.42677376043648],[22.660426604266064,68.42677376043648],[22.68922689226892,68.41664229681717],[22.718027180271804,68.39806794684847],[22.746827468274688,68.3862479059593],[22.80802808028082,68.39469079230872],[22.83322833228334,68.38455932868942],[22.876428764287652,68.35078778329176],[22.905229052290537,68.33727916513268],[23.052830528305293,68.2984418879254],[23.06723067230672,68.28999900157598],[23.07443074430745,68.28155611522658],[23.078030780307813,68.27311322887715],[23.081630816308177,68.26467034252775],[23.096030960309605,68.25622745617832],[23.139231392313917,68.23427595166984],[23.153631536315373,68.21739017897102],[23.15003150031501,68.19375009719266],[23.157231572315737,68.18699578811314],[23.1608316083161,68.17855290176374],[23.153631536315373,68.15322424271548],[23.15003150031501,68.14478135636608],[23.15003150031501,68.12958416093713],[23.153631536315373,68.12789558366725],[23.157231572315737,68.12789558366725],[23.164431644316437,68.1228298518576],[23.18603186031862,68.1228298518576],[23.272432724327246,68.14478135636608],[23.304833048330494,68.14478135636608],[23.31923319233192,68.13802704728653],[23.330033300333014,68.12789558366725],[23.36963369633696,68.06879537922134],[23.373233732337326,68.06035249287194],[23.384033840338418,68.05190960652251],[23.456034560345614,68.02489237020441],[23.4848348483485,68.01644948385498],[23.574835748357486,67.97254647483803],[23.64323643236432,67.96241501121875],[23.66123661236614,67.95059497032955],[23.66123661236614,67.93202062036084],[23.63603636036362,67.91344627039214],[23.60363603636037,67.90331480677284],[23.531635316353174,67.89318334315354],[23.499234992349926,67.88136330226436],[23.481234812348134,67.86447752956553],[23.47763477634777,67.84083744778718],[23.481234812348134,67.81719736600883],[23.4848348483485,67.79693443877022],[23.4848348483485,67.73783423432434],[23.488434884348862,67.72432561616529],[23.499234992349926,67.70912842073633],[23.51003510035102,67.66860256625915],[23.517235172351718,67.6534053708302],[23.542435424354238,67.62638813451207],[23.549635496354966,67.61119093908314],[23.55323553235533,67.58755085730479],[23.53523535235354,67.57741939368549],[23.499234992349926,67.56559935279631],[23.474034740347406,67.55546788917701],[23.4848348483485,67.54364784828783],[23.466834668346678,67.52169634377935],[23.445234452344522,67.50481057108053],[23.430834308343094,67.48623622111182],[23.445234452344522,67.46090756206357],[23.47763477634777,67.44402178936474],[23.513635136351382,67.44402178936474],[23.55323553235533,67.45246467571417],[23.59283592835928,67.45415325298404],[23.66123661236614,67.43557890301534],[23.72963729637297,67.43220174847556],[23.751237512375127,67.42713601666591],[23.765637656376583,67.42038170758639],[23.76203762037622,67.39674162580803],[23.751237512375127,67.3697243894899],[23.751237512375127,67.34608430771155],[23.78723787237874,67.33764142136215],[23.76203762037622,67.30724703050424],[23.7368373683737,67.29036125780542],[23.621636216362162,67.26840975329694],[23.60363603636037,67.25996686694754],[23.59283592835928,67.24476967151858],[23.59283592835928,67.22450674428],[23.596435964359642,67.21775243520048],[23.614436144361463,67.2143752806607],[23.607236072360735,67.20086666250165],[23.596435964359642,67.19073519888235],[23.58563585635858,67.18060373526305],[23.574835748357486,67.17384942618352],[23.582035820358215,67.15358649894492],[23.600036000360006,67.14007788078587],[23.621636216362162,67.12994641716656],[23.646836468364683,67.10799491265809],[23.657636576365775,67.10461775811834],[23.664836648366503,67.09786344903878],[23.66843668436684,67.08773198541951],[23.672036720367203,67.07422336726043],[23.672036720367203,67.06578048091103],[23.675636756367567,67.0590261718315],[23.682836828368295,67.0488947082122],[23.71883718837188,67.01681174008442],[23.7440374403744,67.0016145446555],[23.76203762037622,66.99486023557594],[23.790837908379103,66.98810592649642],[23.816038160381623,66.97628588560724],[23.873638736387363,66.92393999024088],[23.91323913239134,66.90367706300228],[23.934839348393496,66.88847986757335],[23.960039600396016,66.86146263125522],[23.999639996399964,66.81249389042861],[24.003240032400328,66.80573958134909],[23.999639996399964,66.79560811772978],[23.985239852398536,66.79223096319004],[23.960039600396016,66.79391954045991],[23.93843938439386,66.79054238592013],[23.924039240392403,66.7736566132213],[23.891638916389184,66.75170510871286],[23.891638916389184,66.74326222236343],[23.902439024390247,66.70611352242602],[23.902439024390247,66.68585059518742],[23.898838988389883,66.66558766794881],[23.891638916389184,66.64870189524999],[23.88083880838809,66.63181612255119],[23.88803888038882,66.61324177258246],[23.891638916389184,66.59635599988363],[23.891638916389184,66.5794702271848],[23.88083880838809,66.56427303175587],[23.8628386283863,66.55414156813657],[23.808838088380895,66.53894437270762],[23.80523805238053,66.52881290908832],[23.78723787237874,66.51868144546904],[23.75483754837549,66.51192713638949],[23.72963729637297,66.50348425004009],[23.72963729637297,66.48659847734126],[23.70443704437045,66.48322132280148],[23.675636756367567,66.47477843645208],[23.65403654036541,66.45958124102313],[23.64323643236432,66.43594115924478],[23.646836468364683,66.4241211183556],[23.664836648366503,66.4055467683869],[23.66843668436684,66.3954153047676],[23.672036720367203,66.38190668660854],[23.675636756367567,66.36333233663981],[23.675636756367567,66.34982371848076],[23.672036720367203,66.33969225486146],[23.664836648366503,66.32618363670241],[23.66123661236614,66.31605217308311],[23.664836648366503,66.3059207094638],[23.67923679236793,66.28228062768545],[23.690036900369023,66.25695196863722],[23.722437224372243,66.20629465054074],[23.751237512375127,66.18940887784191],[23.78723787237874,66.17590025968283],[23.88803888038882,66.16070306425391],[23.91323913239134,66.14888302336473],[23.967239672396744,66.08133993256942],[23.974439744397444,66.07289704621999],[23.985239852398536,66.06614273714047],[24.010440104401056,66.05601127352116],[24.02124021240212,66.04925696444164],[24.028440284402848,66.03574834628259],[24.053640536405368,65.9850910281861],[24.057240572405732,65.96989383275715],[24.053640536405368,65.94794232824867],[24.075240752407524,65.9276794010101],[24.104041040410408,65.90910505104137],[24.125641256412564,65.86857919656418],[24.161641616416176,65.84156196024608],[24.161641616416176,65.82298761027735],[24.14004140041402,65.80441326030865],[24.104041040410408,65.80103610576887],[24.032040320403212,65.8094789921183],[24.03924039240394,65.80441326030865],[24.03924039240394,65.80103610576887],[24.042840428404304,65.799347528499],[24.053640536405368,65.79597037395925],[24.028440284402848,65.7909046421496],[23.98163981639817,65.79428179668935],[23.95643956439565,65.7892160648797],[23.952839528395288,65.78246175580017],[23.94563945639456,65.76726456037122],[23.934839348393496,65.76051025129169],[23.927639276392767,65.76051025129169],[23.916839168391704,65.76388740583147],[23.909639096390976,65.76726456037122],[23.89523895238952,65.770641714911],[23.884438844388455,65.77401886945077],[23.877238772387727,65.77908460126042],[23.873638736387363,65.78583891033995],[23.870038700387,65.79428179668935],[23.866438664386664,65.79428179668935],[23.85563855638557,65.7892160648797],[23.80523805238053,65.7892160648797],[23.78003780037801,65.79259321941947],[23.772837728377283,65.80610183757852],[23.76203762037622,65.82298761027735],[23.740437404374063,65.82974191935688],[23.690036900369023,65.82974191935688],[23.675636756367567,65.82467618754725],[23.650436504365047,65.80272468303878],[23.63603636036362,65.79597037395925],[23.621636216362162,65.79597037395925],[23.614436144361463,65.80103610576887],[23.6108361083611,65.80610183757852],[23.607236072360735,65.8094789921183],[23.52803528035281,65.8094789921183],[23.4848348483485,65.81623330119783],[23.492034920349198,65.82974191935688],[23.4848348483485,65.83480765116653],[23.470434704347042,65.83311907389665],[23.456034560345614,65.82974191935688],[23.45963459634598,65.828053342087],[23.448834488344886,65.81623330119783],[23.441634416344158,65.81285614665805],[23.434434344343458,65.81116756938818],[23.42723427234273,65.8094789921183],[23.423634236342366,65.80272468303878],[23.434434344343458,65.79765895122912],[23.438034380343822,65.79259321941947],[23.438034380343822,65.77570744672065],[23.434434344343458,65.76726456037122],[23.42723427234273,65.76557598310134],[23.420034200342002,65.76726456037122],[23.40203402034021,65.76895313764112],[23.384033840338418,65.77570744672065],[23.373233732337326,65.7909046421496],[23.36963369633696,65.80779041484843],[23.373233732337326,65.82298761027735],[23.35163351633517,65.82129903300748],[23.337233372333742,65.81285614665805],[23.32643326433265,65.80272468303878],[23.312033120331222,65.79597037395925],[23.290432904329037,65.79597037395925],[23.26883268832688,65.80272468303878],[23.229232292322934,65.82298761027735],[23.214832148321477,65.82636476481713],[23.196831968319685,65.82636476481713],[23.182431824318257,65.8196104557376],[23.182431824318257,65.80272468303878],[23.189631896318957,65.7892160648797],[23.204032040320413,65.7807731785303],[23.23643236432366,65.76895313764112],[23.222032220322205,65.76388740583147],[23.157231572315737,65.75037878767242],[23.146431464314645,65.74531305586277],[23.128431284312853,65.73349301497359],[23.128431284312853,65.71491866500486],[23.103231032310333,65.70478720138556],[23.078030780307813,65.70647577865546],[23.08523085230854,65.72842728316394],[23.056430564305657,65.75544451948204],[23.045630456304565,65.76051025129169],[22.988029880298797,65.76388740583147],[22.944829448294485,65.77570744672065],[22.937629376293756,65.77908460126042],[22.9160291602916,65.79597037395925],[22.901629016290173,65.799347528499],[22.876428764287652,65.79428179668935],[22.85842858428586,65.79597037395925],[22.836828368283676,65.80779041484843],[22.804428044280456,65.84831626932561],[22.786427864278636,65.86351346475453],[22.671226712267128,65.90572789650162],[22.653226532265336,65.90910505104137],[22.635226352263544,65.90572789650162],[22.646026460264608,65.89559643288231],[22.671226712267128,65.88208781472326],[22.68202682026822,65.87026777383409],[22.685626856268584,65.86182488748466],[22.68922689226892,65.83649622843643],[22.692826928269284,65.82467618754725],[22.700027000270012,65.80441326030865],[22.696426964269648,65.7892160648797],[22.68922689226892,65.77570744672065],[22.678426784267856,65.76388740583147],[22.6640266402664,65.75713309675194],[22.649626496264972,65.75544451948204],[22.653226532265336,65.77739602399052],[22.628026280262816,65.7909046421496],[22.570425704257048,65.79597037395925],[22.55602556025562,65.79259321941947],[22.52362523625237,65.77570744672065],[22.51282512825128,65.77570744672065],[22.50562505625058,65.78415033307004],[22.51282512825128,65.79428179668935],[22.52362523625237,65.80441326030865],[22.5308253082531,65.8094789921183],[22.520025200252007,65.82298761027735],[22.502025020250215,65.83143049662678],[22.469624696246967,65.84325053751596],[22.47322473224733,65.8466276920557],[22.476824768247695,65.85675915567501],[22.4048240482405,65.86351346475453],[22.368823688236887,65.86182488748466],[22.368823688236887,65.84325053751596],[22.325623256232575,65.83649622843643],[22.368823688236887,65.8094789921183],[22.365223652236523,65.79765895122912],[22.350823508235095,65.79597037395925],[22.318423184231847,65.80272468303878],[22.32922329223294,65.79259321941947],[22.34722347223473,65.770641714911],[22.36162361623616,65.76051025129169],[22.325623256232575,65.73518159224346],[22.2860228602286,65.74362447859286],[22.24642246422465,65.76051025129169],[22.21042210422104,65.76051025129169],[22.232022320223223,65.74531305586277],[22.250022500225015,65.73518159224346],[22.27162271622717,65.73011586043381],[22.340023400234003,65.72336155135429],[22.36162361623616,65.71660724227476],[22.376023760237615,65.69972146957593],[22.38682386823868,65.6727042332578],[22.36162361623616,65.6727042332578],[22.350823508235095,65.67101565598793],[22.340023400234003,65.66426134690838],[22.32922329223294,65.68959000595663],[22.307623076230783,65.70141004684581],[22.282422824228263,65.70141004684581],[22.257222572225743,65.69296716049638],[22.264422644226443,65.68790142868676],[22.268022680226807,65.6811471196072],[22.264422644226443,65.6727042332578],[22.257222572225743,65.66426134690838],[22.264422644226443,65.65919561509872],[22.27162271622717,65.65075272874932],[22.2860228602286,65.63217837878062],[22.26082260822608,65.6254240697011],[22.188821888218882,65.6237354924312],[22.264422644226443,65.61191545154202],[22.300423004230055,65.61191545154202],[22.318423184231847,65.63217837878062],[22.314823148231483,65.6423098423999],[22.289622896228963,65.65581846055898],[22.2860228602286,65.66426134690838],[22.293222932229327,65.67439281052768],[22.307623076230783,65.66932707871803],[22.325623256232575,65.65919561509872],[22.332823328233303,65.65075272874932],[22.325623256232575,65.64568699693967],[22.37962379623798,65.6338669560505],[22.383223832238343,65.62711264697097],[22.340023400234003,65.61360402881189],[22.332823328233303,65.60347256519262],[22.343623436234367,65.59502967884319],[22.365223652236523,65.58827536976366],[22.4048240482405,65.58320963795401],[22.4120241202412,65.57983248341426],[22.419224192241927,65.56970101979496],[22.43002430024302,65.54943809255636],[22.4048240482405,65.54268378347683],[22.38682386823868,65.54943809255636],[22.368823688236887,65.56294671071544],[22.350823508235095,65.56970101979496],[22.32202322023221,65.57138959706484],[22.29682296822969,65.57645532887449],[22.275222752227535,65.58827536976366],[22.264422644226443,65.58996394703354],[22.250022500225015,65.58320963795401],[22.257222572225743,65.56970101979496],[22.22842228422286,65.57138959706484],[22.12762127621278,65.60347256519262],[22.052020520205218,65.61698118335167],[22.01962019620197,65.63555553332037],[22.005220052200542,65.6423098423999],[21.965619656196566,65.64737557420955],[21.929619296192982,65.6625727696385],[21.86841868418685,65.6727042332578],[21.85401854018542,65.67776996506745],[21.84321843218433,65.68452427414698],[21.821618216182173,65.70309862411568],[21.81081810818108,65.70985293319521],[21.77841778417786,65.71998439681451],[21.764017640176405,65.72842728316394],[21.789217892178925,65.68621285141685],[21.846818468184694,65.66088419236863],[21.96921969219693,65.63217837878062],[22.052020520205218,65.59840683338297],[22.12042120421205,65.58320963795401],[22.131221312213142,65.57814390614436],[22.149221492214934,65.56970101979496],[22.17082170821709,65.55281524709613],[22.181621816218183,65.54774951528648],[22.20322203222034,65.54943809255636],[22.17802178021782,65.53930662893706],[22.12042120421205,65.53930662893706],[22.091620916209166,65.5359294743973],[22.084420844208438,65.53255231985753],[22.080820808208102,65.52917516531778],[22.080820808208102,65.525798010778],[22.07722077220774,65.5173551244286],[22.066420664206646,65.51397796988883],[22.055620556205582,65.51904370169848],[22.048420484204854,65.525798010778],[22.037620376203762,65.525798010778],[22.012420124201242,65.5173551244286],[21.875618756187578,65.53761805166718],[21.85401854018542,65.5359294743973],[21.900819008190098,65.50046935172978],[21.929619296192982,65.48864931084057],[21.951219512195138,65.49540361992013],[21.929619296192982,65.5055350835394],[21.922419224192254,65.5072236608093],[21.947619476194774,65.50891223807918],[22.005220052200542,65.4768292699514],[22.030420304203062,65.46669780633212],[22.023220232202334,65.45318918817304],[22.01962019620197,65.44136914728387],[22.012420124201242,65.43123768366456],[21.998019980199814,65.42617195185491],[21.980019800198022,65.42617195185491],[21.965619656196566,65.43292626093447],[21.94401944019441,65.45318918817304],[21.933219332193318,65.44136914728387],[21.93681936819368,65.43123768366456],[21.94401944019441,65.42110622004529],[21.94401944019441,65.41097475642599],[21.926019260192618,65.40422044734646],[21.908019080190797,65.40253187007656],[21.890018900189006,65.40759760188621],[21.87921879218794,65.41941764277539],[21.850418504185058,65.40759760188621],[21.821618216182173,65.40084329280668],[21.789217892178925,65.40084329280668],[21.706417064170637,65.41435191096573],[21.688416884168845,65.41266333369586],[21.7028170281703,65.3974661382669],[21.656016560165597,65.3974661382669],[21.630816308163077,65.40084329280668],[21.60921609216092,65.41941764277539],[21.587615876158765,65.41772906550551],[21.544415444154453,65.41097475642599],[21.544415444154453,65.40590902461634],[21.5840158401584,65.3974661382669],[21.598415984159857,65.3974661382669],[21.598415984159857,65.39240040645728],[21.52641526415266,65.3974661382669],[21.49041490414905,65.39408898372716],[21.468814688146892,65.37720321102833],[21.47601476014762,65.37720321102833],[21.486814868148684,65.37213747921868],[21.49041490414905,65.3704489019488],[21.447214472144736,65.35694028378973],[21.468814688146892,65.35525170651985],[21.49041490414905,65.34849739744033],[21.512015120151204,65.33836593382102],[21.52641526415266,65.32654589293185],[21.544415444154453,65.31810300658242],[21.56601566015661,65.31641442931254],[21.5840158401584,65.3214801611222],[21.587615876158765,65.33667735655115],[21.605616056160557,65.33330020201137],[21.623616236162377,65.32654589293185],[21.656016560165597,65.30797154296314],[21.688416884168845,65.29615150207397],[21.7028170281703,65.28602003845467],[21.699216992169937,65.27082284302571],[21.66681666816669,65.25224849305701],[21.623616236162377,65.24042845216783],[21.5768157681577,65.23873987489796],[21.544415444154453,65.24718276124736],[21.53361533615336,65.25731422486666],[21.51561515615157,65.28264288391489],[21.504815048150476,65.29615150207397],[21.49041490414905,65.30628296569324],[21.47601476014762,65.31472585204267],[21.4580145801458,65.31979158385232],[21.436414364143644,65.32316873839207],[21.40761407614076,65.33330020201137],[21.378813788137876,65.35525170651985],[21.346413464134656,65.37213747921868],[21.314013140131408,65.3704489019488],[21.317613176131772,65.3687603246789],[21.328413284132836,65.36538317013915],[21.3320133201332,65.36369459286925],[21.321213212132136,65.35187455198007],[21.278012780127796,65.3501859747102],[21.263612636126368,65.33667735655115],[21.389613896138968,65.3214801611222],[21.422014220142216,65.30797154296314],[21.48321483214832,65.26069137940641],[21.537215372153725,65.23029698854853],[21.60921609216092,65.16950820683275],[21.620016200162013,65.14755670232427],[21.598415984159857,65.13911381597487],[21.544415444154453,65.13742523870499],[21.55881558815588,65.13067092962547],[21.562415624156245,65.12222804327604],[21.562415624156245,65.11209657965674],[21.544415444154453,65.08339076606873],[21.548015480154817,65.07832503425908],[21.56601566015661,65.07494787971933],[21.587615876158765,65.06988214790968],[21.562415624156245,65.06143926156025],[21.479614796147956,65.06312783883016],[21.468814688146892,65.05468495248073],[21.47601476014762,65.04117633432168],[21.494014940149412,65.02597913889272],[21.504815048150476,65.02091340708307],[21.472414724147256,65.0090933661939],[21.461614616146164,65.00740478892402],[21.454414544145436,65.0090933661939],[21.43281432814328,65.01415909800355],[21.422014220142216,65.01415909800355],[21.422014220142216,65.0090933661939],[21.418414184141852,65.00402763438424],[21.414814148141488,65.0006504798445],[21.396813968139696,64.99389617076494],[21.38241382413824,64.98714186168542],[21.378813788137876,64.97701039806611],[21.393213932139332,64.96687893444684],[21.378813788137876,64.96012462536731],[21.25641256412564,64.95674747082754],[21.24201242012421,64.95337031628776],[21.24201242012421,64.94492742993836],[21.245612456124576,64.93986169812871],[21.252812528125276,64.93310738904918],[21.245612456124576,64.92128734816],[21.238412384123848,64.91453303908048],[21.227612276122755,64.90609015273105],[21.21681216812169,64.9010244209214],[21.202412024120235,64.89933584365153],[21.213212132121328,64.8723186073334],[21.19161191611917,64.86049856644422],[21.17361173611738,64.8537442573647],[21.18081180811808,64.835169907396],[21.16641166411665,64.83010417558634],[21.13041130411304,64.82334986650679],[21.112411124111247,64.82334986650679],[21.09801098010982,64.82672702104657],[21.09081090810909,64.83854706193574],[21.09081090810909,64.85036710282492],[21.083610836108363,64.85712141190444],[21.069210692106935,64.86049856644422],[21.05481054810548,64.85712141190444],[21.04041040410405,64.84698994828517],[21.036810368103687,64.83348133012609],[21.044010440104415,64.81997271196704],[21.05481054810548,64.81490698015739],[21.083610836108363,64.80984124834774],[21.080010800108,64.79802120745856],[21.080010800108,64.79464405291878],[21.09801098010982,64.78451258929951],[21.11601116011161,64.78113543475973],[21.15561155611556,64.78113543475973],[21.21681216812169,64.78957832110916],[21.28161281612816,64.77606970295008],[21.30681306813068,64.76762681660068],[21.314013140131408,64.7541181984416],[21.29961299612998,64.74905246663195],[21.24921249212494,64.75074104390185],[21.227612276122755,64.74736388936208],[21.245612456124576,64.73047811666325],[21.267212672126732,64.7169694985042],[21.314013140131408,64.70008372580537],[21.314013140131408,64.69164083945594],[21.296012960129616,64.69164083945594],[21.288812888128888,64.68657510764629],[21.292412924129252,64.67982079856677],[21.303213032130316,64.67137791221737],[21.303213032130316,64.66631218040772],[21.278012780127796,64.67137791221737],[21.23121231212312,64.69332941672585],[21.2060120601206,64.70008372580537],[21.184411844118443,64.7068380348849],[21.16641166411665,64.72203523031385],[21.144811448114496,64.73216669393312],[21.119611196111975,64.73047811666325],[21.108811088110883,64.7169694985042],[21.112411124111247,64.70008372580537],[21.12321123211234,64.68319795310654],[21.14121141211413,64.67137791221737],[21.170011700117016,64.66800075767759],[21.202412024120235,64.66631218040772],[21.23121231212312,64.66124644859806],[21.24921249212494,64.64436067589924],[21.23121231212312,64.64267209862936],[21.23121231212312,64.63254063501006],[21.245612456124576,64.62240917139076],[21.263612636126368,64.6173434395811],[21.285212852128524,64.61565486231123],[21.296012960129616,64.61396628504136],[21.303213032130316,64.61058913050158],[21.310413104131044,64.60552339869193],[21.317613176131772,64.59201478053288],[21.321213212132136,64.59032620326298],[21.3320133201332,64.58694904872323],[21.342813428134292,64.57344043056418],[21.353613536135356,64.5700632760244],[21.364413644136448,64.57175185329427],[21.364413644136448,64.58188331691358],[21.360813608136084,64.58188331691358],[21.368013680136812,64.59539193507263],[21.368013680136812,64.60383482142205],[21.37521375213754,64.6072119759618],[21.393213932139332,64.60383482142205],[21.414814148141488,64.59032620326298],[21.436414364143644,64.57175185329427],[21.454414544145436,64.56330896694487],[21.468814688146892,64.58694904872323],[21.47601476014762,64.58694904872323],[21.486814868148684,64.58357189418345],[21.49041490414905,64.5785061623738],[21.49041490414905,64.55655465786535],[21.50121501215014,64.54473461697614],[21.51561515615157,64.53629173062674],[21.53361533615336,64.53460315335687],[21.55161551615518,64.53460315335687],[21.54081540815409,64.52784884427734],[21.52641526415266,64.52278311246769],[21.512015120151204,64.52109453519779],[21.497614976149777,64.52447168973757],[21.472414724147256,64.54473461697614],[21.461614616146164,64.54811177151592],[21.414814148141488,64.52953742154722],[21.386013860138604,64.52109453519779],[21.37521375213754,64.53122599881709],[21.371613716137176,64.53798030789662],[21.364413644136448,64.5413574624364],[21.35721357213572,64.5413574624364],[21.35001350013502,64.53798030789662],[21.346413464134656,64.53122599881709],[21.353613536135356,64.52953742154722],[21.368013680136812,64.52784884427734],[21.386013860138604,64.51096307157852],[21.40041400414006,64.50589733976886],[21.411214112141124,64.51096307157852],[21.422014220142216,64.51434022611826],[21.461614616146164,64.51771738065804],[21.47601476014762,64.51434022611826],[21.479614796147956,64.51096307157852],[21.486814868148684,64.49407729887969],[21.49041490414905,64.48732298980013],[21.47601476014762,64.47212579437121],[21.479614796147956,64.46030575348203],[21.49041490414905,64.45355144440248],[21.512015120151204,64.4518628671326],[21.519215192151933,64.45524002167238],[21.530015300152996,64.46874863983143],[21.537215372153725,64.47212579437121],[21.55881558815588,64.4704372171013],[21.580415804158037,64.46537148529168],[21.573215732157337,64.48056868072061],[21.587615876158765,64.48056868072061],[21.598415984159857,64.47550294891096],[21.605616056160557,64.46537148529168],[21.605616056160557,64.4518628671326],[21.598415984159857,64.4417314035133],[21.5768157681577,64.4417314035133],[21.562415624156245,64.43497709443378],[21.55161551615518,64.42822278535425],[21.52641526415266,64.42146847627473],[21.51561515615157,64.4147141671952],[21.4580145801458,64.37081115817824],[21.418414184141852,64.35392538547941],[21.396813968139696,64.34041676732036],[21.371613716137176,64.33028530370106],[21.353613536135356,64.34041676732036],[21.3320133201332,64.35561396274929],[21.317613176131772,64.36405684909872],[21.321213212132136,64.35561396274929],[21.3248132481325,64.34717107639989],[21.321213212132136,64.33872819005046],[21.317613176131772,64.32859672643116],[21.3248132481325,64.32690814916128],[21.328413284132836,64.32353099462154],[21.328413284132836,64.31846526281188],[21.3320133201332,64.3150881082721],[21.317613176131772,64.31171095373233],[21.288812888128888,64.30157949011306],[21.270812708127096,64.30157949011306],[21.25641256412564,64.3049566446528],[21.24921249212494,64.30833379919258],[21.245612456124576,64.30664522192271],[21.11601116011161,64.22052778115867],[21.112411124111247,64.21883920388879],[21.083610836108363,64.22559351296832],[21.080010800108,64.22728209023822],[21.069210692106935,64.22221635842857],[21.044010440104415,64.19182196757066],[20.96480964809649,64.1496075358236],[20.9468094680947,64.129344608585],[20.961209612096127,64.11245883588617],[20.9540095400954,64.09557306318735],[20.91440914409145,64.05673578598007],[20.910809108091087,64.05335863144029],[20.910809108091087,64.04829289963064],[20.907209072090723,64.03478428147159],[20.910809108091087,64.03647285874146],[20.910809108091087,64.03309570420168],[20.91440914409145,64.02802997239206],[20.91440914409145,64.02465281785229],[20.910809108091087,64.02127566331251],[20.907209072090723,64.02127566331251],[20.90360903609036,64.01958708604263],[20.900009000089995,64.01452135423298],[20.900009000089995,63.994258426994406],[20.89640896408966,63.984126963375104],[20.88920889208893,63.97906123156545],[20.87840878408784,63.97737265429558],[20.87120871208714,63.97230692248593],[20.867608676086775,63.967241190676276],[20.86400864008641,63.9655526134064],[20.842408424084255,63.95879830432685],[20.824408244082434,63.9452896861678],[20.806408064080642,63.91151814077014],[20.784807848078486,63.87943517264236],[20.777607776077758,63.869303709023086],[20.730807308073082,63.84904078178448],[20.684006840068406,63.84904078178448],[20.673206732067314,63.842286472704956],[20.669606696066978,63.828777854545905],[20.676806768067678,63.82202354546635],[20.691206912069134,63.82033496819648],[20.709207092070926,63.82202354546635],[20.68760687606877,63.798383463688],[20.673206732067314,63.7899405773386],[20.666006660066614,63.79162915460847],[20.644406444064458,63.815269236386825],[20.630006300063002,63.82033496819648],[20.61200612006121,63.82202354546635],[20.565205652056534,63.798383463688],[20.56160561605617,63.78487484552895],[20.55440554405544,63.77643195917952],[20.543605436054378,63.774743381909644],[20.52920529205292,63.78149769098917],[20.540005400054014,63.79162915460847],[20.540005400054014,63.8000720409579],[20.52920529205292,63.8085149273073],[20.507605076050766,63.82033496819648],[20.5040050400504,63.82202354546635],[20.457204572045725,63.77136622736987],[20.43560435604357,63.76123476375059],[20.414004140041413,63.76798907283012],[20.417604176041777,63.75954618648069],[20.417604176041777,63.75448045467104],[20.414004140041413,63.74941472286142],[20.414004140041413,63.74097183651199],[20.42120421204214,63.71902033200351],[20.42120421204214,63.712266022923984],[20.414004140041413,63.70044598203481],[20.406804068040685,63.690314518415505],[20.39600396003962,63.681871632066105],[20.381603816038165,63.676805900256454],[20.363603636036373,63.6801830547962],[20.356403564035645,63.68862594114563],[20.35280352803528,63.70213455930468],[20.363603636036373,63.71564317746376],[20.36000360003601,63.725774641083035],[20.35280352803528,63.739283259242114],[20.338403384033853,63.74941472286142],[20.324003240032397,63.75448045467104],[20.316803168031697,63.739283259242114],[20.316803168031697,63.67849447752633],[20.30960309603097,63.654854395747975],[20.29520295202954,63.6514772412082],[20.280802808028085,63.659920127557626],[20.266402664026657,63.67005159117693],[20.266402664026657,63.681871632066105],[20.273602736027357,63.69200309568541],[20.280802808028085,63.70720029111433],[20.288002880028813,63.72070890927341],[20.28440284402845,63.73252895016259],[20.266402664026657,63.71902033200351],[20.2448024480245,63.69875740476493],[20.237602376023773,63.67342874571668],[20.241202412024137,63.6514772412082],[20.21960219602198,63.6531658184781],[20.154801548015485,63.6514772412082],[20.14400144001442,63.64810008666845],[20.13320133201333,63.64472293212867],[20.1188011880119,63.6430343548588],[20.10800108001081,63.64810008666845],[20.10080100801008,63.65654297301785],[20.097200972009716,63.6616087048275],[20.09360093600938,63.66498585936728],[20.072000720007196,63.66667443663715],[20.054000540005404,63.663297282097375],[20.036000360003612,63.65654297301785],[20.021600216002156,63.64810008666845],[20.010800108001092,63.63459146850937],[20.014400144001456,63.622771427620194],[20.028800288002884,63.60250850038162],[19.953199531995324,63.619394273080445],[19.938799387993896,63.619394273080445],[19.92439924399244,63.61263996400092],[19.888398883988856,63.60250850038162],[19.881198811988128,63.59913134584184],[19.863198631986336,63.57380268679361],[19.827198271982724,63.55522833682488],[19.787597875978776,63.54171971866583],[19.751597515975163,63.524833945967],[19.751597515975163,63.5147024823477],[19.76599765997662,63.4876852460296],[19.77319773197732,63.46404516425122],[19.769597695976955,63.46066800971147],[19.744397443974435,63.45729085517169],[19.737197371973735,63.45222512336204],[19.72279722797228,63.445470814282515],[19.701197011970123,63.43365077339334],[19.686796867968695,63.431962196123465],[19.63999639996402,63.445470814282515],[19.636396363963655,63.458979432441595],[19.63999639996402,63.46911089606087],[19.636396363963655,63.4775537824103],[19.611196111961135,63.4859966687597],[19.6147961479615,63.48937382329947],[19.618396183961835,63.496128132379],[19.618396183961835,63.499505286918776],[19.603996039960407,63.50457101872843],[19.578795787957887,63.521456791427255],[19.524795247952483,63.529899677776655],[19.51399513995142,63.538342564126054],[19.492394923949234,63.55353975955501],[19.47079470794708,63.561982645904436],[19.44559445594456,63.56029406863453],[19.42039420394204,63.54847402774536],[19.43119431194313,63.543408295935706],[19.441994419944194,63.538342564126054],[19.467194671946714,63.534965409586306],[19.45639456394565,63.50963675053805],[19.467194671946714,63.50119386418865],[19.492394923949234,63.49781670964887],[19.524795247952483,63.4859966687597],[19.4959949599496,63.4775537824103],[19.48159481594817,63.47417662787052],[19.46359463594638,63.472488050600646],[19.459994599946015,63.46911089606087],[19.47079470794708,63.46066800971147],[19.510395103951055,63.43365077339334],[19.51399513995142,63.42689646431381],[19.517595175951755,63.41507642342464],[19.50679506795069,63.41169926888486],[19.4887948879489,63.41676500069451],[19.45639456394565,63.431962196123465],[19.373593735937362,63.47924235968017],[19.344793447934478,63.4859966687597],[19.344793447934478,63.4775537824103],[19.373593735937362,63.445470814282515],[19.351993519935206,63.440405082472864],[19.33039330393305,63.44884796882229],[19.31239312393126,63.46066800971147],[19.294392943929438,63.46573374152112],[19.27999279992801,63.458979432441595],[19.276392763927646,63.44209365974277],[19.276392763927646,63.39819065072581],[19.269192691926918,63.38130487802698],[19.269192691926918,63.342467600819674],[19.258392583925854,63.32895898266062],[19.243992439924398,63.32220467358107],[19.233192331923334,63.325581828120846],[19.22959229592297,63.342467600819674],[19.207992079920814,63.325581828120846],[19.157591575915774,63.31882751904132],[19.132391323913254,63.30869605542202],[19.139591395913953,63.30531890088227],[19.15399153991541,63.293498859993065],[19.143191431914317,63.28674455091354],[19.12159121591216,63.26479304640506],[19.110791107911098,63.252973005515884],[19.132391323913254,63.252973005515884],[19.117991179911797,63.236087232817056],[19.09639096390964,63.23777581008696],[19.056790567905693,63.25972731459541],[19.038790387903873,63.23946438735683],[19.056790567905693,63.22595576919778],[19.085590855908578,63.22089003738813],[19.110791107911098,63.21920146011823],[19.10359103591037,63.20738141922905],[19.07839078390785,63.20738141922905],[19.067590675906757,63.2023156874194],[19.060390603906058,63.192184223800126],[19.060390603906058,63.1837413374507],[19.05319053190533,63.17867560564105],[19.035190351903537,63.17867560564105],[19.031590315903173,63.182052760180824],[19.00279002790029,63.19893853287965],[18.999189991899925,63.2023156874194],[18.991989919899197,63.209069996498954],[18.97038970389704,63.217512882848354],[18.963189631896313,63.22595576919778],[18.966789667896677,63.23946438735683],[18.955989559895613,63.24621869643636],[18.937989379893793,63.25128442824601],[18.923589235892365,63.25635016005566],[18.905589055890573,63.26648162367496],[18.887588875888753,63.27323593275449],[18.873188731887325,63.26985877821471],[18.875759147935884,63.263830580006],[14.55280747192805,66.08726055314665],[14.538745387453872,66.12524294158635]]],[[[20.824408244082434,63.6430343548588],[20.8280082800828,63.6531658184781],[20.86400864008641,63.676805900256454],[20.867608676086775,63.67511732298658],[20.87120871208714,63.67005159117693],[20.86400864008641,63.659920127557626],[20.856808568085683,63.6514772412082],[20.842408424084255,63.64472293212867],[20.824408244082434,63.6430343548588]]],[[[20.83880838808389,63.76798907283012],[20.86400864008641,63.79669488641812],[20.90360903609036,63.793317731878346],[20.92160921609218,63.77305480463977],[20.874808748087474,63.75448045467104],[20.882008820088203,63.76123476375059],[20.874808748087474,63.77136622736987],[20.86400864008641,63.77305480463977],[20.85320853208532,63.77136622736987],[20.83880838808389,63.76798907283012]]],[[[20.860408604086047,63.69369167295528],[20.882008820088203,63.74266041378186],[20.88920889208893,63.74941472286142],[20.89640896408966,63.75448045467104],[20.907209072090723,63.75616903194094],[20.918009180091815,63.76461191829034],[20.93960939609397,63.77305480463977],[20.9468094680947,63.774743381909644],[20.9468094680947,63.77305480463977],[20.943209432094335,63.76967765009999],[20.93960939609397,63.766300495560245],[20.943209432094335,63.76123476375059],[20.943209432094335,63.75616903194094],[20.936009360093607,63.752791877401165],[20.932409324093243,63.74603756832164],[20.936009360093607,63.73759468197224],[20.936009360093607,63.72746321835294],[20.932409324093243,63.71564317746376],[20.92160921609218,63.703823136574584],[20.907209072090723,63.695380250225156],[20.892808928089295,63.690314518415505],[20.87840878408784,63.690314518415505],[20.86400864008641,63.68356020933598],[20.860408604086047,63.69369167295528]]],[[[22.142021420214206,65.44643487909352],[22.14562145621457,65.45487776544294],[22.14562145621457,65.468386383602],[22.156421564215663,65.47514069268152],[22.174421744217454,65.47514069268152],[22.21042210422104,65.46500922906222],[22.214022140221402,65.45994349725257],[22.206822068220703,65.45656634271282],[22.206822068220703,65.4498120336333],[22.217622176221766,65.44136914728387],[22.22842228422286,65.43630341547421],[22.232022320223223,65.43123768366456],[22.232022320223223,65.41772906550551],[22.22122221222213,65.41941764277539],[22.21042210422104,65.42279479731516],[22.20322203222034,65.42617195185491],[22.1528215282153,65.42954910639469],[22.149221492214934,65.43461483820434],[22.142021420214206,65.44643487909352]]],[[[22.18522185221852,65.53761805166718],[22.199621996219975,65.54268378347683],[22.21042210422104,65.5443723607467],[22.224822248222495,65.5443723607467],[22.30402304023042,65.52242085623823],[22.31122311223112,65.52242085623823],[22.318423184231847,65.52410943350813],[22.325623256232575,65.52073227896835],[22.33642336423364,65.51228939261895],[22.358023580235823,65.50384650626953],[22.358023580235823,65.49540361992013],[22.343623436234367,65.49033788811047],[22.332823328233303,65.49202646538035],[22.32202322023221,65.50046935172978],[22.307623076230783,65.5072236608093],[22.293222932229327,65.51060081534905],[22.2788227882279,65.51397796988883],[22.27162271622717,65.51060081534905],[22.275222752227535,65.50046935172978],[22.27162271622717,65.50046935172978],[22.27162271622717,65.49033788811047],[22.282422824228263,65.48358357903095],[22.2860228602286,65.4785178472213],[22.2788227882279,65.4785178472213],[22.264422644226443,65.48189500176105],[22.217622176221766,65.5072236608093],[22.192421924219246,65.525798010778],[22.18522185221852,65.53761805166718]]],[[[22.2860228602286,65.43123768366456],[22.2860228602286,65.44305772455374],[22.293222932229327,65.45318918817304],[22.307623076230783,65.45487776544294],[22.318423184231847,65.45150061090317],[22.32202322023221,65.44643487909352],[22.332823328233303,65.44305772455374],[22.350823508235095,65.4498120336333],[22.37242372423725,65.45994349725257],[22.390423904239043,65.45994349725257],[22.408424084240863,65.45487776544294],[22.419224192241927,65.4498120336333],[22.4120241202412,65.44136914728387],[22.38682386823868,65.43292626093447],[22.376023760237615,65.43123768366456],[22.293222932229327,65.42786052912481],[22.2860228602286,65.43123768366456]]],[[[22.5308253082531,65.57645532887449],[22.534425344253464,65.58152106068414],[22.559625596255984,65.58152106068414],[22.577625776257776,65.58320963795401],[22.62442624426245,65.59334110157332],[22.642426424264244,65.58827536976366],[22.63882638826388,65.57983248341426],[22.620826208262088,65.57645532887449],[22.61362613626136,65.57138959706484],[22.61362613626136,65.56294671071544],[22.60642606426066,65.55788097890579],[22.595625956259568,65.55450382436601],[22.58842588425884,65.55450382436601],[22.57402574025741,65.55788097890579],[22.570425704257048,65.55788097890579],[22.577625776257776,65.55450382436601],[22.570425704257048,65.55450382436601],[22.5380253802538,65.56294671071544],[22.534425344253464,65.56801244252506],[22.5308253082531,65.57645532887449]]],[[[22.552425524255256,65.53086374258766],[22.559625596255984,65.53761805166718],[22.577625776257776,65.53255231985753],[22.584825848258504,65.52917516531778],[22.595625956259568,65.52748658804788],[22.610026100261024,65.52410943350813],[22.617226172261724,65.5173551244286],[22.61362613626136,65.51228939261895],[22.60642606426066,65.51060081534905],[22.58842588425884,65.51228939261895],[22.566825668256683,65.5173551244286],[22.552425524255256,65.53086374258766]]],[[[22.55602556025562,65.60516114246249],[22.566825668256683,65.61191545154202],[22.595625956259568,65.61360402881189],[22.602826028260296,65.60009541065284],[22.58842588425884,65.59334110157332],[22.570425704257048,65.59502967884319],[22.559625596255984,65.60178398792272],[22.55602556025562,65.60516114246249]]],[[[22.725227252272532,65.72336155135429],[22.725227252272532,65.73011586043381],[22.728827288272896,65.73855874678321],[22.73242732427326,65.75206736494229],[22.736027360273596,65.76557598310134],[22.746827468274688,65.770641714911],[22.790027900279,65.75037878767242],[22.800828008280092,65.73518159224346],[22.811628116281156,65.71491866500486],[22.804428044280456,65.70478720138556],[22.761227612276116,65.70816435592533],[22.73962739627396,65.71323008773498],[22.73242732427326,65.71829581954464],[22.725227252272532,65.72336155135429]]],[[[22.88362883628838,65.71998439681451],[22.887228872288716,65.73687016951334],[22.905229052290537,65.74193590132299],[22.930429304293057,65.74193590132299],[22.955629556295577,65.73349301497359],[22.95922959229594,65.72505012862416],[22.944829448294485,65.72505012862416],[22.944829448294485,65.72167297408438],[22.962829628296276,65.71660724227476],[22.977229772297733,65.70985293319521],[22.98442984429846,65.69972146957593],[22.980829808298097,65.69296716049638],[22.970029700297005,65.69634431503616],[22.962829628296276,65.69634431503616],[22.95922959229594,65.68959000595663],[22.962829628296276,65.6811471196072],[22.97362973629737,65.66763850144815],[22.955629556295577,65.67101565598793],[22.926829268292693,65.68452427414698],[22.89802898028981,65.70141004684581],[22.88362883628838,65.71998439681451]]],[[[23.682836828368295,65.72167297408438],[23.682836828368295,65.74362447859286],[23.690036900369023,65.74869021040251],[23.697236972369723,65.74024732405312],[23.70443704437045,65.73518159224346],[23.71163711637118,65.74024732405312],[23.715237152371543,65.75206736494229],[23.71883718837188,65.75037878767242],[23.72963729637297,65.74531305586277],[23.740437404374063,65.74193590132299],[23.75483754837549,65.74193590132299],[23.765637656376583,65.74362447859286],[23.776437764377647,65.75037878767242],[23.78003780037801,65.74869021040251],[23.78723787237874,65.74362447859286],[23.790837908379103,65.74700163313264],[23.79443794437944,65.75375594221217],[23.798037980379803,65.75375594221217],[23.801638016380167,65.75037878767242],[23.801638016380167,65.74362447859286],[23.798037980379803,65.73518159224346],[23.79443794437944,65.72842728316394],[23.78723787237874,65.72505012862416],[23.783637836378375,65.72167297408438],[23.783637836378375,65.71829581954464],[23.772837728377283,65.71154151046511],[23.7368373683737,65.69634431503616],[23.700837008370087,65.70816435592533],[23.682836828368295,65.72167297408438]]]]}},{"type":"Feature","properties":{"territory_id":"SI-01","country_code":"SI","country_name":"Slovenia","display_name":"Slovenia","strategic_centre":"Ljubljana","centre":[14.5061,46.0514],"boundary_status":"country-sourced"},"geometry":{"type":"Polygon","coordinates":[[[13.588335883358837,45.489140126349895],[13.591935919359202,45.49251728088967],[13.588335883358837,45.50096016723907],[13.595535955359566,45.511091630858374],[13.595535955359566,45.5178459399379],[13.584735847358473,45.5195345172078],[13.577535775357774,45.52291167174755],[13.57393573935741,45.529665980827076],[13.570335703357046,45.53979744444638],[13.588335883358837,45.53642028990663],[13.67473674736749,45.54486317625603],[13.753937539375414,45.55330606260546],[13.753937539375414,45.55837179441508],[13.743137431374322,45.570191835304286],[13.728737287372894,45.58201187619346],[13.710737107371074,45.59383191708264],[13.761137611376114,45.59552049435251],[13.80073800738009,45.58201187619346],[13.847538475384766,45.58538903073321],[13.869138691386922,45.60227480343204],[13.887138871388714,45.61916057613087],[13.894338943389442,45.632669194289946],[13.894338943389442,45.63435777155982],[13.88353883538835,45.63435777155982],[13.869138691386922,45.641112080639346],[13.85833858338583,45.649554966988774],[13.779137791377934,45.74411529410219],[13.710737107371074,45.766066798610666],[13.69993699937001,45.77113253042032],[13.660336603366034,45.79139545765889],[13.642336423364242,45.796461189468545],[13.609936099360993,45.79814976673845],[13.58113581135811,45.809969807627624],[13.57393573935741,45.818412693977024],[13.566735667356681,45.8302327348662],[13.570335703357046,45.864004280263856],[13.59913599135993,45.912973021090465],[13.609936099360993,45.926481639249516],[13.613536135361358,45.94674456648812],[13.62433624336245,45.9670074937267],[13.60633606336063,45.98558184369543],[13.59913599135993,45.983893266425525],[13.570335703357046,45.98051611188578],[13.537935379353797,45.9686960709966],[13.509135091350913,45.9670074937267],[13.483934839348393,45.98895899823518],[13.480334803348029,45.99064757550505],[13.480334803348029,45.99233615277495],[13.47313473134733,45.9957133073147],[13.462334623346237,46.005844770934004],[13.476734767347693,46.01597623455331],[13.483934839348393,46.01766481182318],[13.491134911349121,46.02610769817261],[13.491134911349121,46.032862007252135],[13.491134911349121,46.03961631633166],[13.483934839348393,46.04468204814131],[13.505535055350549,46.06663355264979],[13.52353523535237,46.07507643899919],[13.617136171361722,46.125733757095674],[13.645936459364606,46.1611938797632],[13.642336423364242,46.171325343382506],[13.638736387363878,46.179768229731934],[13.627936279362814,46.18145680700181],[13.613536135361358,46.18314538427168],[13.584735847358473,46.18145680700181],[13.559535595355953,46.184833961541585],[13.53073530735307,46.20509688878016],[13.509135091350913,46.21353977512959],[13.483934839348393,46.21860550693924],[13.469534695346965,46.223671238748864],[13.437134371343717,46.225359816018766],[13.42273422734229,46.228736970558515],[13.437134371343717,46.21016262058981],[13.408334083340833,46.20847404331994],[13.401134011340133,46.21691692966934],[13.397533975339769,46.23042554782842],[13.383133831338313,46.24393416598747],[13.379533795337949,46.26757424776582],[13.372333723337249,46.2810828659249],[13.36513365133652,46.2895257522743],[13.390333903339041,46.30134579316348],[13.393933939339405,46.30641152497313],[13.408334083340833,46.32329729767196],[13.42273422734229,46.345248802180436],[13.433534335343353,46.353691688529835],[13.44793447934481,46.35538026579974],[13.458734587345873,46.35875742033949],[13.483934839348393,46.37057746122866],[13.53073530735307,46.389151811197394],[13.55593555935559,46.40603758389622],[13.57393573935741,46.4263005111348],[13.59913599135993,46.443186283833626],[13.635136351363514,46.4448748611035],[13.660336603366034,46.4448748611035],[13.678336783367854,46.451629170183054],[13.685536855368554,46.46344921107223],[13.689136891368918,46.46851494288188],[13.689136891368918,46.49384360193011],[13.696336963369646,46.49890933373976],[13.69993699937001,46.505663642819286],[13.69993699937001,46.51241795189881],[13.69993699937001,46.51917226097834],[13.714337143371438,46.51917226097834],[13.78273782737827,46.50735222008916],[13.797137971379726,46.50735222008916],[13.861938619386194,46.51579510643859],[13.890738907389078,46.51241795189881],[13.980739807398095,46.48202356104093],[13.998739987399887,46.48033498377106],[14.013140131401315,46.48202356104093],[14.031140311403135,46.48540071558068],[14.049140491404927,46.48371213831081],[14.067140671406719,46.48033498377106],[14.081540815408175,46.47526925196141],[14.135541355413551,46.443186283833626],[14.146341463414643,46.43980912929385],[14.149941499415007,46.43980912929385],[14.24354243542436,46.438120552023975],[14.362343623436232,46.4364319747541],[14.39474394743948,46.44149770656375],[14.405544055440572,46.43980912929385],[14.412744127441272,46.434743397484226],[14.412744127441272,46.429677665674575],[14.419944199442,46.424611933864924],[14.437944379443792,46.41954620205527],[14.452344523445248,46.41448047024562],[14.466744667446676,46.41279189297575],[14.502745027450288,46.4178576247854],[14.517145171451716,46.40603758389622],[14.527945279452808,46.38746323392749],[14.538745387453872,46.37902034757809],[14.556745567455692,46.38408607938774],[14.560345603456028,46.39252896573714],[14.567545675456756,46.40097185208657],[14.574745747457484,46.41954620205527],[14.589145891458912,46.434743397484226],[14.599945999460004,46.4364319747541],[14.62154621546216,46.438120552023975],[14.632346323463253,46.43980912929385],[14.643146431464316,46.4448748611035],[14.661146611466108,46.460072056532454],[14.668346683466837,46.460072056532454],[14.6719467194672,46.460072056532454],[14.679146791467929,46.45838347926258],[14.686346863468628,46.47189209742163],[14.69714697146972,46.48033498377106],[14.704347043470449,46.487089292850584],[14.707947079470813,46.492155024660235],[14.725947259472605,46.497220756469886],[14.736747367473669,46.49384360193011],[14.761947619476189,46.495532179199984],[14.783547835478373,46.50397506554941],[14.787147871478709,46.50735222008916],[14.797947979479801,46.51917226097834],[14.808748087480893,46.536058033677165],[14.815948159481593,46.55125522910612],[14.823148231482321,46.568141001804946],[14.833948339483413,46.585026774503774],[14.851948519485205,46.6019125472026],[14.862748627486269,46.60528970174238],[14.877148771487725,46.603601124472476],[14.895148951489517,46.60528970174238],[14.898748987489881,46.60528970174238],[14.920349203492037,46.61542116536165],[14.934749347493494,46.620486897171304],[14.949149491494921,46.61879831990143],[14.967149671496713,46.60022396993273],[15.003150031500326,46.63737266987013],[15.060750607506094,46.64919271075931],[15.085950859508614,46.647504133489434],[15.103951039510406,46.64581555621956],[15.172351723517238,46.64074982440991],[15.204752047520486,46.639061247140035],[15.33435334353345,46.64412697894966],[15.388353883538855,46.64581555621956],[15.41715417154171,46.63737266987013],[15.435154351543531,46.62724120625083],[15.438754387543895,46.62386405171108],[15.463954639546415,46.61542116536165],[15.49275492754927,46.61879831990143],[15.510755107551091,46.62892978352073],[15.514355143551455,46.63230693806048],[15.517955179551791,46.639061247140035],[15.521555215552155,46.647504133489434],[15.521555215552155,46.64919271075931],[15.532355323553247,46.66438990618826],[15.546755467554675,46.67114421526779],[15.568355683556831,46.67620994707744],[15.589955899559016,46.67620994707744],[15.604356043560443,46.67283279253766],[15.615156151561536,46.67620994707744],[15.622356223562235,46.67789852434731],[15.6259562595626,46.68127567888709],[15.633156331563328,46.68971856523649],[15.633156331563328,46.70322718339557],[15.636756367563692,46.71673580155462],[15.65115651156512,46.709981492475094],[15.730357303573044,46.70322718339557],[15.755557555575564,46.70322718339557],[15.784357843578448,46.71167006974497],[15.823958239582396,46.723490110634145],[15.849158491584916,46.72517868790405],[15.8779587795878,46.7201129560944],[15.946359463594632,46.69647287431604],[15.985959859598609,46.69140714250639],[15.996759967599672,46.68634141069674],[16.018360183601857,46.67114421526779],[16.014760147601493,46.69309571977627],[16.0039600396004,46.709981492475094],[15.982359823598244,46.718424378824494],[15.971559715597152,46.74375303787275],[15.967959679596817,46.76063881057158],[15.971559715597152,46.77583600600053],[15.971559715597152,46.777524583270406],[15.97875978759788,46.80960755139819],[15.97875978759788,46.81636186047771],[15.971559715597152,46.81805043774759],[15.971559715597152,46.821427592287364],[15.982359823598244,46.82818190136689],[15.985959859598609,46.829870478636764],[16.02916029160292,46.83662478771629],[16.032760327603285,46.83831336498619],[16.05436054360544,46.84675625133559],[16.093960939609417,46.861953446764545],[16.129961299613,46.856887714954894],[16.13716137161373,46.85519913768502],[16.18036180361804,46.85857629222477],[16.27036270362703,46.86364202403442],[16.28116281162812,46.86026486949464],[16.299162991629913,46.84675625133559],[16.302763027630277,46.843379096795815],[16.309963099631005,46.840001942256066],[16.324363243632433,46.840001942256066],[16.33156331563316,46.834936210446415],[16.327963279632797,46.82480474682711],[16.32076320763207,46.812984705937936],[16.31356313563137,46.80116466504876],[16.309963099631005,46.79778751050898],[16.302763027630277,46.78765604688971],[16.299162991629913,46.77921316054028],[16.299162991629913,46.77583600600053],[16.299162991629913,46.772458851460755],[16.31356313563137,46.74375303787275],[16.324363243632433,46.73362157425345],[16.335163351633526,46.72180153336427],[16.342363423634254,46.71335864701487],[16.35676356763568,46.715047224284746],[16.35676356763568,46.69985002885579],[16.36396363963641,46.69647287431604],[16.367563675636774,46.69647287431604],[16.37116371163711,46.69478429704614],[16.38916389163893,46.69478429704614],[16.403564035640358,46.688029987966615],[16.410764107641086,46.66776706072804],[16.403564035640358,46.66270132891839],[16.39636396363963,46.65932417437861],[16.378363783637838,46.652569865299085],[16.367563675636774,46.64243840167978],[16.37116371163711,46.63568409260026],[16.374763747637473,46.62892978352073],[16.39636396363963,46.61879831990143],[16.428764287642878,46.603601124472476],[16.468364683646854,46.56476384726517],[16.500765007650074,46.54450092002659],[16.51516515165153,46.50228648827951],[16.48996489964901,46.51579510643859],[16.482764827648282,46.51917226097834],[16.47196471964719,46.52086083824824],[16.450364503645034,46.51917226097834],[16.43956439564397,46.51917226097834],[16.43236432364324,46.522549415518114],[16.41436414364145,46.536058033677165],[16.40716407164072,46.53943518821694],[16.39636396363963,46.53943518821694],[16.3819638196382,46.53943518821694],[16.37116371163711,46.541123765486816],[16.35676356763568,46.54618949729647],[16.353163531635317,46.53943518821694],[16.349563495634953,46.53943518821694],[16.342363423634254,46.54618949729647],[16.33876338763389,46.54450092002659],[16.33156331563316,46.536058033677165],[16.309963099631005,46.53099230186754],[16.29556295562955,46.52423799278799],[16.26316263162633,46.51579510643859],[16.259562595625965,46.514106529168714],[16.234362343623445,46.49384360193011],[16.234362343623445,46.48540071558068],[16.234362343623445,46.478646406501156],[16.23796237962381,46.465137788342105],[16.248762487624873,46.438120552023975],[16.248762487624873,46.429677665674575],[16.248762487624873,46.41279189297575],[16.252362523625237,46.40434900662632],[16.2559625596256,46.39928327481667],[16.273962739627393,46.39252896573714],[16.277562775627757,46.38746323392749],[16.28116281162812,46.37902034757809],[16.28116281162812,46.375643193038314],[16.273962739627393,46.37395461576844],[16.252362523625237,46.37395461576844],[16.216362163621653,46.367200306688915],[16.209162091620925,46.367200306688915],[16.191161911619133,46.37057746122866],[16.176761767617677,46.375643193038314],[16.15516155161552,46.39084038846727],[16.144361443614457,46.39421754300702],[16.129961299613,46.39252896573714],[16.122761227612273,46.38746323392749],[16.115561155611573,46.37902034757809],[16.10476104761048,46.37395461576844],[16.093960939609417,46.372266038498566],[16.090360903609053,46.372266038498566],[16.057960579605805,46.37733177030819],[16.057960579605805,46.36044599760939],[16.057960579605805,46.345248802180436],[16.057960579605805,46.331740184021356],[16.050760507605077,46.318231565862305],[16.050760507605077,46.31654298859243],[16.039960399604013,46.308100102243],[16.018360183601857,46.2996572158936],[15.996759967599672,46.291214329544175],[15.993159931599337,46.291214329544175],[15.982359823598244,46.28783717500443],[15.949959499594996,46.28446002046465],[15.917559175591776,46.27263997957547],[15.885158851588528,46.25913136141642],[15.881558815588164,46.25913136141642],[15.8779587795878,46.25913136141642],[15.834758347583488,46.25913136141642],[15.816758167581696,46.255754206876645],[15.80235802358024,46.250688475066994],[15.798757987579876,46.24899989779712],[15.787957879578812,46.242245588717594],[15.769957699576992,46.21860550693924],[15.748357483574836,46.21016262058981],[15.67635676356764,46.215228352399464],[15.661956619566212,46.215228352399464],[15.640356403564056,46.20847404331994],[15.6259562595626,46.19496542516086],[15.622356223562235,46.19158827062111],[15.604356043560443,46.166259611572855],[15.589955899559016,46.13924237525475],[15.589955899559016,46.1139137162065],[15.604356043560443,46.090273634428144],[15.622356223562235,46.07676501626909],[15.633156331563328,46.07001070718954],[15.643956439564391,46.064944975379916],[15.672756727567275,46.05819066630036],[15.683556835568368,46.05143635722084],[15.694356943569431,46.041304893601534],[15.697956979569796,46.03623916179191],[15.694356943569431,46.02610769817261],[15.683556835568368,46.01428765728343],[15.672756727567275,45.99402473004483],[15.672756727567275,45.99233615277495],[15.67635676356764,45.97207322553635],[15.67635676356764,45.94167883467847],[15.67635676356764,45.92479306197964],[15.669156691566911,45.912973021090465],[15.661956619566212,45.90115298020129],[15.658356583565848,45.88933293931211],[15.661956619566212,45.87582432115303],[15.67635676356764,45.855561393914456],[15.67635676356764,45.84205277575538],[15.665556655566576,45.8319213121361],[15.643956439564391,45.823478425786675],[15.6259562595626,45.8201012712469],[15.586355863558651,45.818412693977024],[15.55035550355504,45.823478425786675],[15.525155251552519,45.82685558032645],[15.514355143551455,45.823478425786675],[15.496354963549635,45.81334696216737],[15.485554855548571,45.809969807627624],[15.474754747547479,45.8116583848975],[15.463954639546415,45.815035539437275],[15.449554495544959,45.815035539437275],[15.438754387543895,45.8116583848975],[15.435154351543531,45.801526921278196],[15.438754387543895,45.79139545765889],[15.44235442354423,45.782952571309494],[15.431554315543167,45.77619826222997],[15.427954279542803,45.774509684960066],[15.330753307533087,45.752558180451615],[15.305553055530567,45.74580387137206],[15.262352623526255,45.730606675943136],[15.255152551525526,45.72385236686361],[15.251552515525162,45.71372090324431],[15.247952479524798,45.712032325974405],[15.251552515525162,45.70696659416478],[15.25875258752589,45.70527801689488],[15.269552695526954,45.698523707815355],[15.276752767527682,45.685015089656304],[15.28395283952841,45.67994935784665],[15.29115291152911,45.674883626037],[15.305553055530567,45.671506471497224],[15.30915309153093,45.674883626037],[15.30915309153093,45.67826078057678],[15.31635316353163,45.68163793511653],[15.327153271532723,45.6833265123864],[15.330753307533087,45.685015089656304],[15.33435334353345,45.6833265123864],[15.348753487534879,45.66981789422735],[15.352353523535243,45.668129316957476],[15.36675366753667,45.649554966988774],[15.373953739537399,45.63942350336947],[15.352353523535243,45.641112080639346],[15.337953379533815,45.63773492609957],[15.327153271532723,45.632669194289946],[15.298352983529838,45.62591488521039],[15.29115291152911,45.61747199886099],[15.287552875528775,45.61071768978147],[15.280352803528046,45.605651957971816],[15.269552695526954,45.60227480343204],[15.269552695526954,45.59383191708264],[15.276752767527682,45.58201187619346],[15.28395283952841,45.57188041257416],[15.28395283952841,45.570191835304286],[15.287552875528775,45.54486317625603],[15.298352983529838,45.52291167174755],[15.312753127531295,45.50602589904872],[15.363153631536335,45.48238581727037],[15.352353523535243,45.475631508190844],[15.33435334353345,45.458745735492016],[15.323553235532358,45.45199142641249],[15.312753127531295,45.45030284914259],[15.280352803528046,45.45030284914259],[15.226352263522642,45.43679423098354],[15.18315183151833,45.42497419009436],[15.13995139951399,45.43003992190401],[15.06435064350643,45.47394293092097],[15.05715057150573,45.480697240000495],[15.00675006750069,45.480697240000495],[14.995949959499598,45.48745154908002],[14.985149851498534,45.4908287036198],[14.977949779497806,45.49251728088967],[14.96354963549635,45.49251728088967],[14.945549455494557,45.50433732177885],[14.923949239492401,45.51446878539815],[14.90594905949061,45.51446878539815],[14.902349023490245,45.49251728088967],[14.88074880748809,45.47056577638119],[14.837548375483749,45.458745735492016],[14.797947979479801,45.46550004457154],[14.779947799478009,45.49251728088967],[14.689946899468993,45.521223094477676],[14.668346683466837,45.53473171263673],[14.668346683466837,45.53979744444638],[14.6719467194672,45.556683217145206],[14.668346683466837,45.565126103494634],[14.664746647466472,45.570191835304286],[14.657546575465773,45.573568989844034],[14.650346503465045,45.57525756711391],[14.614346143461432,45.59383191708264],[14.603546035460369,45.60396338070191],[14.592745927459276,45.61578342159112],[14.592745927459276,45.62929203975017],[14.592745927459276,45.64786638971887],[14.592745927459276,45.663063585147825],[14.581945819458213,45.668129316957476],[14.567545675456756,45.6647521624177],[14.563945639456392,45.663063585147825],[14.556745567455692,45.6563092760683],[14.542345423454236,45.636046348829694],[14.531545315453172,45.62591488521039],[14.506345063450652,45.605651957971816],[14.499144991449924,45.59552049435251],[14.491944919449196,45.58370045346334],[14.491944919449196,45.578634721653685],[14.488344883448832,45.556683217145206],[14.481144811448132,45.543174598986155],[14.47034470344704,45.52628882628733],[14.430744307443092,45.50602589904872],[14.412744127441272,45.49251728088967],[14.373143731437324,45.47732008546072],[14.326343263432648,45.475631508190844],[14.279542795427972,45.480697240000495],[14.239942399423995,45.49251728088967],[14.21834218342184,45.49758301269932],[14.19314193141932,45.49251728088967],[14.146341463414643,45.475631508190844],[14.121141211412123,45.47225435365107],[14.117541175411759,45.47225435365107],[14.092340923409239,45.47394293092097],[14.067140671406719,45.480697240000495],[14.041940419404199,45.49251728088967],[14.027540275402771,45.502648744508974],[14.013140131401315,45.507714476318625],[13.987939879398795,45.511091630858374],[13.973539735397367,45.51446878539815],[13.966339663396639,45.511091630858374],[13.962739627396274,45.50433732177885],[13.962739627396274,45.49251728088967],[13.98433984339843,45.475631508190844],[13.969939699397003,45.46212289003179],[13.923139231392327,45.448614271872714],[13.90873908739087,45.43848280825341],[13.897938979389806,45.43003992190401],[13.890738907389078,45.423285612824486],[13.836738367383674,45.42835134463414],[13.818738187381882,45.43341707644376],[13.80793807938079,45.44185996279319],[13.75753757537575,45.46381146730167],[13.660336603366034,45.46043431276189],[13.627936279362814,45.458745735492016],[13.588335883358837,45.489140126349895]]]}},{"type":"Feature","properties":{"territory_id":"SK-01","country_code":"SK","country_name":"Slovakia","display_name":"Slovakia","strategic_centre":"Bratislava","centre":[17.1097,48.1439],"boundary_status":"country-sourced"},"geometry":{"type":"Polygon","coordinates":[[[22.5380253802538,49.07230109304098],[22.5308253082531,49.05541532034215],[22.52362523625237,49.0334638158337],[22.520025200252007,49.00982373405532],[22.520025200252007,48.99293796135649],[22.50562505625058,48.98449507500709],[22.466024660246603,48.98111792046731],[22.44802448024481,48.97098645684804],[22.426424264242655,48.928772025100955],[22.415624156241563,48.91188625240213],[22.4120241202412,48.906820520592476],[22.4120241202412,48.893311902433425],[22.4120241202412,48.88824617062377],[22.401224012240135,48.87811470700447],[22.37962379623798,48.86460608884542],[22.37242372423725,48.857851779765895],[22.368823688236887,48.85616320249599],[22.36162361623616,48.844343161606815],[22.36162361623616,48.835900275257416],[22.365223652236523,48.82745738890799],[22.365223652236523,48.79368584351033],[22.36162361623616,48.786931534430806],[22.358023580235823,48.776800070811504],[22.34722347223473,48.768357184462104],[22.340023400234003,48.76329145265245],[22.32922329223294,48.75653714357293],[22.32922329223294,48.74302852541388],[22.32922329223294,48.7210770209054],[22.32202322023221,48.70081409366679],[22.31122311223112,48.68223974369809],[22.293222932229327,48.66704254826914],[22.282422824228263,48.661976816459486],[22.257222572225743,48.656911084649835],[22.242822428224287,48.65184535284018],[22.23562235622356,48.643402466490784],[22.224822248222495,48.62820527106183],[22.217622176221766,48.621450961982305],[22.1528215282153,48.585990839314775],[22.138421384213842,48.56910506661595],[22.138421384213842,48.54884213937734],[22.149221492214934,48.50831628490016],[22.14562145621457,48.493119089471236],[22.134821348213478,48.47623331677241],[22.131221312213142,48.40531307143732],[22.113221132211322,48.38842729873849],[22.09522095220953,48.37998441238909],[22.07722077220774,48.376607257849315],[22.01962019620197,48.37998441238909],[22.001620016200178,48.37829583511919],[21.980019800198022,48.37491868057944],[21.929619296192982,48.37323010330954],[21.915219152191526,48.36985294876979],[21.882818828188277,48.35803290788061],[21.839618396183965,48.35296717607096],[21.789217892178925,48.336081403372134],[21.76041760417604,48.33439282610226],[21.72801728017282,48.341147135181785],[21.7028170281703,48.354655753340836],[21.67761677616778,48.371541526039664],[21.620016200162013,48.42895315321567],[21.612816128161285,48.44077319410485],[21.60201602016022,48.48129904858206],[21.59121591215913,48.493119089471236],[21.573215732157337,48.49480766674111],[21.537215372153725,48.49480766674111],[21.522815228152297,48.49987339855076],[21.51561515615157,48.50662770763029],[21.504815048150476,48.52689063486889],[21.497614976149777,48.53533352121829],[21.49041490414905,48.54039925302794],[21.472414724147256,48.545464984837594],[21.44001440014401,48.558973602996645],[21.42561425614258,48.56066218026652],[21.371613716137176,48.550530716647245],[21.339213392133928,48.550530716647245],[21.321213212132136,48.54715356210747],[21.303213032130316,48.54039925302794],[21.292412924129252,48.53026778940864],[21.288812888128888,48.52013632578934],[21.278012780127796,48.50831628490016],[21.260012600126004,48.50325055309051],[21.24921249212494,48.50662770763029],[21.238412384123848,48.51338201670981],[21.220412204122056,48.51844774851946],[21.188011880118808,48.51338201670981],[21.108811088110883,48.48974193493146],[21.083610836108363,48.493119089471236],[21.06561065610657,48.50662770763029],[21.036810368103687,48.51507059397969],[21.008010080100803,48.51844774851946],[20.982809828098283,48.51675917124959],[20.9468094680947,48.51844774851946],[20.892808928089295,48.54039925302794],[20.860408604086047,48.54377640756769],[20.84600846008462,48.545464984837594],[20.817208172081735,48.564039334806296],[20.799207992079914,48.56910506661595],[20.784807848078486,48.56910506661595],[20.572405724057234,48.537022098488166],[20.51120511205113,48.53364494394842],[20.482404824048245,48.52689063486889],[20.47880478804788,48.51844774851946],[20.47880478804788,48.510004862170064],[20.482404824048245,48.493119089471236],[20.482404824048245,48.48974193493146],[20.482404824048245,48.48636478039168],[20.482404824048245,48.48298762585193],[20.482404824048245,48.47792189404228],[20.468004680046818,48.466101853153106],[20.464404644046454,48.46441327588323],[20.43560435604357,48.44246177137475],[20.42120421204214,48.42895315321567],[20.41040410404105,48.41375595778675],[20.3708037080371,48.33439282610226],[20.349203492034917,48.305687012514255],[20.324003240032397,48.280358353466],[20.29520295202954,48.26009542622742],[20.273602736027357,48.251652539877995],[20.25920259202593,48.256718271687646],[20.248402484024837,48.26347258076717],[20.230402304023045,48.2702268898467],[20.21960219602198,48.26684973530695],[20.187201872018733,48.248275385338246],[20.16920169201694,48.243209653528595],[20.154801548015485,48.24489823079847],[20.14400144001442,48.248275385338246],[20.13320133201333,48.24658680806834],[20.122401224012236,48.23645534444904],[20.1188011880119,48.229701035369516],[20.111601116011173,48.211126685400814],[20.104401044010444,48.202683799051414],[20.097200972009716,48.19761806724176],[20.079200792007924,48.194240912701986],[20.039600396003976,48.17735514000316],[20.036000360003612,48.175666562733284],[19.996399963999636,48.167223676383855],[19.97479974799748,48.158780790034456],[19.927999279992804,48.13007497644645],[19.906399063990648,48.1250092446368],[19.884798847988492,48.13007497644645],[19.845198451984515,48.15202648095493],[19.819998199981995,48.15709221276455],[19.78399783997841,48.14864932641515],[19.776797767977683,48.15033790368503],[19.76599765997662,48.158780790034456],[19.769597695976955,48.167223676383855],[19.77319773197732,48.175666562733284],[19.77319773197732,48.185798026352586],[19.755197551975527,48.20099522178151],[19.73359733597337,48.202683799051414],[19.686796867968695,48.19761806724176],[19.675996759967603,48.20099522178151],[19.654396543965447,48.21788099448034],[19.643596435964355,48.224635303559864],[19.63279632796329,48.22632388082977],[19.6219962199622,48.22632388082977],[19.53199531995321,48.211126685400814],[19.51399513995142,48.20437237632129],[19.503195031950327,48.189175180892335],[19.492394923949234,48.15033790368503],[19.48159481594817,48.1351407082561],[19.48159481594817,48.1334521309862],[19.48159481594817,48.126697821906674],[19.485194851948535,48.12163209009702],[19.48159481594817,48.11656635828737],[19.48159481594817,48.11150062647772],[19.427594275942766,48.08617196742949],[19.294392943929438,48.08786054469937],[19.233192331923334,48.06253188565114],[19.222392223922242,48.060843308381266],[19.099990999910005,48.07097477200054],[19.038790387903873,48.064220462921014],[19.02079020790208,48.06590904019089],[18.99558995589956,48.06590904019089],[18.981189811898133,48.060843308381266],[18.934389343893457,48.05408899930171],[18.837188371883713,48.04058038114266],[18.822788227882285,48.03044891752336],[18.7939879398794,47.993300217585954],[18.783187831878337,47.9882344857763],[18.765187651876516,47.984857331236526],[18.757987579875817,47.98148017669678],[18.74358743587436,47.971348713077475],[18.74358743587436,47.9679715585377],[18.75078750787509,47.96290582672805],[18.754387543875453,47.95108578583887],[18.74358743587436,47.91055993136169],[18.74358743587436,47.89029700412311],[18.747187471874724,47.87003407688451],[18.779587795877973,47.851459726915806],[18.815588155881557,47.832885376947075],[18.790387903879036,47.82613106786755],[18.76878768787688,47.8227539133278],[18.75078750787509,47.81431102697837],[18.71838718387184,47.78729379066024],[18.69318693186932,47.77716232704097],[18.664386643866436,47.775473749771066],[18.635586355863552,47.78053948158072],[18.595985959859604,47.79067094520002],[18.552785527855292,47.792359522469894],[18.347583475834767,47.77716232704097],[18.271982719827207,47.756899399802364],[18.235982359823595,47.753522245262616],[18.11358113581136,47.761965131612016],[17.883178831788314,47.75183366799271],[17.825578255782574,47.75014509072284],[17.742777427774286,47.76534228615179],[17.717577175771765,47.77378517250119],[17.677976779767818,47.788982367930146],[17.667176671766725,47.797425254279545],[17.659976599765997,47.80755671789885],[17.63837638376384,47.819376758788025],[17.62037620376205,47.82950822240733],[17.605976059760593,47.83457395421698],[17.591575915759165,47.832885376947075],[17.584375843758437,47.82950822240733],[17.573575735757373,47.82950822240733],[17.559175591755917,47.83795110875673],[17.526775267752697,47.87172265415438],[17.515975159751605,47.87678838596403],[17.490774907749085,47.88016554050381],[17.483574835748357,47.88354269504356],[17.472774727747293,47.88860842685321],[17.36837368373685,47.98148017669678],[17.339573395733964,47.998365949395605],[17.271172711727132,48.00512025847513],[17.263972639726404,48.006808835745005],[17.220772207722092,48.01525172209443],[17.18477184771848,48.020317453904056],[17.148771487714896,48.00512025847513],[17.123571235712376,48.020317453904056],[17.091170911709128,48.02707176298361],[17.06957069570697,48.03551464933301],[17.07677076770767,48.05240042203184],[17.062370623706244,48.05915473111136],[17.05877058770588,48.060843308381266],[17.065970659706608,48.07941765834997],[17.06957069570697,48.08954912196927],[17.080370803708036,48.09799200831867],[17.065970659706608,48.1064348946681],[17.062370623706244,48.11318920374762],[17.047970479704816,48.131763553716326],[17.037170371703724,48.1351407082561],[17.01917019170193,48.13682928552598],[17.00837008370084,48.1435835946055],[16.98316983169832,48.16046936730433],[16.97596975969759,48.17735514000316],[16.97596975969759,48.19930664451164],[16.96876968769689,48.216192417210465],[16.954369543695435,48.25334111714787],[16.954369543695435,48.256718271687646],[16.954369543695435,48.26853831257682],[16.954369543695435,48.273604044386474],[16.95076950769507,48.27698119892625],[16.94356943569437,48.278669776196125],[16.93276932769328,48.28542408527565],[16.92556925569255,48.287112662545525],[16.91836918369185,48.2904898170853],[16.914769147691487,48.29724412616483],[16.911169111691123,48.300621280704604],[16.90756907569076,48.30737558978413],[16.903969039690395,48.31244132159378],[16.903969039690395,48.314129898863655],[16.896768967689695,48.31581847613353],[16.90036900369003,48.32088420794318],[16.903969039690395,48.327638517022706],[16.90756907569076,48.33101567156248],[16.90036900369003,48.33945855791191],[16.89316893168933,48.346212866991436],[16.88236882368824,48.35296717607096],[16.87516875168751,48.354655753340836],[16.853568535685355,48.35634433061074],[16.846368463684655,48.35972148515049],[16.84276842768429,48.36478721696014],[16.846368463684655,48.376607257849315],[16.846368463684655,48.381672989658966],[16.84996849968499,48.38336156692884],[16.853568535685355,48.390115876008366],[16.860768607686083,48.44415034864463],[16.864368643686447,48.45765896680368],[16.87516875168751,48.47116758496276],[16.90036900369003,48.496496244010984],[16.90756907569076,48.510004862170064],[16.914769147691487,48.52013632578934],[16.929169291692915,48.528579212138766],[16.947169471694735,48.54039925302794],[16.95076950769507,48.545464984837594],[16.954369543695435,48.55728502572677],[16.94356943569437,48.60456518928348],[16.947169471694735,48.62313953925218],[16.961569615696163,48.63664815741126],[16.97596975969759,48.65015677557031],[17.02637026370263,48.746405679953625],[17.05157051570515,48.773422916271755],[17.0839708397084,48.79368584351033],[17.098370983709856,48.80550588439954],[17.105571055710556,48.82408023436824],[17.112771127711284,48.83421169798754],[17.166771667716688,48.85954035703577],[17.213572135721364,48.866294666115294],[17.26037260372604,48.857851779765895],[17.375573755737577,48.81901450255859],[17.389973899739005,48.822391657098336],[17.41157411574116,48.830834543447764],[17.429574295742952,48.83758885252729],[17.454774547745473,48.84265458433694],[17.46917469174693,48.83758885252729],[17.497974979749813,48.81732592528871],[17.533975339753397,48.81226019347906],[17.728377283772858,48.862917511575546],[17.74637746377465,48.87304897519482],[17.778777787777898,48.91188625240213],[17.79677796777969,48.920329138751555],[17.818378183781846,48.9237062932913],[17.839978399784002,48.920329138751555],[17.861578615786158,48.92201771602143],[17.879578795787978,48.933837756910606],[17.886778867788678,48.94734637506966],[17.893978939789406,48.977740765927564],[17.901179011790134,48.99293796135649],[17.915579155791562,49.00982373405532],[17.933579335793354,49.01995519767462],[17.958779587795874,49.02164377494452],[18.01278012780128,49.01995519767462],[18.045180451804526,49.02839808402405],[18.07398073980741,49.04697243399275],[18.095580955809567,49.0706125157711],[18.102781027810295,49.09256402027958],[18.102781027810295,49.13646702929654],[18.102781027810295,49.143221338376065],[18.10638106381066,49.170238574694196],[18.117181171811723,49.20232154282195],[18.135181351813515,49.232715933679856],[18.160381603816035,49.25804459272808],[18.18918189181892,49.276618942696786],[18.32598325983261,49.312079065364344],[18.361983619836195,49.330653415333046],[18.38358383583838,49.34247345622222],[18.387183871838715,49.38975361977893],[18.4159841598416,49.38468788796928],[18.437584375843755,49.39481935158858],[18.480784807848096,49.428590896986236],[18.513185131851316,49.44041093787541],[18.523985239852408,49.445476669685064],[18.527585275852772,49.455608133304366],[18.531185311853136,49.47418248327307],[18.53478534785347,49.480936792352594],[18.556385563855656,49.48937967870202],[18.599585995859968,49.486002524162245],[18.628386283862852,49.49613398778155],[18.635586355863552,49.49613398778155],[18.64278642786428,49.49613398778155],[18.67518675186753,49.48431394689237],[18.703987039870412,49.47924821508272],[18.732787327873297,49.480936792352594],[18.772387723877245,49.50457687413095],[18.7939879398794,49.5096426059406],[18.833588335883377,49.5096426059406],[18.930789307893093,49.50457687413095],[18.959589595895977,49.49275683324177],[18.95238952389525,49.47587106054294],[18.95238952389525,49.46236244238389],[18.959589595895977,49.44885382422484],[18.959589595895977,49.43365662879589],[18.955989559895613,49.39988508339823],[18.963189631896313,49.38975361977893],[18.981189811898133,49.38637646523918],[19.006390063900653,49.388065042509055],[19.0459904599046,49.40326223793801],[19.067590675906757,49.40663939247776],[19.07839078390785,49.40326223793801],[19.09639096390964,49.39481935158858],[19.107191071910734,49.39144219704883],[19.117991179911797,49.39144219704883],[19.143191431914317,49.39481935158858],[19.1719917199172,49.401573660668106],[19.17919179191793,49.410016547017534],[19.182791827918294,49.423525165176585],[19.189991899918994,49.44209951514529],[19.193591935919358,49.44209951514529],[19.20439204392045,49.44209951514529],[19.207992079920814,49.445476669685064],[19.211592115921178,49.45223097876459],[19.207992079920814,49.455608133304366],[19.207992079920814,49.458985287844115],[19.20439204392045,49.46067386511402],[19.218792187921878,49.49275683324177],[19.233192331923334,49.507954028670724],[19.247592475924762,49.51639691502015],[19.265592655926554,49.521462646829775],[19.283592835928374,49.52483980136955],[19.315993159931594,49.52315122409968],[19.326793267932686,49.52483980136955],[19.341193411934114,49.52821695590933],[19.348393483934842,49.53328268771898],[19.434794347943495,49.59576004670461],[19.43839438394386,49.60082577851426],[19.441994419944194,49.602514355784166],[19.449194491944922,49.60082577851426],[19.45639456394565,49.597448623974515],[19.474394743947443,49.57887427400581],[19.48159481594817,49.57380854219616],[19.50679506795069,49.56367707857686],[19.517595175951755,49.543414151338254],[19.535595355953575,49.49275683324177],[19.549995499955003,49.46067386511402],[19.55719557195573,49.45391955603449],[19.575195751957523,49.445476669685064],[19.593195931959315,49.44209951514529],[19.636396363963655,49.44209951514529],[19.629196291962927,49.43534520606576],[19.629196291962927,49.43027947425611],[19.629196291962927,49.41339370155728],[19.625596255962563,49.401573660668106],[19.68319683196833,49.38975361977893],[19.704797047970487,49.388065042509055],[19.726397263972643,49.388065042509055],[19.75879758797589,49.39819650612836],[19.769597695976955,49.393130774318706],[19.776797767977683,49.374556424350004],[19.78399783997841,49.357670651651176],[19.79119791197914,49.30870191082457],[19.787597875978776,49.30532475628479],[19.780397803978047,49.29688186993539],[19.780397803978047,49.29350471539561],[19.78399783997841,49.290127560855865],[19.79839798397984,49.28337325177634],[19.79839798397984,49.28168467450644],[19.79839798397984,49.27999609723656],[19.805598055980568,49.27493036542691],[19.80919809198093,49.271553210887134],[19.805598055980568,49.26479890180761],[19.801998019980203,49.263110324537735],[19.794797947979475,49.26142174726786],[19.79119791197914,49.25973316999796],[19.751597515975163,49.21920731552078],[19.7479974799748,49.205698697361726],[19.762397623976256,49.19387865647255],[19.787597875978776,49.1888129246629],[19.830798307983088,49.18543577012312],[19.855998559985608,49.19050150193277],[19.8667986679867,49.200632965552074],[19.888398883988856,49.214141583711125],[19.906399063990648,49.22258447006055],[19.938799387993896,49.22427304733043],[19.963999639996416,49.21583016098103],[20.01800018000182,49.18374719285325],[20.05040050400504,49.173615729233944],[20.06840068400686,49.18374719285325],[20.079200792007924,49.2073872746316],[20.086400864008652,49.24284739729913],[20.097200972009716,49.25297886091843],[20.104401044010444,49.26479890180761],[20.111601116011173,49.276618942696786],[20.129601296012964,49.303636179014916],[20.136801368013693,49.30870191082457],[20.136801368013693,49.30701333355469],[20.162001620016213,49.30532475628479],[20.16920169201694,49.312079065364344],[20.190801908019097,49.32896483806317],[20.20880208802089,49.334030569872795],[20.28440284402845,49.339096301682446],[20.288002880028813,49.34247345622222],[20.29520295202954,49.357670651651176],[20.30240302403024,49.37117926981023],[20.30240302403024,49.37962215615963],[20.306003060030605,49.38637646523918],[20.316803168031697,49.39144219704883],[20.331203312033125,49.39144219704883],[20.3708037080371,49.38131073342953],[20.42120421204214,49.382999310699404],[20.42120421204214,49.39988508339823],[20.439204392043933,49.40326223793801],[20.522005220052222,49.374556424350004],[20.543605436054378,49.37117926981023],[20.568805688056898,49.37624500161988],[20.57960579605796,49.382999310699404],[20.594005940059418,49.396507928858455],[20.60480604806048,49.39988508339823],[20.615606156061574,49.39988508339823],[20.63720637206373,49.39819650612836],[20.673206732067314,49.401573660668106],[20.691206912069134,49.39988508339823],[20.777607776077758,49.330653415333046],[20.79560795607958,49.32389910625352],[20.817208172081735,49.32221052898362],[20.835208352083527,49.32221052898362],[20.849608496084954,49.320521951713744],[20.867608676086775,49.312079065364344],[20.885608856088567,49.30025902447517],[20.900009000089995,49.29181613812574],[20.918009180091815,49.290127560855865],[20.943209432094335,49.295193292665516],[20.96480964809649,49.30870191082457],[20.99720997209974,49.339096301682446],[21.018810188101895,49.352604919841525],[21.033210332103323,49.3542934971114],[21.05481054810548,49.3542934971114],[21.0728107281073,49.357670651651176],[21.080010800108,49.366113538000576],[21.069210692106935,49.38131073342953],[21.044010440104415,49.38975361977893],[21.033210332103323,49.39988508339823],[21.05481054810548,49.415082278827185],[21.069210692106935,49.418459433366934],[21.108811088110883,49.42521374244649],[21.12321123211234,49.423525165176585],[21.144811448114496,49.415082278827185],[21.15561155611556,49.40495081520788],[21.17361173611738,49.39819650612836],[21.195211952119536,49.39988508339823],[21.209612096120964,49.41170512428741],[21.24201242012421,49.44209951514529],[21.260012600126004,49.44885382422484],[21.27441274412746,49.44716524695494],[21.3320133201332,49.428590896986236],[21.429214292142916,49.410016547017534],[21.443614436144372,49.410016547017534],[21.48321483214832,49.415082278827185],[21.497614976149777,49.41170512428741],[21.51561515615157,49.41677085609706],[21.530015300152996,49.42183658790671],[21.60201602016022,49.42690231971636],[21.620016200162013,49.423525165176585],[21.630816308163077,49.418459433366934],[21.648816488164897,49.40663939247776],[21.65961659616596,49.40326223793801],[21.66681666816669,49.401573660668106],[21.681216812168117,49.40326223793801],[21.69201692016921,49.401573660668106],[21.710017100171,49.39144219704883],[21.74241742417425,49.357670651651176],[21.756817568175677,49.34922776530175],[21.76761767617677,49.3542934971114],[21.782017820178197,49.3644249607307],[21.800018000180017,49.374556424350004],[21.81801818018181,49.37793357888975],[21.839618396183965,49.37117926981023],[21.875618756187578,49.347539188031874],[21.929619296192982,49.330653415333046],[21.965619656196566,49.30870191082457],[21.99441994419945,49.27830751996669],[22.005220052200542,49.24284739729913],[22.012420124201242,49.21076442917138],[22.041220412204126,49.1972558110123],[22.113221132211322,49.1888129246629],[22.14562145621457,49.17530430650385],[22.156421564215663,49.17192715196407],[22.167221672216726,49.17192715196407],[22.188821888218882,49.173615729233944],[22.199621996219975,49.17192715196407],[22.21042210422104,49.16348426561464],[22.21042210422104,49.156729956535116],[22.206822068220703,49.14997564745559],[22.206822068220703,49.14490991564594],[22.217622176221766,49.13984418383629],[22.264422644226443,49.13140129748689],[22.318423184231847,49.13140129748689],[22.340023400234003,49.12633556567724],[22.390423904239043,49.09256402027958],[22.426424264242655,49.085809711200056],[22.50562505625058,49.08412113393018],[22.5380253802538,49.07230109304098]]]}},{"type":"Feature","properties":{"territory_id":"TR-01","country_code":"TR","country_name":"Turkiye","display_name":"Eastern Thrace and Istanbul","strategic_centre":"Istanbul","centre":[28.955,41.0136],"boundary_status":"country-sourced"},"geometry":{"type":"MultiPolygon","coordinates":[[[[30.2,39.5],[26.93006930069302,39.5],[26.93006930069302,39.50144512734586],[26.944469444694448,39.54028240455315],[26.944469444694448,39.560545331791744],[26.93726937269375,39.57405394995081],[26.922869228692292,39.58249683630022],[26.894068940689408,39.58418541357011],[26.868868688686888,39.57743110449057],[26.850868508685096,39.56392248633152],[26.832868328683304,39.55716817725198],[26.807668076680784,39.570676795411046],[26.667266672666727,39.550413868172456],[26.458464584645867,39.52170805458445],[26.433264332643347,39.51326516823504],[26.422464224642255,39.50482228188562],[26.415264152641527,39.50482228188562],[26.40311379209175,39.5],[26.07140372047256,39.5],[26.094860948609494,39.54872529090257],[26.10926109261092,39.59769403172916],[26.148861488614898,39.62639984531718],[26.156061560615626,39.650039927095534],[26.163261632616326,39.70407439973178],[26.159661596615962,39.71420586335107],[26.14166141661417,39.74291167693907],[26.138061380613806,39.75642029509814],[26.138061380613806,39.76486318144755],[26.14166141661417,39.768240335987315],[26.145261452614534,39.7699289132572],[26.148861488614898,39.77668322233673],[26.148861488614898,39.800323304115096],[26.156061560615626,39.82565196316334],[26.152461524615262,39.835783426782626],[26.138061380613806,39.837472004052515],[26.14166141661417,39.84929204494169],[26.156061560615626,39.89826078576829],[26.156061560615626,39.905015094847826],[26.148861488614898,39.92527802208642],[26.148861488614898,39.93372090843583],[26.152461524615262,39.942163794785245],[26.163261632616326,39.955672412944296],[26.163261632616326,39.96411529929371],[26.16686166861669,39.97424676291301],[26.188461884618846,40.00126399923113],[26.199261992619938,40.00801830831067],[26.24966249662498,39.9945096901516],[26.26766267662677,40.002952576501016],[26.30006300063002,40.01477261739019],[26.310863108631082,40.019838349199844],[26.354063540635423,40.05192131732761],[26.361263612636122,40.06374135821679],[26.364863648636486,40.0721842445662],[26.364863648636486,40.08400428545538],[26.36846368463685,40.09075859453492],[26.372063720637215,40.09413574907468],[26.36846368463685,40.09920148088433],[26.36846368463685,40.102578635424095],[26.372063720637215,40.10426721269398],[26.382863828638307,40.10426721269398],[26.390063900639007,40.10595578996386],[26.39366393663937,40.107644367233746],[26.4008640086401,40.12115298539281],[26.404464044640463,40.13972733536151],[26.404464044640463,40.15830168533023],[26.397263972639735,40.17349888075917],[26.404464044640463,40.187007498918234],[26.408064080640827,40.19376180799776],[26.415264152641527,40.19545038526765],[26.42606426064262,40.19376180799776],[26.440464404644047,40.19713896253752],[26.46926469264693,40.205581848886936],[26.50166501665018,40.212336157966476],[26.51966519665197,40.22584477612553],[26.562865628656283,40.269747785142485],[26.573665736657375,40.274813516952136],[26.580865808658103,40.27650209422201],[26.59526595265953,40.28325640330155],[26.606066060660623,40.290010712381076],[26.714067140671403,40.39132534857404],[26.735667356673588,40.40314538946322],[26.775267752677536,40.404833966733094],[26.861668616686188,40.39976823492346],[26.897668976689772,40.40652254400298],[26.908469084690864,40.40314538946322],[26.933669336693384,40.39301392584392],[26.991269912699124,40.387948194034266],[27.01287012870128,40.39301392584392],[27.041670416704164,40.409899698542745],[27.066870668706684,40.4335397803211],[27.09567095670957,40.452114130289814],[27.142471424714245,40.4538027075597],[27.178471784717857,40.44873697575005],[27.21447214472144,40.44704839848016],[27.236072360723625,40.452114130289814],[27.27207272072721,40.467311325718754],[27.286472864728665,40.46899990298864],[27.304473044730457,40.45886843936934],[27.31527315273152,40.4436712439404],[27.329673296732977,40.41327685308251],[27.31527315273152,40.40652254400298],[27.30807308073082,40.40652254400298],[27.304473044730457,40.409899698542745],[27.304473044730457,40.41158827581263],[27.300873008730093,40.408211121272856],[27.293672936729365,40.40652254400298],[27.336873368733706,40.37106242133544],[27.394473944739445,40.34235660774743],[27.452074520745214,40.32209368050884],[27.52407524075241,40.30858506234978],[27.552875528755294,40.30858506234978],[27.563675636756386,40.310273639619666],[27.596075960759606,40.32884798958838],[27.614076140761426,40.33053656685826],[27.639276392763946,40.325470835048606],[27.664476644766467,40.31702794869919],[27.689676896768987,40.31365079415943],[27.711277112771143,40.32378225777873],[27.7328773287733,40.31702794869919],[27.761677616776183,40.31533937142932],[27.790477904779067,40.32040510323897],[27.812078120781223,40.347422339557085],[27.866078660786627,40.369373844065564],[27.88407884078842,40.38625961676439],[27.866078660786627,40.38625961676439],[27.815678156781587,40.39976823492346],[27.80127801278013,40.39301392584392],[27.790477904779067,40.39301392584392],[27.786877868778703,40.40314538946322],[27.786877868778703,40.41327685308251],[27.779677796777975,40.414965430352396],[27.772477724777247,40.41665400762227],[27.768877688776882,40.42003116216205],[27.761677616776183,40.42847404851146],[27.75807758077582,40.431851203051224],[27.754477544775455,40.43860551213075],[27.754477544775455,40.450425553019926],[27.75087750877509,40.457179862099466],[27.743677436774362,40.45886843936934],[27.7328773287733,40.45886843936934],[27.72567725677257,40.46055701663923],[27.693276932769322,40.48588567568747],[27.68247682476826,40.49601713930676],[27.68247682476826,40.5027714483863],[27.696876968769686,40.50614860292606],[27.70767707677078,40.51121433473571],[27.722077220772206,40.52641153016465],[27.7328773287733,40.529788684704414],[27.743677436774362,40.52641153016465],[27.75087750877509,40.52472295289476],[27.761677616776183,40.536542993783954],[27.779677796777975,40.51796864381524],[27.779677796777975,40.514591489275475],[27.790477904779067,40.514591489275475],[27.790477904779067,40.51628006654535],[27.794077940779403,40.521345798355],[27.804878048780495,40.52303437562489],[27.970479704797043,40.5027714483863],[28.013680136801383,40.49095140749712],[28.03528035280354,40.47406563479829],[28.017280172801748,40.450425553019926],[27.930879308793095,40.41665400762227],[27.905679056790575,40.39976823492346],[27.90927909279094,40.374439575875215],[27.945279452794523,40.3659966895258],[28.02808028080281,40.372750998605326],[28.1108811088111,40.39639108038368],[28.348483484834844,40.404833966733094],[28.398883988839884,40.39807965765357],[28.485284852848537,40.39976823492346],[28.474484744847445,40.39807965765357],[28.467284672846745,40.394702503113805],[28.460084600846017,40.387948194034266],[28.460084600846017,40.37950530768485],[28.499684996849965,40.39132534857404],[28.54648546485467,40.39132534857404],[28.593285932859345,40.38119388495474],[28.636486364863657,40.3659966895258],[28.643686436864385,40.37106242133544],[28.64728647286475,40.369373844065564],[28.650886508865085,40.3659966895258],[28.658086580865813,40.3659966895258],[28.66528665286654,40.367685266795675],[28.676086760867605,40.37612815314509],[28.686886868868697,40.37950530768485],[28.7408874088741,40.38625961676439],[28.758887588875893,40.39639108038368],[28.77328773287735,40.40314538946322],[28.79128791287914,40.39976823492346],[28.82368823688239,40.39301392584392],[28.85608856088561,40.39132534857404],[28.884888848888494,40.38625961676439],[28.89928899288995,40.38119388495474],[28.920889208892106,40.369373844065564],[28.938889388893898,40.3659966895258],[28.95688956889569,40.362619534986024],[29.03249032490325,40.36430811225591],[29.05049050490507,40.367685266795675],[29.0648906489065,40.37612815314509],[29.07569075690759,40.387948194034266],[29.08289082890829,40.414965430352396],[29.09009090090902,40.42678547124157],[29.104491044910446,40.42340831670181],[29.118891188911903,40.42340831670181],[29.136891368913695,40.42847404851146],[29.151291512915122,40.4335397803211],[29.13329133291333,40.450425553019926],[29.111691116911175,40.46562274844888],[29.086490864908654,40.477442789338056],[29.0648906489065,40.48250852114771],[29.010890108901094,40.48250852114771],[29.003690036900366,40.47913136660793],[28.98208982089821,40.46393417117899],[28.971289712897146,40.46055701663923],[28.917289172891742,40.47068848025852],[28.827288272882726,40.512902912005586],[28.77328773287735,40.52303437562489],[28.79128791287914,40.55342876648278],[28.827288272882726,40.57031453918161],[28.89928899288995,40.592266043690074],[28.928089280892806,40.60577466184914],[28.971289712897146,40.639546207246795],[28.985689856898574,40.644611939056446],[29.280892808928087,40.66656344356491],[29.324093240932427,40.67669490718421],[29.363693636936375,40.69358067988304],[29.38529385293853,40.707089298042106],[29.39249392493926,40.707089298042106],[29.399693996939988,40.702023566232455],[29.406894068940687,40.69358067988304],[29.41769417694178,40.6868263708035],[29.428494284942843,40.69020352534328],[29.439294392943935,40.695269257152916],[29.450094500945028,40.69864641169269],[29.46089460894609,40.70371214350233],[29.464494644946456,40.71215502985174],[29.471694716947184,40.71890933893128],[29.478894788947883,40.723975070740934],[29.489694896948976,40.7273522252807],[29.500495004950068,40.72904080255057],[29.51129511295113,40.7273522252807],[29.529295292952924,40.722286493471046],[29.54369543695438,40.71046645258187],[29.547295472954744,40.69020352534328],[29.56169561695617,40.69189210261315],[29.75249752497527,40.723975070740934],[29.867698676986777,40.72904080255057],[29.90369903699039,40.71553218439152],[29.925299252992545,40.717220761661395],[29.939699396993973,40.73579511163011],[29.92889928899291,40.757746616138576],[29.889298892988933,40.76281234794823],[29.81009810098101,40.7560580388687],[29.80289802898031,40.75436946159881],[29.79569795697958,40.75099230705905],[29.78489784897849,40.74930372978916],[29.774097740977425,40.74930372978916],[29.763297632976332,40.75268088432894],[29.74529745297454,40.76618950248799],[29.738097380973812,40.76956665702777],[29.72009720097202,40.77125523429764],[29.687696876968772,40.78138669791694],[29.666096660966616,40.78307527518682],[29.428494284942843,40.77632096610729],[29.41049410494105,40.77125523429764],[29.396093960939623,40.76281234794823],[29.378093780937803,40.7560580388687],[29.356493564935647,40.76281234794823],[29.349293492934947,40.77125523429764],[29.345693456934583,40.779698120647055],[29.338493384933855,40.78814100699647],[29.327693276932763,40.78982958426636],[29.331293312933127,40.79320673880612],[29.33489334893349,40.794895316075994],[29.338493384933855,40.79658389334588],[29.34209342093422,40.79827247061577],[29.338493384933855,40.80840393423506],[29.33489334893349,40.8151582433146],[29.324093240932427,40.820223975124236],[29.3168931689317,40.82528970693389],[29.30969309693097,40.81853539785436],[29.302493024930243,40.82528970693389],[29.29169291692918,40.81853539785436],[29.280892808928087,40.8151582433146],[29.255692556925567,40.81009251150495],[29.255692556925567,40.81684682058447],[29.262892628926295,40.81853539785436],[29.270092700927023,40.821912552394124],[29.273692736927387,40.82866686147365],[29.273692736927387,40.83879832509295],[29.28449284492845,40.8337325932833],[29.288092880928815,40.83204401601343],[29.288092880928815,40.83542117055319],[29.288092880928815,40.837109747823064],[29.29169291692918,40.83879832509295],[29.295292952929543,40.83879832509295],[29.28449284492845,40.85230694325202],[29.262892628926295,40.869192715950845],[29.252092520925203,40.87594702503037],[29.24129241292414,40.882701334109896],[29.219692196921983,40.87932417957013],[29.201692016920163,40.89452137499909],[29.144091440914423,40.91478430223768],[29.122491224912267,40.926604343126854],[29.104491044910446,40.946867270365445],[29.08289082890829,40.96037588852451],[29.028890288902886,40.982327393032975],[29.03249032490325,40.98401597030286],[29.03249032490325,40.98570454757275],[29.036090360903614,40.989081702112514],[29.021690216902186,40.994147433922166],[29.018090180901822,41.004278897541454],[29.01449014490146,41.01778751570052],[29.00729007290073,41.031296133859584],[29.02529025290255,41.03805044293911],[29.046890468904706,41.05493621563794],[29.061290612906134,41.076887720146416],[29.07569075690759,41.114036420083835],[29.086490864908654,41.129233615512774],[29.09009090090902,41.14105365640195],[29.068490684906862,41.15287369729113],[29.093690936909383,41.17989093360926],[29.129691296912966,41.211973901737025],[29.169291692916943,41.233925406245504],[29.201692016920163,41.22885967443585],[29.205292052920527,41.22885967443585],[29.21609216092162,41.238991138055155],[29.230492304923047,41.24067971532503],[29.421294212942144,41.21366247900691],[29.61929619296194,41.17820235633937],[29.88569885698857,41.149496542751365],[30.13770137701377,41.144430810941714],[30.166501665016654,41.1461193882116],[30.18090180901811,41.15118512002125],[30.2,41.16312898991021],[30.2,39.5]]],[[[28.017280172801748,41.971833673184236],[28.031680316803175,41.92455350962753],[28.031680316803175,41.91442204600823],[28.03528035280354,41.911044891468464],[28.042480424804268,41.90429058238894],[28.046080460804603,41.8975362733094],[28.046080460804603,41.89078196422987],[28.03528035280354,41.88571623242022],[28.024480244802447,41.88740480969011],[28.006480064800655,41.89247054149976],[27.992079920799227,41.89247054149976],[27.97767977679777,41.88740480969011],[27.970479704797043,41.873896191531045],[27.966879668796707,41.848567532482804],[27.970479704797043,41.82155029616469],[27.988479884798863,41.80466452346586],[28.006480064800655,41.78777875076703],[28.020880208802083,41.770892978068204],[28.038880388803904,41.72530139178137],[28.05328053280533,41.71179277362231],[28.071280712807123,41.69997273273313],[28.07848078480785,41.691529846383716],[28.082080820808216,41.681398382764414],[28.08568085680858,41.67970980549454],[28.089280892808944,41.67633265095478],[28.089280892808944,41.671266919145125],[28.08568085680858,41.66788976460536],[28.082080820808216,41.66788976460536],[28.074880748807487,41.666201187335474],[28.074880748807487,41.66113545552582],[28.082080820808216,41.644249682826995],[28.096480964809643,41.62736391012817],[28.114481144811464,41.61216671469923],[28.143281432814348,41.59865809654016],[28.157681576815776,41.5851494783811],[28.17928179281793,41.55813224206298],[28.233282332823336,41.519294964855675],[28.384483844838456,41.44668614225073],[28.600486004860045,41.37745447418553],[28.910089100891014,41.26600837437327],[29.00729007290073,41.24912260167444],[29.01449014490146,41.24743402440457],[29.01449014490146,41.24574544713468],[29.018090180901822,41.24405686986479],[29.02529025290255,41.24236829259492],[29.03249032490325,41.24574544713468],[29.03969039690398,41.254188333484095],[29.046890468904706,41.25587691075398],[29.068490684906862,41.254188333484095],[29.093690936909383,41.24574544713468],[29.10809108091081,41.23561398351539],[29.10089100891011,41.21028532446715],[29.086490864908654,41.191710974498434],[29.068490684906862,41.17482520179961],[29.05049050490507,41.16638231545019],[29.03969039690398,41.16469373818032],[29.043290432904342,41.15793942910078],[29.05049050490507,41.149496542751365],[29.05769057690577,41.14105365640195],[29.0648906489065,41.134299347322425],[29.0648906489065,41.13261077005254],[29.072090720907227,41.13092219278266],[29.068490684906862,41.12416788370312],[29.0648906489065,41.119102151893486],[29.061290612906134,41.119102151893486],[29.05769057690577,41.09883922465488],[29.05049050490507,41.08195345195605],[29.043290432904342,41.066756256527114],[29.03249032490325,41.05324763836805],[29.021690216902186,41.04818190655841],[29.00729007290073,41.044804752018635],[28.996489964899666,41.039739020209],[28.989289892898938,41.031296133859584],[28.989289892898938,41.02623040204993],[28.989289892898938,41.02116467024028],[28.989289892898938,41.01778751570052],[28.992889928899302,41.014410361160756],[28.992889928899302,41.00765605208122],[28.985689856898574,41.00259032027158],[28.98208982089821,41.00090174300169],[28.960489604896054,41.00259032027158],[28.953289532895326,41.009344629351105],[28.946089460894626,41.009344629351105],[28.938889388893898,41.00765605208122],[28.93168931689317,40.99752458846193],[28.928089280892806,40.99583601119204],[28.917289172891742,40.994147433922166],[28.89928899288995,40.98401597030286],[28.859688596885974,40.97726166122334],[28.84888848888491,40.97557308395345],[28.845288452884546,40.97219592941369],[28.841688416884182,40.967130197604035],[28.834488344883454,40.96375304306427],[28.82368823688239,40.962064465794384],[28.79848798487987,40.962064465794384],[28.787687876878778,40.96544162033415],[28.78048780487805,40.97219592941369],[28.769687696876986,40.97895023849321],[28.744487444874466,40.9806388157631],[28.625686256862565,40.968818774873924],[28.59688596885971,40.97726166122334],[28.60408604086041,41.009344629351105],[28.593285932859345,41.01947609297039],[28.586085860858617,41.02285324751017],[28.575285752857525,41.02285324751017],[28.582485824858253,41.04649332928852],[28.57168571685719,41.066756256527114],[28.55368553685537,41.08026487468618],[28.52848528485285,41.08533060649583],[28.532085320853213,41.07013341106688],[28.55368553685537,41.05324763836805],[28.560885608856097,41.03636186566922],[28.56448564485646,41.02623040204993],[28.560885608856097,41.01272178389087],[28.55368553685537,40.99752458846193],[28.542885428854305,40.989081702112514],[28.51408514085142,40.99245885665228],[28.460084600846017,41.03298471112946],[28.434884348843497,41.04311617474876],[28.40248402484025,41.04649332928852],[28.334083340833416,41.066756256527114],[28.298082980829804,41.07013341106688],[28.265682656826584,41.07013341106688],[28.254882548825492,41.07351056560664],[28.244082440824428,41.08364202922594],[28.2368823688237,41.08533060649583],[28.200882008820088,41.07857629741629],[28.182881828818296,41.076887720146416],[28.175681756817568,41.08026487468618],[28.164881648816504,41.08533060649583],[28.118081180811828,41.071821988336765],[28.1108811088111,41.068444833797],[28.100081000810007,41.068444833797],[28.046080460804603,41.049870483828286],[28.031680316803175,41.04818190655841],[28.013680136801383,41.04142759747887],[27.995679956799563,41.031296133859584],[27.9848798487985,41.02285324751017],[27.963279632796343,40.99583601119204],[27.956079560795615,40.98401597030286],[27.95967959679598,40.97557308395345],[27.941679416794187,40.9705073521438],[27.862478624786263,40.97895023849321],[27.844478444784443,40.98570454757275],[27.830078300783015,40.99583601119204],[27.815678156781587,41.00259032027158],[27.77607776077761,41.01103320662099],[27.736477364773663,41.01272178389087],[27.52407524075241,40.989081702112514],[27.49167491674916,40.97557308395345],[27.470074700747006,40.941801538555794],[27.444874448744486,40.862438406871306],[27.42327423274233,40.83204401601343],[27.329673296732977,40.76112377067835],[27.286472864728665,40.70371214350233],[27.19647196471965,40.65305482540586],[27.192871928719285,40.64798909359621],[27.18207182071822,40.63616905270703],[27.178471784717857,40.632791898167255],[27.167671676716765,40.62941474362749],[27.142471424714245,40.62772616635762],[27.11367113671136,40.61421754819855],[27.066870668706684,40.61421754819855],[27.048870488704893,40.612528970928665],[27.0308703087031,40.60070893003949],[27.002070020700216,40.57031453918161],[26.991269912699124,40.56356023010207],[26.96246962469627,40.56018307556231],[26.951669516695176,40.56018307556231],[26.91206912069123,40.550051611943005],[26.85446854468546,40.52303437562489],[26.840068400684004,40.512902912005586],[26.822068220682212,40.5027714483863],[26.760867608676108,40.49601713930676],[26.739267392673923,40.487574252957344],[26.706867068670704,40.46562274844888],[26.69606696066961,40.46055701663923],[26.681666816668184,40.45549128482958],[26.674466744667455,40.425096893971684],[26.663666636666363,40.41327685308251],[26.631266312663143,40.39976823492346],[26.624066240662415,40.39301392584392],[26.624066240662415,40.37612815314509],[26.616866168661687,40.35924238044626],[26.60246602466026,40.34573376228721],[26.548465484654855,40.3068964850799],[26.541265412654127,40.30351933054014],[26.508865088650907,40.29845359873049],[26.498064980649815,40.290010712381076],[26.47646476464766,40.27312493968225],[26.47646476464766,40.269747785142485],[26.46926469264693,40.26637063060272],[26.44406444064441,40.24104197155448],[26.42606426064262,40.23091050793518],[26.404464044640463,40.219090467046],[26.379263792637943,40.21064758069659],[26.357663576635787,40.2089590034267],[26.346863468634695,40.200516117077285],[26.35046350463506,40.18194176710858],[26.361263612636122,40.16336741713987],[26.37566375663758,40.15323595352058],[26.328863288632903,40.11946440812292],[26.314463144631446,40.10933294450362],[26.2748627486275,40.09244717180479],[26.24246242462425,40.07049566729633],[26.231662316623186,40.06542993548668],[26.177661776617782,40.05023274005774],[26.16686166861669,40.05023274005774],[26.156061560615626,40.055298471867374],[26.159661596615962,40.067118512756565],[26.16686166861669,40.07893855364574],[26.174061740617418,40.08400428545538],[26.188461884618846,40.09413574907468],[26.202862028620302,40.11608725358316],[26.210062100621002,40.13635018082175],[26.213662136621366,40.14648164444104],[26.260462604626042,40.19376180799776],[26.271262712627134,40.23091050793518],[26.26766267662677,40.25792774425331],[26.24966249662498,40.27987924876177],[26.21726217262173,40.2967650214606],[26.228062280622822,40.30351933054014],[26.231662316623186,40.310273639619666],[26.228062280622822,40.31533937142932],[26.213662136621366,40.31702794869919],[26.210062100621002,40.32209368050884],[26.220862208622094,40.332225144128145],[26.231662316623186,40.34066803047756],[26.238862388623886,40.34235660774743],[26.24966249662498,40.34911091682697],[26.30006300063002,40.36430811225591],[26.321663216632174,40.3659966895258],[26.336063360633602,40.3845710394945],[26.386463864638642,40.409899698542745],[26.433264332643347,40.44029408940064],[26.490864908649087,40.457179862099466],[26.537665376653763,40.48588567568747],[26.562865628656283,40.499394293846535],[26.59526595265953,40.51121433473571],[26.624066240662415,40.514591489275475],[26.67086670866709,40.51121433473571],[26.685266852668548,40.514591489275475],[26.69606696066961,40.52641153016465],[26.717667176671767,40.55174018921289],[26.732067320673224,40.56356023010207],[26.757267572675744,40.555117343752656],[26.789667896678964,40.56356023010207],[26.814868148681484,40.5804460028009],[26.82926829268294,40.60239750730938],[26.796867968679692,40.65136624813597],[26.789667896678964,40.659809134485386],[26.7788677886779,40.659809134485386],[26.714067140671403,40.65136624813597],[26.692466924669247,40.64292336178656],[26.67806678066782,40.639546207246795],[26.609666096660987,40.639546207246795],[26.580865808658103,40.632791898167255],[26.505265052650543,40.599020352769614],[26.47646476464766,40.612528970928665],[26.462064620646203,40.617594702738316],[26.44406444064441,40.619283280008204],[26.429664296642983,40.61590612546844],[26.415264152641527,40.60746323911903],[26.4008640086401,40.60408608457925],[26.372063720637215,40.61421754819855],[26.357663576635787,40.612528970928665],[26.303663036630383,40.60070893003949],[26.11646116461165,40.60239750730938],[26.09126091260913,40.60577466184914],[26.076860768607702,40.612528970928665],[26.069660696606974,40.62772616635762],[26.062460624606246,40.644611939056446],[26.055260552605546,40.659809134485386],[26.062460624606246,40.675006329914325],[26.05886058860588,40.696957834422804],[26.048060480604818,40.71890933893128],[26.03366033660336,40.73579511163011],[26.04086040860409,40.737483688899985],[26.044460444604454,40.739172266169874],[26.080460804608066,40.73579511163011],[26.112861128611286,40.74761515251929],[26.13446134461344,40.76787807975788],[26.14166141661417,40.79320673880612],[26.159661596615962,40.81178108877482],[26.213662136621366,40.847241211442366],[26.206462064620666,40.85906125233154],[26.206462064620666,40.86581556141107],[26.210062100621002,40.869192715950845],[26.21726217262173,40.87256987049061],[26.213662136621366,40.87256987049061],[26.210062100621002,40.87425844776048],[26.213662136621366,40.87932417957013],[26.220862208622094,40.88101275684002],[26.22446224462246,40.884389911379785],[26.228062280622822,40.889455643189436],[26.22446224462246,40.899587106808724],[26.231662316623186,40.889455643189436],[26.231662316623186,40.88607848864967],[26.238862388623886,40.88607848864967],[26.246062460624614,40.89114422045931],[26.253262532625342,40.90127568407861],[26.260462604626042,40.919850034047315],[26.26766267662677,40.919850034047315],[26.271262712627134,40.91478430223768],[26.2748627486275,40.909718570428026],[26.282062820628227,40.90802999315814],[26.289262892628926,40.906341415888264],[26.303663036630383,40.909718570428026],[26.303663036630383,40.91478430223768],[26.296462964629654,40.92322718858709],[26.29286292862929,40.926604343126854],[26.307263072630747,40.93673580674614],[26.336063360633602,40.946867270365445],[26.35046350463506,40.95531015671486],[26.357663576635787,40.96544162033415],[26.357663576635787,40.968818774873924],[26.346863468634695,40.97219592941369],[26.336063360633602,40.982327393032975],[26.332463324633267,40.99077027938239],[26.336063360633602,40.99752458846193],[26.34326343263433,41.00090174300169],[26.361263612636122,41.00259032027158],[26.36846368463685,41.00765605208122],[26.37566375663758,41.01947609297039],[26.37566375663758,41.031296133859584],[26.346863468634695,41.04142759747887],[26.339663396633966,41.051559061098175],[26.32526325263254,41.07351056560664],[26.321663216632174,41.08870776103559],[26.339663396633966,41.114036420083835],[26.332463324633267,41.119102151893486],[26.31806318063181,41.12247930643325],[26.31806318063181,41.13092219278266],[26.336063360633602,41.15287369729113],[26.32526325263254,41.169759469989955],[26.321663216632174,41.18833381995867],[26.32526325263254,41.206908169927374],[26.336063360633602,41.22885967443585],[26.321663216632174,41.24574544713468],[26.332463324633267,41.254188333484095],[26.39366393663937,41.259254065293746],[26.411664116641163,41.26600837437327],[26.436864368643683,41.2828941470721],[26.465664656646567,41.296402765231164],[26.472864728647295,41.301468497040815],[26.472864728647295,41.30653422885045],[26.480064800648023,41.30991138339023],[26.490864908649087,41.311599960660104],[26.541265412654127,41.352125815137285],[26.55206552065522,41.341994351518],[26.57006570065701,41.33355146516858],[26.591665916659167,41.32848573335893],[26.609666096660987,41.33017431062882],[26.624066240662415,41.34030577424811],[26.631266312663143,41.357191546946936],[26.634866348663508,41.379143051455415],[26.634866348663508,41.399405978694006],[26.631266312663143,41.419668905932596],[26.616866168661687,41.46863764675919],[26.609666096660987,41.505786346696624],[26.606066060660623,41.52267211939544],[26.59526595265953,41.53786931482439],[26.60246602466026,41.54800077844368],[26.598865988659895,41.57332943749192],[26.60246602466026,41.5851494783811],[26.598865988659895,41.59021521019075],[26.59526595265953,41.59696951927029],[26.59526595265953,41.6054124056197],[26.59526595265953,41.61216671469923],[26.57726577265774,41.59021521019075],[26.566465664656647,41.59865809654016],[26.51966519665197,41.61723244650888],[26.465664656646567,41.649315414636646],[26.472864728647295,41.66113545552582],[26.47646476464766,41.67633265095478],[26.462064620646203,41.67802122822465],[26.44406444064441,41.684775537304176],[26.404464044640463,41.691529846383716],[26.37566375663758,41.71010419635242],[26.361263612636122,41.71516992816207],[26.332463324633267,41.713481350892195],[26.321663216632174,41.72361281451148],[26.31806318063181,41.743875741750074],[26.321663216632174,41.76582724625855],[26.332463324633267,41.789467328036906],[26.37566375663758,41.81648456435504],[26.480064800648023,41.813107409815274],[26.5268652686527,41.82492745070445],[26.541265412654127,41.838436068863516],[26.548465484654855,41.85701041883222],[26.55206552065522,41.873896191531045],[26.55206552065522,41.88233907788046],[26.55206552065522,41.88740480969011],[26.555665556655583,41.89247054149976],[26.559265592655947,41.900913427849176],[26.559265592655947,41.9076677369287],[26.555665556655583,41.911044891468464],[26.54486544865449,41.916110623278115],[26.541265412654127,41.921176355087766],[26.548465484654855,41.9262420868974],[26.55206552065522,41.931307818707054],[26.559265592655947,41.936373550516706],[26.588065880658803,41.958325055025185],[26.606066060660623,41.9667679413746],[26.624066240662415,41.96845651864447],[26.717667176671767,41.956636477755296],[26.735667356673588,41.958325055025185],[26.74646746467465,41.96507936410471],[26.768067680676808,41.98027655953365],[26.7788677886779,41.98365371407343],[26.789667896678964,41.98027655953365],[26.807668076680784,41.96845651864447],[26.818468184681848,41.96507936410471],[26.82926829268294,41.96845651864447],[26.836468364683668,41.97521082772401],[26.850868508685096,41.98365371407343],[26.861668616686188,41.98871944588306],[26.872468724687252,41.98871944588306],[26.87966879668798,41.9853422913433],[26.890468904689044,41.9853422913433],[26.901269012690136,41.993785177692715],[26.91206912069123,41.99716233223248],[26.93006930069302,41.993785177692715],[26.93726937269375,41.9954737549626],[26.951669516695176,42.00560521858189],[26.958869588695904,42.01742525947107],[26.966069660696604,42.02924530036026],[26.98046980469806,42.03262245490002],[27.002070020700216,42.04275391851931],[27.023670236702372,42.0731483093772],[27.04527045270453,42.083279772996505],[27.048870488704893,42.083279772996505],[27.066870668706684,42.083279772996505],[27.084870848708505,42.078214041186854],[27.099270992709933,42.071459732107314],[27.117271172711725,42.061328268488026],[27.128071280712817,42.063016845757915],[27.149671496714973,42.061328268488026],[27.174871748717493,42.056262536678375],[27.178471784717857,42.05795111394826],[27.178471784717857,42.061328268488026],[27.18207182071822,42.06639400029768],[27.203672036720377,42.08834550480614],[27.218072180721805,42.09509981388568],[27.23967239672396,42.098476968425445],[27.27207272072721,42.09172265934592],[27.304473044730457,42.078214041186854],[27.33327333273334,42.05795111394826],[27.376473764737653,42.00898237312167],[27.39807398073981,41.98871944588306],[27.419674196741965,41.973522250454124],[27.495274952749526,41.94312785959623],[27.509675096750982,41.93299639597694],[27.534875348753502,41.9076677369287],[27.545675456754566,41.900913427849176],[27.563675636756386,41.90597915965881],[27.54927549275493,41.911044891468464],[27.552875528755294,41.91273346873835],[27.556475564755658,41.916110623278115],[27.560075600756022,41.91779920054799],[27.556475564755658,41.91948777781788],[27.556475564755658,41.921176355087766],[27.552875528755294,41.921176355087766],[27.54927549275493,41.92455350962753],[27.570875708757086,41.92961924143718],[27.581675816758178,41.93468497324682],[27.588875888758906,41.94312785959623],[27.59967599675997,41.938062127786594],[27.603276032760334,41.938062127786594],[27.606876068760698,41.94312785959623],[27.610476104761062,41.95325932321553],[27.686076860768623,41.96845651864447],[27.72567725677257,41.9667679413746],[27.77607776077761,41.94650501413601],[27.790477904779067,41.94312785959623],[27.80127801278013,41.94312785959623],[27.815678156781587,41.94650501413601],[27.819278192781923,41.95325932321553],[27.80127801278013,41.96001363229506],[27.804878048780495,41.97014509591436],[27.804878048780495,41.98365371407343],[27.80847808478086,41.993785177692715],[27.812078120781223,41.9954737549626],[27.815678156781587,41.9954737549626],[27.819278192781923,41.9954737549626],[27.822878228782287,41.993785177692715],[27.844478444784443,41.9954737549626],[27.85167851678517,41.9954737549626],[27.87687876878769,41.99040802315295],[27.90207902079021,41.98027655953365],[27.916479164791667,41.978587982263775],[27.966879668796707,41.98196513680354],[27.981279812798135,41.978587982263775],[28.017280172801748,41.971833673184236]]],[[[26.05886058860588,39.837472004052515],[26.076860768607702,39.84422631313204],[26.0840608406084,39.835783426782626],[26.080460804608066,39.800323304115096],[26.073260732607338,39.78512610868614],[26.05886058860588,39.78681468595603],[26.02646026460266,39.80370045865486],[25.997659976599778,39.81383192227415],[25.98325983259832,39.82227480862356],[25.979659796597986,39.83409484951275],[25.986859868598685,39.842537735862166],[26.004860048600506,39.84591489040193],[26.04086040860409,39.84422631313204],[26.044460444604454,39.84422631313204],[26.051660516605182,39.84422631313204],[26.055260552605546,39.842537735862166],[26.05886058860588,39.837472004052515]]],[[[26.012060120601205,40.166744571679644],[26.012060120601205,40.14648164444104],[25.99045990459905,40.13635018082175],[25.968859688596893,40.1312844490121],[25.90045900459006,40.122841562662686],[25.85725857258572,40.107644367233746],[25.767257672576733,40.097512903614444],[25.745657456574577,40.097512903614444],[25.720457204572057,40.10426721269398],[25.709657096570965,40.10933294450362],[25.7060570605706,40.11608725358316],[25.66285662856629,40.12621871720245],[25.66285662856629,40.13297302628199],[25.684456844568444,40.159990262600104],[25.720457204572057,40.187007498918234],[25.760057600576005,40.207270426156825],[25.828458284582865,40.21740188977611],[25.91485914859149,40.24104197155448],[25.92565925659258,40.242730548824355],[25.936459364593645,40.24104197155448],[25.943659436594373,40.23766481701472],[25.9508595085951,40.229221930665304],[25.9580595805958,40.222467621585764],[25.972459724597257,40.22077904431589],[25.972459724597257,40.21402473523635],[25.968859688596893,40.205581848886936],[25.968859688596893,40.19376180799776],[25.968859688596893,40.180253189838695],[25.972459724597257,40.17349888075917],[25.961659616596165,40.15661310806034],[25.972459724597257,40.15323595352058],[25.99045990459905,40.15661310806034],[26.004860048600506,40.166744571679644],[26.012060120601205,40.166744571679644]]],[[[27.65727657276574,40.65305482540586],[27.671676716767166,40.65643197994562],[27.704077040770414,40.65305482540586],[27.729277292772935,40.64292336178656],[27.7328773287733,40.624349011817856],[27.714877148771507,40.61421754819855],[27.67527675276753,40.61084039365879],[27.65727657276574,40.60577466184914],[27.62487624876249,40.58382315734066],[27.603276032760334,40.577068848261135],[27.581675816758178,40.58382315734066],[27.570875708757086,40.58382315734066],[27.552875528755294,40.5905774664202],[27.534875348753502,40.60239750730938],[27.538475384753866,40.62266043454797],[27.531275312753138,40.63110332089738],[27.527675276752774,40.639546207246795],[27.531275312753138,40.64967767086608],[27.538475384753866,40.65643197994562],[27.545675456754566,40.659809134485386],[27.552875528755294,40.6581205572155],[27.552875528755294,40.64630051632632],[27.578075780757814,40.65643197994562],[27.606876068760698,40.66318628902515],[27.63207632076322,40.66318628902515],[27.65727657276574,40.65305482540586]]],[[[27.646476464764646,40.46055701663923],[27.653676536765374,40.46055701663923],[27.65727657276574,40.457179862099466],[27.65727657276574,40.44873697575005],[27.646476464764646,40.44704839848016],[27.63207632076322,40.4538027075597],[27.614076140761426,40.457179862099466],[27.596075960759606,40.457179862099466],[27.581675816758178,40.46562274844888],[27.581675816758178,40.47575421206817],[27.592475924759242,40.48419709841758],[27.59967599675997,40.49601713930676],[27.606876068760698,40.50614860292606],[27.639276392763946,40.494328562036884],[27.642876428764282,40.487574252957344],[27.635676356763582,40.47913136660793],[27.635676356763582,40.467311325718754],[27.646476464764646,40.46055701663923]]]]}},{"type":"Feature","properties":{"territory_id":"UA-01","country_code":"UA","country_name":"Ukraine","display_name":"Western Ukraine","strategic_centre":"Lviv","centre":[24.0322,49.8425],"boundary_status":"provisional-strategic-partition"},"geometry":{"type":"Polygon","coordinates":[[[22.131221312213142,48.40531307143732],[22.134821348213478,48.47623331677241],[22.14562145621457,48.493119089471236],[22.149221492214934,48.50831628490016],[22.138421384213842,48.54884213937734],[22.138421384213842,48.56910506661595],[22.1528215282153,48.585990839314775],[22.217622176221766,48.621450961982305],[22.224822248222495,48.62820527106183],[22.23562235622356,48.643402466490784],[22.242822428224287,48.65184535284018],[22.257222572225743,48.656911084649835],[22.282422824228263,48.661976816459486],[22.293222932229327,48.66704254826914],[22.31122311223112,48.68223974369809],[22.32202322023221,48.70081409366679],[22.32922329223294,48.7210770209054],[22.32922329223294,48.75653714357293],[22.340023400234003,48.76329145265245],[22.34722347223473,48.768357184462104],[22.358023580235823,48.776800070811504],[22.36162361623616,48.786931534430806],[22.365223652236523,48.79368584351033],[22.365223652236523,48.82745738890799],[22.36162361623616,48.835900275257416],[22.36162361623616,48.844343161606815],[22.368823688236887,48.85616320249599],[22.37242372423725,48.857851779765895],[22.37962379623798,48.86460608884542],[22.401224012240135,48.87811470700447],[22.4120241202412,48.88824617062377],[22.4120241202412,48.906820520592476],[22.415624156241563,48.91188625240213],[22.426424264242655,48.928772025100955],[22.44802448024481,48.97098645684804],[22.466024660246603,48.98111792046731],[22.50562505625058,48.98449507500709],[22.520025200252007,48.99293796135649],[22.520025200252007,49.00982373405532],[22.52362523625237,49.0334638158337],[22.5308253082531,49.05541532034215],[22.5380253802538,49.07230109304098],[22.559625596255984,49.085809711200056],[22.58122581225814,49.080743979390405],[22.617226172261724,49.053726743072275],[22.642426424264244,49.04359527945297],[22.6640266402664,49.0419067021831],[22.685626856268584,49.04359527945297],[22.721627216272168,49.040218124913224],[22.743227432274324,49.045283856722875],[22.754027540275416,49.045283856722875],[22.76482764827648,49.03852954764335],[22.7828278282783,49.02164377494452],[22.793627936279364,49.018266620404745],[22.811628116281156,49.013200888595094],[22.83322833228334,48.99969227043604],[22.854828548285496,48.99462653862639],[22.86562865628656,49.00982373405532],[22.86562865628656,49.013200888595094],[22.862028620286196,49.01488946586497],[22.84762847628477,49.0334638158337],[22.844028440284404,49.04359527945297],[22.844028440284404,49.05710389761205],[22.854828548285496,49.075678247580754],[22.854828548285496,49.08412113393018],[22.84042840428404,49.094252597549456],[22.797227972279728,49.111138370248284],[22.779227792277936,49.11958125659771],[22.750427504275052,49.14490991564594],[22.718027180271804,49.16010711107489],[22.721627216272168,49.16179568834477],[22.70722707227074,49.16854999742429],[22.692826928269284,49.15841853380502],[22.68922689226892,49.156729956535116],[22.68202682026822,49.16179568834477],[22.685626856268584,49.173615729233944],[22.703627036270376,49.19556723374242],[22.718027180271804,49.23102735640995],[22.73242732427326,49.26142174726786],[22.736027360273596,49.27493036542691],[22.725227252272532,49.36780211527045],[22.718027180271804,49.382999310699404],[22.71442714427144,49.39144219704883],[22.692826928269284,49.40495081520788],[22.678426784267856,49.418459433366934],[22.678426784267856,49.42521374244649],[22.674826748267492,49.43534520606576],[22.667626676266764,49.477559637812845],[22.660426604266064,49.49275683324177],[22.642426424264244,49.52821695590933],[22.667626676266764,49.56705423311661],[22.743227432274324,49.632908746642045],[22.75762757627578,49.664991714769826],[22.76482764827648,49.673434601119226],[22.775627756277572,49.68018891019875],[22.797227972279728,49.68356606473853],[22.80802808028082,49.686943219278305],[22.826028260282612,49.69707468289758],[22.887228872288716,49.76968350550254],[22.89802898028981,49.77812639185197],[22.905229052290537,49.78150354639172],[22.92322923229233,49.784880700931495],[22.93402934029342,49.79163501001102],[22.937629376293756,49.798389319090546],[22.944829448294485,49.81865224632915],[22.952029520295213,49.82709513267855],[22.99162991629916,49.85411236899668],[23.103231032310333,49.95711558245952],[23.14283142831428,49.98582139604753],[23.178831788317893,50.00439574601623],[23.207632076320778,50.034790136874136],[23.438034380343822,50.19351640024311],[23.481234812348134,50.21546790475156],[23.53523535235354,50.24248514106969],[23.564035640356423,50.25768233649865],[23.64323643236432,50.31340538640478],[23.657636576365775,50.32522542729396],[23.657636576365775,50.32691400456383],[23.672036720367203,50.35393124088196],[23.682836828368295,50.36743985904101],[23.697236972369723,50.377571322660316],[23.71163711637118,50.38263705446997],[23.747637476374763,50.38939136354949],[23.927639276392767,50.39107994081937],[23.98163981639817,50.404588558978446],[24.003240032400328,50.4383601043761],[24.00684006840069,50.448491567995376],[24.010440104401056,50.462000186154455],[24.00684006840069,50.48057453612316],[24.010440104401056,50.492394577012334],[24.075240752407524,50.51434608152081],[24.093240932409344,50.527854699679864],[24.107641076410772,50.537986163299166],[24.107641076410772,50.54136331783894],[24.104041040410408,50.54305189510882],[24.09684096840968,50.55656051326787],[24.086040860408616,50.6038406768246],[24.107641076410772,50.62916933587283],[24.107641076410772,50.630857913142734],[24.082440824408252,50.66969519035001],[24.075240752407524,50.68995811758862],[24.082440824408252,50.71359819936697],[24.053640536405368,50.71697535390675],[24.028440284402848,50.728795394795924],[24.01404014040142,50.74399259022485],[24.024840248402484,50.76087836292368],[24.024840248402484,50.76763267200323],[23.999639996399964,50.769321249273105],[23.974439744397444,50.77607555835263],[23.960039600396016,50.78958417651168],[23.95643956439565,50.80815852648041],[23.97083970839708,50.82504429917924],[23.992439924399264,50.836864340068416],[24.02124021240212,50.83855291733829],[24.04644046440464,50.82842145371899],[24.068040680406824,50.835175762798514],[24.100441004410044,50.835175762798514],[24.129241292412928,50.83855291733829],[24.143641436414384,50.85712726730699],[24.129241292412928,50.86894730819617],[24.04644046440464,50.897653121784174],[23.978039780397808,50.93817897626138],[23.96363963639638,50.95337617169031],[23.960039600396016,50.96688478984939],[23.95643956439565,50.97532767619879],[23.95643956439565,50.983770562548216],[23.94563945639456,50.99390202616749],[23.93123931239313,50.99896775797714],[23.92043920439204,51.00234491251692],[23.91323913239134,51.00741064432657],[23.916839168391704,51.014164953406095],[23.916839168391704,51.02091926248562],[23.902439024390247,51.063133694232704],[23.89523895238952,51.076642312391755],[23.870038700387,51.10197097143998],[23.85563855638557,51.12223389867859],[23.859238592385935,51.13067678502799],[23.873638736387363,51.13574251683764],[23.8628386283863,51.147562557726815],[23.816038160381623,51.17795694858472],[23.765637656376583,51.1982198758233],[23.7440374403744,51.21679422579203],[23.68643686436866,51.29278020293674],[23.66843668436684,51.299534512016265],[23.650436504365047,51.299534512016265],[23.63603636036362,51.30460024382592],[23.62883628836289,51.326551748334396],[23.632436324363255,51.34006036649345],[23.646836468364683,51.353568984652526],[23.664836648366503,51.3653890255417],[23.682836828368295,51.370454757351354],[23.67923679236793,51.383963375510405],[23.67923679236793,51.39409483912971],[23.68643686436866,51.40084914820923],[23.697236972369723,51.40422630274901],[23.690036900369023,51.416046343638186],[23.650436504365047,51.45319504357559],[23.646836468364683,51.459949352655116],[23.66123661236614,51.48021227989372],[23.646836468364683,51.486966588973246],[23.62883628836289,51.49034374351302],[23.614436144361463,51.49709805259255],[23.607236072360735,51.5106066707516],[23.607236072360735,51.517360979831125],[23.614436144361463,51.5122952480215],[23.625236252362527,51.51567240256125],[23.62883628836289,51.530869597990204],[23.625236252362527,51.54100106160951],[23.600036000360006,51.58828122516621],[23.59283592835928,51.59672411151561],[23.59283592835928,51.60516699786504],[23.607236072360735,51.61867561602409],[23.6180361803618,51.62542992510362],[23.62883628836289,51.628807079643394],[23.726037260372607,51.64569285234222],[23.751237512375127,51.64400427507235],[23.81963819638196,51.63049565691327],[23.84483844838448,51.63049565691327],[23.884438844388455,51.620364193293995],[23.91323913239134,51.598412688785515],[23.942039420394224,51.58152691608669],[23.98163981639817,51.58659264789634],[24.129241292412928,51.669332934120575],[24.244442444424465,51.718301674947185],[24.27324273242732,51.74363033399541],[24.294842948429505,51.807796270250975],[24.312843128431297,51.82805919748955],[24.34884348843488,51.86183074288721],[24.370443704437065,51.87533936104626],[24.39204392043922,51.88040509285591],[24.640446404464058,51.892225133745086],[24.70164701647016,51.88209367012581],[24.723247232472346,51.88209367012581],[25.004050040500402,51.91079948371382],[25.09405094050942,51.93950529730182],[25.13725137251373,51.949636760921095],[25.184051840518407,51.949636760921095],[25.35325353253532,51.92093094733309],[25.54765547655478,51.919242370063216],[25.684456844568444,51.91755379279334],[25.767257672576733,51.927685256412644],[25.979659796597986,51.90404517463426],[26.051660516605182,51.90404517463426],[26.080460804608066,51.900668020094514],[26.145261452614534,51.865207897426984],[26.174061740617418,51.856765011077556],[26.408064080640827,51.85001070199803],[26.41886418864189,51.846633547458254],[26.41886418864189,51.83987923837873],[26.415264152641527,51.83143635202933],[26.41886418864189,51.821304888410026],[26.433264332643347,51.80948484752085],[26.44406444064441,51.80610769298107],[26.667266672666727,51.80104196117142],[26.85446854468546,51.74869606580506],[26.919269192691928,51.74194175672554],[27.02007020070201,51.76389326123402],[27.110071100711025,51.762204683964114],[27.12671254439569,51.76007588983228],[27.438600087610467,48.42757674289987],[27.419674196741965,48.417133112326496],[27.405274052740538,48.412067380516845],[27.39087390873908,48.41544453505662],[27.362073620736226,48.43233030775545],[27.34047340473404,48.4357074622952],[27.304473044730457,48.42388742140602],[27.250472504725053,48.37829583511919],[27.24687246872469,48.37323010330954],[27.20727207272074,48.36141006242036],[27.174871748717493,48.36141006242036],[27.07047070470705,48.38842729873849],[27.048870488704893,48.39687018508792],[27.0380703807038,48.40024733962767],[27.027270272702737,48.39687018508792],[27.023670236702372,48.390115876008366],[27.027270272702737,48.381672989658966],[27.027270272702737,48.371541526039664],[27.0308703087031,48.36478721696014],[27.034470344703465,48.35972148515049],[27.027270272702737,48.35803290788061],[27.016470164701644,48.35972148515049],[27.00567005670058,48.35803290788061],[26.998469984699852,48.36141006242036],[26.991269912699124,48.363098639690264],[26.98046980469806,48.35634433061074],[26.944469444694448,48.35127859880109],[26.908469084690864,48.36478721696014],[26.876068760687616,48.38336156692884],[26.843668436684368,48.39349303054814],[26.832868328683304,48.39180445327827],[26.82926829268294,48.38505014419874],[26.825668256682576,48.37829583511919],[26.818468184681848,48.371541526039664],[26.811268112681148,48.371541526039664],[26.793267932679328,48.376607257849315],[26.789667896678964,48.376607257849315],[26.7788677886779,48.36647579423001],[26.7788677886779,48.35803290788061],[26.782467824678264,48.344524289721534],[26.789667896678964,48.32594993975283],[26.789667896678964,48.30737558978413],[26.786067860678628,48.29386697162508],[26.775267752677536,48.287112662545525],[26.75366753667538,48.28542408527565],[26.735667356673588,48.292178394355176],[26.724867248672496,48.30230985797448],[26.714067140671403,48.314129898863655],[26.699666996669976,48.32594993975283],[26.67806678066782,48.33101567156248],[26.674466744667455,48.32088420794318],[26.67086670866709,48.309064167054004],[26.634866348663508,48.29555554889495],[26.624066240662415,48.283735508005776],[26.616866168661687,48.26684973530695],[26.616866168661687,48.25840684895752],[26.588065880658803,48.24996396260812],[26.462064620646203,48.229701035369516],[26.44406444064441,48.22801245809964],[26.397263972639735,48.22632388082977],[26.379263792637943,48.22294672628999],[26.346863468634695,48.21281526267069],[26.328863288632903,48.20774953086104],[26.310863108631082,48.20943810813094],[26.303663036630383,48.21281526267069],[26.296462964629654,48.17904371727303],[26.296462964629654,48.15709221276455],[26.285662856628562,48.1250092446368],[26.271262712627134,48.09292627650902],[26.256862568625706,48.07266334927044],[26.24246242462425,48.06253188565114],[26.21726217262173,48.047334690222186],[26.206462064620666,48.037203226602884],[26.181261812618146,48.00343168120523],[26.174061740617418,47.993300217585954],[26.127261272612742,47.978103022157],[26.030060300603026,47.978103022157],[25.96525965259653,47.96459440399795],[25.918459184591853,47.9679715585377],[25.90045900459006,47.966282981267824],[25.871658716587177,47.957840094918396],[25.817658176581773,47.95277436310877],[25.752857528575305,47.93420001314004],[25.26325263252633,47.89873989047251],[25.22005220052202,47.87847696323391],[25.122851228512303,47.770408017961415],[25.079650796507963,47.74339078164331],[25.01845018450186,47.72481643167458],[24.9428494284943,47.71637354532518],[24.928449284492842,47.71468496805531],[24.896048960489622,47.70961923624566],[24.878048780487802,47.71806212259506],[24.852848528485282,47.74339078164331],[24.820448204482062,47.783916636120495],[24.80964809648097,47.79573667700967],[24.795247952479542,47.80417956335907],[24.712447124471254,47.82613106786755],[24.680046800468006,47.83963968602663],[24.662046620466214,47.85314830418568],[24.65844658446585,47.86665692234473],[24.654846548465486,47.87847696323391],[24.647646476464786,47.895362735932736],[24.63324633246333,47.908871354091815],[24.60804608046081,47.922379972250866],[24.56844568445686,47.93757716767982],[24.561245612456133,47.94095432221957],[24.54324543245434,47.944331476759345],[24.485644856448573,47.94264289948947],[24.428044280442805,47.95277436310877],[24.410044100441013,47.95277436310877],[24.384843848438493,47.944331476759345],[24.34884348843488,47.92069139498099],[24.29844298442984,47.91900281771112],[24.23004230042301,47.89705131320264],[24.208442084420852,47.89705131320264],[24.150841508415084,47.91224850863156],[24.14724147241472,47.91224850863156],[24.132841328413292,47.913937085901466],[24.093240932409344,47.93757716767982],[24.075240752407524,47.944331476759345],[24.024840248402484,47.95277436310877],[24.010440104401056,47.96121724945817],[23.978039780397808,47.96290582672805],[23.877238772387727,47.93420001314004],[23.85563855638557,47.93420001314004],[23.848438484384843,47.949397208568996],[23.798037980379803,47.98148017669678],[23.78003780037801,47.9882344857763],[23.71163711637118,47.984857331236526],[23.68643686436866,47.9865459085064],[23.646836468364683,47.9966773721257],[23.582035820358215,48.001743103935354],[23.564035640356423,48.00512025847513],[23.524435244352446,48.001743103935354],[23.513635136351382,47.998365949395605],[23.50283502835029,47.993300217585954],[23.499234992349926,47.9865459085064],[23.495634956349562,47.979791599426875],[23.488434884348862,47.976414444887126],[23.4848348483485,47.974725867617224],[23.481234812348134,47.971348713077475],[23.45963459634598,47.971348713077475],[23.394833948339482,47.993300217585954],[23.391233912339118,47.993300217585954],[23.380433804338054,47.99161164031605],[23.373233732337326,47.98992306304618],[23.366033660336598,47.99161164031605],[23.358833588335898,47.993300217585954],[23.337233372333742,48.01018599028478],[23.290432904329037,48.03889180387279],[23.247232472324725,48.07097477200054],[23.232832328323298,48.07941765834997],[23.1608316083161,48.096303431048796],[23.139231392313917,48.09799200831867],[23.11763117631176,48.091237699239144],[23.09963099630997,48.07097477200054],[23.078030780307813,48.02369460844383],[23.063630636306357,48.006808835745005],[23.020430204302045,47.984857331236526],[23.006030060300617,47.98316875396665],[22.988029880298797,47.9865459085064],[22.97362973629737,47.993300217585954],[22.955629556295577,48.00005452666548],[22.937629376293756,48.00512025847513],[22.92322923229233,48.00512025847513],[22.9160291602916,47.993300217585954],[22.92322923229233,47.97303729034735],[22.9160291602916,47.9595286721883],[22.89802898028981,47.95108578583887],[22.876428764287652,47.94602005402922],[22.84042840428404,47.966282981267824],[22.83322833228334,47.978103022157],[22.851228512285132,47.993300217585954],[22.851228512285132,48.00849741301488],[22.85842858428586,48.01862887663418],[22.862028620286196,48.028760340253484],[22.854828548285496,48.047334690222186],[22.844028440284404,48.060843308381266],[22.829628296282976,48.07266334927044],[22.800828008280092,48.091237699239144],[22.76482764827648,48.104746317398195],[22.761227612276116,48.10981204920785],[22.746827468274688,48.11656635828737],[22.728827288272896,48.11318920374762],[22.710827108271076,48.1064348946681],[22.692826928269284,48.10136916285845],[22.620826208262088,48.10136916285845],[22.60642606426066,48.096303431048796],[22.59922599225993,48.10136916285845],[22.584825848258504,48.1250092446368],[22.570425704257048,48.15709221276455],[22.55602556025562,48.17735514000316],[22.48042480424806,48.243209653528595],[22.476824768247695,48.243209653528595],[22.47322473224733,48.24489823079847],[22.469624696246967,48.24489823079847],[22.44802448024481,48.238143921718944],[22.433624336243383,48.23645534444904],[22.419224192241927,48.238143921718944],[22.39762397623977,48.24489823079847],[22.390423904239043,48.24489823079847],[22.38682386823868,48.243209653528595],[22.37962379623798,48.238143921718944],[22.365223652236523,48.238143921718944],[22.358023580235823,48.243209653528595],[22.307623076230783,48.29386697162508],[22.29682296822969,48.314129898863655],[22.29682296822969,48.327638517022706],[22.300423004230055,48.33945855791191],[22.300423004230055,48.349590021531185],[22.289622896228963,48.35803290788061],[22.257222572225743,48.35803290788061],[22.257222572225743,48.37323010330954],[22.27162271622717,48.403624494167445],[22.23562235622356,48.41544453505662],[22.20322203222034,48.4188216895964],[22.17082170821709,48.4086902259771],[22.160021600215998,48.40193591689757],[22.156421564215663,48.40193591689757],[22.131221312213142,48.40531307143732]]]}},{"type":"Feature","properties":{"territory_id":"UA-02","country_code":"UA","country_name":"Ukraine","display_name":"Kyiv and Northern Ukraine","strategic_centre":"Kyiv","centre":[30.5233,50.45],"boundary_status":"provisional-strategic-partition"},"geometry":{"type":"Polygon","coordinates":[[[27.12671254439569,51.76007588983228],[27.149671496714973,51.75713895215449],[27.178471784717857,51.74700748853519],[27.185671856718585,51.731810293106236],[27.18207182071822,51.70985878859776],[27.18207182071822,51.682841552279655],[27.18927189271892,51.664267202310924],[27.203672036720377,51.655824315961524],[27.225272252722533,51.65413573869162],[27.24687246872469,51.655824315961524],[27.279272792727937,51.65075858415187],[27.275672756727573,51.633872811453045],[27.261272612726145,51.611921306944566],[27.254072540725417,51.59503553424574],[27.268472684726845,51.58828122516621],[27.290072900729,51.58828122516621],[27.329673296732977,51.59672411151561],[27.387273872738746,51.58996980243609],[27.4088740887409,51.59165837970599],[27.430474304743058,51.598412688785515],[27.459274592745942,51.61698703875422],[27.477274772747734,51.62374134783374],[27.513275132751346,51.62374134783374],[27.621276212762126,51.59672411151561],[27.67527675276753,51.59503553424574],[27.693276932769322,51.58996980243609],[27.704077040770414,51.56801829792761],[27.696876968769686,51.54268963887938],[27.664476644766467,51.4920323207829],[27.664476644766467,51.49034374351302],[27.671676716767166,51.48527801170337],[27.68247682476826,51.47514654808407],[27.70047700477005,51.46670366173467],[27.714877148771507,51.46332650719489],[27.729277292772935,51.46501508446477],[27.740077400774027,51.47176939354429],[27.786877868778703,51.5106066707516],[27.794077940779403,51.517360979831125],[27.797677976779767,51.530869597990204],[27.797677976779767,51.54100106160951],[27.794077940779403,51.55282110249868],[27.794077940779403,51.56464114338786],[27.80127801278013,51.584904070626436],[27.812078120781223,51.601789843325264],[27.830078300783015,51.61360988421444],[27.855278552785535,51.61529846148434],[27.87687876878769,51.60854415240479],[27.93447934479346,51.566329720657734],[27.956079560795615,51.56126398884808],[27.974079740797407,51.557886834308334],[28.071280712807123,51.557886834308334],[28.089280892808944,51.56126398884808],[28.114481144811464,51.57477260700716],[28.146881468814684,51.61360988421444],[28.164881648816504,51.633872811453045],[28.18648186481866,51.64569285234222],[28.21168211682118,51.65244716142175],[28.229682296822972,51.65075858415187],[28.244082440824428,51.64062712053257],[28.247682476824764,51.63049565691327],[28.247682476824764,51.61360988421444],[28.258482584825856,51.601789843325264],[28.26928269282695,51.59503553424574],[28.298082980829804,51.58321549335656],[28.31248312483126,51.57477260700716],[28.316083160831624,51.56464114338786],[28.326883268832688,51.535935329799855],[28.334083340833416,51.52918102072033],[28.348483484834844,51.52580386618055],[28.359283592835936,51.52918102072033],[28.384483844838456,51.544378216149255],[28.434884348843497,51.566329720657734],[28.460084600846017,51.571395452467385],[28.4888848888489,51.571395452467385],[28.57888578885789,51.55957541157821],[28.60408604086041,51.55282110249868],[28.611286112861137,51.539312484339604],[28.6148861488615,51.51904955710103],[28.62928629286293,51.46332650719489],[28.636486364863657,51.44981788903584],[28.64728647286475,51.43968642541654],[28.66528665286654,51.43462069360689],[28.67968679686797,51.43799784814664],[28.69048690486906,51.44306357995629],[28.70488704887049,51.44306357995629],[28.712087120871217,51.42955496179724],[28.719287192871946,51.410980611828535],[28.73008730087301,51.40084914820923],[28.74808748087483,51.41435776636828],[28.751687516875165,51.42955496179724],[28.74808748087483,51.46670366173467],[28.751687516875165,51.48358943443347],[28.77328773287735,51.5106066707516],[28.79848798487987,51.53255817526008],[28.83088830888309,51.54775537068903],[28.863288632886338,51.55957541157821],[28.892088920889222,51.56295256611796],[28.953289532895326,51.56295256611796],[28.98208982089821,51.56970687519751],[29.00009000090003,51.58321549335656],[29.02529025290255,51.61360988421444],[29.043290432904342,51.62542992510362],[29.0648906489065,51.63049565691327],[29.08289082890829,51.63049565691327],[29.122491224912267,51.62542992510362],[29.147691476914787,51.61529846148434],[29.162091620916215,51.60347842059517],[29.180091800918007,51.566329720657734],[29.21609216092162,51.535935329799855],[29.226892268922683,51.51904955710103],[29.230492304923047,51.49372089805277],[29.219692196921983,51.46670366173467],[29.226892268922683,51.454883620845465],[29.244892448924503,51.44812931176594],[29.26649266492666,51.432932116337014],[29.277292772927723,51.41435776636828],[29.28449284492845,51.392406261859804],[29.295292952929543,51.3738319118911],[29.320493204932063,51.3653890255417],[29.34209342093422,51.370454757351354],[29.352893528935283,51.37720906643088],[29.378093780937803,51.39071768458993],[29.403294032940323,51.39578341639958],[29.446494464944664,51.38565195278028],[29.464494644946456,51.38565195278028],[29.482494824948247,51.40084914820923],[29.496894968949704,51.42617780725746],[29.504095040950403,51.43799784814664],[29.51849518495186,51.441375002686414],[29.54369543695438,51.44306357995629],[29.5688956889569,51.44981788903584],[29.583295832958328,51.46163792992502],[29.597695976959784,51.473457970814195],[29.61929619296194,51.48527801170337],[29.637296372963732,51.49034374351302],[29.662496624966252,51.49372089805277],[29.684096840968408,51.4920323207829],[29.698496984969864,51.48358943443347],[29.716497164971656,51.46501508446477],[29.723697236972384,51.44981788903584],[29.738097380973812,51.43968642541654],[29.82809828098283,51.42955496179724],[29.84609846098462,51.432932116337014],[29.856898568985685,51.43968642541654],[29.874898748987505,51.459949352655116],[29.88569885698857,51.46501508446477],[29.89649896498966,51.46501508446477],[29.91089910899109,51.45826077538524],[29.925299252992545,51.45826077538524],[29.98649986499865,51.478523702623846],[30.008100081000805,51.481900857163595],[30.14850148501486,51.48358943443347],[30.177301773017746,51.48021227989372],[30.20610206102063,51.46670366173467],[30.242102421024214,51.43462069360689],[30.25650256502567,51.424489229987586],[30.30690306903071,51.40929203455863],[30.321303213032138,51.40253772547911],[30.324903249032502,51.39578341639958],[30.328503285032866,51.389029107320056],[30.328503285032866,51.362011871001926],[30.321303213032138,51.34174894376335],[30.317703177031774,51.34006036649345],[30.324903249032502,51.329928902874144],[30.353703537035386,51.30460024382592],[30.368103681036814,51.29784593474639],[30.38250382503827,51.294468780206614],[30.41490414904149,51.294468780206614],[30.429304293042946,51.291091625666866],[30.443704437044374,51.28264873931744],[30.46530465304653,51.26238581207886],[30.479704797047987,51.259008657539084],[30.494104941049414,51.26069723480896],[30.50850508505087,51.25732008026921],[30.519305193051935,51.25225434845956],[30.53370533705339,51.24381146211013],[30.54090540905409,51.23536857576073],[30.551705517055183,51.237057153030605],[30.555305553055547,51.242122884840256],[30.555305553055547,51.267451543888484],[30.55890558905591,51.26914012115839],[30.576905769057703,51.28940304839696],[30.580505805058067,51.30291166655604],[30.60930609306095,51.31810886198497],[30.638106381063807,51.3366832119537],[30.630906309063107,51.3637004482718],[30.645306453064535,51.36707760281158],[30.645306453064535,51.37214333462123],[30.638106381063807,51.37889764370075],[30.630906309063107,51.383963375510405],[30.62370623706238,51.41266918909841],[30.61650616506165,51.419423498177935],[30.605706057060587,51.424489229987586],[30.594905949059495,51.424489229987586],[30.587705877058767,51.42786638452736],[30.58410584105843,51.43968642541654],[30.587705877058767,51.451506466305716],[30.594905949059495,51.45826077538524],[30.605706057060587,51.46163792992502],[30.61650616506165,51.459949352655116],[30.61650616506165,51.46670366173467],[30.60930609306095,51.47008081627442],[30.59850598505986,51.473457970814195],[30.587705877058767,51.481900857163595],[30.58410584105843,51.49372089805277],[30.59130591305913,51.5021637844022],[30.58410584105843,51.508918093481725],[30.57330573305734,51.51567240256125],[30.562505625056247,51.522426711640776],[30.569705697056975,51.52580386618055],[30.576905769057703,51.530869597990204],[30.58410584105843,51.54268963887938],[30.56610566105661,51.54775537068903],[30.53370533705339,51.55282110249868],[30.5229052290523,51.56295256611796],[30.5229052290523,51.56970687519751],[30.526505265052663,51.571395452467385],[30.530105301053027,51.57308402973726],[30.53370533705339,51.57477260700716],[30.544505445054455,51.576461184277036],[30.544505445054455,51.58321549335656],[30.53370533705339,51.58659264789634],[30.51570515705157,51.59672411151561],[30.51570515705157,51.60347842059517],[30.544505445054455,51.620364193293995],[30.555305553055547,51.62374134783374],[30.551705517055183,51.633872811453045],[30.551705517055183,51.63724996599282],[30.555305553055547,51.6389385432627],[30.562505625056247,51.647381429612096],[30.569705697056975,51.65075858415187],[30.56610566105661,51.66595577958083],[30.576905769057703,51.6862187068194],[30.569705697056975,51.69972732497848],[30.58410584105843,51.70310447951823],[30.612906129061287,51.70310447951823],[30.62370623706238,51.70648163405801],[30.630906309063107,51.71492452040741],[30.630906309063107,51.72843313856649],[30.63450634506347,51.740253179455664],[30.645306453064535,51.74700748853519],[30.645306453064535,51.753761797614715],[30.638106381063807,51.75545037488459],[30.61650616506165,51.76051610669424],[30.630906309063107,51.77064757031354],[30.652506525065263,51.77909045666294],[30.670506705067055,51.79091049755215],[30.670506705067055,51.80610769298107],[30.663306633066327,51.816239156600375],[30.663306633066327,51.81961631114015],[30.66690666906669,51.8229934656799],[30.67410674106742,51.829747774759426],[30.695706957069575,51.846633547458254],[30.695706957069575,51.85001070199803],[30.702907029070303,51.85338785653781],[30.706507065070667,51.86014216561733],[30.713707137071367,51.86689647469686],[30.73530735307355,51.873650783776384],[30.738907389073887,51.88209367012581],[30.738907389073887,51.892225133745086],[30.74250742507425,51.89729086555474],[30.74970749707498,51.89897944282464],[30.778507785077863,51.89729086555474],[30.789307893078927,51.900668020094514],[30.796507965079655,51.90742232917404],[30.81090810908111,51.91755379279334],[30.81090810908111,51.92599667914274],[30.803708037080384,51.92937383368252],[30.803708037080384,51.93950529730182],[30.832508325083268,51.946259606381346],[30.846908469084696,51.951325338191],[30.857708577085788,51.95807964727052],[30.86850868508685,51.96483395635005],[30.879308793087944,51.97327684269948],[30.879308793087944,51.9884740381284],[30.890108901089008,51.99353976993805],[30.897308973089736,51.998605501747704],[30.904509045090464,52.00029407901758],[30.908109081090828,51.998605501747704],[30.915309153091528,51.99185119266818],[30.940509405094048,51.99353976993805],[30.95130951309514,52.00704838809713],[30.940509405094048,52.02055700625618],[30.911709117091192,52.02224558352606],[30.915309153091528,52.02731131533571],[30.915309153091528,52.03237704714536],[30.91890918909189,52.03744277895501],[30.92610926109262,52.04250851076466],[30.91890918909189,52.05939428346349],[30.933309333093348,52.06952574708279],[30.958509585095868,52.074591478892415],[31.095310953109532,52.07965721070207],[31.13491134911351,52.07628005616232],[31.16011160111603,52.06783716981289],[31.20331203312034,52.04419708803454],[31.22851228512286,52.03744277895501],[31.25371253712538,52.04419708803454],[31.26811268112681,52.061082860733364],[31.282512825128265,52.08134578797197],[31.30411304113042,52.0982315606708],[31.383313833138345,52.1168059106395],[31.473314733147333,52.11849448790937],[31.649716497164974,52.096542983400894],[31.76491764917651,52.09992013794067],[31.826118261182614,52.10329729248042],[31.858518585185863,52.09992013794067],[31.883718837188383,52.08641151978162],[31.887318873188747,52.06952574708279],[31.887318873188747,52.05095139711406],[31.89091890918911,52.03575420168514],[31.908919089190903,52.02899989260558],[31.926919269192695,52.030688469875486],[31.9809198091981,52.04757424257431],[32.01692016920171,52.04926281984419],[32.078120781207815,52.039131356224885],[32.09612096120961,52.04081993349476],[32.2329223292233,52.08134578797197],[32.27612276122761,52.10329729248042],[32.30852308523086,52.14044599241785],[32.31932319323195,52.20123477413364],[32.32652326523265,52.21980912410234],[32.337323373233744,52.22487485591199],[32.35172351723517,52.22994058772164],[32.362523625236264,52.23669489680117],[32.36612366123663,52.24682636042047],[32.362523625236264,52.25526924676987],[32.34452344523447,52.27722075127835],[32.34092340923411,52.28735221489765],[32.355323553235536,52.32112376029531],[32.39492394923951,52.32618949210496],[32.481324813248136,52.30761514213623],[32.52812528125281,52.31605802848566],[32.72612726127261,52.25189209223012],[32.75492754927549,52.25189209223012],[32.816128161281625,52.262023555849396],[32.84492844928451,52.262023555849396],[32.85932859328594,52.25695782403977],[32.891728917289186,52.24176062861082],[32.90972909729098,52.24176062861082],[32.92772927729277,52.24682636042047],[33.02853028530285,52.30423798759648],[33.04653046530467,52.30930371940613],[33.057330573305734,52.30930371940613],[33.07173071730719,52.30423798759648],[33.07893078930789,52.305926564866354],[33.08613086130862,52.310992296676005],[33.100531005310074,52.324500914835056],[33.107731077310774,52.32787806937483],[33.12933129331293,52.332943801184484],[33.14013140131402,52.33969811026401],[33.16533165331654,52.359961037502615],[33.183331833318334,52.36671534658214],[33.19773197731979,52.368403923852014],[33.29493294932951,52.35658388296284],[33.359733597335975,52.35827246023271],[33.377733777337795,52.35489530569296],[33.39933399333995,52.34476384207366],[33.402934029340315,52.34307526480379],[33.42093420934211,52.338009532994135],[33.4389343893439,52.33969811026401],[33.45333453334533,52.34476384207366],[33.46413464134642,52.35320672842306],[33.48213482134821,52.35827246023271],[33.50013500135003,52.341386687533884],[33.4929349293493,52.302549410326606],[33.510935109351095,52.28735221489765],[33.53253532535325,52.289040792167526],[33.54348213059065,52.295796764995174],[33.24739234202959,48.60176114718358],[28.006344905871696,48.325624903410684],[28.00288002880029,48.32594993975283],[27.966879668796707,48.32932709429261],[27.92727927279273,48.33945855791191],[27.905679056790575,48.363098639690264],[27.894878948789483,48.36647579423001],[27.88407884078842,48.37829583511919],[27.866078660786627,48.398558762357794],[27.848078480784807,48.41037880324697],[27.786877868778703,48.44077319410485],[27.75087750877509,48.452593234994026],[27.628476284762854,48.45090465772415],[27.606876068760698,48.45765896680368],[27.603276032760334,48.48467620312181],[27.581675816758178,48.48636478039168],[27.556475564755658,48.474544739502505],[27.545675456754566,48.47285616223263],[27.502475024750254,48.47285616223263],[27.480874808748098,48.45090465772415],[27.438600087610467,48.42757674289987],[27.12671254439569,51.76007588983228]]]}},{"type":"Feature","properties":{"territory_id":"UA-03","country_code":"UA","country_name":"Ukraine","display_name":"Eastern Ukraine","strategic_centre":"Kharkiv","centre":[36.2311,49.9925],"boundary_status":"provisional-strategic-partition"},"geometry":{"type":"Polygon","coordinates":[[[33.24739234202959,48.60176114718358],[33.54348213059065,52.295796764995174],[33.60093600936011,52.33125522391461],[33.687336873368736,52.35658388296284],[33.73413734137341,52.36164961477249],[33.77733777337775,52.359961037502615],[33.80253802538027,52.35489530569296],[33.8169381693817,52.34476384207366],[33.82413824138243,52.33125522391461],[33.838538385383856,52.31436945121578],[33.86013860138601,52.302549410326606],[33.89973899738999,52.28566363762778],[33.91773917739178,52.270466442198824],[33.9429394293943,52.235006319531294],[33.95733957339573,52.22487485591199],[34.022140221402225,52.19785761959386],[34.04014040140402,52.186037578704685],[34.05454054540547,52.17084038327573],[34.06534065340654,52.159020342386555],[34.072540725407265,52.14888887876725],[34.072540725407265,52.128625951528676],[34.05814058140581,52.10498586975032],[34.05814058140581,52.09992013794067],[34.06174061740617,52.08303436524184],[34.06174061740617,52.05095139711406],[34.0689406894069,52.030688469875486],[34.07974079740799,52.01380269717666],[34.10134101341015,51.99185119266818],[34.10494104941051,51.97496541996935],[34.097740977409785,51.9597682245404],[34.097740977409785,51.951325338191],[34.14454144541446,51.951325338191],[34.16614166141662,51.94288245184157],[34.20214202142023,51.91248806098369],[34.20934209342093,51.909110906443914],[34.223742237422385,51.90235659736439],[34.22734227342275,51.89897944282464],[34.230942309423114,51.89391371101499],[34.23454234542345,51.88040509285591],[34.23454234542345,51.878716515586035],[34.24534245342454,51.87533936104626],[34.26334263342633,51.88040509285591],[34.27774277742779,51.88040509285591],[34.29574295742958,51.873650783776384],[34.32814328143283,51.85001070199803],[34.34614346143462,51.8415678156486],[34.37134371343714,51.82637062021968],[34.38574385743857,51.81792773387025],[34.41094410944109,51.77740187939307],[34.414544145441454,51.73687602491589],[34.374943749437506,51.70817021132788],[34.356943569435714,51.704793056788105],[34.299342993429946,51.70648163405801],[34.12654126541267,51.68115297500975],[34.09054090540906,51.66595577958083],[34.07974079740799,51.642315697802445],[34.09054090540906,51.633872811453045],[34.12654126541267,51.62711850237352],[34.1409414094141,51.620364193293995],[34.14454144541446,51.61360988421444],[34.148141481414825,51.593346956975864],[34.15174151741519,51.58321549335656],[34.15894158941589,51.576461184277036],[34.20214202142023,51.54606679341913],[34.21654216542166,51.53255817526008],[34.223742237422385,51.513983825291376],[34.22734227342275,51.49372089805277],[34.223742237422385,51.481900857163595],[34.21654216542166,51.46501508446477],[34.21294212942129,51.454883620845465],[34.21294212942129,51.44475215722619],[34.21654216542166,51.43630927087676],[34.22014220142202,51.42786638452736],[34.21654216542166,51.41773492090806],[34.20934209342093,51.410980611828535],[34.18774187741877,51.40760345728876],[34.18054180541807,51.40253772547911],[34.18414184141841,51.39409483912971],[34.1949419494195,51.38565195278028],[34.21654216542166,51.3738319118911],[34.230942309423114,51.36707760281158],[34.248942489424905,51.3637004482718],[34.26334263342633,51.362011871001926],[34.281342813428154,51.362011871001926],[34.299342993429946,51.36876618008145],[34.31014310143101,51.334994634683795],[34.28494284942849,51.30122308928614],[34.24534245342454,51.27420585296804],[34.18774187741877,51.24887719391978],[34.256142561425634,51.23030284395108],[34.281342813428154,51.2269256894113],[34.299342993429946,51.231991421220954],[34.33534335343353,51.250565771189684],[34.37134371343714,51.25732008026921],[34.407344073440754,51.25394292572943],[34.47934479344795,51.237057153030605],[34.51174511745117,51.23030284395108],[34.57654576545767,51.237057153030605],[34.608946089460915,51.23367999849086],[34.62334623346234,51.22523711214143],[34.62694626946271,51.21172849398238],[34.634146341463435,51.19484272128355],[34.641346413464134,51.18133410312447],[34.65574655746559,51.171202639505196],[34.67374673746738,51.16782548496542],[34.74934749347494,51.16444833042564],[34.817748177481775,51.174579794044945],[34.90054900549006,51.196531298553424],[34.94734947349474,51.215105648522126],[34.961749617496196,51.215105648522126],[34.97974979749799,51.210039916712475],[34.99774997749978,51.201597030363075],[35.019350193501936,51.204974184902824],[35.037350373503756,51.210039916712475],[35.05895058950591,51.21172849398238],[35.076950769507704,51.2083513394426],[35.09135091350913,51.1982198758233],[35.09855098550986,51.18302268039437],[35.12375123751238,51.09183950782071],[35.145351453514536,51.05806796242305],[35.17415174151742,51.041182189724225],[35.20655206552067,51.03949361245432],[35.2749527495275,51.049625076073625],[35.30735307353075,51.04793649880375],[35.328953289532905,51.0428707669941],[35.3469534695347,51.036116457914574],[35.354153541535425,51.02598499429527],[35.3469534695347,51.00909922159644],[35.33255332553327,51.000656335247044],[35.278552785527864,50.992213448897616],[35.28215282152823,50.98208198527831],[35.28215282152823,50.95506474896021],[35.28575285752859,50.94493328534091],[35.29295292952929,50.93817897626138],[35.31815318153181,50.93480182172161],[35.328953289532905,50.929736089911955],[35.34335343353433,50.916227471752904],[35.34335343353433,50.90440743086373],[35.339753397534,50.89258738997455],[35.339753397534,50.87570161727572],[35.3469534695347,50.86388157638655],[35.36855368553685,50.845307226417816],[35.379353793537945,50.83348718552864],[35.379353793537945,50.81997856736959],[35.37575375753758,50.80815852648041],[35.379353793537945,50.79802706286111],[35.39375393753937,50.78789559924181],[35.41895418954189,50.77945271289241],[35.429754297542985,50.77269840381285],[35.43695436954371,50.76256694019358],[35.44775447754478,50.733861126605575],[35.44415444154441,50.71022104482719],[35.44415444154441,50.68826954031874],[35.46935469354693,50.66800661308014],[35.39015390153904,50.64605510857166],[35.37575375753758,50.63423506768248],[35.379353793537945,50.622415026793306],[35.42615426154262,50.50083746336176],[35.44775447754478,50.475508804313506],[35.480154801548025,50.467065917964106],[35.50175501755018,50.46368876342433],[35.52335523355234,50.46031160888458],[35.54135541355416,50.45018014526528],[35.555755557555585,50.43329437256645],[35.56295562955631,50.4096542907881],[35.56295562955631,50.39107994081937],[35.57015570155701,50.37588274539044],[35.59175591755917,50.36068554996149],[35.60975609756099,50.35224266361209],[35.631356313563145,50.345488354532534],[35.6529565295653,50.34042262272288],[35.67455674556746,50.34042262272288],[35.69255692556925,50.34379977726266],[35.69615696156961,50.345488354532534],[35.71055710557107,50.35561981815184],[35.721357213572134,50.369128436310916],[35.739357393573954,50.38094847720009],[35.746557465574654,50.38432563173984],[35.764557645576474,50.38432563173984],[35.77535775357754,50.38770278627962],[35.78615786157863,50.394457095359144],[35.80415804158042,50.41134286805797],[35.81855818558185,50.41978575440737],[35.83655836558367,50.42316290894715],[35.93015930159302,50.429917218026674],[36.10656106561066,50.421474331677274],[36.13176131761318,50.41134286805797],[36.142561425614275,50.39276851808927],[36.167761677616795,50.38432563173984],[36.268562685626875,50.281322418277],[36.293762937629396,50.274568109197475],[36.31536315363155,50.274568109197475],[36.34056340563407,50.281322418277],[36.36216362163623,50.2914538818963],[36.38016380163802,50.30327392278548],[36.38736387363875,50.306651077325256],[36.401764017640176,50.306651077325256],[36.408964089640904,50.30496250005535],[36.43056430564306,50.296519613705954],[36.452164521645216,50.29314245916618],[36.4809648096481,50.281322418277],[36.51336513365135,50.27625668646735],[36.520565205652076,50.274568109197475],[36.534965349653504,50.26781380011795],[36.53856538565387,50.26443664557817],[36.534965349653504,50.261059491038395],[36.534965349653504,50.239107986529945],[36.53136531365314,50.22897652291064],[36.534965349653504,50.220533636561214],[36.54936549365493,50.212090750211814],[36.570965709657116,50.20702501840216],[36.596165961659636,50.203647863862386],[36.61776617766179,50.20702501840216],[36.635766357663584,50.21377932748169],[36.64296642966431,50.22222221383112],[36.660966609666104,50.244173718339596],[36.66816668166683,50.252616604688995],[36.68256682566826,50.261059491038395],[36.84816848168484,50.323536850024055],[36.912969129691305,50.33873404545301],[36.98136981369814,50.342111199992786],[37.05337053370533,50.33535689091326],[37.197371973719754,50.36237412723136],[37.22617226172264,50.377571322660316],[37.28377283772838,50.41472002259775],[37.316173161731626,50.42316290894715],[37.41697416974171,50.43160579529655],[37.4349743497435,50.42485148621702],[37.449374493744955,50.399522827168795],[37.46377463774638,50.36575128177114],[37.481774817748175,50.34042262272288],[37.56817568175683,50.31171680913488],[37.600576005760075,50.2914538818963],[37.600576005760075,50.24923945014922],[37.58977589775898,50.225599368370865],[37.58977589775898,50.203647863862386],[37.59697596975971,50.19689355478286],[37.632976329763295,50.17325347300451],[37.726577265772676,50.078693145891066],[37.76257762577626,50.06180737319224],[37.841778417784184,50.03985586868379],[37.88137881378813,50.02297009598496],[37.917379173791744,50.002707168746355],[37.94617946179463,49.97737850969813],[37.978579785797876,49.94191838703057],[37.978579785797876,49.940229809760694],[37.99657996579967,49.92165545979199],[37.99657996579967,49.90645826436304],[38.00018000180003,49.89970395528351],[38.02178021780219,49.909835418902816],[38.0649806498065,49.926721191601644],[38.07938079380796,49.93009834614139],[38.09018090180902,49.92840976887152],[38.10818108181081,49.91996688252212],[38.118981189811905,49.91996688252212],[38.16578165781658,49.940229809760694],[38.17298172981731,49.98413281877765],[38.16578165781658,50.029724405064485],[38.17298172981731,50.060118795922364],[38.1909819098191,50.06349595046214],[38.25218252182523,50.05843021865249],[38.28098280982812,50.06180737319224],[38.29898298982991,50.060118795922364],[38.31338313383134,50.04998733230306],[38.345783457834585,49.99257570512705],[38.35658356583568,49.980755664237876],[38.37458374583747,49.975689932428224],[38.421384213842146,49.972312777888476],[38.43938439384394,49.967247046078825],[38.46098460984609,49.95711558245952],[38.496984969849706,49.94867269611012],[38.5689856898569,49.95711558245952],[38.61938619386194,49.95036127338],[38.630186301863034,49.953738427919745],[38.637386373863734,49.95711558245952],[38.662586625866254,49.96218131426917],[38.673386733867346,49.94360696430047],[38.67698676986771,49.926721191601644],[38.680586805868074,49.918278305252215],[38.687786877868774,49.913212573442564],[38.74898748987491,49.88619533712446],[38.85338853388535,49.86593240988586],[38.8857888578886,49.84566948264725],[38.91098910989112,49.820340823599025],[38.93618936189364,49.8034550509002],[39.033390333903355,49.806832205439974],[39.04779047790478,49.81020935997972],[39.06939069390694,49.820340823599025],[39.09819098190982,49.85242379172681],[39.116191161911615,49.86424383261598],[39.15579155791559,49.87437529623526],[39.18099180991811,49.85917810080633],[39.23859238592388,49.76461777369289],[39.260192601926036,49.744354846454314],[39.28899288992892,49.73253480556514],[39.32859328593287,49.725780496485584],[39.368193681936816,49.73253480556514],[39.40779407794079,49.744354846454314],[39.443794437944376,49.749420578263965],[39.47979479794799,49.73422338283501],[39.49779497794978,49.727469073755486],[39.55899558995591,49.72409191921571],[39.56979569795698,49.71396045559641],[39.58059580595807,49.690320373818054],[39.59859598595986,49.648105942071],[39.62379623796238,49.61264581940344],[39.652596525965265,49.59913720124439],[39.68859688596888,49.59407146943474],[39.728197281972825,49.58056285127569],[39.78219782197823,49.548479883147905],[39.80019800198002,49.54172557406838],[39.828998289982906,49.54172557406838],[39.85779857798579,49.54510272860816],[39.89019890198904,49.55354561495756],[39.91539915399156,49.56367707857686],[39.9729997299973,49.602514355784166],[39.99819998199982,49.60758008759382],[40.01620016200164,49.60758008759382],[40.11700117001172,49.59069431489499],[40.11700117001172,49.58900573762509],[40.13140131401315,49.58056285127569],[40.12780127801278,49.55861134676721],[40.10980109801099,49.54510272860816],[40.07380073800738,49.5299055331792],[40.055800558005586,49.5197740695599],[40.03420034200343,49.48769110143212],[40.04140041400416,49.455608133304366],[40.063000630006314,49.42521374244649],[40.10260102601026,49.38468788796928],[40.14940149401494,49.34922776530175],[40.16020160201603,49.334030569872795],[40.15660156601567,49.31545621990409],[40.14220142201424,49.28168467450644],[40.14220142201424,49.24622455183891],[40.13500135001351,49.236093088219604],[40.10980109801099,49.227650201870205],[40.0918009180092,49.2175187382509],[40.05940059400595,49.18205861558337],[40.037800378003794,49.16854999742429],[39.980199801998026,49.14153276110619],[39.95139951399514,49.12464698840736],[39.929799297992986,49.10100690662898],[39.92619926199262,49.085809711200056],[39.92259922599226,49.058792474881926],[39.918999189991894,49.04697243399275],[39.90819908199083,49.0419067021831],[39.89019890198904,49.0419067021831],[39.861398613986154,49.045283856722875],[39.83259832598327,49.045283856722875],[39.74979749797498,49.026709506754145],[39.69939699396994,49.02839808402405],[39.68139681396815,49.01995519767462],[39.67419674196742,48.969297879578136],[39.68859688596888,48.95747783868896],[39.70659706597067,48.94903495233956],[39.72459724597246,48.93721491145038],[39.73899738997392,48.91864056148165],[39.74619746197462,48.9051319433226],[39.75699756997571,48.8950004797033],[39.78219782197823,48.88824617062377],[39.861398613986154,48.8764261297346],[39.89739897398974,48.879803284274374],[39.90819908199083,48.87811470700447],[39.918999189991894,48.87304897519482],[39.936999369993714,48.85616320249599],[39.95139951399514,48.85278604795624],[39.9729997299973,48.85954035703577],[39.99099990999912,48.8764261297346],[40.00900009000091,48.88824617062377],[40.03420034200343,48.884869016084],[40.05220052200522,48.86967182065507],[40.05220052200522,48.84940889341647],[40.037800378003794,48.830834543447764],[40.019800198001974,48.81394877074894],[39.97659976599766,48.79030868897058],[39.93339933399335,48.786931534430806],[39.82539825398254,48.81563734801881],[39.80019800198002,48.81563734801881],[39.778597785977865,48.80719446166941],[39.76059760597607,48.79199726624046],[39.74979749797498,48.781865802621155],[39.74619746197462,48.77004576173198],[39.73539735397355,48.76160287538258],[39.71019710197103,48.75484856630305],[39.702997029970305,48.746405679953625],[39.6417964179642,48.611319498363],[39.63099630996311,48.58767941658465],[39.67059670596706,48.58767941658465],[39.68859688596888,48.594433725664175],[39.80739807398075,48.5843022620449],[39.836198361983634,48.5741707984256],[39.854198541985426,48.555596448456896],[39.861398613986154,48.53026778940864],[39.86499864998652,48.523513480329115],[39.86499864998652,48.51675917124959],[39.86859868598685,48.51338201670981],[39.86859868598685,48.510004862170064],[39.86499864998652,48.501561975820636],[39.854198541985426,48.49987339855076],[39.84339843398436,48.49987339855076],[39.84339843398436,48.48298762585193],[39.854198541985426,48.47623331677241],[39.86499864998652,48.469479007692854],[39.89739897398974,48.42388742140602],[39.90819908199083,48.398558762357794],[39.91539915399156,48.38505014419874],[39.92259922599226,48.376607257849315],[39.9009990099901,48.36141006242036],[39.88299882998831,48.346212866991436],[39.81459814598148,48.30737558978413],[39.886598865988674,48.278669776196125],[39.904599045990466,48.280358353466],[39.95859958599587,48.29386697162508],[39.980199801998026,48.2904898170853],[39.994599945999454,48.273604044386474],[39.99099990999912,48.25334111714787],[39.97659976599766,48.23476676717917],[39.962199621996234,48.221258149020116],[39.911799117991194,48.19761806724176],[39.893798937989374,48.18242087181281],[39.84339843398436,48.11994351282715],[39.83259832598327,48.099680585588544],[39.828998289982906,48.07604050381019],[39.84339843398436,48.04564611295231],[39.84339843398436,48.037203226602884],[39.839798397984,48.03551464933301],[39.83259832598327,48.03551464933301],[39.778597785977865,48.028760340253484],[39.7677976779768,48.02369460844383],[39.76059760597607,48.01525172209443],[39.76059760597607,48.01018599028478],[39.77139771397714,48.00343168120523],[39.778597785977865,47.993300217585954],[39.79299792997932,47.971348713077475],[39.79659796597966,47.96121724945817],[39.79299792997932,47.94602005402922],[39.78939789397896,47.93757716767982],[39.778597785977865,47.922379972250866],[39.778597785977865,47.90718277682194],[39.78219782197823,47.89367415866286],[39.78219782197823,47.886919849583336],[39.7749977499775,47.85821403599533],[39.76059760597607,47.832885376947075],[39.73539735397355,47.815999604248276],[39.69939699396994,47.810933872438625],[39.602196021960225,47.82950822240733],[39.56979569795698,47.8311967996772],[39.50859508595087,47.8227539133278],[39.47979479794799,47.82613106786755],[39.45819458194583,47.8311967996772],[39.41499414994152,47.8227539133278],[39.393393933939336,47.8227539133278],[39.37179371793718,47.82781964513745],[39.33939339393396,47.84301684056638],[39.32139321393214,47.846393995106155],[39.173791737917384,47.83626253148685],[39.134191341913436,47.82950822240733],[39.11259112591128,47.82781964513745],[39.09459094590946,47.832885376947075],[39.040590405904055,47.85652545872546],[39.03699036990372,47.85652545872546],[38.87858878588787,47.86159119053511],[38.831788317883195,47.84808257237603],[38.79578795787958,47.819376758788025],[38.77058770587706,47.78053948158072],[38.75258752587527,47.734947895293885],[38.74538745387454,47.69273346354683],[38.73458734587348,47.677536268117876],[38.712987129871294,47.675847690848],[38.67698676986771,47.685979154467304],[38.662586625866254,47.68260199992753],[38.64458644586446,47.67415911357813],[38.604986049860514,47.64545329999012],[38.586985869858694,47.63363325910092],[38.561785617856174,47.62687895002139],[38.35298352983531,47.606616022782816],[38.320583205832065,47.59141882735386],[38.29178291782918,47.56271301376586],[38.27378273782739,47.52725289109833],[38.25938259382593,47.49348134570067],[38.2629826298263,47.42087252309571],[38.25938259382593,47.39385528677758],[38.23418234182341,47.36177231864983],[38.20178201782019,47.3347550823317],[38.1909819098191,47.316180732362994],[38.18738187381874,47.30098353693404],[38.20178201782019,47.29085207331474],[38.219782197821985,47.289163496044864],[38.25938259382593,47.29254065058461],[38.27738277382775,47.29254065058461],[38.29178291782918,47.28747491877499],[38.30258302583027,47.275654877885785],[38.29898298982991,47.25539195064721],[38.28458284582845,47.24188333248816],[38.2629826298263,47.231751868868855],[38.24138241382414,47.22330898251943],[38.22338223382235,47.21486609617003],[38.20178201782019,47.19291459166155],[38.19818198181983,47.16252020080367],[38.20178201782019,47.13043723267589],[38.21618216182162,47.10341999635776],[38.194581945819465,47.08991137819871],[38.14058140581406,47.03756548283235],[38.10818108181081,47.02574544194317],[38.129781297813,47.057828410070925],[38.129781297813,47.07471418276975],[38.10458104581048,47.08146849184928],[38.07218072180723,47.10004284181801],[38.0649806498065,47.09835426454811],[38.061380613806136,47.09497711000836],[38.036180361803616,47.084845646389056],[38.02538025380255,47.08146849184928],[37.98937989379894,47.09159995546858],[37.960579605796056,47.09666568727823],[37.94977949779499,47.09159995546858],[37.859778597785976,47.10173141908788],[37.751777517775196,47.07471418276975],[37.708577085770855,47.07471418276975],[37.57897578975792,47.08991137819871],[37.54657546575467,47.08146849184928],[37.481774817748175,47.035876905562446],[37.37737377373776,46.93456226936948],[37.35217352173524,46.89910214670195],[37.33417334173342,46.88221637400312],[37.31257312573126,46.875462064923596],[37.316173161731626,46.90079072397185],[37.29457294572947,46.92105365121043],[37.26217262172622,46.932873692099605],[37.22617226172264,46.93625084663938],[37.20817208172082,46.932873692099605],[37.16137161371614,46.90923361032125],[37.046170461704634,46.87715064219347],[37.02817028170281,46.875462064923596],[37.01737017370175,46.87208491038385],[36.9849698496985,46.85182198314524],[36.97416974169744,46.848444828605466],[36.938169381693825,46.840001942256066],[36.887768877688785,46.804541819588536],[36.85536855368554,46.80116466504876],[36.862568625686265,46.777524583270406],[36.84816848168484,46.75388450149205],[36.83016830168302,46.73193299698357],[36.81936819368195,46.70829291520522],[36.812168121681225,46.68127567888709],[36.79416794167943,46.65425844256896],[36.76896768967691,46.63737266987013],[36.74376743767439,46.64243840167978],[36.74376743767439,46.64919271075931],[36.75096750967509,46.64919271075931],[36.77256772567728,46.64412697894966],[36.79056790567907,46.67114421526779],[36.80136801368013,46.70660433793532],[36.80136801368013,46.72517868790405],[36.79416794167943,46.7285558424438],[36.75816758167582,46.758950233301704],[36.74376743767439,46.76401596511133],[36.711367113671145,46.772458851460755],[36.69696696966972,46.77921316054028],[36.678966789667896,46.772458851460755],[36.660966609666104,46.77414742873063],[36.63216632166322,46.77921316054028],[36.61776617766179,46.77583600600053],[36.6069660696607,46.76908169692098],[36.596165961659636,46.76232738784145],[36.58896588965891,46.758950233301704],[36.52416524165241,46.758950233301704],[36.4809648096481,46.742064460602876],[36.434164341643424,46.73531015152332],[36.401764017640176,46.723490110634145],[36.369363693636956,46.70829291520522],[36.30456304563046,46.65932417437861],[36.2829628296283,46.63568409260026],[36.27936279362794,46.60697827901225],[36.27216272162721,46.60697827901225],[36.27216272162721,46.62217547444121],[36.268562685626875,46.625552628980955],[36.25776257762578,46.62217547444121],[36.24696246962469,46.61879831990143],[36.24696246962469,46.610355433552],[36.23976239762399,46.620486897171304],[36.243362433624355,46.62386405171108],[36.243362433624355,46.63568409260026],[36.23256232562326,46.64074982440991],[36.2289622896229,46.64243840167978],[36.22176221762217,46.65425844256896],[36.218162181621835,46.65932417437861],[36.21096210962111,46.66270132891839],[36.18936189361895,46.66945563799791],[36.17136171361713,46.66776706072804],[36.13536135361355,46.66270132891839],[36.06336063360635,46.66945563799791],[35.92655926559266,46.652569865299085],[35.90135901359014,46.652569865299085],[35.82575825758258,46.62386405171108],[35.771757717577174,46.6019125472026],[35.74295742957429,46.585026774503774],[35.66015660156603,46.51917226097834],[35.62775627756278,46.49890933373976],[35.50895508955091,46.45669490199268],[35.49095490954912,46.44825201564328],[35.47655476554766,46.4364319747541],[35.44415444154441,46.40603758389622],[35.429754297542985,46.39590612027692],[35.39375393753937,46.37902034757809],[35.379353793537945,46.36888888395879],[35.28575285752859,46.25913136141642],[35.278552785527864,46.255754206876645],[35.26415264152644,46.242245588717594],[35.21015210152103,46.16963676611263],[35.18495184951851,46.14599668433428],[35.163351633516356,46.127422334365576],[35.120151201512016,46.11897944801615],[35.094950949509496,46.103782252587195],[35.062550625506276,46.09871652077754],[35.037350373503756,46.08689647988837],[35.001350013500144,46.073387861729316],[34.98334983349835,46.07845359353897],[34.986949869498716,46.08689647988837],[35.01575015750157,46.11222513893662],[35.051750517505184,46.127422334365576],[35.04815048150482,46.1324880661752],[35.044550445504456,46.1426195297945],[35.1489514895149,46.16457103430298],[35.19935199351994,46.18314538427168],[35.228152281522824,46.22198266147899],[35.253352533525344,46.24055701144769],[35.26055260552607,46.25744278414652],[35.29295292952929,46.29290290681408],[35.328953289532905,46.31992014313218],[35.34335343353433,46.33511733856113],[35.3469534695347,46.36044599760939],[35.328953289532905,46.348625956720184],[35.31095310953111,46.33680591583101],[35.29295292952929,46.33680591583101],[35.26775267752677,46.35031453399009],[35.25695256952571,46.37395461576844],[35.26415264152644,46.39928327481667],[35.28575285752859,46.438120552023975],[35.278552785527864,46.44149770656375],[35.26055260552607,46.44149770656375],[35.24975249752498,46.443186283833626],[35.24255242552425,46.4465634383734],[35.23175231752319,46.4550063247228],[35.213752137521396,46.46344921107223],[35.202952029520304,46.47695782923128],[35.19215192151921,46.49384360193011],[35.188551885518876,46.51241795189881],[35.16695166951669,46.49384360193011],[35.17415174151742,46.473580674691505],[35.19215192151921,46.4550063247228],[35.202952029520304,46.43980912929385],[35.20655206552067,46.42798908840467],[35.21015210152103,46.41954620205527],[35.213752137521396,46.411103315705844],[35.21015210152103,46.39590612027692],[35.202952029520304,46.38577465665762],[35.16695166951669,46.36044599760939],[35.10935109351095,46.29796863862373],[35.10575105751059,46.29459148408395],[35.07335073350734,46.2709514023056],[35.03015030150303,46.2523770523369],[34.936549365493676,46.23549127963807],[34.92574925749258,46.23549127963807],[34.91494914949149,46.23886843417782],[34.90774907749079,46.24393416598747],[34.90774907749079,46.2523770523369],[34.90414904149043,46.255754206876645],[34.893348933489335,46.2523770523369],[34.886148861488635,46.242245588717594],[34.886148861488635,46.23211412509829],[34.88254882548827,46.22198266147899],[34.83934839348393,46.20847404331994],[34.835748357483595,46.20340831151029],[34.817748177481775,46.18652253881146],[34.810548105481075,46.17639107519216],[34.810548105481075,46.166259611572855],[34.81414814148141,46.157816725223455],[34.81675444110201,46.1468144895023],[33.24739234202959,48.60176114718358]]]}},{"type":"Feature","properties":{"territory_id":"UA-04","country_code":"UA","country_name":"Ukraine","display_name":"Southern Ukraine and the lower Dnipro","strategic_centre":"Odesa","centre":[30.7326,46.4775],"boundary_status":"provisional-strategic-partition"},"geometry":{"type":"MultiPolygon","coordinates":[[[[28.006344905871696,48.325624903410684],[33.24739234202959,48.60176114718358],[34.81675444110201,46.1468144895023],[34.817748177481775,46.1426195297945],[34.8249482494825,46.07845359353897],[34.82854828548287,46.06325639811001],[34.83934839348393,46.04805920268109],[34.87534875348754,45.926481639249516],[34.88254882548827,45.912973021090465],[34.8969489694897,45.90115298020129],[34.90414904149043,45.88933293931211],[34.95814958149583,45.78970688038902],[35.001350013500144,45.72891809867323],[34.976149761497624,45.71709805778406],[34.9509495094951,45.72216378959371],[34.918549185491855,45.747492448641964],[34.87174871748718,45.77282110769019],[34.810548105481075,45.78464114857937],[34.78894788947889,45.8032154985481],[34.785347853478555,45.828544157596326],[34.785347853478555,45.899464402931386],[34.76374763747637,45.93154737105917],[34.734947349473515,45.95349887556765],[34.68814688146881,45.97376180280625],[34.641346413464134,45.98051611188578],[34.60174601746019,45.978827534615874],[34.56934569345694,45.977138957346],[34.52974529745299,45.98051611188578],[34.5189451894519,45.9686960709966],[34.50454504545047,45.95012172102787],[34.464944649446494,45.95518745283752],[34.432544325443274,45.97207322553635],[34.41094410944109,45.9872704209653],[34.3929439294393,46.00922192547378],[34.37854378543787,46.02948485271236],[34.36054360543605,46.05650208903049],[34.33534335343353,46.07001070718954],[34.30294302943031,46.07001070718954],[34.274142741427426,46.08351932534862],[34.23454234542345,46.09702794350767],[34.20214202142023,46.100405098047446],[34.16254162541625,46.090273634428144],[34.10494104941051,46.095339366237795],[34.0689406894069,46.1054708298571],[34.02574025740259,46.11560229347637],[33.98973989739898,46.130799488905325],[33.9429394293943,46.15443957068368],[33.89253892538926,46.17639107519216],[33.845738457384584,46.19496542516086],[33.80253802538027,46.20340831151029],[33.75573755737557,46.193276847890985],[33.71613716137162,46.19496542516086],[33.669336693366944,46.21860550693924],[33.662136621366216,46.21016262058981],[33.67293672936731,46.17301392065241],[33.662136621366216,46.14768526160415],[33.62973629736297,46.125733757095674],[33.611736117361176,46.14599668433428],[33.59733597335975,46.15612814795358],[33.57213572135723,46.14937383887403],[33.55053550535507,46.135865220714976],[33.53253532535325,46.122356602555925],[33.53253532535325,46.10715940712697],[33.55773557735577,46.095339366237795],[33.55773557735577,46.08689647988837],[33.53253532535325,46.08520790261849],[33.50733507335073,46.08014217080884],[33.49653496534967,46.068322129919665],[33.51453514535146,46.046370625411186],[33.50733507335073,46.046370625411186],[33.485734857348575,46.05312493449071],[33.42453424534247,46.05312493449071],[33.41373413734138,46.05819066630036],[33.384933849338495,46.08689647988837],[33.35613356133561,46.103782252587195],[33.33093330933309,46.10715940712697],[33.309333093330935,46.08689647988837],[33.30573305733057,46.09196221169802],[33.302133021330235,46.09365078896792],[33.29493294932951,46.09365078896792],[33.29133291332914,46.095339366237795],[33.30573305733057,46.1054708298571],[33.31653316533166,46.11897944801615],[33.31653316533166,46.130799488905325],[33.29493294932951,46.135865220714976],[33.21573215732158,46.127422334365576],[33.22293222932231,46.14093095252463],[33.226532265322675,46.15443957068368],[33.233732337323374,46.223671238748864],[33.21213212132122,46.206785466050064],[33.19413194131943,46.17807965246203],[33.176131761317635,46.152750993413804],[33.143731437314386,46.1426195297945],[33.13653136531366,46.14093095252463],[33.12213122131223,46.135865220714976],[33.11133111331114,46.135865220714976],[33.10413104131041,46.13755379798485],[33.082530825308254,46.14937383887403],[33.024930249302514,46.16963676611263],[33.032130321303214,46.14093095252463],[33.017730177301786,46.127422334365576],[32.91332913329134,46.11560229347637],[32.898928989289914,46.11560229347637],[32.891728917289186,46.117290870746274],[32.88092880928809,46.12066802528602],[32.84492844928451,46.12066802528602],[32.790927909279105,46.1341766434451],[32.765727657276585,46.135865220714976],[32.75132751327513,46.1324880661752],[32.715327153271545,46.12066802528602],[32.589325893258945,46.103782252587195],[32.57852578525785,46.10209367531732],[32.56772567725679,46.09702794350767],[32.54972549725497,46.08351932534862],[32.54252542525427,46.08014217080884],[32.50292502925029,46.07676501626909],[32.30132301323013,46.117290870746274],[32.279722797227976,46.127422334365576],[32.261722617226184,46.127422334365576],[32.261722617226184,46.1324880661752],[32.25812258122582,46.144308107064404],[32.254522545225456,46.14937383887403],[32.25092250922509,46.15612814795358],[32.24732247322473,46.171325343382506],[32.24372243722439,46.17639107519216],[32.261722617226184,46.188211116081334],[32.26532265322655,46.19496542516086],[32.26892268922691,46.20509688878016],[32.24012240122403,46.19496542516086],[32.21492214922151,46.193276847890985],[32.18612186121862,46.19665400243076],[32.14292142921431,46.20847404331994],[32.128521285212855,46.21016262058981],[32.11412114121143,46.215228352399464],[32.078120781207815,46.24899989779712],[32.04932049320493,46.26588567049595],[32.01692016920171,46.25744278414652],[31.970119701197007,46.27601713411525],[31.887318873188747,46.31992014313218],[31.883718837188383,46.308100102243],[31.887318873188747,46.29459148408395],[31.89091890918911,46.28446002046465],[31.883718837188383,46.279394288655],[31.818918189181886,46.2810828659249],[31.800918009180094,46.28446002046465],[31.786517865178666,46.29290290681408],[31.77211772117721,46.30303437043335],[31.768517685176846,46.318231565862305],[31.77931779317794,46.331740184021356],[31.800918009180094,46.34187164764066],[31.81531815318155,46.348625956720184],[31.836918369183707,46.35031453399009],[31.89091890918911,46.34187164764066],[31.96651966519667,46.35031453399009],[31.977319773197735,46.35538026579974],[32.03132031320314,46.389151811197394],[32.04212042120423,46.39084038846727],[32.05652056520566,46.39084038846727],[32.06012060120602,46.39421754300702],[32.052920529205295,46.40603758389622],[32.00612006120062,46.44825201564328],[31.99171991719919,46.45331774745293],[31.95571955719558,46.451629170183054],[31.908919089190903,46.45669490199268],[31.77211772117721,46.495532179199984],[31.74691746917469,46.500597911009635],[31.725317253172534,46.500597911009635],[31.710917109171106,46.495532179199984],[31.69651696516965,46.48371213831081],[31.68931689316895,46.478646406501156],[31.685716857168586,46.470203520151756],[31.685716857168586,46.429677665674575],[31.66411664116643,46.47189209742163],[31.656916569165702,46.478646406501156],[31.642516425164246,46.48202356104093],[31.523715237152373,46.56476384726517],[31.509315093150946,46.58840392904355],[31.541715417154165,46.56982957907482],[31.566915669156685,46.549566651836244],[31.58131581315814,46.54450092002659],[31.757717577175782,46.554632383645895],[31.79011790117903,46.54787807456634],[31.84771847718477,46.522549415518114],[31.851318513185134,46.522549415518114],[31.862118621186227,46.51917226097834],[31.94851948519485,46.51917226097834],[32.0349203492035,46.505663642819286],[32.09252092520927,46.51241795189881],[32.11052110521106,46.51241795189881],[32.22212222122221,46.495532179199984],[32.27612276122761,46.470203520151756],[32.31932319323195,46.465137788342105],[32.362523625236264,46.46682636561198],[32.39852398523985,46.478646406501156],[32.42732427324273,46.49890933373976],[32.40932409324094,46.51748368370846],[32.43452434524346,46.54281234275672],[32.506525065250656,46.5833381972339],[32.52452524525245,46.5934696608532],[32.57132571325715,46.59684681539295],[32.589325893258945,46.603601124472476],[32.60372603726037,46.61542116536165],[32.61812618126183,46.62386405171108],[32.63252632526326,46.63230693806048],[32.64692646926471,46.64919271075931],[32.62172621726219,46.64243840167978],[32.59292592925931,46.62892978352073],[32.56772567725679,46.61879831990143],[32.54252542525427,46.62217547444121],[32.40932409324094,46.568141001804946],[32.337323373233744,46.56138669272542],[32.26892268922691,46.58840392904355],[32.254522545225456,46.60528970174238],[32.24732247322473,46.60697827901225],[32.236522365223664,46.603601124472476],[32.21852218522187,46.590092506313425],[32.211322113221144,46.58840392904355],[32.20052200522005,46.58671535177365],[32.178921789217895,46.581649619964],[32.17172171721717,46.57996104269412],[32.14652146521465,46.55969811545555],[32.13212132121322,46.56982957907482],[32.11772117721179,46.60697827901225],[32.09972099720997,46.61542116536165],[32.03852038520387,46.62386405171108],[32.02412024120241,46.62892978352073],[32.00972009720098,46.639061247140035],[31.99171991719919,46.65763559710874],[31.9809198091981,46.67789852434731],[31.97371973719737,46.69478429704614],[31.970119701197007,46.71335864701487],[31.962919629196307,46.72686726517392],[31.94851948519485,46.742064460602876],[31.94131941319415,46.758950233301704],[31.937719377193787,46.80116466504876],[31.95571955719558,46.83155905590664],[31.9809198091981,46.86026486949464],[32.002520025200255,46.8957249921622],[32.00612006120062,46.91598791940078],[32.00612006120062,46.93118511482973],[31.995319953199527,46.93962800117913],[31.944919449194487,46.946382310258684],[31.934119341193423,46.954825196608084],[31.937719377193787,46.968333814767135],[31.970119701197007,46.99872820562504],[31.977319773197735,47.008859669244345],[31.970119701197007,47.01561397832387],[31.944919449194487,47.01899113286362],[31.901719017190175,47.01392540105397],[31.88011880118802,47.01561397832387],[31.86571865718659,47.02574544194317],[31.894518945189446,47.06795987369023],[31.89811898118981,47.093288532738455],[31.883718837188383,47.11861719178671],[31.869318693186926,47.12706007813611],[31.8549185491855,47.13043723267589],[31.844118441184406,47.133814387215665],[31.836918369183707,47.14901158264459],[31.833318333183342,47.16758593261329],[31.833318333183342,47.1794059735025],[31.82971829718298,47.18616028258202],[31.81531815318155,47.196291746201325],[31.757717577175782,47.2165546734399],[31.74691746917469,47.22837471432908],[31.754117541175418,47.24863764156768],[31.750517505175054,47.25539195064721],[31.743317433174326,47.258769105186985],[31.736117361173626,47.25539195064721],[31.725317253172534,47.236817600678506],[31.72171721717217,47.231751868868855],[31.725317253172534,47.21993182797968],[31.743317433174326,47.209800364360376],[31.761317613176146,47.199668900741074],[31.80451804518046,47.19291459166155],[31.81531815318155,47.18109455077237],[31.81531815318155,47.12199434632646],[31.818918189181886,47.11692861451684],[31.844118441184406,47.11355145997706],[31.851318513185134,47.10848572816741],[31.8549185491855,47.10341999635776],[31.862118621186227,47.10173141908788],[31.87291872918729,47.093288532738455],[31.86571865718659,47.07640276003963],[31.851318513185134,47.0612055646107],[31.844118441184406,47.05445125553118],[31.836918369183707,47.008859669244345],[31.869318693186926,46.99872820562504],[31.912519125191267,47.00379393743469],[31.94851948519485,46.99872820562504],[31.91611916119163,46.97677670111656],[31.90531905319054,46.959890928417735],[31.89811898118981,46.94300515571891],[31.908919089190903,46.92611938302008],[31.926919269192695,46.9227422284803],[31.94851948519485,46.927807960289954],[31.96651966519667,46.93625084663938],[31.97371973719737,46.91598791940078],[31.962919629196307,46.8855935285429],[31.944919449194487,46.86026486949464],[31.92331923319233,46.848444828605466],[31.89811898118981,46.843379096795815],[31.876518765187654,46.82818190136689],[31.86571865718659,46.80623039685841],[31.86571865718659,46.77921316054028],[31.901719017190175,46.745441615142624],[31.90531905319054,46.7386873060631],[31.89811898118981,46.69478429704614],[31.901719017190175,46.67620994707744],[31.908919089190903,46.66945563799791],[31.908919089190903,46.66270132891839],[31.89811898118981,46.64919271075931],[31.89091890918911,46.64412697894966],[31.869318693186926,46.63230693806048],[31.858518585185863,46.62892978352073],[31.81531815318155,46.62386405171108],[31.77211772117721,46.62724120625083],[31.674916749167494,46.652569865299085],[31.61371613716139,46.64919271075931],[31.59571595715957,46.64243840167978],[31.58851588515887,46.62892978352073],[31.577715777157778,46.617109742631555],[31.55611556115562,46.61542116536165],[31.548915489154894,46.61879831990143],[31.534515345153466,46.62724120625083],[31.523715237152373,46.62892978352073],[31.50571505715058,46.62724120625083],[31.491314913149125,46.62892978352073],[31.484114841148426,46.63230693806048],[31.48051480514806,46.64581555621956],[31.491314913149125,46.66270132891839],[31.54531545315453,46.72686726517392],[31.559715597155986,46.7488187696824],[31.559715597155986,46.758950233301704],[31.57051570515705,46.76570454238123],[31.617316173161726,46.812984705937936],[31.606516065160662,46.82649332409699],[31.599315993159934,46.81973901501746],[31.592115921159206,46.80623039685841],[31.584915849158506,46.794410355969234],[31.577715777157778,46.78934462415958],[31.55611556115562,46.78427889234993],[31.548915489154894,46.77921316054028],[31.541715417154165,46.77414742873063],[31.523715237152373,46.75388450149205],[31.523715237152373,46.750507346952276],[31.52011520115201,46.74713019241253],[31.509315093150946,46.745441615142624],[31.49491494914949,46.750507346952276],[31.48051480514806,46.758950233301704],[31.466114661146605,46.78427889234993],[31.45531455314554,46.79609893323911],[31.440914409144085,46.80116466504876],[31.451714517145177,46.77583600600053],[31.45531455314554,46.76908169692098],[31.45531455314554,46.75388450149205],[31.46251462514627,46.7488187696824],[31.46971469714697,46.745441615142624],[31.502115021150217,46.7285558424438],[31.50571505715058,46.7201129560944],[31.498514985149853,46.70829291520522],[31.48051480514806,46.688029987966615],[31.476914769147697,46.682964256156964],[31.46251462514627,46.674521369807564],[31.43011430114302,46.63737266987013],[31.415714157141565,46.62892978352073],[31.397713977139773,46.625552628980955],[31.350913509135097,46.60866685628213],[31.33651336513367,46.6019125472026],[31.322113221132213,46.60697827901225],[31.296912969129693,46.60866685628213],[31.282512825128265,46.61542116536165],[31.275312753127537,46.60697827901225],[31.257312573125745,46.617109742631555],[31.18531185311855,46.62892978352073],[31.16011160111603,46.62892978352073],[31.10971109711099,46.617109742631555],[31.055710557105584,46.612044010821904],[31.012510125101272,46.603601124472476],[30.990909909099088,46.6019125472026],[30.983709837098388,46.59684681539295],[30.958509585095868,46.5833381972339],[30.95130951309514,46.5833381972339],[30.940509405094048,46.58840392904355],[30.92610926109262,46.585026774503774],[30.86850868508685,46.55632096091577],[30.854108541085424,46.55294380637599],[30.81090810908111,46.55969811545555],[30.803708037080384,46.55969811545555],[30.789307893078927,46.55294380637599],[30.76050760507607,46.52423799278799],[30.753307533075343,46.51579510643859],[30.756907569075707,46.50228648827951],[30.7749077490775,46.47695782923128],[30.782107821078228,46.45669490199268],[30.78570785707859,46.45669490199268],[30.79290792907929,46.451629170183054],[30.796507965079655,46.4465634383734],[30.79290792907929,46.443186283833626],[30.789307893078927,46.44149770656375],[30.78570785707859,46.4364319747541],[30.782107821078228,46.43136624294445],[30.7749077490775,46.40097185208657],[30.771307713077135,46.39590612027692],[30.731707317073187,46.35875742033949],[30.713707137071367,46.348625956720184],[30.65970659706599,46.35031453399009],[30.652506525065263,46.345248802180436],[30.656106561065627,46.33849449310091],[30.677706777067783,46.32836302948161],[30.68490684906851,46.31992014313218],[30.688506885068847,46.309788679512906],[30.681306813068147,46.2996572158936],[30.652506525065263,46.25913136141642],[30.58410584105843,46.18989969335124],[30.562505625056247,46.1611938797632],[30.54810548105482,46.14768526160415],[30.53370533705339,46.1426195297945],[30.5229052290523,46.1341766434451],[30.504905049050507,46.09365078896792],[30.494104941049414,46.08014217080884],[30.371703717037178,45.997401884584605],[30.260102601026006,45.89608724839164],[30.20610206102063,45.855561393914456],[30.13770137701377,45.8201012712469],[30.141301413014133,45.83360988940598],[30.134101341013405,45.88933293931211],[30.126901269012706,45.891021516581986],[30.119701197011977,45.88426720750246],[30.108901089010885,45.87582432115303],[30.10530105301055,45.864004280263856],[30.101701017010186,45.836987043945726],[30.101701017010186,45.8302327348662],[30.09810098100982,45.823478425786675],[30.09810098100982,45.818412693977024],[30.094500945009457,45.815035539437275],[30.08730087300873,45.81334696216737],[30.083700837008365,45.815035539437275],[30.08010080100803,45.8201012712469],[30.0729007290073,45.8217898485168],[30.069300693006937,45.81672411670715],[30.06210062100621,45.81334696216737],[30.015300153001533,45.8403641984855],[29.990099900999013,45.84711850756503],[29.968499684996857,45.83867562121563],[29.96129961299613,45.818412693977024],[29.957699576995765,45.79477261219867],[29.95409954099543,45.77113253042032],[29.943299432994337,45.782952571309494],[29.932499324993245,45.793084034928796],[29.932499324993245,45.79983834400832],[29.939699396993973,45.809969807627624],[29.93609936099361,45.81672411670715],[29.925299252992545,45.81334696216737],[29.918099180991817,45.79983834400832],[29.918099180991817,45.782952571309494],[29.92169921699218,45.76944395315044],[29.92889928899291,45.75931248953114],[29.939699396993973,45.75086960318171],[29.932499324993245,45.72385236686361],[29.92889928899291,45.733983830482885],[29.918099180991817,45.74073813956244],[29.89649896498966,45.75086960318171],[29.89649896498966,45.76437822134079],[29.889298892988933,45.76437822134079],[29.882098820988205,45.76268964407089],[29.87849878498787,45.757623912261266],[29.87849878498787,45.75424675772149],[29.874898748987505,45.75086960318171],[29.849698496984985,45.75086960318171],[29.824498244982465,45.747492448641964],[29.80289802898031,45.73736098502266],[29.79569795697958,45.71709805778406],[29.80289802898031,45.703589439625006],[29.817298172981737,45.698523707815355],[29.842498424984257,45.690080821465955],[29.856898568985685,45.67994935784665],[29.864098640986413,45.671506471497224],[29.86049860498605,45.668129316957476],[29.842498424984257,45.663063585147825],[29.82809828098283,45.6546206987984],[29.81009810098101,45.64786638971887],[29.788497884978852,45.6546206987984],[29.78489784897849,45.649554966988774],[29.78489784897849,45.64280065790922],[29.788497884978852,45.636046348829694],[29.774097740977425,45.62929203975017],[29.74529745297454,45.62253773067064],[29.734497344973448,45.614094844321215],[29.734497344973448,45.641112080639346],[29.723697236972384,45.668129316957476],[29.705697056970564,45.68839224419605],[29.684096840968408,45.69683513054548],[29.684096840968408,45.703589439625006],[29.680496804968044,45.75086960318171],[29.684096840968408,45.76775537588054],[29.691296912969136,45.774509684960066],[29.6948969489695,45.78126399403962],[29.684096840968408,45.793084034928796],[29.680496804968044,45.79814976673845],[29.67689676896771,45.79983834400832],[29.673296732967344,45.801526921278196],[29.65169651696519,45.81334696216737],[29.648096480964824,45.818412693977024],[29.64449644496446,45.82685558032645],[29.637296372963732,45.82685558032645],[29.633696336963368,45.8217898485168],[29.630096300963004,45.81334696216737],[29.633696336963368,45.80659265308785],[29.648096480964824,45.793084034928796],[29.65169651696519,45.78970688038902],[29.648096480964824,45.78126399403962],[29.630096300963004,45.76268964407089],[29.622896228962304,45.75086960318171],[29.622896228962304,45.73567240775279],[29.626496264962668,45.72891809867323],[29.630096300963004,45.72216378959371],[29.637296372963732,45.71034374870453],[29.604896048960484,45.69176939873583],[29.597695976959784,45.65293212152852],[29.597695976959784,45.60396338070191],[29.590495904959056,45.55837179441508],[29.615696156961576,45.54992890806568],[29.630096300963004,45.546551753525904],[29.648096480964824,45.54486317625603],[29.666096660966616,45.54824033079581],[29.680496804968044,45.55499463987533],[29.705697056970564,45.573568989844034],[29.6948969489695,45.56174894895486],[29.662496624966252,45.52628882628733],[29.648096480964824,45.5178459399379],[29.637296372963732,45.51446878539815],[29.630096300963004,45.50433732177885],[29.626496264962668,45.49589443542942],[29.61929619296194,45.4908287036198],[29.604896048960484,45.48745154908002],[29.604896048960484,45.47900866273062],[29.622896228962304,45.453680003682365],[29.630096300963004,45.44692569460284],[29.640896408964096,45.44185996279319],[29.65169651696519,45.44354854006306],[29.655296552965524,45.45199142641249],[29.655296552965524,45.47394293092097],[29.673296732967344,45.47732008546072],[29.673296732967344,45.453680003682365],[29.67689676896771,45.45030284914259],[29.680496804968044,45.45030284914259],[29.687696876968772,45.453680003682365],[29.684096840968408,45.45705715822214],[29.6948969489695,45.45536858095224],[29.70209702097023,45.45705715822214],[29.709297092970928,45.45199142641249],[29.712897128971292,45.43679423098354],[29.72009720097202,45.45199142641249],[29.723697236972384,45.46887719911132],[29.730897308973084,45.475631508190844],[29.748897488974904,45.46381146730167],[29.756097560975604,45.44692569460284],[29.756097560975604,45.42835134463414],[29.748897488974904,45.41484272647506],[29.72729727297275,45.41484272647506],[29.741697416974176,45.404711262855756],[29.748897488974904,45.38613691288705],[29.75249752497527,45.364185408378574],[29.756097560975604,45.32197097663152],[29.756097560975604,45.31352809028209],[29.75249752497527,45.30339662666282],[29.741697416974176,45.28988800850374],[29.741697416974176,45.28144512215434],[29.730897308973084,45.257805040375985],[29.72729727297275,45.24767357675668],[29.72729727297275,45.239230690407254],[29.730897308973084,45.23754211313738],[29.72729727297275,45.23754211313738],[29.709297092970928,45.22403349497833],[29.691296912969136,45.217279185898775],[29.673296732967344,45.21390203135903],[29.658896588965888,45.2155906086289],[29.662496624966252,45.222344917708426],[29.666096660966616,45.230787804057854],[29.666096660966616,45.23754211313738],[29.658896588965888,45.244296422216905],[29.673296732967344,45.27300223580491],[29.666096660966616,45.31183951301222],[29.65169651696519,45.34561105840987],[29.626496264962668,45.360808253838826],[29.615696156961576,45.36587398564848],[29.5688956889569,45.39457979923648],[29.432094320943207,45.43003992190401],[29.352893528935283,45.43510565371366],[29.345693456934583,45.43848280825341],[29.331293312933127,45.44185996279319],[29.320493204932063,45.44354854006306],[29.313293132931335,45.440171385523314],[29.306093060930607,45.43341707644376],[29.298892988929907,45.42835134463414],[29.29169291692918,45.42497419009436],[29.280892808928087,45.42159703555458],[29.25929259292593,45.42159703555458],[29.244892448924503,45.42497419009436],[29.226892268922683,45.423285612824486],[29.205292052920527,45.41484272647506],[29.1908919089191,45.40639984012566],[29.18369183691837,45.39964553104613],[29.180091800918007,45.391202644696705],[29.172891728917307,45.38951406742683],[29.151291512915122,45.38782549015693],[29.14049140491406,45.38444833561718],[29.126091260912602,45.37431687199788],[29.111691116911175,45.369251140188226],[29.068490684906862,45.360808253838826],[29.018090180901822,45.33041386298092],[29.003690036900366,45.32534813117127],[28.98208982089821,45.32534813117127],[28.97488974889751,45.32365955390139],[28.967689676896782,45.320282399361645],[28.960489604896054,45.31183951301222],[28.95688956889569,45.29157658577364],[28.953289532895326,45.284822276694086],[28.93168931689317,45.279756544884435],[28.910089100891014,45.28819943123386],[28.892088920889222,45.30001947212304],[28.88128881288813,45.306773781202565],[28.859688596885974,45.30846235847247],[28.83088830888309,45.32197097663152],[28.81648816488166,45.32534813117127],[28.79128791287914,45.32197097663152],[28.787687876878778,45.306773781202565],[28.79128791287914,45.29157658577364],[28.762487624876258,45.28144512215434],[28.758887588875893,45.27469081307481],[28.762487624876258,45.26455934945551],[28.76608766087662,45.257805040375985],[28.77328773287735,45.25273930856633],[28.802088020880205,45.244296422216905],[28.79128791287914,45.2341649585976],[28.776887768877685,45.230787804057854],[28.74808748087483,45.230787804057854],[28.708487084870853,45.22741064951808],[28.575285752857525,45.24767357675668],[28.492484924849265,45.27806796761456],[28.406084060840612,45.29495374031339],[28.37008370083703,45.30846235847247],[28.352083520835208,45.31183951301222],[28.330483304833052,45.32365955390139],[28.31248312483126,45.34729963567975],[28.280082800828012,45.40133410831601],[28.28728287282874,45.42159703555458],[28.265682656826584,45.440171385523314],[28.2368823688237,45.45199142641249],[28.215282152821544,45.45030284914259],[28.21168211682118,45.45030284914259],[28.200882008820088,45.46212289003179],[28.200882008820088,45.46887719911132],[28.208082080820816,45.480697240000495],[28.218882188821908,45.49251728088967],[28.26928269282695,45.521223094477676],[28.341283412834144,45.5178459399379],[28.416884168841705,45.50433732177885],[28.481684816848173,45.502648744508974],[28.50328503285033,45.5094030535885],[28.506885068850693,45.521223094477676],[28.499684996849965,45.55499463987533],[28.499684996849965,45.55837179441508],[28.50328503285033,45.56681468076451],[28.510485104851057,45.570191835304286],[28.535685356853577,45.58032329892356],[28.524885248852485,45.59383191708264],[28.517685176851785,45.60734053524169],[28.517685176851785,45.62084915340074],[28.510485104851057,45.63435777155982],[28.499684996849965,45.64448923517912],[28.481684816848173,45.65124354425865],[28.474484744847445,45.65799785333817],[28.481684816848173,45.66981789422735],[28.50328503285033,45.6934579760057],[28.51408514085142,45.70190086235513],[28.532085320853213,45.71034374870453],[28.560885608856097,45.71709805778406],[28.568085680856825,45.72385236686361],[28.56448564485646,45.73567240775279],[28.560885608856097,45.74242671683231],[28.575285752857525,45.76268964407089],[28.643686436864385,45.766066798610666],[28.668886688866905,45.77788683949984],[28.67248672486727,45.78632972584927],[28.67248672486727,45.796461189468545],[28.668886688866905,45.80659265308785],[28.668886688866905,45.8116583848975],[28.676086760867605,45.81672411670715],[28.70488704887049,45.8217898485168],[28.726487264872645,45.828544157596326],[28.737287372873737,45.836987043945726],[28.744487444874466,45.850495662104805],[28.74808748087483,45.87075858934338],[28.7408874088741,45.88764436204221],[28.73008730087301,45.921415907439865],[28.73008730087301,45.93830168013869],[28.7408874088741,45.95349887556765],[28.758887588875893,45.961941761917046],[28.93168931689317,45.99233615277495],[28.95688956889569,46.00077903912435],[28.960489604896054,46.02104196636296],[28.942489424894262,46.064944975379916],[28.938889388893898,46.08858505715827],[28.946089460894626,46.1054708298571],[28.98208982089821,46.1324880661752],[29.003690036900366,46.15950530249333],[29.01449014490146,46.18314538427168],[29.010890108901094,46.20509688878016],[28.985689856898574,46.22198266147899],[28.94968949689499,46.242245588717594],[28.94968949689499,46.24393416598747],[28.935289352893534,46.25913136141642],[28.93168931689317,46.27263997957547],[28.938889388893898,46.28783717500443],[28.946089460894626,46.304722947703254],[28.946089460894626,46.31992014313218],[28.928089280892806,46.367200306688915],[28.920889208892106,46.40434900662632],[28.92448924489247,46.43305482021432],[28.946089460894626,46.4550063247228],[29.021690216902186,46.48877787012046],[29.05769057690577,46.49890933373976],[29.07569075690759,46.50397506554941],[29.162091620916215,46.53774661094707],[29.18369183691837,46.53774661094707],[29.201692016920163,46.52423799278799],[29.205292052920527,46.50228648827951],[29.20889208892089,46.4178576247854],[29.205292052920527,46.40603758389622],[29.198091980919827,46.39590612027692],[29.1908919089191,46.38746323392749],[29.18369183691837,46.37733177030819],[29.18369183691837,46.367200306688915],[29.201692016920163,46.35706884306961],[29.223292232922347,46.367200306688915],[29.25929259292593,46.39421754300702],[29.270092700927023,46.39759469754679],[29.277292772927723,46.39590612027692],[29.28449284492845,46.39759469754679],[29.29169291692918,46.40941473843597],[29.29169291692918,46.41954620205527],[29.28449284492845,46.43980912929385],[29.288092880928815,46.451629170183054],[29.306093060930607,46.47189209742163],[29.320493204932063,46.46851494288188],[29.345693456934583,46.434743397484226],[29.363693636936375,46.416169047515496],[29.374493744937467,46.416169047515496],[29.41769417694178,46.46176063380233],[29.43569435694357,46.47695782923128],[29.457294572945727,46.48371213831081],[29.457294572945727,46.48540071558068],[29.482494824948247,46.48202356104093],[29.48609486094861,46.47526925196141],[29.489694896948976,46.470203520151756],[29.48609486094861,46.46176063380233],[29.482494824948247,46.4550063247228],[29.475294752947548,46.44825201564328],[29.471694716947184,46.43980912929385],[29.475294752947548,46.43305482021432],[29.482494824948247,46.424611933864924],[29.496894968949704,46.42123477932515],[29.525695256952588,46.416169047515496],[29.540095400954016,46.41279189297575],[29.554495544955444,46.40434900662632],[29.5688956889569,46.38239750211784],[29.583295832958328,46.36888888395879],[29.597695976959784,46.36382315214914],[29.615696156961576,46.36213457487926],[29.633696336963368,46.36551172941901],[29.64449644496446,46.375643193038314],[29.65169651696519,46.39252896573714],[29.648096480964824,46.416169047515496],[29.655296552965524,46.42292335659505],[29.684096840968408,46.42292335659505],[29.70209702097023,46.42798908840467],[29.712897128971292,46.443186283833626],[29.712897128971292,46.47189209742163],[29.72729727297275,46.4550063247228],[29.781297812978124,46.42123477932515],[29.799297992979945,46.39759469754679],[29.806498064980644,46.389151811197394],[29.806498064980644,46.35538026579974],[29.82809828098283,46.340183070370784],[29.84609846098462,46.34187164764066],[29.88569885698857,46.36382315214914],[29.90369903699039,46.37057746122866],[29.918099180991817,46.37395461576844],[30.03690036900369,46.36888888395879],[30.08010080100803,46.37395461576844],[30.108901089010885,46.39252896573714],[30.13050130501307,46.42292335659505],[30.119701197011977,46.42798908840467],[30.101701017010186,46.43136624294445],[30.08730087300873,46.429677665674575],[30.076500765007665,46.42292335659505],[30.058500585005845,46.4364319747541],[30.015300153001533,46.46176063380233],[30.02250022500226,46.470203520151756],[30.008100081000805,46.48877787012046],[30.00450004500047,46.49384360193011],[29.993699936999377,46.49890933373976],[29.990099900999013,46.49890933373976],[29.975699756997585,46.49384360193011],[29.97209972099722,46.492155024660235],[29.968499684996857,46.49384360193011],[29.96129961299613,46.50397506554941],[29.96129961299613,46.505663642819286],[29.914499144991453,46.51917226097834],[29.90369903699039,46.53099230186754],[29.900099000990025,46.55294380637599],[29.914499144991453,46.554632383645895],[29.939699396993973,46.558009538185644],[29.950499504995065,46.57827246542425],[29.9468994689947,46.58840392904355],[29.93609936099361,46.60866685628213],[29.932499324993245,46.61879831990143],[29.932499324993245,46.63230693806048],[29.93609936099361,46.64243840167978],[29.939699396993973,46.65088128802921],[29.943299432994337,46.66270132891839],[29.95409954099543,46.72517868790405],[29.950499504995065,46.74375303787275],[29.9468994689947,46.750507346952276],[29.93609936099361,46.76570454238123],[29.932499324993245,46.772458851460755],[29.92889928899291,46.780901737810154],[29.92889928899291,46.80960755139819],[29.918099180991817,46.81467328320781],[29.907299072990725,46.81129612866806],[29.900099000990025,46.80623039685841],[29.889298892988933,46.807918974128285],[29.88569885698857,46.812984705937936],[29.87849878498787,46.83155905590664],[29.87129871298714,46.83831336498619],[29.842498424984257,46.85351056041512],[29.813698136981372,46.856887714954894],[29.78489784897849,46.85519913768502],[29.75249752497527,46.85857629222477],[29.734497344973448,46.867019178574196],[29.712897128971292,46.8940364148923],[29.6948969489695,46.9041678785116],[29.680496804968044,46.90923361032125],[29.648096480964824,46.910922187591126],[29.630096300963004,46.9142993421309],[29.622896228962304,46.919365073940554],[29.608496084960848,46.93118511482973],[29.597695976959784,46.93456226936948],[29.5688956889569,46.93456226936948],[29.558095580955808,46.946382310258684],[29.558095580955808,46.95820235114786],[29.56169561695617,46.96157950568761],[29.565295652956536,46.97508812384669],[29.572495724957264,47.01223682378409],[29.583295832958328,47.022368287403395],[29.59409594095942,47.0324997510227],[29.601296012960148,47.04600836918175],[29.601296012960148,47.0612055646107],[29.59409594095942,47.07471418276975],[29.583295832958328,47.084845646389056],[29.5688956889569,47.09159995546858],[29.550895508955108,47.08991137819871],[29.540095400954016,47.07809133730953],[29.529295292952924,47.066271296420354],[29.51849518495186,47.0595169873408],[29.51129511295113,47.066271296420354],[29.482494824948247,47.10510857362763],[29.478894788947883,47.10848572816741],[29.478894788947883,47.115240037246934],[29.482494824948247,47.11692861451684],[29.507695076950768,47.11861719178671],[29.529295292952924,47.12368292359636],[29.54369543695438,47.13550296448554],[29.550895508955108,47.16083162353377],[29.540095400954016,47.213177518900125],[29.54369543695438,47.23344044613873],[29.5688956889569,47.24357190975803],[29.579695796957964,47.26045768245686],[29.579695796957964,47.28409776423521],[29.5688956889569,47.30604926874369],[29.558095580955808,47.324623618712394],[29.540095400954016,47.3347550823317],[29.522095220952224,47.338132236871445],[29.500495004950068,47.33982081414135],[29.482494824948247,47.338132236871445],[29.471694716947184,47.32293504144252],[29.464494644946456,47.307737846013566],[29.46089460894609,47.294229227854515],[29.4428944289443,47.28240918696534],[29.424894248942508,47.27903203242556],[29.41049410494105,47.27903203242556],[29.396093960939623,47.28409776423521],[29.381693816938167,47.29254065058461],[29.370893708937103,47.30436069147382],[29.36729367293674,47.307737846013566],[29.363693636936375,47.32293504144252],[29.363693636936375,47.33644365960157],[29.36009360093601,47.3533294323004],[29.345693456934583,47.365149473189575],[29.331293312933127,47.370215204999226],[29.313293132931335,47.3719037822691],[29.302493024930243,47.378658091348655],[29.29169291692918,47.38878955496793],[29.288092880928815,47.400609595857105],[29.280892808928087,47.41074105947641],[29.252092520925203,47.42593825490536],[29.23409234092341,47.44620118214394],[29.219692196921983,47.45126691395359],[29.201692016920163,47.44620118214394],[29.1908919089191,47.436069718524664],[29.18369183691837,47.42931540944511],[29.162091620916215,47.43944687306441],[29.154891548915487,47.449578336683714],[29.14049140491406,47.47997272754159],[29.136891368913695,47.48334988208137],[29.129691296912966,47.49348134570067],[29.118891188911903,47.534007200177854],[29.129691296912966,47.55933585922608],[29.154891548915487,47.58297594100446],[29.18369183691837,47.61337033186234],[29.1908919089191,47.650519031799746],[29.1908919089191,47.685979154467304],[29.198091980919827,47.71806212259506],[29.226892268922683,47.74339078164331],[29.237692376923775,47.75521082253249],[29.23409234092341,47.76703086342167],[29.223292232922347,47.775473749771066],[29.187291872918735,47.783916636120495],[29.176491764917643,47.788982367930146],[29.176491764917643,47.80080240881932],[29.187291872918735,47.81768818151815],[29.198091980919827,47.82950822240733],[29.21609216092162,47.84301684056638],[29.23409234092341,47.85652545872546],[29.237692376923775,47.87003407688451],[29.226892268922683,47.87509980869416],[29.187291872918735,47.88354269504356],[29.172891728917307,47.89029700412311],[29.16569165691658,47.90549419955204],[29.154891548915487,47.939265744949694],[29.147691476914787,47.95615151764852],[29.136891368913695,47.9679715585377],[29.122491224912267,47.976414444887126],[29.111691116911175,47.979791599426875],[29.093690936909383,47.979791599426875],[29.061290612906134,47.9696601358076],[29.018090180901822,47.930822858600294],[28.98208982089821,47.92575712679064],[28.94968949689499,47.93420001314004],[28.935289352893534,47.94264289948947],[28.913689136891378,47.95277436310877],[28.88128881288813,47.976414444887126],[28.863288632886338,48.00005452666548],[28.85608856088561,48.00849741301488],[28.838088380883818,48.01862887663418],[28.83088830888309,48.02538318571371],[28.83088830888309,48.03044891752336],[28.827288272882726,48.05746615384149],[28.812888128881298,48.082794812889716],[28.809288092880934,48.08954912196927],[28.809288092880934,48.096303431048796],[28.80568805688057,48.10305774012832],[28.79848798487987,48.11150062647772],[28.769687696876986,48.1250092446368],[28.733687336873373,48.12838639917655],[28.66528665286654,48.13007497644645],[28.575285752857525,48.15540363549468],[28.542885428854305,48.15540363549468],[28.517685176851785,48.14864932641515],[28.499684996849965,48.11318920374762],[28.499684996849965,48.10812347193797],[28.492484924849265,48.091237699239144],[28.492484924849265,48.07435192654032],[28.4888848888489,48.06590904019089],[28.47808478084781,48.064220462921014],[28.460084600846017,48.07435192654032],[28.44568445684459,48.082794812889716],[28.42048420484207,48.12163209009702],[28.434884348843497,48.1351407082561],[28.43848438484386,48.15033790368503],[28.42768427684277,48.16384652184411],[28.41328413284134,48.17060083092363],[28.38808388083882,48.16891225365376],[28.37728377283773,48.15709221276455],[28.366483664836665,48.14189501733563],[28.348483484834844,48.13007497644645],[28.326883268832688,48.126697821906674],[28.316083160831624,48.1351407082561],[28.316083160831624,48.14864932641515],[28.323283232832324,48.16384652184411],[28.33768337683378,48.175666562733284],[28.352083520835208,48.18242087181281],[28.3628836288363,48.19086375816221],[28.37008370083703,48.211126685400814],[28.366483664836665,48.23138961263942],[28.359283592835936,48.238143921718944],[28.341283412834144,48.23983249898882],[28.29448294482947,48.23645534444904],[28.276482764827648,48.229701035369516],[28.26208262082622,48.21956957175021],[28.240482404824064,48.211126685400814],[28.215282152821544,48.20774953086104],[28.200882008820088,48.211126685400814],[28.190081900819024,48.22294672628999],[28.18648186481866,48.243209653528595],[28.17928179281793,48.25840684895752],[28.16128161281614,48.256718271687646],[28.132481324813256,48.23983249898882],[28.114481144811464,48.23645534444904],[28.092880928809308,48.238143921718944],[28.07848078480785,48.24489823079847],[28.100081000810007,48.283735508005776],[28.092880928809308,48.30230985797448],[28.074880748807487,48.314129898863655],[28.056880568805695,48.32088420794318],[28.006344905871696,48.325624903410684]]],[[[29.730897308973084,45.592143339812736],[29.781297812978124,45.61071768978147],[29.80289802898031,45.62253773067064],[29.81009810098101,45.63098061702004],[29.813698136981372,45.641112080639346],[29.82809828098283,45.64448923517912],[29.842498424984257,45.646177812449],[29.856898568985685,45.649554966988774],[29.87129871298714,45.65799785333817],[29.900099000990025,45.67994935784665],[29.918099180991817,45.690080821465955],[30.076500765007665,45.793084034928796],[30.126901269012706,45.8116583848975],[29.907299072990725,45.66644073968757],[29.806498064980644,45.614094844321215],[29.730897308973084,45.592143339812736]]],[[[31.50571505715058,46.35538026579974],[31.50571505715058,46.37395461576844],[31.523715237152373,46.36888888395879],[31.53811538115383,46.32667445221173],[31.55611556115562,46.296280061353826],[31.577715777157778,46.27601713411525],[31.617316173161726,46.25913136141642],[31.94131941319415,46.20509688878016],[32.07092070920709,46.18314538427168],[32.153721537215375,46.15612814795358],[32.16452164521647,46.14937383887403],[32.14292142921431,46.152750993413804],[32.103321033210335,46.166259611572855],[31.736117361173626,46.220294084209115],[31.58131581315814,46.26250851595617],[31.548915489154894,46.282771443194775],[31.523715237152373,46.313165834052654],[31.51291512915131,46.33005160675148],[31.50571505715058,46.35538026579974]]],[[[32.61812618126183,46.059879243570265],[32.62532625326253,46.06663355264979],[32.63252632526326,46.06663355264979],[32.639726397263985,46.059879243570265],[32.78372783727838,46.046370625411186],[32.85212852128521,46.05650208903049],[32.88092880928809,46.054813511760614],[32.91332913329134,46.03961631633166],[32.956529565295654,46.05143635722084],[32.97812978129781,46.05312493449071],[32.9889298892989,46.04299347087144],[32.999729997299994,46.03455058452201],[33.04653046530467,46.037927739061786],[33.057330573305734,46.02441912090271],[33.03933039330394,46.01259908001353],[32.61812618126183,46.059879243570265]]]]}},{"type":"Feature","properties":{"territory_id":"UA-05","country_code":"UA","country_name":"Ukraine","display_name":"Crimea","strategic_centre":"Simferopol","centre":[34.1,44.9484],"boundary_status":"stable-disputed-area-geometry"},"geometry":{"type":"Polygon","coordinates":[[[33.62973629736297,46.125733757095674],[33.662136621366216,46.14768526160415],[33.67293672936731,46.17301392065241],[33.662136621366216,46.21016262058981],[33.669336693366944,46.21860550693924],[33.71613716137162,46.19496542516086],[33.75573755737557,46.193276847890985],[33.80253802538027,46.20340831151029],[33.845738457384584,46.19496542516086],[33.89253892538926,46.17639107519216],[33.9429394293943,46.15443957068368],[33.98973989739898,46.130799488905325],[34.02574025740259,46.11560229347637],[34.0689406894069,46.1054708298571],[34.10494104941051,46.095339366237795],[34.16254162541625,46.090273634428144],[34.20214202142023,46.100405098047446],[34.23454234542345,46.09702794350767],[34.274142741427426,46.08351932534862],[34.30294302943031,46.07001070718954],[34.33534335343353,46.07001070718954],[34.36054360543605,46.05650208903049],[34.37854378543787,46.02948485271236],[34.3929439294393,46.00922192547378],[34.41094410944109,45.9872704209653],[34.432544325443274,45.97207322553635],[34.464944649446494,45.95518745283752],[34.50454504545047,45.95012172102787],[34.5189451894519,45.9686960709966],[34.52974529745299,45.98051611188578],[34.56934569345694,45.977138957346],[34.60174601746019,45.978827534615874],[34.641346413464134,45.98051611188578],[34.68814688146881,45.97376180280625],[34.734947349473515,45.95349887556765],[34.76374763747637,45.93154737105917],[34.785347853478555,45.899464402931386],[34.785347853478555,45.86907001207351],[34.785347853478555,45.828544157596326],[34.78894788947889,45.8032154985481],[34.810548105481075,45.78464114857937],[34.87174871748718,45.77282110769019],[34.918549185491855,45.747492448641964],[34.9509495094951,45.72216378959371],[34.976149761497624,45.71709805778406],[35.001350013500144,45.72891809867323],[35.044550445504456,45.66981789422735],[35.33255332553327,45.37093971745813],[35.480154801548025,45.298330894853166],[35.51615516155164,45.29495374031339],[35.69615696156961,45.33041386298092],[35.71775717757177,45.34054532660022],[35.74295742957429,45.360808253838826],[35.746557465574654,45.37093971745813],[35.75015750157502,45.37938260380753],[35.75375753757538,45.38613691288705],[35.76815768157681,45.38951406742683],[35.771757717577174,45.39289122196658],[35.789757897578994,45.40808841739553],[35.79335793357933,45.41146557193531],[35.79335793357933,45.43003992190401],[35.80415804158042,45.448614271872714],[35.81855818558185,45.46381146730167],[35.832958329583306,45.47056577638119],[35.858158581585826,45.46887719911132],[35.86175861758619,45.458745735492016],[35.8509585095851,45.44354854006306],[35.847358473584734,45.426662767364235],[35.85455854558546,45.41484272647506],[35.872558725587254,45.404711262855756],[35.948159481594814,45.372628294728],[35.98775987759879,45.3624968311087],[36.023760237602374,45.36756256291835],[36.05256052560526,45.39457979923648],[36.066960669606715,45.42497419009436],[36.07056070560705,45.43003992190401],[36.09576095760957,45.44185996279319],[36.117361173611755,45.45705715822214],[36.13896138961391,45.46212289003179],[36.25416254162542,45.46212289003179],[36.268562685626875,45.467188621841416],[36.2829628296283,45.47732008546072],[36.300963009630095,45.47394293092097],[36.30816308163082,45.46043431276189],[36.29736297362973,45.44354854006306],[36.31176311763119,45.44354854006306],[36.32256322563225,45.448614271872714],[36.32976329763298,45.453680003682365],[36.34056340563407,45.45705715822214],[36.35856358563586,45.453680003682365],[36.39096390963911,45.440171385523314],[36.41256412564127,45.43679423098354],[36.470164701647036,45.445237117332965],[36.49176491764919,45.44354854006306],[36.51696516965171,45.41990845828471],[36.53136531365314,45.40808841739553],[36.54936549365493,45.41146557193531],[36.56736567365675,45.42497419009436],[36.58176581765818,45.426662767364235],[36.59976599765997,45.42159703555458],[36.61416614166143,45.40808841739553],[36.63216632166322,45.37431687199788],[36.63936639366395,45.350676790219524],[36.63216632166322,45.34054532660022],[36.59976599765997,45.333791017520696],[36.585365853658544,45.333791017520696],[36.57456574565745,45.33547959479057],[36.545765457654596,45.34729963567975],[36.520565205652076,45.350676790219524],[36.502565025650256,45.34729963567975],[36.48816488164883,45.33716817206047],[36.484564845648464,45.31690524482187],[36.48816488164883,45.31015093574234],[36.495364953649556,45.30508520393269],[36.49896498964989,45.30001947212304],[36.49176491764919,45.29157658577364],[36.4809648096481,45.28819943123386],[36.459364593645944,45.28819943123386],[36.452164521645216,45.284822276694086],[36.43776437764379,45.271313658535036],[36.426964269642696,45.25105073129643],[36.419764197641996,45.22909922678798],[36.408964089640904,45.17168759961194],[36.408964089640904,45.14973609510349],[36.41616416164163,45.12778459059501],[36.44136441364415,45.105833086086534],[36.45576455764558,45.09232446792748],[36.452164521645216,45.07712727249853],[36.44136441364415,45.06699580887923],[36.369363693636956,45.048421458910525],[36.27936279362794,45.04504430437075],[36.268562685626875,45.043355727100874],[36.25776257762578,45.03828999529122],[36.25416254162542,45.03322426348157],[36.24696246962469,45.01633849078274],[36.243362433624355,45.01127275897309],[36.225362253622535,45.007895604433344],[36.13536135361355,45.021404222592395],[36.07776077760778,45.04673288164062],[36.07776077760778,45.03828999529122],[36.048960489604895,45.048421458910525],[36.023760237602374,45.03322426348157],[36.00936009360095,45.00958418170322],[35.99495994959949,44.99776414081404],[35.915759157591594,45.00114129535379],[35.847358473584734,44.99269840900439],[35.82935829358294,44.999452718083916],[35.81855818558185,45.021404222592395],[35.81135811358115,45.0315356862117],[35.782557825578266,45.056864345259925],[35.771757717577174,45.06530723160935],[35.706957069570706,45.09401304519736],[35.63495634956351,45.114275972435934],[35.59175591755917,45.119341704245585],[35.54855548555486,45.119341704245585],[35.505355053550545,45.114275972435934],[35.46935469354693,45.10076735427688],[35.41535415354156,45.070372963419004],[35.40815408154083,45.061930077069576],[35.404554045540465,45.05179861345027],[35.4009540095401,45.043355727100874],[35.39735397353974,45.034912840751446],[35.4009540095401,45.02478137713217],[35.40815408154083,45.01971564532252],[35.43695436954371,45.01127275897309],[35.43695436954371,45.00451844989357],[35.42255422554226,45.00114129535379],[35.39015390153904,45.00114129535379],[35.37575375753758,44.99776414081404],[35.36135361353615,44.985944099924865],[35.36135361353615,44.97412405903569],[35.36855368553685,44.94372966817778],[35.31815318153181,44.97074690449591],[35.31455314553148,44.96568117268626],[35.303753037530385,44.96061544087661],[35.296552965529656,44.95554970906696],[35.2749527495275,44.96736974995616],[35.25695256952571,44.958926863606735],[35.23175231752319,44.92515531820908],[35.213752137521396,44.915023854589776],[35.170551705517056,44.90658096824038],[35.152551525515264,44.901515236430726],[35.13095130951311,44.869432268302944],[35.10935109351095,44.825529259286014],[35.08055080550807,44.79344629115823],[35.037350373503756,44.798512022967884],[35.026550265502664,44.80864348658719],[35.019350193501936,44.82384068201611],[35.00495004950051,44.83566072290529],[34.986949869498716,44.84072645471494],[34.9509495094951,44.84072645471494],[34.943749437494375,44.84072645471494],[34.92934929349295,44.83566072290529],[34.92214922149222,44.83059499109564],[34.91494914949149,44.825529259286014],[34.90774907749079,44.82046352747636],[34.88974889748897,44.81877495020646],[34.85734857348575,44.82384068201611],[34.842948429484295,44.817086372936586],[34.8249482494825,44.812020641126935],[34.75654756547567,44.82046352747636],[34.72054720547206,44.81033206385706],[34.65214652146523,44.776560518459405],[34.61254612546125,44.76474047757023],[34.533345333453354,44.75292043668105],[34.500945009450106,44.74278897306175],[34.475744757447586,44.72421462309305],[34.475744757447586,44.72590320036292],[34.475744757447586,44.7292803549027],[34.47214472144722,44.73096893217257],[34.46854468544686,44.7292803549027],[34.42894428944291,44.69044307769539],[34.425344253442546,44.68200019134596],[34.414544145441454,44.673557304996564],[34.37854378543787,44.63134287324948],[34.34254342543426,44.558734050644546],[34.331743317433194,44.545225432485466],[34.324543245432466,44.54353685521559],[34.299342993429946,44.545225432485466],[34.28494284942849,44.545225432485466],[34.274142741427426,44.54691400975537],[34.27054270542706,44.545225432485466],[34.2669426694267,44.54184827794572],[34.2669426694267,44.53847112340594],[34.2669426694267,44.53509396886619],[34.26334263342633,44.531716814326415],[34.24174241742418,44.50807673254806],[34.230942309423114,44.499633846198634],[34.18414184141841,44.49287953711911],[34.16974169741698,44.48105949622993],[34.16254162541625,44.46586230080098],[34.148141481414825,44.45066510537205],[34.13734137341373,44.442222219022625],[34.10134101341015,44.4253364463238],[34.08694086940869,44.42195929178405],[34.06534065340654,44.420270714514146],[33.95733957339573,44.38312201457674],[33.93933939339394,44.38143343730684],[33.914139141391416,44.38312201457674],[33.85293852938531,44.401696364545444],[33.838538385383856,44.401696364545444],[33.8169381693817,44.39663063273579],[33.80613806138061,44.39494205546592],[33.74133741337414,44.39663063273579],[33.719737197371984,44.40000778727557],[33.644136441364424,44.4253364463238],[33.63333633336333,44.433779332673225],[33.62613626136263,44.45235368264193],[33.618936189361904,44.46248514626123],[33.59013590135902,44.48950238257933],[33.57933579335793,44.496256691658886],[33.561335613356135,44.496256691658886],[33.53973539735398,44.491190959849234],[33.51813518135182,44.491190959849234],[33.50013500135003,44.50132242346854],[33.485734857348575,44.509765309817936],[33.38133381333813,44.5637997824542],[33.37053370533707,44.57730840061325],[33.37053370533707,44.58743986423255],[33.37053370533707,44.589128441502424],[33.37413374133743,44.58575128696265],[33.40653406534065,44.5908170187723],[33.41373413734138,44.5925055960422],[33.435334353343535,44.60601421420125],[33.44613446134463,44.60770279147113],[33.46773467734678,44.60601421420125],[33.47853478534785,44.60601421420125],[33.485734857348575,44.6110799460109],[33.50013500135003,44.61445710055065],[33.55053550535507,44.61445710055065],[33.57213572135723,44.621211409630206],[33.55773557735577,44.624588564169954],[33.52533525335255,44.629654295979606],[33.51453514535146,44.63472002778926],[33.51453514535146,44.64991722321821],[33.52533525335255,44.66173726410739],[33.536135361353615,44.67186872772669],[33.54333543335434,44.68200019134596],[33.54693546935471,44.69888596404479],[33.54693546935471,44.709017427664094],[33.536135361353615,44.7292803549027],[33.52893528935289,44.7579861684907],[33.52533525335255,44.77318336391963],[33.51453514535146,44.785003404808805],[33.52533525335255,44.790069136618456],[33.52893528935289,44.79344629115823],[33.52893528935289,44.798512022967884],[33.536135361353615,44.81877495020646],[33.54693546935471,44.83734930017519],[33.561335613356135,44.84916934106437],[33.59733597335975,44.85930080468367],[33.60813608136081,44.87112084557285],[33.61533615336154,44.88969519554155],[33.618936189361904,44.90826954551025],[33.618936189361904,44.931909627288604],[33.60813608136081,44.97074690449591],[33.60453604536045,44.98763267719474],[33.60453604536045,44.99269840900439],[33.586535865358655,45.01802706805262],[33.58293582935829,45.02815853167192],[33.57933579335793,45.053487190720176],[33.561335613356135,45.09401304519736],[33.536135361353615,45.11765312697571],[33.46773467734678,45.14804751783359],[33.41373413734138,45.18519621777102],[33.39573395733959,45.19026194958067],[33.35613356133561,45.18519621777102],[33.31653316533166,45.17506475415172],[33.284132841328415,45.159867558722766],[33.258932589325894,45.15649040418302],[33.24813248132483,45.16493329053242],[33.2409324093241,45.18013048596137],[33.21933219332195,45.186884795040896],[33.17253172531727,45.1970162586602],[33.158131581315814,45.2071477222795],[33.12213122131223,45.23754211313738],[33.09693096930971,45.24767357675668],[33.08973089730898,45.25611646310608],[33.07893078930789,45.271313658535036],[33.068130681306826,45.27637939034469],[33.050130501305034,45.28144512215434],[33.042930429304306,45.284822276694086],[32.97812978129781,45.32534813117127],[32.942129421294226,45.342233903870095],[32.898928989289914,45.3540539447593],[32.75132751327513,45.364185408378574],[32.72972729727297,45.360808253838826],[32.71172711727118,45.3523653674894],[32.67572675726757,45.32534813117127],[32.66132661326614,45.320282399361645],[32.59292592925931,45.320282399361645],[32.57132571325715,45.32534813117127],[32.53532535325354,45.33885674933035],[32.513725137251384,45.34054532660022],[32.4849248492485,45.39457979923648],[32.481324813248136,45.40808841739553],[32.49572495724959,45.43510565371366],[32.52452524525245,45.458745735492016],[32.64332643326435,45.521223094477676],[32.66132661326614,45.52628882628733],[32.68652686526866,45.52628882628733],[32.70452704527045,45.53135455809698],[32.71892718927191,45.538108867176504],[32.73332733327334,45.54486317625603],[32.74412744127443,45.55330606260546],[32.75132751327513,45.56006037168498],[32.75852758527586,45.565126103494634],[32.77292772927731,45.56681468076451],[32.78372783727838,45.565126103494634],[32.80172801728017,45.56006037168498],[32.81252812528126,45.55837179441508],[32.82692826928269,45.56174894895486],[32.83052830528305,45.570191835304286],[32.82692826928269,45.578634721653685],[32.82332823328235,45.58707760800311],[32.82692826928269,45.59552049435251],[32.83052830528305,45.600586226162164],[32.83772837728378,45.60734053524169],[32.866528665286666,45.62929203975017],[32.93852938529386,45.663063585147825],[33.16173161731618,45.73567240775279],[33.176131761317635,45.74242671683231],[33.17973179731797,45.755935334991364],[33.176131761317635,45.75931248953114],[33.16533165331654,45.76268964407089],[33.158131581315814,45.76775537588054],[33.16173161731618,45.77957541676972],[33.168931689316906,45.78464114857937],[33.17973179731797,45.77957541676972],[33.19413194131943,45.76437822134079],[33.23013230132301,45.75086960318171],[33.26613266132662,45.75424675772149],[33.33813338133382,45.78632972584927],[33.37413374133743,45.796461189468545],[33.38133381333813,45.8032154985481],[33.410134101341015,45.82685558032645],[33.42453424534247,45.8302327348662],[33.46773467734678,45.850495662104805],[33.48213482134821,45.853872816644554],[33.48933489334894,45.85218423937468],[33.50733507335073,45.84374135302528],[33.51813518135182,45.8403641984855],[33.52893528935289,45.84205277575538],[33.55413554135541,45.84711850756503],[33.57933579335793,45.86738143480363],[33.59733597335975,45.877512898422935],[33.611736117361176,45.880890052962684],[33.618936189361904,45.88257863023256],[33.62973629736297,45.87920147569281],[33.64053640536406,45.87582432115303],[33.65133651336515,45.87075858934338],[33.65493654936549,45.864004280263856],[33.65853658536585,45.858938548454205],[33.669336693366944,45.858938548454205],[33.6909369093691,45.86062712572411],[33.694536945369464,45.872447166613284],[33.6909369093691,45.89608724839164],[33.694536945369464,45.91466159836034],[33.70893708937089,45.90959586655069],[33.72693726937271,45.916350175630214],[33.75933759337593,45.92310448470977],[33.77733777337775,45.92985879378929],[33.75933759337593,45.94167883467847],[33.74133741337414,45.948433143757995],[33.68373683736837,45.9585646073773],[33.65853658536585,45.95687603010742],[33.644136441364424,45.95349887556765],[33.64053640536406,45.94674456648812],[33.63333633336333,45.94505598921822],[33.618936189361904,45.95012172102787],[33.636936369363696,45.9686960709966],[33.64773647736479,45.98051611188578],[33.644136441364424,45.98558184369543],[33.63333633336333,45.98895899823518],[33.62973629736297,45.9957133073147],[33.636936369363696,46.005844770934004],[33.644136441364424,46.01428765728343],[33.64053640536406,46.02273054363283],[33.62973629736297,46.05650208903049],[33.62973629736297,46.068322129919665],[33.64053640536406,46.07845359353897],[33.64773647736479,46.090273634428144],[33.644136441364424,46.1054708298571],[33.62973629736297,46.125733757095674]]]}},{"type":"Feature","properties":{"territory_id":"XK-01","country_code":"XK","country_name":"Kosovo","display_name":"Kosovo","strategic_centre":"Pristina","centre":[21.1655,42.6629],"boundary_status":"country-sourced"},"geometry":{"type":"Polygon","coordinates":[[[20.064800648006496,42.545949944944354],[20.07560075600756,42.55945856310342],[20.079200792007924,42.572967181262484],[20.07560075600756,42.58647579942155],[20.07560075600756,42.60336157212038],[20.079200792007924,42.61180445846979],[20.090000900009017,42.62700165389873],[20.104401044010444,42.65233031294697],[20.10080100801008,42.657396044756624],[20.09360093600938,42.66752750837591],[20.036000360003612,42.70805336285309],[20.02520025200252,42.72325055828205],[20.02520025200252,42.74351348552064],[20.036000360003612,42.75195637187005],[20.054000540005404,42.76377641275923],[20.064800648006496,42.76884214456888],[20.07560075600756,42.77390787637853],[20.111601116011173,42.76715356729899],[20.15120151201512,42.75026779460016],[20.18360183601837,42.74182490825075],[20.20880208802089,42.76377641275923],[20.20880208802089,42.77221929910864],[20.20880208802089,42.78235076272793],[20.20880208802089,42.79248222634723],[20.216002160021617,42.802613689966535],[20.22680226802268,42.80599084450628],[20.262802628026293,42.81781088539549],[20.34560345603458,42.82794234901476],[20.42840428404284,42.84145096717384],[20.475204752047517,42.85495958533289],[20.500405004050037,42.878599667111246],[20.493204932049338,42.887042553460674],[20.489604896048974,42.89886259434985],[20.468004680046818,42.90899405796915],[20.450004500044997,42.922502676128204],[20.46080460804609,42.949519912446334],[20.475204752047517,42.96640568514516],[20.493204932049338,42.96978283968491],[20.51120511205113,42.96978283968491],[20.52920529205292,42.97484857149456],[20.540005400054014,42.97991430330421],[20.543605436054378,42.98666861238374],[20.55440554405544,43.00186580781269],[20.56160561605617,43.01030869416209],[20.572405724057234,43.00862011689222],[20.583205832058326,43.00693153962234],[20.597605976059754,43.00693153962234],[20.615606156061574,43.02212873505127],[20.644406444064458,43.052523125909175],[20.666006660066614,43.08460609403693],[20.669606696066978,43.109934753085184],[20.66240662406625,43.11668906216471],[20.651606516065158,43.11668906216471],[20.640806408064094,43.115000484894836],[20.633606336063366,43.11668906216471],[20.626406264062638,43.123443371244235],[20.619206192061938,43.13357483486354],[20.61200612006121,43.15552633937202],[20.601206012060118,43.17410068934072],[20.597605976059754,43.18423215296002],[20.60480604806048,43.19774077111907],[20.61200612006121,43.20280650292872],[20.644406444064458,43.20280650292872],[20.666006660066614,43.20956081200825],[20.74520745207454,43.25346382102521],[20.77040770407706,43.26021813010473],[20.79560795607958,43.26359528464451],[20.810008100081006,43.26021813010473],[20.8208082080821,43.256840975564984],[20.83880838808389,43.24502093467581],[20.849608496084954,43.23826662559625],[20.856808568085683,43.23151231651673],[20.86400864008641,43.21800369835768],[20.860408604086047,43.21800369835768],[20.85320853208532,43.21969227562755],[20.83880838808389,43.21124938927815],[20.842408424084255,43.2061836574685],[20.83880838808389,43.19267503930942],[20.835208352083527,43.17916642115037],[20.831608316083162,43.17916642115037],[20.83880838808389,43.17072353480097],[20.910809108091087,43.13864056667319],[20.993609936099375,43.10486902127553],[21.00441004410044,43.09980328946588],[21.026010260102595,43.09304898038636],[21.09081090810909,43.09136040311648],[21.108811088110883,43.08122893949718],[21.12321123211234,43.05758885771883],[21.137611376113767,43.00524296235244],[21.14841148411486,42.993422921463264],[21.16641166411665,42.984980035113864],[21.18081180811808,42.990045766923515],[21.19161191611917,42.998488653272915],[21.209612096120964,42.995111498733166],[21.22401224012242,42.97315999422469],[21.227612276122755,42.94276560336678],[21.23121231212312,42.91068263523903],[21.260012600126004,42.887042553460674],[21.270812708127096,42.8836653989209],[21.296012960129616,42.8836653989209],[21.30681306813068,42.88197682165102],[21.317613176131772,42.87691108984137],[21.335613356133564,42.865091048952195],[21.346413464134656,42.860025317142544],[21.378813788137876,42.85495958533289],[21.40041400414006,42.85495958533289],[21.40761407614076,42.84651669898349],[21.40761407614076,42.84145096717384],[21.40761407614076,42.82118803993524],[21.404014040140396,42.80430226723641],[21.389613896138968,42.77053072183875],[21.386013860138604,42.755333526409814],[21.38241382413824,42.75026779460016],[21.378813788137876,42.7468906400604],[21.378813788137876,42.74351348552064],[21.389613896138968,42.738447753710986],[21.404014040140396,42.73507059917122],[21.418414184141852,42.73507059917122],[21.443614436144372,42.73675917644111],[21.54081540815409,42.72662771282181],[21.56601566015661,42.719873403742284],[21.580415804158037,42.70974194012298],[21.612816128161285,42.68103612653498],[21.630816308163077,42.67259324018556],[21.645216452164533,42.67259324018556],[21.688416884168845,42.68610185834463],[21.710017100171,42.6877904356145],[21.738817388173885,42.68272470380485],[21.746017460174613,42.67934754926509],[21.764017640176405,42.6692160856458],[21.771217712177133,42.64726458113732],[21.76761767617677,42.63882169478791],[21.756817568175677,42.633755962978256],[21.746017460174613,42.63037880843849],[21.73521735217352,42.62362449935897],[21.73521735217352,42.62193592208908],[21.731617316173157,42.60167299485049],[21.72801728017282,42.598295840310726],[21.72801728017282,42.59660726304084],[21.720817208172093,42.593230108501075],[21.71721717217173,42.59154153123119],[21.720817208172093,42.58647579942155],[21.72801728017282,42.578032913072136],[21.72801728017282,42.57465575853236],[21.71721717217173,42.551015676754005],[21.66681666816669,42.490226895038234],[21.62721627216274,42.45983250418034],[21.620016200162013,42.44970104056105],[21.61641616416165,42.4345038451321],[21.623616236162377,42.40242087700433],[21.61641616416165,42.38722368157539],[21.598415984159857,42.37202648614644],[21.537215372153725,42.35851786798737],[21.51561515615157,42.34163209528856],[21.51561515615157,42.31799201351019],[21.555215552155516,42.27408900449325],[21.562415624156245,42.24707176817512],[21.519215192151933,42.238628881825704],[21.497614976149777,42.238628881825704],[21.48321483214832,42.24707176817512],[21.472414724147256,42.238628881825704],[21.468814688146892,42.23525172728594],[21.4580145801458,42.23694030455583],[21.447214472144736,42.243694613635355],[21.436414364143644,42.24707176817512],[21.418414184141852,42.24031745909559],[21.422014220142216,42.23187457274618],[21.429214292142916,42.22174310912688],[21.429214292142916,42.21667737731724],[21.418414184141852,42.21498880004735],[21.386013860138604,42.22512026366665],[21.368013680136812,42.223431686396765],[21.360813608136084,42.220054531857],[21.353613536135356,42.21667737731724],[21.296012960129616,42.14913428652193],[21.292412924129252,42.140691400172514],[21.296012960129616,42.13562566836286],[21.29961299612998,42.12887135928334],[21.29961299612998,42.120428472933924],[21.29961299612998,42.10016554569533],[21.29961299612998,42.098476968425445],[21.29961299612998,42.09172265934592],[21.288812888128888,42.09003408207603],[21.245612456124576,42.096788391155556],[21.238412384123848,42.096788391155556],[21.227612276122755,42.103542700235096],[21.22401224012242,42.10691985477486],[21.21681216812169,42.120428472933924],[21.1988119881199,42.140691400172514],[21.162811628116287,42.16770863649063],[21.126811268112675,42.18966014099911],[21.112411124111247,42.19472587280876],[21.10521105211052,42.196414450078635],[21.09801098010982,42.196414450078635],[21.0728107281073,42.18459440918946],[21.04041040410405,42.159265750141216],[21.02961029610296,42.1508228637918],[21.00441004410044,42.14237997744239],[20.975609756097555,42.133937091092974],[20.90360903609036,42.11705131839416],[20.810008100081006,42.09341123661579],[20.784807848078486,42.08159119572662],[20.766807668076694,42.06470542302779],[20.756007560075602,42.04275391851931],[20.741607416074174,41.993785177692715],[20.741607416074174,41.97014509591436],[20.752407524075238,41.93975070505647],[20.756007560075602,41.931307818707054],[20.752407524075238,41.911044891468464],[20.748807488074874,41.90597915965881],[20.741607416074174,41.88740480969011],[20.723607236072354,41.86714188245152],[20.71280712807129,41.858698996102106],[20.702007020070198,41.85025610975269],[20.680406804068042,41.84350180067315],[20.673206732067314,41.848567532482804],[20.651606516065158,41.868830459721394],[20.644406444064458,41.873896191531045],[20.63720637206373,41.87051903699128],[20.626406264062638,41.85532184156233],[20.619206192061938,41.85025610975269],[20.601206012060118,41.85025610975269],[20.590405904059054,41.85532184156233],[20.568805688056898,41.873896191531045],[20.568805688056898,41.88065050061057],[20.56160561605617,41.89247054149976],[20.56160561605617,41.900913427849176],[20.568805688056898,41.91273346873835],[20.572405724057234,41.91779920054799],[20.57960579605796,41.921176355087766],[20.590405904059054,41.92961924143718],[20.597605976059754,41.94819359140588],[20.597605976059754,41.96001363229506],[20.594005940059418,41.973522250454124],[20.590405904059054,41.993785177692715],[20.558005580055806,42.0545739594085],[20.550805508055078,42.0731483093772],[20.550805508055078,42.10523127750497],[20.550805508055078,42.123805627473686],[20.540005400054014,42.1508228637918],[20.500405004050037,42.21161164550759],[20.482404824048245,42.23018599547629],[20.475204752047517,42.23694030455583],[20.457204572045725,42.25044892271488],[20.33480334803349,42.31799201351019],[20.316803168031697,42.31968059078008],[20.248402484024837,42.31799201351019],[20.237602376023773,42.31968059078008],[20.230402304023045,42.326434899859606],[20.21960219602198,42.343320672558434],[20.21960219602198,42.35007498163796],[20.21960219602198,42.363583599797025],[20.21960219602198,42.37202648614644],[20.212402124021253,42.37709221795609],[20.198001980019797,42.38722368157539],[20.19440194401946,42.39397799065492],[20.19440194401946,42.40073229973444],[20.205202052020525,42.41255234062362],[20.205202052020525,42.41930664970316],[20.198001980019797,42.42774953605257],[20.187201872018733,42.43788099967186],[20.180001800018005,42.44294673148151],[20.15120151201512,42.493604049577996],[20.136801368013693,42.508801245006936],[20.086400864008652,42.530752749515415],[20.064800648006496,42.545949944944354]]]}}]}
