territory_id,source_region_id,source_region_name,source_year,source_level,assignment
"AL-01","AL011","Dibër","2024","3","nearest-strategic-centre-draft"
"AL-01","AL012","Durrës","2024","3","nearest-strategic-centre-draft"
"AL-01","AL013","Kukës","2024","3","nearest-strategic-centre-draft"
"AL-01","AL014","Lezhë","2024","3","nearest-strategic-centre-draft"
"AL-01","AL015","Shkodër","2024","3","nearest-strategic-centre-draft"
"AL-01","AL021","Elbasan","2024","3","nearest-strategic-centre-draft"
"AL-01","AL022","Tiranë","2024","3","nearest-strategic-centre-draft"
"AL-01","AL031","Berat","2024","3","nearest-strategic-centre-draft"
"AL-01","AL032","Fier","2024","3","nearest-strategic-centre-draft"
"AL-01","AL033","Gjirokastër","2024","3","nearest-strategic-centre-draft"
"AL-01","AL034","Korcë","2024","3","nearest-strategic-centre-draft"
"AL-01","AL035","Vlorë","2024","3","nearest-strategic-centre-draft"
"AT-01","AT211","Klagenfurt-Villach","2024","3","nearest-strategic-centre-draft"
"AT-01","AT212","Oberkärnten","2024","3","nearest-strategic-centre-draft"
"AT-01","AT311","Innviertel","2024","3","nearest-strategic-centre-draft"
"AT-01","AT315","Traunviertel","2024","3","nearest-strategic-centre-draft"
"AT-01","AT321","Lungau","2024","3","nearest-strategic-centre-draft"
"AT-01","AT322","Pinzgau-Pongau","2024","3","nearest-strategic-centre-draft"
"AT-01","AT323","Salzburg und Umgebung","2024","3","nearest-strategic-centre-draft"
"AT-01","AT331","Außerfern","2024","3","nearest-strategic-centre-draft"
"AT-01","AT332","Innsbruck","2024","3","nearest-strategic-centre-draft"
"AT-01","AT333","Osttirol","2024","3","nearest-strategic-centre-draft"
"AT-01","AT334","Tiroler Oberland","2024","3","nearest-strategic-centre-draft"
"AT-01","AT335","Tiroler Unterland","2024","3","nearest-strategic-centre-draft"
"AT-01","AT341","Bludenz-Bregenzer Wald","2024","3","nearest-strategic-centre-draft"
"AT-01","AT342","Rheintal-Bodenseegebiet","2024","3","nearest-strategic-centre-draft"
"AT-02","AT111","Mittelburgenland","2024","3","nearest-strategic-centre-draft"
"AT-02","AT112","Nordburgenland","2024","3","nearest-strategic-centre-draft"
"AT-02","AT113","Südburgenland","2024","3","nearest-strategic-centre-draft"
"AT-02","AT121","Mostviertel-Eisenwurzen","2024","3","nearest-strategic-centre-draft"
"AT-02","AT122","Niederösterreich-Süd","2024","3","nearest-strategic-centre-draft"
"AT-02","AT123","Sankt Pölten","2024","3","nearest-strategic-centre-draft"
"AT-02","AT124","Waldviertel","2024","3","nearest-strategic-centre-draft"
"AT-02","AT125","Weinviertel","2024","3","nearest-strategic-centre-draft"
"AT-02","AT126","Wiener Umland/Nordteil","2024","3","nearest-strategic-centre-draft"
"AT-02","AT127","Wiener Umland/Südteil","2024","3","nearest-strategic-centre-draft"
"AT-02","AT130","Wien","2024","3","nearest-strategic-centre-draft"
"AT-02","AT213","Unterkärnten","2024","3","nearest-strategic-centre-draft"
"AT-02","AT221","Graz","2024","3","nearest-strategic-centre-draft"
"AT-02","AT222","Liezen","2024","3","nearest-strategic-centre-draft"
"AT-02","AT223","Östliche Obersteiermark","2024","3","nearest-strategic-centre-draft"
"AT-02","AT224","Oststeiermark","2024","3","nearest-strategic-centre-draft"
"AT-02","AT225","West- und Südsteiermark","2024","3","nearest-strategic-centre-draft"
"AT-02","AT226","Westliche Obersteiermark","2024","3","nearest-strategic-centre-draft"
"AT-02","AT312","Linz-Wels","2024","3","nearest-strategic-centre-draft"
"AT-02","AT313","Mühlviertel","2024","3","nearest-strategic-centre-draft"
"AT-02","AT314","Steyr-Kirchdorf","2024","3","nearest-strategic-centre-draft"
"BA-01","BA01","Federacija Bosne i Hercegovine","2024","2","nearest-strategic-centre-draft"
"BA-01","BA02","Republika Srpska","2024","2","nearest-strategic-centre-draft"
"BA-01","BA03","Brčko District BiH","2024","2","nearest-strategic-centre-draft"
"BE-01","BE100","Arr. de Bruxelles-Capitale/Arr. Brussel-Hoofdstad","2024","3","nearest-strategic-centre-draft"
"BE-01","BE211","Arr. Antwerpen","2024","3","nearest-strategic-centre-draft"
"BE-01","BE212","Arr. Mechelen","2024","3","nearest-strategic-centre-draft"
"BE-01","BE213","Arr. Turnhout","2024","3","nearest-strategic-centre-draft"
"BE-01","BE231","Arr. Aalst","2024","3","nearest-strategic-centre-draft"
"BE-01","BE232","Arr. Dendermonde","2024","3","nearest-strategic-centre-draft"
"BE-01","BE233","Arr. Eeklo","2024","3","nearest-strategic-centre-draft"
"BE-01","BE234","Arr. Gent","2024","3","nearest-strategic-centre-draft"
"BE-01","BE235","Arr. Oudenaarde","2024","3","nearest-strategic-centre-draft"
"BE-01","BE236","Arr. Sint-Niklaas","2024","3","nearest-strategic-centre-draft"
"BE-01","BE241","Arr. Halle-Vilvoorde","2024","3","nearest-strategic-centre-draft"
"BE-01","BE242","Arr. Leuven","2024","3","nearest-strategic-centre-draft"
"BE-01","BE251","Arr. Brugge","2024","3","nearest-strategic-centre-draft"
"BE-01","BE252","Arr. Diksmuide","2024","3","nearest-strategic-centre-draft"
"BE-01","BE253","Arr. Ieper","2024","3","nearest-strategic-centre-draft"
"BE-01","BE254","Arr. Kortrijk","2024","3","nearest-strategic-centre-draft"
"BE-01","BE255","Arr. Oostende","2024","3","nearest-strategic-centre-draft"
"BE-01","BE256","Arr. Roeselare","2024","3","nearest-strategic-centre-draft"
"BE-01","BE257","Arr. Tielt","2024","3","nearest-strategic-centre-draft"
"BE-01","BE258","Arr. Veurne","2024","3","nearest-strategic-centre-draft"
"BE-01","BE310","Arr. Nivelles","2024","3","nearest-strategic-centre-draft"
"BE-01","BE323","Arr. Mons","2024","3","nearest-strategic-centre-draft"
"BE-01","BE328","Arr. Tournai-Mouscron","2024","3","nearest-strategic-centre-draft"
"BE-01","BE329","Arr. La Louvière","2024","3","nearest-strategic-centre-draft"
"BE-01","BE32A","Arr. Ath","2024","3","nearest-strategic-centre-draft"
"BE-01","BE32C","Arr. Soignies","2024","3","nearest-strategic-centre-draft"
"BE-02","BE223","Arr. Tongeren","2024","3","nearest-strategic-centre-draft"
"BE-02","BE224","Arr. Hasselt","2024","3","nearest-strategic-centre-draft"
"BE-02","BE225","Arr. Maaseik","2024","3","nearest-strategic-centre-draft"
"BE-02","BE32B","Arr. Charleroi","2024","3","nearest-strategic-centre-draft"
"BE-02","BE32D","Arr. Thuin","2024","3","nearest-strategic-centre-draft"
"BE-02","BE331","Arr. Huy","2024","3","nearest-strategic-centre-draft"
"BE-02","BE332","Arr. Liège","2024","3","nearest-strategic-centre-draft"
"BE-02","BE334","Arr. Waremme","2024","3","nearest-strategic-centre-draft"
"BE-02","BE335","Arr. Verviers — communes francophones","2024","3","nearest-strategic-centre-draft"
"BE-02","BE336","Bezirk Verviers — Deutschsprachige Gemeinschaft","2024","3","nearest-strategic-centre-draft"
"BE-02","BE341","Arr. Arlon","2024","3","nearest-strategic-centre-draft"
"BE-02","BE342","Arr. Bastogne","2024","3","nearest-strategic-centre-draft"
"BE-02","BE343","Arr. Marche-en-Famenne","2024","3","nearest-strategic-centre-draft"
"BE-02","BE344","Arr. Neufchâteau","2024","3","nearest-strategic-centre-draft"
"BE-02","BE345","Arr. Virton","2024","3","nearest-strategic-centre-draft"
"BE-02","BE351","Arr. Dinant","2024","3","nearest-strategic-centre-draft"
"BE-02","BE352","Arr. Namur","2024","3","nearest-strategic-centre-draft"
"BE-02","BE353","Arr. Philippeville","2024","3","nearest-strategic-centre-draft"
"BG-01","BG311","Vidin","2024","3","nearest-strategic-centre-draft"
"BG-01","BG312","Montana","2024","3","nearest-strategic-centre-draft"
"BG-01","BG313","Vratsa","2024","3","nearest-strategic-centre-draft"
"BG-01","BG314","Pleven","2024","3","nearest-strategic-centre-draft"
"BG-01","BG315","Lovech","2024","3","nearest-strategic-centre-draft"
"BG-01","BG322","Gabrovo","2024","3","nearest-strategic-centre-draft"
"BG-01","BG344","Stara Zagora","2024","3","nearest-strategic-centre-draft"
"BG-01","BG411","Sofia (stolitsa)","2024","3","nearest-strategic-centre-draft"
"BG-01","BG412","Sofia","2024","3","nearest-strategic-centre-draft"
"BG-01","BG413","Blagoevgrad","2024","3","nearest-strategic-centre-draft"
"BG-01","BG414","Pernik","2024","3","nearest-strategic-centre-draft"
"BG-01","BG415","Kyustendil","2024","3","nearest-strategic-centre-draft"
"BG-01","BG421","Plovdiv","2024","3","nearest-strategic-centre-draft"
"BG-01","BG423","Pazardzhik","2024","3","nearest-strategic-centre-draft"
"BG-01","BG424","Smolyan","2024","3","nearest-strategic-centre-draft"
"BG-01","BG425","Kardzhali","2024","3","nearest-strategic-centre-draft"
"BG-02","BG321","Veliko Tarnovo","2024","3","nearest-strategic-centre-draft"
"BG-02","BG323","Ruse","2024","3","nearest-strategic-centre-draft"
"BG-02","BG324","Razgrad","2024","3","nearest-strategic-centre-draft"
"BG-02","BG325","Silistra","2024","3","nearest-strategic-centre-draft"
"BG-02","BG331","Varna","2024","3","nearest-strategic-centre-draft"
"BG-02","BG332","Dobrich","2024","3","nearest-strategic-centre-draft"
"BG-02","BG333","Shumen","2024","3","nearest-strategic-centre-draft"
"BG-02","BG334","Targovishte","2024","3","nearest-strategic-centre-draft"
"BG-02","BG341","Burgas","2024","3","nearest-strategic-centre-draft"
"BG-02","BG342","Sliven","2024","3","nearest-strategic-centre-draft"
"BG-02","BG343","Yambol","2024","3","nearest-strategic-centre-draft"
"BG-02","BG422","Haskovo","2024","3","nearest-strategic-centre-draft"
"BY-01","45462678B29468378769629","Brest","2025","1","nearest-strategic-centre-draft"
"BY-01","45462678B41589714648574","Grodno","2025","1","manual-override"
"BY-02","45462678B24636394065255","Vitebsk","2025","1","nearest-strategic-centre-draft"
"BY-02","45462678B52111461583443","Minsk","2025","1","nearest-strategic-centre-draft"
"BY-02","45462678B57724394311820","Minsk City","2025","1","nearest-strategic-centre-draft"
"BY-02","45462678B58682879627750","Mogilev","2025","1","nearest-strategic-centre-draft"
"BY-02","45462678B94500211462696","Gomel","2025","1","nearest-strategic-centre-draft"
"CH-01","CH011","Vaud","2024","3","nearest-strategic-centre-draft"
"CH-01","CH012","Valais / Wallis","2024","3","nearest-strategic-centre-draft"
"CH-01","CH013","Genève","2024","3","nearest-strategic-centre-draft"
"CH-01","CH021","Bern / Berne","2024","3","nearest-strategic-centre-draft"
"CH-01","CH022","Fribourg / Freiburg","2024","3","nearest-strategic-centre-draft"
"CH-01","CH023","Solothurn","2024","3","nearest-strategic-centre-draft"
"CH-01","CH024","Neuchâtel","2024","3","nearest-strategic-centre-draft"
"CH-01","CH025","Jura","2024","3","nearest-strategic-centre-draft"
"CH-01","CH031","Basel-Stadt","2024","3","nearest-strategic-centre-draft"
"CH-01","CH032","Basel-Landschaft","2024","3","nearest-strategic-centre-draft"
"CH-01","CH033","Aargau","2024","3","nearest-strategic-centre-draft"
"CH-01","CH061","Luzern","2024","3","nearest-strategic-centre-draft"
"CH-01","CH064","Obwalden","2024","3","nearest-strategic-centre-draft"
"CH-01","CH065","Nidwalden","2024","3","nearest-strategic-centre-draft"
"CH-01","CH066","Zug","2024","3","nearest-strategic-centre-draft"
"CH-02","CH040","Zürich","2024","3","nearest-strategic-centre-draft"
"CH-02","CH051","Glarus","2024","3","nearest-strategic-centre-draft"
"CH-02","CH052","Schaffhausen","2024","3","nearest-strategic-centre-draft"
"CH-02","CH053","Appenzell Ausserrhoden","2024","3","nearest-strategic-centre-draft"
"CH-02","CH054","Appenzell Innerrhoden","2024","3","nearest-strategic-centre-draft"
"CH-02","CH055","St. Gallen","2024","3","nearest-strategic-centre-draft"
"CH-02","CH056","Graubünden / Grigioni / Grischun","2024","3","nearest-strategic-centre-draft"
"CH-02","CH057","Thurgau","2024","3","nearest-strategic-centre-draft"
"CH-02","CH062","Uri","2024","3","nearest-strategic-centre-draft"
"CH-02","CH063","Schwyz","2024","3","nearest-strategic-centre-draft"
"CH-02","CH070","Ticino","2024","3","nearest-strategic-centre-draft"
"CY-01","CY000","Kýpros","2024","3","nearest-strategic-centre-draft"
"CZ-01","CZ010","Hlavní město Praha","2024","3","nearest-strategic-centre-draft"
"CZ-01","CZ020","Středočeský kraj","2024","3","nearest-strategic-centre-draft"
"CZ-01","CZ031","Jihočeský kraj","2024","3","nearest-strategic-centre-draft"
"CZ-01","CZ032","Plzeňský kraj","2024","3","nearest-strategic-centre-draft"
"CZ-01","CZ041","Karlovarský kraj","2024","3","nearest-strategic-centre-draft"
"CZ-01","CZ042","Ústecký kraj","2024","3","nearest-strategic-centre-draft"
"CZ-01","CZ051","Liberecký kraj","2024","3","nearest-strategic-centre-draft"
"CZ-01","CZ052","Královéhradecký kraj","2024","3","nearest-strategic-centre-draft"
"CZ-02","CZ053","Pardubický kraj","2024","3","nearest-strategic-centre-draft"
"CZ-02","CZ063","Kraj Vysočina","2024","3","nearest-strategic-centre-draft"
"CZ-02","CZ064","Jihomoravský kraj","2024","3","nearest-strategic-centre-draft"
"CZ-02","CZ071","Olomoucký kraj","2024","3","nearest-strategic-centre-draft"
"CZ-02","CZ072","Zlínský kraj","2024","3","nearest-strategic-centre-draft"
"CZ-02","CZ080","Moravskoslezský kraj","2024","3","nearest-strategic-centre-draft"
"DE-01","DE501","Bremen, Kreisfreie Stadt","2024","3","nearest-strategic-centre-draft"
"DE-01","DE502","Bremerhaven, Kreisfreie Stadt","2024","3","nearest-strategic-centre-draft"
"DE-01","DE600","Hamburg","2024","3","nearest-strategic-centre-draft"
"DE-01","DE803","Rostock, Kreisfreie Stadt","2024","3","nearest-strategic-centre-draft"
"DE-01","DE804","Schwerin, Kreisfreie Stadt","2024","3","nearest-strategic-centre-draft"
"DE-01","DE80K","Landkreis Rostock","2024","3","nearest-strategic-centre-draft"
"DE-01","DE80M","Nordwestmecklenburg","2024","3","nearest-strategic-centre-draft"
"DE-01","DE80O","Ludwigslust-Parchim","2024","3","nearest-strategic-centre-draft"
"DE-01","DE911","Braunschweig, Kreisfreie Stadt","2024","3","nearest-strategic-centre-draft"
"DE-01","DE912","Salzgitter, Kreisfreie Stadt","2024","3","nearest-strategic-centre-draft"
"DE-01","DE913","Wolfsburg, Kreisfreie Stadt","2024","3","nearest-strategic-centre-draft"
"DE-01","DE914","Gifhorn","2024","3","nearest-strategic-centre-draft"
"DE-01","DE916","Goslar","2024","3","nearest-strategic-centre-draft"
"DE-01","DE917","Helmstedt","2024","3","nearest-strategic-centre-draft"
"DE-01","DE91A","Peine","2024","3","nearest-strategic-centre-draft"
"DE-01","DE91B","Wolfenbüttel","2024","3","nearest-strategic-centre-draft"
"DE-01","DE922","Diepholz","2024","3","nearest-strategic-centre-draft"
"DE-01","DE923","Hameln-Pyrmont","2024","3","nearest-strategic-centre-draft"
"DE-01","DE925","Hildesheim","2024","3","nearest-strategic-centre-draft"
"DE-01","DE926","Holzminden","2024","3","nearest-strategic-centre-draft"
"DE-01","DE927","Nienburg (Weser)","2024","3","nearest-strategic-centre-draft"
"DE-01","DE928","Schaumburg","2024","3","nearest-strategic-centre-draft"
"DE-01","DE929","Region Hannover","2024","3","nearest-strategic-centre-draft"
"DE-01","DE931","Celle","2024","3","nearest-strategic-centre-draft"
"DE-01","DE932","Cuxhaven","2024","3","nearest-strategic-centre-draft"
"DE-01","DE933","Harburg","2024","3","nearest-strategic-centre-draft"
"DE-01","DE934","Lüchow-Dannenberg","2024","3","nearest-strategic-centre-draft"
"DE-01","DE935","Lüneburg, Landkreis","2024","3","nearest-strategic-centre-draft"
"DE-01","DE936","Osterholz","2024","3","nearest-strategic-centre-draft"
"DE-01","DE937","Rotenburg (Wümme)","2024","3","nearest-strategic-centre-draft"
"DE-01","DE938","Heidekreis","2024","3","nearest-strategic-centre-draft"
"DE-01","DE939","Stade","2024","3","nearest-strategic-centre-draft"
"DE-01","DE93A","Uelzen","2024","3","nearest-strategic-centre-draft"
"DE-01","DE93B","Verden","2024","3","nearest-strategic-centre-draft"
"DE-01","DE941","Delmenhorst, Kreisfreie Stadt","2024","3","nearest-strategic-centre-draft"
"DE-01","DE942","Emden, Kreisfreie Stadt","2024","3","nearest-strategic-centre-draft"
"DE-01","DE943","Oldenburg (Oldenburg), Kreisfreie Stadt","2024","3","nearest-strategic-centre-draft"
"DE-01","DE945","Wilhelmshaven, Kreisfreie Stadt","2024","3","nearest-strategic-centre-draft"
"DE-01","DE946","Ammerland","2024","3","nearest-strategic-centre-draft"
"DE-01","DE947","Aurich","2024","3","nearest-strategic-centre-draft"
"DE-01","DE948","Cloppenburg","2024","3","nearest-strategic-centre-draft"
"DE-01","DE94A","Friesland (DE)","2024","3","nearest-strategic-centre-draft"
"DE-01","DE94C","Leer","2024","3","nearest-strategic-centre-draft"
"DE-01","DE94D","Oldenburg, Landkreis","2024","3","nearest-strategic-centre-draft"
"DE-01","DE94F","Vechta","2024","3","nearest-strategic-centre-draft"
"DE-01","DE94G","Wesermarsch","2024","3","nearest-strategic-centre-draft"
"DE-01","DE94H","Wittmund","2024","3","nearest-strategic-centre-draft"
"DE-01","DEA46","Minden-Lübbecke","2024","3","nearest-strategic-centre-draft"
"DE-01","DEE04","Altmarkkreis Salzwedel","2024","3","nearest-strategic-centre-draft"
"DE-01","DEF01","Flensburg, Kreisfreie Stadt","2024","3","nearest-strategic-centre-draft"
"DE-01","DEF02","Kiel, Kreisfreie Stadt","2024","3","nearest-strategic-centre-draft"
"DE-01","DEF03","Lübeck, Kreisfreie Stadt","2024","3","nearest-strategic-centre-draft"
"DE-01","DEF04","Neumünster, Kreisfreie Stadt","2024","3","nearest-strategic-centre-draft"
"DE-01","DEF05","Dithmarschen","2024","3","nearest-strategic-centre-draft"
"DE-01","DEF06","Herzogtum Lauenburg","2024","3","nearest-strategic-centre-draft"
"DE-01","DEF07","Nordfriesland","2024","3","nearest-strategic-centre-draft"
"DE-01","DEF08","Ostholstein","2024","3","nearest-strategic-centre-draft"
"DE-01","DEF09","Pinneberg","2024","3","nearest-strategic-centre-draft"
"DE-01","DEF0A","Plön","2024","3","nearest-strategic-centre-draft"
"DE-01","DEF0B","Rendsburg-Eckernförde","2024","3","nearest-strategic-centre-draft"
"DE-01","DEF0C","Schleswig-Flensburg","2024","3","nearest-strategic-centre-draft"
"DE-01","DEF0D","Segeberg","2024","3","nearest-strategic-centre-draft"
"DE-01","DEF0E","Steinburg","2024","3","nearest-strategic-centre-draft"
"DE-01","DEF0F","Stormarn","2024","3","nearest-strategic-centre-draft"
"DE-02","DE944","Osnabrück, Kreisfreie Stadt","2024","3","nearest-strategic-centre-draft"
"DE-02","DE949","Emsland","2024","3","nearest-strategic-centre-draft"
"DE-02","DE94B","Grafschaft Bentheim","2024","3","nearest-strategic-centre-draft"
"DE-02","DE94E","Osnabrück, Landkreis","2024","3","nearest-strategic-centre-draft"
"DE-02","DEA11","Düsseldorf, Kreisfreie Stadt","2024","3","nearest-strategic-centre-draft"
"DE-02","DEA12","Duisburg, Kreisfreie Stadt","2024","3","nearest-strategic-centre-draft"
"DE-02","DEA13","Essen, Kreisfreie Stadt","2024","3","nearest-strategic-centre-draft"
"DE-02","DEA14","Krefeld, Kreisfreie Stadt","2024","3","nearest-strategic-centre-draft"
"DE-02","DEA15","Mönchengladbach, Kreisfreie Stadt","2024","3","nearest-strategic-centre-draft"
"DE-02","DEA16","Mülheim an der Ruhr, Kreisfreie Stadt","2024","3","nearest-strategic-centre-draft"
"DE-02","DEA17","Oberhausen, Kreisfreie Stadt","2024","3","nearest-strategic-centre-draft"
"DE-02","DEA18","Remscheid, Kreisfreie Stadt","2024","3","nearest-strategic-centre-draft"
"DE-02","DEA19","Solingen, Kreisfreie Stadt","2024","3","nearest-strategic-centre-draft"
"DE-02","DEA1A","Wuppertal, Kreisfreie Stadt","2024","3","nearest-strategic-centre-draft"
"DE-02","DEA1B","Kleve","2024","3","nearest-strategic-centre-draft"
"DE-02","DEA1C","Mettmann","2024","3","nearest-strategic-centre-draft"
"DE-02","DEA1D","Rhein-Kreis Neuss","2024","3","nearest-strategic-centre-draft"
"DE-02","DEA1E","Viersen","2024","3","nearest-strategic-centre-draft"
"DE-02","DEA1F","Wesel","2024","3","nearest-strategic-centre-draft"
"DE-02","DEA22","Bonn, Kreisfreie Stadt","2024","3","nearest-strategic-centre-draft"
"DE-02","DEA23","Köln, Kreisfreie Stadt","2024","3","nearest-strategic-centre-draft"
"DE-02","DEA24","Leverkusen, Kreisfreie Stadt","2024","3","nearest-strategic-centre-draft"
"DE-02","DEA26","Düren","2024","3","nearest-strategic-centre-draft"
"DE-02","DEA27","Rhein-Erft-Kreis","2024","3","nearest-strategic-centre-draft"
"DE-02","DEA28","Euskirchen","2024","3","nearest-strategic-centre-draft"
"DE-02","DEA29","Heinsberg","2024","3","nearest-strategic-centre-draft"
"DE-02","DEA2A","Oberbergischer Kreis","2024","3","nearest-strategic-centre-draft"
"DE-02","DEA2B","Rheinisch-Bergischer Kreis","2024","3","nearest-strategic-centre-draft"
"DE-02","DEA2C","Rhein-Sieg-Kreis","2024","3","nearest-strategic-centre-draft"
"DE-02","DEA2D","Städteregion Aachen","2024","3","nearest-strategic-centre-draft"
"DE-02","DEA31","Bottrop, Kreisfreie Stadt","2024","3","nearest-strategic-centre-draft"
"DE-02","DEA32","Gelsenkirchen, Kreisfreie Stadt","2024","3","nearest-strategic-centre-draft"
"DE-02","DEA33","Münster, Kreisfreie Stadt","2024","3","nearest-strategic-centre-draft"
"DE-02","DEA34","Borken","2024","3","nearest-strategic-centre-draft"
"DE-02","DEA35","Coesfeld","2024","3","nearest-strategic-centre-draft"
"DE-02","DEA36","Recklinghausen","2024","3","nearest-strategic-centre-draft"
"DE-02","DEA37","Steinfurt","2024","3","nearest-strategic-centre-draft"
"DE-02","DEA38","Warendorf","2024","3","nearest-strategic-centre-draft"
"DE-02","DEA41","Bielefeld, Kreisfreie Stadt","2024","3","nearest-strategic-centre-draft"
"DE-02","DEA42","Gütersloh","2024","3","nearest-strategic-centre-draft"
"DE-02","DEA43","Herford","2024","3","nearest-strategic-centre-draft"
"DE-02","DEA44","Höxter","2024","3","nearest-strategic-centre-draft"
"DE-02","DEA45","Lippe","2024","3","nearest-strategic-centre-draft"
"DE-02","DEA47","Paderborn","2024","3","nearest-strategic-centre-draft"
"DE-02","DEA51","Bochum, Kreisfreie Stadt","2024","3","nearest-strategic-centre-draft"
"DE-02","DEA52","Dortmund, Kreisfreie Stadt","2024","3","nearest-strategic-centre-draft"
"DE-02","DEA53","Hagen, Kreisfreie Stadt","2024","3","nearest-strategic-centre-draft"
"DE-02","DEA54","Hamm, Kreisfreie Stadt","2024","3","nearest-strategic-centre-draft"
"DE-02","DEA55","Herne, Kreisfreie Stadt","2024","3","nearest-strategic-centre-draft"
"DE-02","DEA56","Ennepe-Ruhr-Kreis","2024","3","nearest-strategic-centre-draft"
"DE-02","DEA57","Hochsauerlandkreis","2024","3","nearest-strategic-centre-draft"
"DE-02","DEA58","Märkischer Kreis","2024","3","nearest-strategic-centre-draft"
"DE-02","DEA59","Olpe","2024","3","nearest-strategic-centre-draft"
"DE-02","DEA5B","Soest","2024","3","nearest-strategic-centre-draft"
"DE-02","DEA5C","Unna","2024","3","nearest-strategic-centre-draft"
"DE-02","DEB12","Ahrweiler","2024","3","nearest-strategic-centre-draft"
"DE-02","DEB13","Altenkirchen (Westerwald)","2024","3","nearest-strategic-centre-draft"
"DE-02","DEB18","Neuwied","2024","3","nearest-strategic-centre-draft"
"DE-02","DEB23","Eifelkreis Bitburg-Prüm","2024","3","nearest-strategic-centre-draft"
"DE-02","DEB24","Vulkaneifel","2024","3","nearest-strategic-centre-draft"
"DE-03","DE11B","Main-Tauber-Kreis","2024","3","nearest-strategic-centre-draft"
"DE-03","DE126","Mannheim, Stadtkreis","2024","3","nearest-strategic-centre-draft"
"DE-03","DE128","Rhein-Neckar-Kreis","2024","3","nearest-strategic-centre-draft"
"DE-03","DE241","Bamberg, Kreisfreie Stadt","2024","3","nearest-strategic-centre-draft"
"DE-03","DE243","Coburg, Kreisfreie Stadt","2024","3","nearest-strategic-centre-draft"
"DE-03","DE244","Hof, Kreisfreie Stadt","2024","3","nearest-strategic-centre-draft"
"DE-03","DE245","Bamberg, Landkreis","2024","3","nearest-strategic-centre-draft"
"DE-03","DE247","Coburg, Landkreis","2024","3","nearest-strategic-centre-draft"
"DE-03","DE249","Hof, Landkreis","2024","3","nearest-strategic-centre-draft"
"DE-03","DE24A","Kronach","2024","3","nearest-strategic-centre-draft"
"DE-03","DE24B","Kulmbach","2024","3","nearest-strategic-centre-draft"
"DE-03","DE24C","Lichtenfels","2024","3","nearest-strategic-centre-draft"
"DE-03","DE261","Aschaffenburg, Kreisfreie Stadt","2024","3","nearest-strategic-centre-draft"
"DE-03","DE262","Schweinfurt, Kreisfreie Stadt","2024","3","nearest-strategic-centre-draft"
"DE-03","DE263","Würzburg, Kreisfreie Stadt","2024","3","nearest-strategic-centre-draft"
"DE-03","DE264","Aschaffenburg, Landkreis","2024","3","nearest-strategic-centre-draft"
"DE-03","DE265","Bad Kissingen","2024","3","nearest-strategic-centre-draft"
"DE-03","DE266","Rhön-Grabfeld","2024","3","nearest-strategic-centre-draft"
"DE-03","DE267","Haßberge","2024","3","nearest-strategic-centre-draft"
"DE-03","DE268","Kitzingen","2024","3","nearest-strategic-centre-draft"
"DE-03","DE269","Miltenberg","2024","3","nearest-strategic-centre-draft"
"DE-03","DE26A","Main-Spessart","2024","3","nearest-strategic-centre-draft"
"DE-03","DE26B","Schweinfurt, Landkreis","2024","3","nearest-strategic-centre-draft"
"DE-03","DE26C","Würzburg, Landkreis","2024","3","nearest-strategic-centre-draft"
"DE-03","DE711","Darmstadt, Kreisfreie Stadt","2024","3","nearest-strategic-centre-draft"
"DE-03","DE712","Frankfurt am Main, Kreisfreie Stadt","2024","3","nearest-strategic-centre-draft"
"DE-03","DE713","Offenbach am Main, Kreisfreie Stadt","2024","3","nearest-strategic-centre-draft"
"DE-03","DE714","Wiesbaden, Kreisfreie Stadt","2024","3","nearest-strategic-centre-draft"
"DE-03","DE715","Bergstraße","2024","3","nearest-strategic-centre-draft"
"DE-03","DE716","Darmstadt-Dieburg","2024","3","nearest-strategic-centre-draft"
"DE-03","DE717","Groß-Gerau","2024","3","nearest-strategic-centre-draft"
"DE-03","DE718","Hochtaunuskreis","2024","3","nearest-strategic-centre-draft"
"DE-03","DE719","Main-Kinzig-Kreis","2024","3","nearest-strategic-centre-draft"
"DE-03","DE71A","Main-Taunus-Kreis","2024","3","nearest-strategic-centre-draft"
"DE-03","DE71B","Odenwaldkreis","2024","3","nearest-strategic-centre-draft"
"DE-03","DE71C","Offenbach, Landkreis","2024","3","nearest-strategic-centre-draft"
"DE-03","DE71D","Rheingau-Taunus-Kreis","2024","3","nearest-strategic-centre-draft"
"DE-03","DE71E","Wetteraukreis","2024","3","nearest-strategic-centre-draft"
"DE-03","DE721","Gießen, Landkreis","2024","3","nearest-strategic-centre-draft"
"DE-03","DE722","Lahn-Dill-Kreis","2024","3","nearest-strategic-centre-draft"
"DE-03","DE723","Limburg-Weilburg","2024","3","nearest-strategic-centre-draft"
"DE-03","DE724","Marburg-Biedenkopf","2024","3","nearest-strategic-centre-draft"
"DE-03","DE725","Vogelsbergkreis","2024","3","nearest-strategic-centre-draft"
"DE-03","DE731","Kassel, Kreisfreie Stadt","2024","3","nearest-strategic-centre-draft"
"DE-03","DE732","Fulda","2024","3","nearest-strategic-centre-draft"
"DE-03","DE733","Hersfeld-Rotenburg","2024","3","nearest-strategic-centre-draft"
"DE-03","DE734","Kassel, Landkreis","2024","3","nearest-strategic-centre-draft"
"DE-03","DE735","Schwalm-Eder-Kreis","2024","3","nearest-strategic-centre-draft"
"DE-03","DE736","Waldeck-Frankenberg","2024","3","nearest-strategic-centre-draft"
"DE-03","DE737","Werra-Meißner-Kreis","2024","3","nearest-strategic-centre-draft"
"DE-03","DE918","Northeim","2024","3","nearest-strategic-centre-draft"
"DE-03","DE91C","Göttingen","2024","3","nearest-strategic-centre-draft"
"DE-03","DEA5A","Siegen-Wittgenstein","2024","3","nearest-strategic-centre-draft"
"DE-03","DEB11","Koblenz, Kreisfreie Stadt","2024","3","nearest-strategic-centre-draft"
"DE-03","DEB14","Bad Kreuznach","2024","3","nearest-strategic-centre-draft"
"DE-03","DEB15","Birkenfeld","2024","3","nearest-strategic-centre-draft"
"DE-03","DEB17","Mayen-Koblenz","2024","3","nearest-strategic-centre-draft"
"DE-03","DEB1A","Rhein-Lahn-Kreis","2024","3","nearest-strategic-centre-draft"
"DE-03","DEB1B","Westerwaldkreis","2024","3","nearest-strategic-centre-draft"
"DE-03","DEB1C","Cochem-Zell","2024","3","nearest-strategic-centre-draft"
"DE-03","DEB1D","Rhein-Hunsrück-Kreis","2024","3","nearest-strategic-centre-draft"
"DE-03","DEB21","Trier, Kreisfreie Stadt","2024","3","nearest-strategic-centre-draft"
"DE-03","DEB22","Bernkastel-Wittlich","2024","3","nearest-strategic-centre-draft"
"DE-03","DEB25","Trier-Saarburg","2024","3","nearest-strategic-centre-draft"
"DE-03","DEB31","Frankenthal (Pfalz), Kreisfreie Stadt","2024","3","nearest-strategic-centre-draft"
"DE-03","DEB32","Kaiserslautern, Kreisfreie Stadt","2024","3","nearest-strategic-centre-draft"
"DE-03","DEB34","Ludwigshafen am Rhein, Kreisfreie Stadt","2024","3","nearest-strategic-centre-draft"
"DE-03","DEB35","Mainz, Kreisfreie Stadt","2024","3","nearest-strategic-centre-draft"
"DE-03","DEB36","Neustadt an der Weinstraße, Kreisfreie Stadt","2024","3","nearest-strategic-centre-draft"
"DE-03","DEB39","Worms, Kreisfreie Stadt","2024","3","nearest-strategic-centre-draft"
"DE-03","DEB3A","Zweibrücken, Kreisfreie Stadt","2024","3","nearest-strategic-centre-draft"
"DE-03","DEB3B","Alzey-Worms","2024","3","nearest-strategic-centre-draft"
"DE-03","DEB3C","Bad Dürkheim","2024","3","nearest-strategic-centre-draft"
"DE-03","DEB3D","Donnersbergkreis","2024","3","nearest-strategic-centre-draft"
"DE-03","DEB3F","Kaiserslautern, Landkreis","2024","3","nearest-strategic-centre-draft"
"DE-03","DEB3G","Kusel","2024","3","nearest-strategic-centre-draft"
"DE-03","DEB3I","Rhein-Pfalz-Kreis","2024","3","nearest-strategic-centre-draft"
"DE-03","DEB3J","Mainz-Bingen","2024","3","nearest-strategic-centre-draft"
"DE-03","DEB3K","Südwestpfalz","2024","3","nearest-strategic-centre-draft"
"DE-03","DEC01","Regionalverband Saarbrücken","2024","3","nearest-strategic-centre-draft"
"DE-03","DEC02","Merzig-Wadern","2024","3","nearest-strategic-centre-draft"
"DE-03","DEC03","Neunkirchen","2024","3","nearest-strategic-centre-draft"
"DE-03","DEC04","Saarlouis","2024","3","nearest-strategic-centre-draft"
"DE-03","DEC05","Saarpfalz-Kreis","2024","3","nearest-strategic-centre-draft"
"DE-03","DEC06","St. Wendel","2024","3","nearest-strategic-centre-draft"
"DE-03","DEG01","Erfurt, Kreisfreie Stadt","2024","3","nearest-strategic-centre-draft"
"DE-03","DEG05","Weimar, Kreisfreie Stadt","2024","3","nearest-strategic-centre-draft"
"DE-03","DEG06","Eichsfeld","2024","3","nearest-strategic-centre-draft"
"DE-03","DEG07","Nordhausen","2024","3","nearest-strategic-centre-draft"
"DE-03","DEG09","Unstrut-Hainich-Kreis","2024","3","nearest-strategic-centre-draft"
"DE-03","DEG0C","Gotha","2024","3","nearest-strategic-centre-draft"
"DE-03","DEG0D","Sömmerda","2024","3","nearest-strategic-centre-draft"
"DE-03","DEG0E","Hildburghausen","2024","3","nearest-strategic-centre-draft"
"DE-03","DEG0G","Weimarer Land","2024","3","nearest-strategic-centre-draft"
"DE-03","DEG0K","Saale-Orla-Kreis","2024","3","nearest-strategic-centre-draft"
"DE-03","DEG0Q","Schmalkalden-Meiningen","2024","3","nearest-strategic-centre-draft"
"DE-03","DEG0R","Wartburgkreis","2024","3","nearest-strategic-centre-draft"
"DE-03","DEG0S","Suhl, Kreisfreie Stadt","2024","3","nearest-strategic-centre-draft"
"DE-03","DEG0T","Ilm-Kreis","2024","3","nearest-strategic-centre-draft"
"DE-03","DEG0U","Saalfeld-Rudolstadt","2024","3","nearest-strategic-centre-draft"
"DE-03","DEG0V","Sonneberg","2024","3","nearest-strategic-centre-draft"
"DE-04","DE300","Berlin","2024","3","nearest-strategic-centre-draft"
"DE-04","DE401","Brandenburg an der Havel, Kreisfreie Stadt","2024","3","nearest-strategic-centre-draft"
"DE-04","DE402","Cottbus, Kreisfreie Stadt","2024","3","nearest-strategic-centre-draft"
"DE-04","DE403","Frankfurt (Oder), Kreisfreie Stadt","2024","3","nearest-strategic-centre-draft"
"DE-04","DE404","Potsdam, Kreisfreie Stadt","2024","3","nearest-strategic-centre-draft"
"DE-04","DE405","Barnim","2024","3","nearest-strategic-centre-draft"
"DE-04","DE406","Dahme-Spreewald","2024","3","nearest-strategic-centre-draft"
"DE-04","DE407","Elbe-Elster","2024","3","nearest-strategic-centre-draft"
"DE-04","DE408","Havelland","2024","3","nearest-strategic-centre-draft"
"DE-04","DE409","Märkisch-Oderland","2024","3","nearest-strategic-centre-draft"
"DE-04","DE40A","Oberhavel","2024","3","nearest-strategic-centre-draft"
"DE-04","DE40B","Oberspreewald-Lausitz","2024","3","nearest-strategic-centre-draft"
"DE-04","DE40C","Oder-Spree","2024","3","nearest-strategic-centre-draft"
"DE-04","DE40D","Ostprignitz-Ruppin","2024","3","nearest-strategic-centre-draft"
"DE-04","DE40E","Potsdam-Mittelmark","2024","3","nearest-strategic-centre-draft"
"DE-04","DE40F","Prignitz","2024","3","nearest-strategic-centre-draft"
"DE-04","DE40G","Spree-Neiße","2024","3","nearest-strategic-centre-draft"
"DE-04","DE40H","Teltow-Fläming","2024","3","nearest-strategic-centre-draft"
"DE-04","DE40I","Uckermark","2024","3","nearest-strategic-centre-draft"
"DE-04","DE80J","Mecklenburgische Seenplatte","2024","3","nearest-strategic-centre-draft"
"DE-04","DE80L","Vorpommern-Rügen","2024","3","nearest-strategic-centre-draft"
"DE-04","DE80N","Vorpommern-Greifswald","2024","3","nearest-strategic-centre-draft"
"DE-04","DED21","Dresden, Kreisfreie Stadt","2024","3","nearest-strategic-centre-draft"
"DE-04","DED2C","Bautzen","2024","3","nearest-strategic-centre-draft"
"DE-04","DED2D","Görlitz","2024","3","nearest-strategic-centre-draft"
"DE-04","DED2E","Meißen","2024","3","nearest-strategic-centre-draft"
"DE-04","DED2F","Sächsische Schweiz-Osterzgebirge","2024","3","nearest-strategic-centre-draft"
"DE-04","DED41","Chemnitz, Kreisfreie Stadt","2024","3","nearest-strategic-centre-draft"
"DE-04","DED42","Erzgebirgskreis","2024","3","nearest-strategic-centre-draft"
"DE-04","DED43","Mittelsachsen","2024","3","nearest-strategic-centre-draft"
"DE-04","DED44","Vogtlandkreis","2024","3","nearest-strategic-centre-draft"
"DE-04","DED45","Zwickau","2024","3","nearest-strategic-centre-draft"
"DE-04","DED51","Leipzig, Kreisfreie Stadt","2024","3","nearest-strategic-centre-draft"
"DE-04","DED52","Leipzig","2024","3","nearest-strategic-centre-draft"
"DE-04","DED53","Nordsachsen","2024","3","nearest-strategic-centre-draft"
"DE-04","DEE01","Dessau-Roßlau, Kreisfreie Stadt","2024","3","nearest-strategic-centre-draft"
"DE-04","DEE02","Halle (Saale), Kreisfreie Stadt","2024","3","nearest-strategic-centre-draft"
"DE-04","DEE03","Magdeburg, Kreisfreie Stadt","2024","3","nearest-strategic-centre-draft"
"DE-04","DEE05","Anhalt-Bitterfeld","2024","3","nearest-strategic-centre-draft"
"DE-04","DEE06","Jerichower Land","2024","3","nearest-strategic-centre-draft"
"DE-04","DEE07","Börde","2024","3","nearest-strategic-centre-draft"
"DE-04","DEE08","Burgenlandkreis","2024","3","nearest-strategic-centre-draft"
"DE-04","DEE09","Harz","2024","3","nearest-strategic-centre-draft"
"DE-04","DEE0A","Mansfeld-Südharz","2024","3","nearest-strategic-centre-draft"
"DE-04","DEE0B","Saalekreis","2024","3","nearest-strategic-centre-draft"
"DE-04","DEE0C","Salzlandkreis","2024","3","nearest-strategic-centre-draft"
"DE-04","DEE0D","Stendal","2024","3","nearest-strategic-centre-draft"
"DE-04","DEE0E","Wittenberg","2024","3","nearest-strategic-centre-draft"
"DE-04","DEG02","Gera, Kreisfreie Stadt","2024","3","nearest-strategic-centre-draft"
"DE-04","DEG03","Jena, Kreisfreie Stadt","2024","3","nearest-strategic-centre-draft"
"DE-04","DEG0A","Kyffhäuserkreis","2024","3","nearest-strategic-centre-draft"
"DE-04","DEG0J","Saale-Holzland-Kreis","2024","3","nearest-strategic-centre-draft"
"DE-04","DEG0L","Greiz","2024","3","nearest-strategic-centre-draft"
"DE-04","DEG0M","Altenburger Land","2024","3","nearest-strategic-centre-draft"
"DE-05","DE111","Stuttgart, Stadtkreis","2024","3","nearest-strategic-centre-draft"
"DE-05","DE112","Böblingen","2024","3","nearest-strategic-centre-draft"
"DE-05","DE113","Esslingen","2024","3","nearest-strategic-centre-draft"
"DE-05","DE114","Göppingen","2024","3","nearest-strategic-centre-draft"
"DE-05","DE115","Ludwigsburg","2024","3","nearest-strategic-centre-draft"
"DE-05","DE116","Rems-Murr-Kreis","2024","3","nearest-strategic-centre-draft"
"DE-05","DE117","Heilbronn, Stadtkreis","2024","3","nearest-strategic-centre-draft"
"DE-05","DE118","Heilbronn, Landkreis","2024","3","nearest-strategic-centre-draft"
"DE-05","DE119","Hohenlohekreis","2024","3","nearest-strategic-centre-draft"
"DE-05","DE11A","Schwäbisch Hall","2024","3","nearest-strategic-centre-draft"
"DE-05","DE11C","Heidenheim","2024","3","nearest-strategic-centre-draft"
"DE-05","DE11D","Ostalbkreis","2024","3","nearest-strategic-centre-draft"
"DE-05","DE121","Baden-Baden, Stadtkreis","2024","3","nearest-strategic-centre-draft"
"DE-05","DE122","Karlsruhe, Stadtkreis","2024","3","nearest-strategic-centre-draft"
"DE-05","DE123","Karlsruhe, Landkreis","2024","3","nearest-strategic-centre-draft"
"DE-05","DE124","Rastatt","2024","3","nearest-strategic-centre-draft"
"DE-05","DE125","Heidelberg, Stadtkreis","2024","3","nearest-strategic-centre-draft"
"DE-05","DE127","Neckar-Odenwald-Kreis","2024","3","nearest-strategic-centre-draft"
"DE-05","DE129","Pforzheim, Stadtkreis","2024","3","nearest-strategic-centre-draft"
"DE-05","DE12A","Calw","2024","3","nearest-strategic-centre-draft"
"DE-05","DE12B","Enzkreis","2024","3","nearest-strategic-centre-draft"
"DE-05","DE12C","Freudenstadt","2024","3","nearest-strategic-centre-draft"
"DE-05","DE131","Freiburg im Breisgau, Stadtkreis","2024","3","nearest-strategic-centre-draft"
"DE-05","DE132","Breisgau-Hochschwarzwald","2024","3","nearest-strategic-centre-draft"
"DE-05","DE133","Emmendingen","2024","3","nearest-strategic-centre-draft"
"DE-05","DE134","Ortenaukreis","2024","3","nearest-strategic-centre-draft"
"DE-05","DE135","Rottweil","2024","3","nearest-strategic-centre-draft"
"DE-05","DE136","Schwarzwald-Baar-Kreis","2024","3","nearest-strategic-centre-draft"
"DE-05","DE137","Tuttlingen","2024","3","nearest-strategic-centre-draft"
"DE-05","DE138","Konstanz","2024","3","nearest-strategic-centre-draft"
"DE-05","DE139","Lörrach","2024","3","nearest-strategic-centre-draft"
"DE-05","DE13A","Waldshut","2024","3","nearest-strategic-centre-draft"
"DE-05","DE141","Reutlingen","2024","3","nearest-strategic-centre-draft"
"DE-05","DE142","Tübingen, Landkreis","2024","3","nearest-strategic-centre-draft"
"DE-05","DE143","Zollernalbkreis","2024","3","nearest-strategic-centre-draft"
"DE-05","DE144","Ulm, Stadtkreis","2024","3","nearest-strategic-centre-draft"
"DE-05","DE145","Alb-Donau-Kreis","2024","3","nearest-strategic-centre-draft"
"DE-05","DE146","Biberach","2024","3","nearest-strategic-centre-draft"
"DE-05","DE147","Bodenseekreis","2024","3","nearest-strategic-centre-draft"
"DE-05","DE148","Ravensburg","2024","3","nearest-strategic-centre-draft"
"DE-05","DE149","Sigmaringen","2024","3","nearest-strategic-centre-draft"
"DE-05","DE248","Forchheim","2024","3","nearest-strategic-centre-draft"
"DE-05","DE251","Ansbach, Kreisfreie Stadt","2024","3","nearest-strategic-centre-draft"
"DE-05","DE252","Erlangen, Kreisfreie Stadt","2024","3","nearest-strategic-centre-draft"
"DE-05","DE253","Fürth, Kreisfreie Stadt","2024","3","nearest-strategic-centre-draft"
"DE-05","DE256","Ansbach, Landkreis","2024","3","nearest-strategic-centre-draft"
"DE-05","DE257","Erlangen-Höchstadt","2024","3","nearest-strategic-centre-draft"
"DE-05","DE258","Fürth, Landkreis","2024","3","nearest-strategic-centre-draft"
"DE-05","DE25A","Neustadt a. d. Aisch-Bad Windsheim","2024","3","nearest-strategic-centre-draft"
"DE-05","DE279","Neu-Ulm","2024","3","nearest-strategic-centre-draft"
"DE-05","DE27A","Lindau (Bodensee)","2024","3","nearest-strategic-centre-draft"
"DE-05","DEB33","Landau in der Pfalz, Kreisfreie Stadt","2024","3","nearest-strategic-centre-draft"
"DE-05","DEB37","Pirmasens, Kreisfreie Stadt","2024","3","nearest-strategic-centre-draft"
"DE-05","DEB38","Speyer, Kreisfreie Stadt","2024","3","nearest-strategic-centre-draft"
"DE-05","DEB3E","Germersheim","2024","3","nearest-strategic-centre-draft"
"DE-05","DEB3H","Südliche Weinstraße","2024","3","nearest-strategic-centre-draft"
"DE-06","DE211","Ingolstadt, Kreisfreie Stadt","2024","3","nearest-strategic-centre-draft"
"DE-06","DE212","München, Kreisfreie Stadt","2024","3","nearest-strategic-centre-draft"
"DE-06","DE213","Rosenheim, Kreisfreie Stadt","2024","3","nearest-strategic-centre-draft"
"DE-06","DE214","Altötting","2024","3","nearest-strategic-centre-draft"
"DE-06","DE215","Berchtesgadener Land","2024","3","nearest-strategic-centre-draft"
"DE-06","DE216","Bad Tölz-Wolfratshausen","2024","3","nearest-strategic-centre-draft"
"DE-06","DE217","Dachau","2024","3","nearest-strategic-centre-draft"
"DE-06","DE218","Ebersberg","2024","3","nearest-strategic-centre-draft"
"DE-06","DE219","Eichstätt","2024","3","nearest-strategic-centre-draft"
"DE-06","DE21A","Erding","2024","3","nearest-strategic-centre-draft"
"DE-06","DE21B","Freising","2024","3","nearest-strategic-centre-draft"
"DE-06","DE21C","Fürstenfeldbruck","2024","3","nearest-strategic-centre-draft"
"DE-06","DE21D","Garmisch-Partenkirchen","2024","3","nearest-strategic-centre-draft"
"DE-06","DE21E","Landsberg am Lech","2024","3","nearest-strategic-centre-draft"
"DE-06","DE21F","Miesbach","2024","3","nearest-strategic-centre-draft"
"DE-06","DE21G","Mühldorf a. Inn","2024","3","nearest-strategic-centre-draft"
"DE-06","DE21H","München, Landkreis","2024","3","nearest-strategic-centre-draft"
"DE-06","DE21I","Neuburg-Schrobenhausen","2024","3","nearest-strategic-centre-draft"
"DE-06","DE21J","Pfaffenhofen a. d. Ilm","2024","3","nearest-strategic-centre-draft"
"DE-06","DE21K","Rosenheim, Landkreis","2024","3","nearest-strategic-centre-draft"
"DE-06","DE21L","Starnberg","2024","3","nearest-strategic-centre-draft"
"DE-06","DE21M","Traunstein","2024","3","nearest-strategic-centre-draft"
"DE-06","DE21N","Weilheim-Schongau","2024","3","nearest-strategic-centre-draft"
"DE-06","DE221","Landshut, Kreisfreie Stadt","2024","3","nearest-strategic-centre-draft"
"DE-06","DE222","Passau, Kreisfreie Stadt","2024","3","nearest-strategic-centre-draft"
"DE-06","DE223","Straubing, Kreisfreie Stadt","2024","3","nearest-strategic-centre-draft"
"DE-06","DE224","Deggendorf","2024","3","nearest-strategic-centre-draft"
"DE-06","DE225","Freyung-Grafenau","2024","3","nearest-strategic-centre-draft"
"DE-06","DE226","Kelheim","2024","3","nearest-strategic-centre-draft"
"DE-06","DE227","Landshut, Landkreis","2024","3","nearest-strategic-centre-draft"
"DE-06","DE228","Passau, Landkreis","2024","3","nearest-strategic-centre-draft"
"DE-06","DE229","Regen","2024","3","nearest-strategic-centre-draft"
"DE-06","DE22A","Rottal-Inn","2024","3","nearest-strategic-centre-draft"
"DE-06","DE22B","Straubing-Bogen","2024","3","nearest-strategic-centre-draft"
"DE-06","DE22C","Dingolfing-Landau","2024","3","nearest-strategic-centre-draft"
"DE-06","DE231","Amberg, Kreisfreie Stadt","2024","3","nearest-strategic-centre-draft"
"DE-06","DE232","Regensburg, Kreisfreie Stadt","2024","3","nearest-strategic-centre-draft"
"DE-06","DE233","Weiden i. d. Opf, Kreisfreie Stadt","2024","3","nearest-strategic-centre-draft"
"DE-06","DE234","Amberg-Sulzbach","2024","3","nearest-strategic-centre-draft"
"DE-06","DE235","Cham","2024","3","nearest-strategic-centre-draft"
"DE-06","DE236","Neumarkt i. d. OPf.","2024","3","nearest-strategic-centre-draft"
"DE-06","DE237","Neustadt a. d. Waldnaab","2024","3","nearest-strategic-centre-draft"
"DE-06","DE238","Regensburg, Landkreis","2024","3","nearest-strategic-centre-draft"
"DE-06","DE239","Schwandorf","2024","3","nearest-strategic-centre-draft"
"DE-06","DE23A","Tirschenreuth","2024","3","nearest-strategic-centre-draft"
"DE-06","DE242","Bayreuth, Kreisfreie Stadt","2024","3","nearest-strategic-centre-draft"
"DE-06","DE246","Bayreuth, Landkreis","2024","3","nearest-strategic-centre-draft"
"DE-06","DE24D","Wunsiedel i. Fichtelgebirge","2024","3","nearest-strategic-centre-draft"
"DE-06","DE254","Nürnberg, Kreisfreie Stadt","2024","3","nearest-strategic-centre-draft"
"DE-06","DE255","Schwabach, Kreisfreie Stadt","2024","3","nearest-strategic-centre-draft"
"DE-06","DE259","Nürnberger Land","2024","3","nearest-strategic-centre-draft"
"DE-06","DE25B","Roth","2024","3","nearest-strategic-centre-draft"
"DE-06","DE25C","Weißenburg-Gunzenhausen","2024","3","nearest-strategic-centre-draft"
"DE-06","DE271","Augsburg, Kreisfreie Stadt","2024","3","nearest-strategic-centre-draft"
"DE-06","DE272","Kaufbeuren, Kreisfreie Stadt","2024","3","nearest-strategic-centre-draft"
"DE-06","DE273","Kempten (Allgäu), Kreisfreie Stadt","2024","3","nearest-strategic-centre-draft"
"DE-06","DE274","Memmingen, Kreisfreie Stadt","2024","3","nearest-strategic-centre-draft"
"DE-06","DE275","Aichach-Friedberg","2024","3","nearest-strategic-centre-draft"
"DE-06","DE276","Augsburg, Landkreis","2024","3","nearest-strategic-centre-draft"
"DE-06","DE277","Dillingen a.d. Donau","2024","3","nearest-strategic-centre-draft"
"DE-06","DE278","Günzburg","2024","3","nearest-strategic-centre-draft"
"DE-06","DE27B","Ostallgäu","2024","3","nearest-strategic-centre-draft"
"DE-06","DE27C","Unterallgäu","2024","3","nearest-strategic-centre-draft"
"DE-06","DE27D","Donau-Ries","2024","3","nearest-strategic-centre-draft"
"DE-06","DE27E","Oberallgäu","2024","3","nearest-strategic-centre-draft"
"DK-01","DK031","Fyn","2024","3","nearest-strategic-centre-draft"
"DK-01","DK032","Sydjylland","2024","3","nearest-strategic-centre-draft"
"DK-01","DK041","Vestjylland","2024","3","nearest-strategic-centre-draft"
"DK-01","DK042","Østjylland","2024","3","nearest-strategic-centre-draft"
"DK-01","DK050","Nordjylland","2024","3","nearest-strategic-centre-draft"
"DK-02","DK011","Byen København","2024","3","nearest-strategic-centre-draft"
"DK-02","DK012","Københavns omegn","2024","3","nearest-strategic-centre-draft"
"DK-02","DK013","Nordsjælland","2024","3","nearest-strategic-centre-draft"
"DK-02","DK014","Bornholm","2024","3","nearest-strategic-centre-draft"
"DK-02","DK021","Østsjælland","2024","3","nearest-strategic-centre-draft"
"DK-02","DK022","Vest- og Sydsjælland","2024","3","nearest-strategic-centre-draft"
"EE-01","EE001","Põhja-Eesti","2024","3","nearest-strategic-centre-draft"
"EE-01","EE004","Lääne-Eesti","2024","3","nearest-strategic-centre-draft"
"EE-01","EE008","Lõuna-Eesti","2024","3","nearest-strategic-centre-draft"
"EE-01","EE009","Kesk-Eesti","2024","3","nearest-strategic-centre-draft"
"EE-01","EE00A","Kirde-Eesti","2024","3","nearest-strategic-centre-draft"
"ES-01","ES111","A Coruña","2024","3","nearest-strategic-centre-draft"
"ES-01","ES112","Lugo","2024","3","nearest-strategic-centre-draft"
"ES-01","ES113","Ourense","2024","3","nearest-strategic-centre-draft"
"ES-01","ES114","Pontevedra","2024","3","nearest-strategic-centre-draft"
"ES-01","ES120","Asturias","2024","3","nearest-strategic-centre-draft"
"ES-01","ES413","León","2024","3","nearest-strategic-centre-draft"
"ES-02","ES130","Cantabria","2024","3","nearest-strategic-centre-draft"
"ES-02","ES211","Araba/Álava","2024","3","nearest-strategic-centre-draft"
"ES-02","ES212","Gipuzkoa","2024","3","nearest-strategic-centre-draft"
"ES-02","ES213","Bizkaia","2024","3","nearest-strategic-centre-draft"
"ES-02","ES220","Navarra","2024","3","nearest-strategic-centre-draft"
"ES-02","ES230","La Rioja","2024","3","nearest-strategic-centre-draft"
"ES-02","ES243","Zaragoza","2024","3","nearest-strategic-centre-draft"
"ES-02","ES412","Burgos","2024","3","nearest-strategic-centre-draft"
"ES-02","ES414","Palencia","2024","3","nearest-strategic-centre-draft"
"ES-03","ES241","Huesca","2024","3","nearest-strategic-centre-draft"
"ES-03","ES511","Barcelona","2024","3","nearest-strategic-centre-draft"
"ES-03","ES512","Girona","2024","3","nearest-strategic-centre-draft"
"ES-03","ES513","Lleida","2024","3","nearest-strategic-centre-draft"
"ES-03","ES514","Tarragona","2024","3","nearest-strategic-centre-draft"
"ES-03","ES532","Mallorca","2024","3","nearest-strategic-centre-draft"
"ES-03","ES533","Menorca","2024","3","nearest-strategic-centre-draft"
"ES-04","ES300","Madrid","2024","3","nearest-strategic-centre-draft"
"ES-04","ES411","Ávila","2024","3","nearest-strategic-centre-draft"
"ES-04","ES415","Salamanca","2024","3","nearest-strategic-centre-draft"
"ES-04","ES416","Segovia","2024","3","nearest-strategic-centre-draft"
"ES-04","ES417","Soria","2024","3","nearest-strategic-centre-draft"
"ES-04","ES418","Valladolid","2024","3","nearest-strategic-centre-draft"
"ES-04","ES419","Zamora","2024","3","nearest-strategic-centre-draft"
"ES-04","ES422","Ciudad Real","2024","3","nearest-strategic-centre-draft"
"ES-04","ES423","Cuenca","2024","3","nearest-strategic-centre-draft"
"ES-04","ES424","Guadalajara","2024","3","nearest-strategic-centre-draft"
"ES-04","ES425","Toledo","2024","3","nearest-strategic-centre-draft"
"ES-04","ES432","Cáceres","2024","3","nearest-strategic-centre-draft"
"ES-05","ES242","Teruel","2024","3","nearest-strategic-centre-draft"
"ES-05","ES421","Albacete","2024","3","nearest-strategic-centre-draft"
"ES-05","ES521","Alicante/Alacant","2024","3","nearest-strategic-centre-draft"
"ES-05","ES522","Castellón/Castelló","2024","3","nearest-strategic-centre-draft"
"ES-05","ES523","Valencia/València","2024","3","nearest-strategic-centre-draft"
"ES-05","ES531","Eivissa y Formentera","2024","3","nearest-strategic-centre-draft"
"ES-05","ES620","Murcia","2024","3","nearest-strategic-centre-draft"
"ES-06","ES431","Badajoz","2024","3","nearest-strategic-centre-draft"
"ES-06","ES611","Almería","2024","3","nearest-strategic-centre-draft"
"ES-06","ES612","Cádiz","2024","3","nearest-strategic-centre-draft"
"ES-06","ES613","Córdoba","2024","3","nearest-strategic-centre-draft"
"ES-06","ES614","Granada","2024","3","nearest-strategic-centre-draft"
"ES-06","ES615","Huelva","2024","3","nearest-strategic-centre-draft"
"ES-06","ES616","Jaén","2024","3","nearest-strategic-centre-draft"
"ES-06","ES617","Málaga","2024","3","nearest-strategic-centre-draft"
"ES-06","ES618","Sevilla","2024","3","nearest-strategic-centre-draft"
"ES-06","ES630","Ceuta","2024","3","nearest-strategic-centre-draft"
"ES-06","ES640","Melilla","2024","3","nearest-strategic-centre-draft"
"FI-01","FI1B1","Helsinki-Uusimaa","2024","3","nearest-strategic-centre-draft"
"FI-01","FI1C5","Etelä-Karjala","2024","3","nearest-strategic-centre-draft"
"FI-01","FI1C7","Kymenlaakso","2024","3","nearest-strategic-centre-draft"
"FI-02","FI196","Satakunta","2024","3","nearest-strategic-centre-draft"
"FI-02","FI198","Keski-Suomi","2024","3","nearest-strategic-centre-draft"
"FI-02","FI199","Etelä-Pohjanmaa","2024","3","nearest-strategic-centre-draft"
"FI-02","FI19A","Pohjanmaa","2024","3","nearest-strategic-centre-draft"
"FI-02","FI19B","Pirkanmaa","2024","3","nearest-strategic-centre-draft"
"FI-02","FI1C1","Varsinais-Suomi","2024","3","nearest-strategic-centre-draft"
"FI-02","FI1C2","Kanta-Häme","2024","3","nearest-strategic-centre-draft"
"FI-02","FI1C6","Päijät-Häme","2024","3","nearest-strategic-centre-draft"
"FI-02","FI1D5","Keski-Pohjanmaa","2024","3","nearest-strategic-centre-draft"
"FI-02","FI1DA","Etelä-Savo","2024","3","nearest-strategic-centre-draft"
"FI-02","FI1DB","Pohjois-Savo","2024","3","nearest-strategic-centre-draft"
"FI-02","FI1DC","Pohjois-Karjala","2024","3","nearest-strategic-centre-draft"
"FI-02","FI200","Åland","2024","3","nearest-strategic-centre-draft"
"FI-03","FI1D7","Lappi","2024","3","nearest-strategic-centre-draft"
"FI-03","FI1D8","Kainuu","2024","3","nearest-strategic-centre-draft"
"FI-03","FI1D9","Pohjois-Pohjanmaa","2024","3","nearest-strategic-centre-draft"
"FR-01","FRB04","Indre-et-Loire","2024","3","nearest-strategic-centre-draft"
"FR-01","FRD11","Calvados ","2024","3","nearest-strategic-centre-draft"
"FR-01","FRD12","Manche ","2024","3","nearest-strategic-centre-draft"
"FR-01","FRD13","Orne","2024","3","nearest-strategic-centre-draft"
"FR-01","FRG01","Loire-Atlantique","2024","3","nearest-strategic-centre-draft"
"FR-01","FRG02","Maine-et-Loire","2024","3","nearest-strategic-centre-draft"
"FR-01","FRG03","Mayenne","2024","3","nearest-strategic-centre-draft"
"FR-01","FRG04","Sarthe","2024","3","nearest-strategic-centre-draft"
"FR-01","FRG05","Vendée","2024","3","nearest-strategic-centre-draft"
"FR-01","FRH01","Côtes-d’Armor","2024","3","nearest-strategic-centre-draft"
"FR-01","FRH02","Finistère","2024","3","nearest-strategic-centre-draft"
"FR-01","FRH03","Ille-et-Vilaine","2024","3","nearest-strategic-centre-draft"
"FR-01","FRH04","Morbihan","2024","3","nearest-strategic-centre-draft"
"FR-02","FR101","Paris","2024","3","nearest-strategic-centre-draft"
"FR-02","FR102","Seine-et-Marne ","2024","3","nearest-strategic-centre-draft"
"FR-02","FR103","Yvelines ","2024","3","nearest-strategic-centre-draft"
"FR-02","FR104","Essonne","2024","3","nearest-strategic-centre-draft"
"FR-02","FR105","Hauts-de-Seine ","2024","3","nearest-strategic-centre-draft"
"FR-02","FR106","Seine-Saint-Denis ","2024","3","nearest-strategic-centre-draft"
"FR-02","FR107","Val-de-Marne","2024","3","nearest-strategic-centre-draft"
"FR-02","FR108","Val-d’Oise","2024","3","nearest-strategic-centre-draft"
"FR-02","FRB01","Cher","2024","3","nearest-strategic-centre-draft"
"FR-02","FRB02","Eure-et-Loir","2024","3","nearest-strategic-centre-draft"
"FR-02","FRB03","Indre","2024","3","nearest-strategic-centre-draft"
"FR-02","FRB05","Loir-et-Cher","2024","3","nearest-strategic-centre-draft"
"FR-02","FRB06","Loiret","2024","3","nearest-strategic-centre-draft"
"FR-02","FRC14","Yonne","2024","3","nearest-strategic-centre-draft"
"FR-02","FRD21","Eure","2024","3","nearest-strategic-centre-draft"
"FR-02","FRD22","Seine-Maritime","2024","3","nearest-strategic-centre-draft"
"FR-02","FRE11","Nord","2024","3","nearest-strategic-centre-draft"
"FR-02","FRE12","Pas-de-Calais","2024","3","nearest-strategic-centre-draft"
"FR-02","FRE21","Aisne","2024","3","nearest-strategic-centre-draft"
"FR-02","FRE22","Oise","2024","3","nearest-strategic-centre-draft"
"FR-02","FRE23","Somme","2024","3","nearest-strategic-centre-draft"
"FR-02","FRF21","Ardennes","2024","3","nearest-strategic-centre-draft"
"FR-02","FRF22","Aube","2024","3","nearest-strategic-centre-draft"
"FR-02","FRF23","Marne","2024","3","nearest-strategic-centre-draft"
"FR-03","FRC21","Doubs","2024","3","nearest-strategic-centre-draft"
"FR-03","FRC23","Haute-Saône","2024","3","nearest-strategic-centre-draft"
"FR-03","FRC24","Territoire de Belfort","2024","3","nearest-strategic-centre-draft"
"FR-03","FRF11","Bas-Rhin","2024","3","nearest-strategic-centre-draft"
"FR-03","FRF12","Haut-Rhin","2024","3","nearest-strategic-centre-draft"
"FR-03","FRF24","Haute-Marne","2024","3","nearest-strategic-centre-draft"
"FR-03","FRF31","Meurthe-et-Moselle ","2024","3","nearest-strategic-centre-draft"
"FR-03","FRF32","Meuse ","2024","3","nearest-strategic-centre-draft"
"FR-03","FRF33","Moselle","2024","3","nearest-strategic-centre-draft"
"FR-03","FRF34","Vosges","2024","3","nearest-strategic-centre-draft"
"FR-04","FRI11","Dordogne","2024","3","nearest-strategic-centre-draft"
"FR-04","FRI12","Gironde","2024","3","nearest-strategic-centre-draft"
"FR-04","FRI13","Landes","2024","3","nearest-strategic-centre-draft"
"FR-04","FRI14","Lot-et-Garonne","2024","3","nearest-strategic-centre-draft"
"FR-04","FRI15","Pyrénées-Atlantiques","2024","3","nearest-strategic-centre-draft"
"FR-04","FRI21","Corrèze","2024","3","nearest-strategic-centre-draft"
"FR-04","FRI23","Haute-Vienne","2024","3","nearest-strategic-centre-draft"
"FR-04","FRI31","Charente","2024","3","nearest-strategic-centre-draft"
"FR-04","FRI32","Charente-Maritime","2024","3","nearest-strategic-centre-draft"
"FR-04","FRI33","Deux-Sèvres","2024","3","nearest-strategic-centre-draft"
"FR-04","FRI34","Vienne","2024","3","nearest-strategic-centre-draft"
"FR-04","FRJ21","Ariège","2024","3","nearest-strategic-centre-draft"
"FR-04","FRJ23","Haute-Garonne","2024","3","nearest-strategic-centre-draft"
"FR-04","FRJ24","Gers","2024","3","nearest-strategic-centre-draft"
"FR-04","FRJ25","Lot","2024","3","nearest-strategic-centre-draft"
"FR-04","FRJ26","Hautes-Pyrénées ","2024","3","nearest-strategic-centre-draft"
"FR-04","FRJ27","Tarn","2024","3","nearest-strategic-centre-draft"
"FR-04","FRJ28","Tarn-et-Garonne","2024","3","nearest-strategic-centre-draft"
"FR-05","FRC11","Côte-d’Or","2024","3","nearest-strategic-centre-draft"
"FR-05","FRC12","Nièvre","2024","3","nearest-strategic-centre-draft"
"FR-05","FRC13","Saône-et-Loire","2024","3","nearest-strategic-centre-draft"
"FR-05","FRC22","Jura","2024","3","nearest-strategic-centre-draft"
"FR-05","FRI22","Creuse","2024","3","nearest-strategic-centre-draft"
"FR-05","FRJ14","Lozère","2024","3","nearest-strategic-centre-draft"
"FR-05","FRJ22","Aveyron","2024","3","nearest-strategic-centre-draft"
"FR-05","FRK11","Allier","2024","3","nearest-strategic-centre-draft"
"FR-05","FRK12","Cantal","2024","3","nearest-strategic-centre-draft"
"FR-05","FRK13","Haute-Loire","2024","3","nearest-strategic-centre-draft"
"FR-05","FRK14","Puy-de-Dôme","2024","3","nearest-strategic-centre-draft"
"FR-05","FRK21","Ain","2024","3","nearest-strategic-centre-draft"
"FR-05","FRK22","Ardèche","2024","3","nearest-strategic-centre-draft"
"FR-05","FRK23","Drôme","2024","3","nearest-strategic-centre-draft"
"FR-05","FRK24","Isère","2024","3","nearest-strategic-centre-draft"
"FR-05","FRK25","Loire","2024","3","nearest-strategic-centre-draft"
"FR-05","FRK26","Rhône","2024","3","nearest-strategic-centre-draft"
"FR-05","FRK27","Savoie","2024","3","nearest-strategic-centre-draft"
"FR-05","FRK28","Haute-Savoie","2024","3","nearest-strategic-centre-draft"
"FR-06","FRJ11","Aude","2024","3","nearest-strategic-centre-draft"
"FR-06","FRJ12","Gard","2024","3","nearest-strategic-centre-draft"
"FR-06","FRJ13","Hérault","2024","3","nearest-strategic-centre-draft"
"FR-06","FRJ15","Pyrénées-Orientales","2024","3","nearest-strategic-centre-draft"
"FR-06","FRL01","Alpes-de-Haute-Provence","2024","3","nearest-strategic-centre-draft"
"FR-06","FRL02","Hautes-Alpes ","2024","3","nearest-strategic-centre-draft"
"FR-06","FRL03","Alpes-Maritimes","2024","3","nearest-strategic-centre-draft"
"FR-06","FRL04","Bouches-du-Rhône","2024","3","nearest-strategic-centre-draft"
"FR-06","FRL05","Var","2024","3","nearest-strategic-centre-draft"
"FR-06","FRL06","Vaucluse","2024","3","nearest-strategic-centre-draft"
"FR-06","FRM01","Corse-du-Sud","2024","3","nearest-strategic-centre-draft"
"FR-06","FRM02","Haute-Corse","2024","3","nearest-strategic-centre-draft"
"GB-01","UKC2","Northumberland and Tyne and Wear","2021","2","nearest-strategic-centre-draft"
"GB-01","UKM5","North Eastern Scotland","2021","2","nearest-strategic-centre-draft"
"GB-01","UKM6","Highlands and Islands","2021","2","nearest-strategic-centre-draft"
"GB-01","UKM7","Eastern Scotland","2021","2","nearest-strategic-centre-draft"
"GB-01","UKM8","West Central Scotland","2021","2","nearest-strategic-centre-draft"
"GB-01","UKM9","Southern Scotland","2021","2","nearest-strategic-centre-draft"
"GB-02","UKC1","Tees Valley and Durham","2021","2","nearest-strategic-centre-draft"
"GB-02","UKD1","Cumbria","2021","2","nearest-strategic-centre-draft"
"GB-02","UKD3","Greater Manchester","2021","2","nearest-strategic-centre-draft"
"GB-02","UKD4","Lancashire","2021","2","nearest-strategic-centre-draft"
"GB-02","UKD6","Cheshire","2021","2","nearest-strategic-centre-draft"
"GB-02","UKD7","Merseyside","2021","2","nearest-strategic-centre-draft"
"GB-02","UKE1","East Yorkshire and Northern Lincolnshire","2021","2","nearest-strategic-centre-draft"
"GB-02","UKE2","North Yorkshire","2021","2","nearest-strategic-centre-draft"
"GB-02","UKE3","South Yorkshire","2021","2","nearest-strategic-centre-draft"
"GB-02","UKE4","West Yorkshire","2021","2","nearest-strategic-centre-draft"
"GB-02","UKF1","Derbyshire and Nottinghamshire","2021","2","nearest-strategic-centre-draft"
"GB-03","UKF2","Leicestershire, Rutland and Northamptonshire","2021","2","nearest-strategic-centre-draft"
"GB-03","UKF3","Lincolnshire","2021","2","nearest-strategic-centre-draft"
"GB-03","UKG1","Herefordshire, Worcestershire and Warwickshire","2021","2","nearest-strategic-centre-draft"
"GB-03","UKG2","Shropshire and Staffordshire","2021","2","nearest-strategic-centre-draft"
"GB-03","UKG3","West Midlands","2021","2","nearest-strategic-centre-draft"
"GB-03","UKL2","East Wales","2021","2","nearest-strategic-centre-draft"
"GB-04","UKH1","East Anglia","2021","2","nearest-strategic-centre-draft"
"GB-04","UKH2","Bedfordshire and Hertfordshire","2021","2","nearest-strategic-centre-draft"
"GB-04","UKH3","Essex","2021","2","nearest-strategic-centre-draft"
"GB-04","UKI3","Inner London — West","2021","2","nearest-strategic-centre-draft"
"GB-04","UKI4","Inner London — East","2021","2","nearest-strategic-centre-draft"
"GB-04","UKI5","Outer London — East and North East","2021","2","nearest-strategic-centre-draft"
"GB-04","UKI6","Outer London — South","2021","2","nearest-strategic-centre-draft"
"GB-04","UKI7","Outer London — West and North West","2021","2","nearest-strategic-centre-draft"
"GB-04","UKJ1","Berkshire, Buckinghamshire and Oxfordshire","2021","2","nearest-strategic-centre-draft"
"GB-04","UKJ2","Surrey, East and West Sussex","2021","2","nearest-strategic-centre-draft"
"GB-04","UKJ3","Hampshire and Isle of Wight","2021","2","nearest-strategic-centre-draft"
"GB-04","UKJ4","Kent","2021","2","nearest-strategic-centre-draft"
"GB-05","UKK1","Gloucestershire, Wiltshire and Bristol/Bath area","2021","2","nearest-strategic-centre-draft"
"GB-05","UKK2","Dorset and Somerset","2021","2","nearest-strategic-centre-draft"
"GB-05","UKK3","Cornwall and Isles of Scilly","2021","2","nearest-strategic-centre-draft"
"GB-05","UKK4","Devon","2021","2","nearest-strategic-centre-draft"
"GB-05","UKL1","West Wales and The Valleys","2021","2","nearest-strategic-centre-draft"
"GB-06","UKN0","Northern Ireland","2021","2","nearest-strategic-centre-draft"
"GR-01","EL511","Evros","2024","3","nearest-strategic-centre-draft"
"GR-01","EL512","Xanthi","2024","3","nearest-strategic-centre-draft"
"GR-01","EL513","Rodopi","2024","3","nearest-strategic-centre-draft"
"GR-01","EL514","Drama","2024","3","nearest-strategic-centre-draft"
"GR-01","EL515","Thasos, Kavala","2024","3","nearest-strategic-centre-draft"
"GR-01","EL521","Imathia","2024","3","nearest-strategic-centre-draft"
"GR-01","EL522","Thessaloniki","2024","3","nearest-strategic-centre-draft"
"GR-01","EL523","Kilkis","2024","3","nearest-strategic-centre-draft"
"GR-01","EL524","Pella","2024","3","nearest-strategic-centre-draft"
"GR-01","EL525","Pieria","2024","3","nearest-strategic-centre-draft"
"GR-01","EL526","Serres","2024","3","nearest-strategic-centre-draft"
"GR-01","EL527","Chalkidiki","2024","3","nearest-strategic-centre-draft"
"GR-01","EL531","Grevena, Kozani","2024","3","nearest-strategic-centre-draft"
"GR-01","EL532","Kastoria","2024","3","nearest-strategic-centre-draft"
"GR-01","EL533","Florina","2024","3","nearest-strategic-centre-draft"
"GR-01","EL541","Arta, Preveza","2024","3","nearest-strategic-centre-draft"
"GR-01","EL542","Thesprotia","2024","3","nearest-strategic-centre-draft"
"GR-01","EL543","Ioannina","2024","3","nearest-strategic-centre-draft"
"GR-01","EL611","Karditsa, Trikala","2024","3","nearest-strategic-centre-draft"
"GR-01","EL612","Larisa","2024","3","nearest-strategic-centre-draft"
"GR-01","EL622","Kerkyra","2024","3","nearest-strategic-centre-draft"
"GR-02","EL301","Voreios Tomeas Athinon","2024","3","nearest-strategic-centre-draft"
"GR-02","EL302","Dytikos Tomeas Athinon","2024","3","nearest-strategic-centre-draft"
"GR-02","EL303","Kentrikos Tomeas Athinon","2024","3","nearest-strategic-centre-draft"
"GR-02","EL304","Notios Tomeas Athinon","2024","3","nearest-strategic-centre-draft"
"GR-02","EL305","Anatoliki Attiki","2024","3","nearest-strategic-centre-draft"
"GR-02","EL306","Dytiki Attiki","2024","3","nearest-strategic-centre-draft"
"GR-02","EL307","Peiraias, Nisoi","2024","3","nearest-strategic-centre-draft"
"GR-02","EL411","Lesvos, Limnos","2024","3","nearest-strategic-centre-draft"
"GR-02","EL412","Ikaria, Samos","2024","3","nearest-strategic-centre-draft"
"GR-02","EL413","Chios","2024","3","nearest-strategic-centre-draft"
"GR-02","EL422","Andros, Thira, Kea - Kythnos, Milos, Mykonos, Naxos, Paros,  Syros, Tinos","2024","3","nearest-strategic-centre-draft"
"GR-02","EL613","Magnisia, Sporades","2024","3","nearest-strategic-centre-draft"
"GR-02","EL621","Zakynthos","2024","3","nearest-strategic-centre-draft"
"GR-02","EL623","Ithaki, Kefallinia","2024","3","nearest-strategic-centre-draft"
"GR-02","EL624","Lefkada","2024","3","nearest-strategic-centre-draft"
"GR-02","EL631","Aitoloakarnania","2024","3","nearest-strategic-centre-draft"
"GR-02","EL632","Achaia","2024","3","nearest-strategic-centre-draft"
"GR-02","EL633","Ileia","2024","3","nearest-strategic-centre-draft"
"GR-02","EL641","Voiotia","2024","3","nearest-strategic-centre-draft"
"GR-02","EL642","Evvoia","2024","3","nearest-strategic-centre-draft"
"GR-02","EL643","Evrytania","2024","3","nearest-strategic-centre-draft"
"GR-02","EL644","Fthiotida","2024","3","nearest-strategic-centre-draft"
"GR-02","EL645","Fokida","2024","3","nearest-strategic-centre-draft"
"GR-02","EL651","Argolida, Arkadia","2024","3","nearest-strategic-centre-draft"
"GR-02","EL652","Korinthia","2024","3","nearest-strategic-centre-draft"
"GR-02","EL653","Lakonia, Messinia","2024","3","nearest-strategic-centre-draft"
"GR-03","EL421","Kalymnos, Karpathos, Kasos, Kos, Rodos","2024","3","nearest-strategic-centre-draft"
"GR-03","EL431","Irakleio","2024","3","nearest-strategic-centre-draft"
"GR-03","EL432","Lasithi","2024","3","nearest-strategic-centre-draft"
"GR-03","EL433","Rethymni","2024","3","nearest-strategic-centre-draft"
"GR-03","EL434","Chania","2024","3","nearest-strategic-centre-draft"
"HR-01","HR021","Bjelovarsko-bilogorska županija","2024","3","nearest-strategic-centre-draft"
"HR-01","HR022","Virovitičko-podravska županija","2024","3","nearest-strategic-centre-draft"
"HR-01","HR023","Požeško-slavonska županija","2024","3","nearest-strategic-centre-draft"
"HR-01","HR024","Brodsko-posavska županija","2024","3","nearest-strategic-centre-draft"
"HR-01","HR025","Osječko-baranjska županija","2024","3","nearest-strategic-centre-draft"
"HR-01","HR026","Vukovarsko-srijemska županija","2024","3","nearest-strategic-centre-draft"
"HR-01","HR027","Karlovačka županija","2024","3","nearest-strategic-centre-draft"
"HR-01","HR028","Sisačko-moslavačka županija","2024","3","nearest-strategic-centre-draft"
"HR-01","HR031","Primorsko-goranska županija","2024","3","nearest-strategic-centre-draft"
"HR-01","HR032","Ličko-senjska županija","2024","3","nearest-strategic-centre-draft"
"HR-01","HR036","Istarska županija","2024","3","nearest-strategic-centre-draft"
"HR-01","HR050","Grad Zagreb","2024","3","nearest-strategic-centre-draft"
"HR-01","HR061","Međimurska županija","2024","3","nearest-strategic-centre-draft"
"HR-01","HR062","Varaždinska županija","2024","3","nearest-strategic-centre-draft"
"HR-01","HR063","Koprivničko-križevačka županija","2024","3","nearest-strategic-centre-draft"
"HR-01","HR064","Krapinsko-zagorska županija","2024","3","nearest-strategic-centre-draft"
"HR-01","HR065","Zagrebačka županija","2024","3","nearest-strategic-centre-draft"
"HR-02","HR033","Zadarska županija","2024","3","nearest-strategic-centre-draft"
"HR-02","HR034","Šibensko-kninska županija","2024","3","nearest-strategic-centre-draft"
"HR-02","HR035","Splitsko-dalmatinska županija","2024","3","nearest-strategic-centre-draft"
"HR-02","HR037","Dubrovačko-neretvanska županija","2024","3","nearest-strategic-centre-draft"
"HU-01","HU110","Budapest","2024","3","nearest-strategic-centre-draft"
"HU-01","HU120","Pest","2024","3","nearest-strategic-centre-draft"
"HU-01","HU211","Fejér","2024","3","nearest-strategic-centre-draft"
"HU-01","HU212","Komárom-Esztergom","2024","3","nearest-strategic-centre-draft"
"HU-01","HU213","Veszprém","2024","3","nearest-strategic-centre-draft"
"HU-01","HU221","Győr-Moson-Sopron","2024","3","nearest-strategic-centre-draft"
"HU-01","HU222","Vas","2024","3","nearest-strategic-centre-draft"
"HU-01","HU223","Zala","2024","3","nearest-strategic-centre-draft"
"HU-01","HU231","Baranya","2024","3","nearest-strategic-centre-draft"
"HU-01","HU232","Somogy","2024","3","nearest-strategic-centre-draft"
"HU-01","HU233","Tolna","2024","3","nearest-strategic-centre-draft"
"HU-01","HU312","Heves","2024","3","nearest-strategic-centre-draft"
"HU-01","HU313","Nógrád","2024","3","nearest-strategic-centre-draft"
"HU-01","HU322","Jász-Nagykun-Szolnok","2024","3","nearest-strategic-centre-draft"
"HU-01","HU331","Bács-Kiskun","2024","3","nearest-strategic-centre-draft"
"HU-01","HU333","Csongrád-Csanád","2024","3","nearest-strategic-centre-draft"
"HU-02","HU311","Borsod-Abaúj-Zemplén","2024","3","nearest-strategic-centre-draft"
"HU-02","HU321","Hajdú-Bihar","2024","3","nearest-strategic-centre-draft"
"HU-02","HU323","Szabolcs-Szatmár-Bereg","2024","3","nearest-strategic-centre-draft"
"HU-02","HU332","Békés","2024","3","nearest-strategic-centre-draft"
"IE-01","IE041","Border","2024","3","nearest-strategic-centre-draft"
"IE-01","IE042","West","2024","3","nearest-strategic-centre-draft"
"IE-01","IE051","Mid-West ","2024","3","nearest-strategic-centre-draft"
"IE-01","IE053","South-West ","2024","3","nearest-strategic-centre-draft"
"IE-02","IE052","South-East ","2024","3","nearest-strategic-centre-draft"
"IE-02","IE061","Dublin","2024","3","nearest-strategic-centre-draft"
"IE-02","IE062","Mid-East","2024","3","nearest-strategic-centre-draft"
"IE-02","IE063","Midland","2024","3","nearest-strategic-centre-draft"
"IS-01","IS001","Höfuðborgarsvæði","2024","3","nearest-strategic-centre-draft"
"IS-01","IS002","Landsbyggð","2024","3","nearest-strategic-centre-draft"
"IT-01","ITC11","Torino","2024","3","nearest-strategic-centre-draft"
"IT-01","ITC12","Vercelli","2024","3","nearest-strategic-centre-draft"
"IT-01","ITC13","Biella","2024","3","nearest-strategic-centre-draft"
"IT-01","ITC14","Verbano-Cusio-Ossola","2024","3","nearest-strategic-centre-draft"
"IT-01","ITC15","Novara","2024","3","nearest-strategic-centre-draft"
"IT-01","ITC16","Cuneo","2024","3","nearest-strategic-centre-draft"
"IT-01","ITC17","Asti","2024","3","nearest-strategic-centre-draft"
"IT-01","ITC18","Alessandria","2024","3","nearest-strategic-centre-draft"
"IT-01","ITC20","Valle d’Aosta/Vallée d’Aoste","2024","3","nearest-strategic-centre-draft"
"IT-01","ITC31","Imperia","2024","3","nearest-strategic-centre-draft"
"IT-01","ITC32","Savona","2024","3","nearest-strategic-centre-draft"
"IT-01","ITC33","Genova","2024","3","nearest-strategic-centre-draft"
"IT-01","ITC34","La Spezia","2024","3","nearest-strategic-centre-draft"
"IT-01","ITC41","Varese","2024","3","nearest-strategic-centre-draft"
"IT-01","ITC42","Como","2024","3","nearest-strategic-centre-draft"
"IT-01","ITC43","Lecco","2024","3","nearest-strategic-centre-draft"
"IT-01","ITC44","Sondrio","2024","3","nearest-strategic-centre-draft"
"IT-01","ITC46","Bergamo","2024","3","nearest-strategic-centre-draft"
"IT-01","ITC47","Brescia","2024","3","nearest-strategic-centre-draft"
"IT-01","ITC48","Pavia","2024","3","nearest-strategic-centre-draft"
"IT-01","ITC49","Lodi","2024","3","nearest-strategic-centre-draft"
"IT-01","ITC4A","Cremona","2024","3","nearest-strategic-centre-draft"
"IT-01","ITC4B","Mantova","2024","3","nearest-strategic-centre-draft"
"IT-01","ITC4C","Milano","2024","3","nearest-strategic-centre-draft"
"IT-01","ITC4D","Monza e della Brianza","2024","3","nearest-strategic-centre-draft"
"IT-01","ITH10","Bolzano-Bozen","2024","3","nearest-strategic-centre-draft"
"IT-01","ITH20","Trento","2024","3","nearest-strategic-centre-draft"
"IT-01","ITH31","Verona","2024","3","nearest-strategic-centre-draft"
"IT-01","ITH32","Vicenza","2024","3","nearest-strategic-centre-draft"
"IT-01","ITH33","Belluno","2024","3","nearest-strategic-centre-draft"
"IT-01","ITH34","Treviso","2024","3","nearest-strategic-centre-draft"
"IT-01","ITH35","Venezia","2024","3","nearest-strategic-centre-draft"
"IT-01","ITH36","Padova","2024","3","nearest-strategic-centre-draft"
"IT-01","ITH37","Rovigo","2024","3","nearest-strategic-centre-draft"
"IT-01","ITH41","Pordenone","2024","3","nearest-strategic-centre-draft"
"IT-01","ITH42","Udine","2024","3","nearest-strategic-centre-draft"
"IT-01","ITH43","Gorizia","2024","3","nearest-strategic-centre-draft"
"IT-01","ITH44","Trieste","2024","3","nearest-strategic-centre-draft"
"IT-01","ITH51","Piacenza","2024","3","nearest-strategic-centre-draft"
"IT-01","ITH52","Parma","2024","3","nearest-strategic-centre-draft"
"IT-01","ITH53","Reggio nell’Emilia","2024","3","nearest-strategic-centre-draft"
"IT-01","ITH54","Modena","2024","3","nearest-strategic-centre-draft"
"IT-01","ITH55","Bologna","2024","3","nearest-strategic-centre-draft"
"IT-01","ITH56","Ferrara","2024","3","nearest-strategic-centre-draft"
"IT-01","ITH57","Ravenna","2024","3","nearest-strategic-centre-draft"
"IT-01","ITI11","Massa-Carrara","2024","3","nearest-strategic-centre-draft"
"IT-01","ITI12","Lucca","2024","3","nearest-strategic-centre-draft"
"IT-01","ITI13","Pistoia","2024","3","nearest-strategic-centre-draft"
"IT-01","ITI15","Prato","2024","3","nearest-strategic-centre-draft"
"IT-02","ITF11","L’Aquila","2024","3","nearest-strategic-centre-draft"
"IT-02","ITF12","Teramo","2024","3","nearest-strategic-centre-draft"
"IT-02","ITF13","Pescara","2024","3","nearest-strategic-centre-draft"
"IT-02","ITH58","Forlì-Cesena","2024","3","nearest-strategic-centre-draft"
"IT-02","ITH59","Rimini","2024","3","nearest-strategic-centre-draft"
"IT-02","ITI14","Firenze","2024","3","nearest-strategic-centre-draft"
"IT-02","ITI16","Livorno","2024","3","nearest-strategic-centre-draft"
"IT-02","ITI17","Pisa","2024","3","nearest-strategic-centre-draft"
"IT-02","ITI18","Arezzo","2024","3","nearest-strategic-centre-draft"
"IT-02","ITI19","Siena","2024","3","nearest-strategic-centre-draft"
"IT-02","ITI1A","Grosseto","2024","3","nearest-strategic-centre-draft"
"IT-02","ITI21","Perugia","2024","3","nearest-strategic-centre-draft"
"IT-02","ITI22","Terni","2024","3","nearest-strategic-centre-draft"
"IT-02","ITI31","Pesaro e Urbino","2024","3","nearest-strategic-centre-draft"
"IT-02","ITI32","Ancona","2024","3","nearest-strategic-centre-draft"
"IT-02","ITI33","Macerata","2024","3","nearest-strategic-centre-draft"
"IT-02","ITI34","Ascoli Piceno","2024","3","nearest-strategic-centre-draft"
"IT-02","ITI35","Fermo","2024","3","nearest-strategic-centre-draft"
"IT-02","ITI41","Viterbo","2024","3","nearest-strategic-centre-draft"
"IT-02","ITI42","Rieti","2024","3","nearest-strategic-centre-draft"
"IT-02","ITI43","Roma","2024","3","nearest-strategic-centre-draft"
"IT-02","ITI44","Latina","2024","3","nearest-strategic-centre-draft"
"IT-02","ITI45","Frosinone","2024","3","nearest-strategic-centre-draft"
"IT-03","ITF14","Chieti","2024","3","nearest-strategic-centre-draft"
"IT-03","ITF21","Isernia","2024","3","nearest-strategic-centre-draft"
"IT-03","ITF22","Campobasso","2024","3","nearest-strategic-centre-draft"
"IT-03","ITF31","Caserta","2024","3","nearest-strategic-centre-draft"
"IT-03","ITF32","Benevento","2024","3","nearest-strategic-centre-draft"
"IT-03","ITF33","Napoli","2024","3","nearest-strategic-centre-draft"
"IT-03","ITF34","Avellino","2024","3","nearest-strategic-centre-draft"
"IT-03","ITF35","Salerno","2024","3","nearest-strategic-centre-draft"
"IT-03","ITF43","Taranto","2024","3","nearest-strategic-centre-draft"
"IT-03","ITF44","Brindisi","2024","3","nearest-strategic-centre-draft"
"IT-03","ITF45","Lecce","2024","3","nearest-strategic-centre-draft"
"IT-03","ITF46","Foggia","2024","3","nearest-strategic-centre-draft"
"IT-03","ITF47","Bari","2024","3","nearest-strategic-centre-draft"
"IT-03","ITF48","Barletta-Andria-Trani","2024","3","nearest-strategic-centre-draft"
"IT-03","ITF51","Potenza","2024","3","nearest-strategic-centre-draft"
"IT-03","ITF52","Matera","2024","3","nearest-strategic-centre-draft"
"IT-03","ITF61","Cosenza","2024","3","nearest-strategic-centre-draft"
"IT-03","ITF62","Crotone","2024","3","nearest-strategic-centre-draft"
"IT-04","ITF63","Catanzaro","2024","3","nearest-strategic-centre-draft"
"IT-04","ITF64","Vibo Valentia","2024","3","nearest-strategic-centre-draft"
"IT-04","ITF65","Reggio Calabria","2024","3","nearest-strategic-centre-draft"
"IT-04","ITG11","Trapani","2024","3","nearest-strategic-centre-draft"
"IT-04","ITG12","Palermo","2024","3","nearest-strategic-centre-draft"
"IT-04","ITG13","Messina","2024","3","nearest-strategic-centre-draft"
"IT-04","ITG14","Agrigento","2024","3","nearest-strategic-centre-draft"
"IT-04","ITG15","Caltanissetta","2024","3","nearest-strategic-centre-draft"
"IT-04","ITG16","Enna","2024","3","nearest-strategic-centre-draft"
"IT-04","ITG17","Catania","2024","3","nearest-strategic-centre-draft"
"IT-04","ITG18","Ragusa","2024","3","nearest-strategic-centre-draft"
"IT-04","ITG19","Siracusa","2024","3","nearest-strategic-centre-draft"
"IT-05","ITG2D","Sassari","2024","3","nearest-strategic-centre-draft"
"IT-05","ITG2E","Nuoro","2024","3","nearest-strategic-centre-draft"
"IT-05","ITG2F","Cagliari","2024","3","nearest-strategic-centre-draft"
"IT-05","ITG2G","Oristano","2024","3","nearest-strategic-centre-draft"
"IT-05","ITG2H","Sud Sardegna","2024","3","nearest-strategic-centre-draft"
"LT-01","LT011","Vilniaus apskritis","2024","3","nearest-strategic-centre-draft"
"LT-01","LT021","Alytaus apskritis","2024","3","nearest-strategic-centre-draft"
"LT-01","LT022","Kauno apskritis","2024","3","nearest-strategic-centre-draft"
"LT-01","LT023","Klaipėdos apskritis","2024","3","nearest-strategic-centre-draft"
"LT-01","LT024","Marijampolės apskritis","2024","3","nearest-strategic-centre-draft"
"LT-01","LT025","Panevėžio apskritis","2024","3","nearest-strategic-centre-draft"
"LT-01","LT026","Šiaulių apskritis","2024","3","nearest-strategic-centre-draft"
"LT-01","LT027","Tauragės apskritis","2024","3","nearest-strategic-centre-draft"
"LT-01","LT028","Telšių apskritis","2024","3","nearest-strategic-centre-draft"
"LT-01","LT029","Utenos apskritis","2024","3","nearest-strategic-centre-draft"
"LU-01","LU000","Luxembourg","2024","3","nearest-strategic-centre-draft"
"LV-01","LV005","Latgale","2024","3","nearest-strategic-centre-draft"
"LV-01","LV009","Zemgale","2024","3","nearest-strategic-centre-draft"
"LV-01","LV00A","Rīga","2024","3","nearest-strategic-centre-draft"
"LV-01","LV00B","Kurzeme","2024","3","nearest-strategic-centre-draft"
"LV-01","LV00C","Vidzeme","2024","3","nearest-strategic-centre-draft"
"MD-01","25212430B10989766506063","Stefan Voda","2025","1","nearest-strategic-centre-draft"
"MD-01","25212430B1615629371845","RIscani","2025","1","nearest-strategic-centre-draft"
"MD-01","25212430B22111314945643","Transnistria","2025","1","nearest-strategic-centre-draft"
"MD-01","25212430B23943377724140","Ungheni","2025","1","nearest-strategic-centre-draft"
"MD-01","25212430B26910735221199","Anenii Noi","2025","1","nearest-strategic-centre-draft"
"MD-01","25212430B269818099865","Leova","2025","1","nearest-strategic-centre-draft"
"MD-01","25212430B29368029244886","Chisinau","2025","1","nearest-strategic-centre-draft"
"MD-01","25212430B31479954216778","Causeni","2025","1","nearest-strategic-centre-draft"
"MD-01","25212430B35951071556291","Ocnita","2025","1","nearest-strategic-centre-draft"
"MD-01","25212430B36697629718061","Rezina","2025","1","nearest-strategic-centre-draft"
"MD-01","25212430B37177221829666","Dubasari","2025","1","nearest-strategic-centre-draft"
"MD-01","25212430B37613660942888","SIngerei","2025","1","nearest-strategic-centre-draft"
"MD-01","25212430B38040597710669","Floresti","2025","1","nearest-strategic-centre-draft"
"MD-01","25212430B3857280687737","Drochia","2025","1","nearest-strategic-centre-draft"
"MD-01","25212430B39831138215863","Donduseni","2025","1","nearest-strategic-centre-draft"
"MD-01","25212430B41329206409501","Basarabeasca","2025","1","nearest-strategic-centre-draft"
"MD-01","25212430B43456438192105","Taraclia","2025","1","nearest-strategic-centre-draft"
"MD-01","25212430B45328982281571","Orhei","2025","1","nearest-strategic-centre-draft"
"MD-01","25212430B46101437811477","Briceni","2025","1","nearest-strategic-centre-draft"
"MD-01","25212430B51059014460141","Cahul","2025","1","nearest-strategic-centre-draft"
"MD-01","25212430B51243918943413","Cimislia","2025","1","nearest-strategic-centre-draft"
"MD-01","25212430B52468939139965","Soldanesti","2025","1","nearest-strategic-centre-draft"
"MD-01","25212430B53322619224262","Balti","2025","1","nearest-strategic-centre-draft"
"MD-01","25212430B55748044124793","Gagauzia","2025","1","nearest-strategic-centre-draft"
"MD-01","25212430B5738533784066","Nisporeni","2025","1","nearest-strategic-centre-draft"
"MD-01","25212430B57403780332927","Criuleni","2025","1","nearest-strategic-centre-draft"
"MD-01","25212430B61222791146584","Falesti","2025","1","nearest-strategic-centre-draft"
"MD-01","25212430B65458906379390","Edinet","2025","1","nearest-strategic-centre-draft"
"MD-01","25212430B70495112373630","Calarasi","2025","1","nearest-strategic-centre-draft"
"MD-01","25212430B70903588336793","Soroca","2025","1","nearest-strategic-centre-draft"
"MD-01","25212430B73317679220215","Hincesti","2025","1","nearest-strategic-centre-draft"
"MD-01","25212430B74275153833775","Ialoveni","2025","1","nearest-strategic-centre-draft"
"MD-01","25212430B80524279714584","Telenesti","2025","1","nearest-strategic-centre-draft"
"MD-01","25212430B81482951983667","Cantemir","2025","1","nearest-strategic-centre-draft"
"MD-01","25212430B89307550133505","Glodeni","2025","1","nearest-strategic-centre-draft"
"MD-01","25212430B9063126289167","Straseni","2025","1","nearest-strategic-centre-draft"
"MD-01","25212430B95154791539173","Bender","2025","1","nearest-strategic-centre-draft"
"ME-01","ME000","Crna Gora","2024","3","nearest-strategic-centre-draft"
"MK-01","MK001","Vardarski","2024","3","nearest-strategic-centre-draft"
"MK-01","MK002","Istočen","2024","3","nearest-strategic-centre-draft"
"MK-01","MK003","Jugozapaden","2024","3","nearest-strategic-centre-draft"
"MK-01","MK004","Jugoistočen","2024","3","nearest-strategic-centre-draft"
"MK-01","MK005","Pelagoniski","2024","3","nearest-strategic-centre-draft"
"MK-01","MK006","Pološki","2024","3","nearest-strategic-centre-draft"
"MK-01","MK007","Severoistočen","2024","3","nearest-strategic-centre-draft"
"MK-01","MK008","Skopski","2024","3","nearest-strategic-centre-draft"
"MT-01","MT001","Malta","2024","3","nearest-strategic-centre-draft"
"MT-01","MT002","Gozo and Comino/Għawdex u Kemmuna","2024","3","nearest-strategic-centre-draft"
"NL-01","NL212","Zuidwest-Overijssel","2024","3","nearest-strategic-centre-draft"
"NL-01","NL221","Veluwe","2024","3","nearest-strategic-centre-draft"
"NL-01","NL224","Zuidwest-Gelderland","2024","3","nearest-strategic-centre-draft"
"NL-01","NL225","Achterhoek","2024","3","nearest-strategic-centre-draft"
"NL-01","NL226","Arnhem/Nijmegen","2024","3","nearest-strategic-centre-draft"
"NL-01","NL230","Flevoland","2024","3","nearest-strategic-centre-draft"
"NL-01","NL321","Kop van Noord-Holland","2024","3","nearest-strategic-centre-draft"
"NL-01","NL323","IJmond","2024","3","nearest-strategic-centre-draft"
"NL-01","NL325","Zaanstreek","2024","3","nearest-strategic-centre-draft"
"NL-01","NL327","Het Gooi en Vechtstreek","2024","3","nearest-strategic-centre-draft"
"NL-01","NL328","Alkmaar en omgeving","2024","3","nearest-strategic-centre-draft"
"NL-01","NL32A","Agglomeratie Haarlem","2024","3","nearest-strategic-centre-draft"
"NL-01","NL32B","Groot-Amsterdam","2024","3","nearest-strategic-centre-draft"
"NL-01","NL341","Zeeuwsch-Vlaanderen","2024","3","nearest-strategic-centre-draft"
"NL-01","NL342","Overig Zeeland","2024","3","nearest-strategic-centre-draft"
"NL-01","NL350","Utrecht","2024","3","nearest-strategic-centre-draft"
"NL-01","NL361","Agglomeratie ’s-Gravenhage","2024","3","nearest-strategic-centre-draft"
"NL-01","NL362","Delft en Westland","2024","3","nearest-strategic-centre-draft"
"NL-01","NL363","Agglomeratie Leiden en Bollenstreek","2024","3","nearest-strategic-centre-draft"
"NL-01","NL364","Zuidoost-Zuid-Holland","2024","3","nearest-strategic-centre-draft"
"NL-01","NL365","Oost-Zuid-Holland","2024","3","nearest-strategic-centre-draft"
"NL-01","NL366","Groot-Rijnmond","2024","3","nearest-strategic-centre-draft"
"NL-01","NL411","West-Noord-Brabant","2024","3","nearest-strategic-centre-draft"
"NL-01","NL414","Zuidoost-Noord-Brabant","2024","3","nearest-strategic-centre-draft"
"NL-01","NL415","Midden-Noord-Brabant","2024","3","nearest-strategic-centre-draft"
"NL-01","NL416","Noordoost-Noord-Brabant","2024","3","nearest-strategic-centre-draft"
"NL-01","NL421","Noord-Limburg","2024","3","nearest-strategic-centre-draft"
"NL-01","NL422","Midden-Limburg","2024","3","nearest-strategic-centre-draft"
"NL-01","NL423","Zuid-Limburg","2024","3","nearest-strategic-centre-draft"
"NL-02","NL112","Delfzijl en omgeving","2024","3","nearest-strategic-centre-draft"
"NL-02","NL114","Oost-Groningen","2024","3","nearest-strategic-centre-draft"
"NL-02","NL115","Overig Groningen","2024","3","nearest-strategic-centre-draft"
"NL-02","NL126","Zuidoost-Friesland","2024","3","nearest-strategic-centre-draft"
"NL-02","NL127","Noord-Friesland","2024","3","nearest-strategic-centre-draft"
"NL-02","NL128","Zuidwest-Friesland","2024","3","nearest-strategic-centre-draft"
"NL-02","NL131","Noord-Drenthe","2024","3","nearest-strategic-centre-draft"
"NL-02","NL132","Zuidoost-Drenthe","2024","3","nearest-strategic-centre-draft"
"NL-02","NL133","Zuidwest-Drenthe","2024","3","nearest-strategic-centre-draft"
"NL-02","NL211","Noord-Overijssel","2024","3","nearest-strategic-centre-draft"
"NL-02","NL213","Twente","2024","3","nearest-strategic-centre-draft"
"NO-01","NO020","Innlandet","2024","3","nearest-strategic-centre-draft"
"NO-01","NO081","Oslo","2024","3","nearest-strategic-centre-draft"
"NO-01","NO083","Østfold","2024","3","nearest-strategic-centre-draft"
"NO-01","NO084","Akershus","2024","3","nearest-strategic-centre-draft"
"NO-01","NO085","Buskerud","2024","3","nearest-strategic-centre-draft"
"NO-01","NO092","Agder","2024","3","nearest-strategic-centre-draft"
"NO-01","NO093","Vestfold","2024","3","nearest-strategic-centre-draft"
"NO-01","NO094","Telemark","2024","3","nearest-strategic-centre-draft"
"NO-01","NO0A1","Rogaland","2024","3","nearest-strategic-centre-draft"
"NO-01","NO0A2","Vestland","2024","3","nearest-strategic-centre-draft"
"NO-02","NO060","Trøndelag/Trööndelage","2024","3","nearest-strategic-centre-draft"
"NO-02","NO0A3","Møre og Romsdal","2024","3","nearest-strategic-centre-draft"
"NO-03","NO071","Nordland/Nordlánnda","2024","3","nearest-strategic-centre-draft"
"NO-03","NO072","Troms/Romsa/Tromssa","2024","3","nearest-strategic-centre-draft"
"NO-03","NO073","Finnmark/Finnmárku/Finmarkku","2024","3","nearest-strategic-centre-draft"
"NO-03","NO0B1","Jan Mayen","2024","3","nearest-strategic-centre-draft"
"PL-01","PL426","Koszaliński","2024","3","nearest-strategic-centre-draft"
"PL-01","PL616","Grudziądzki","2024","3","nearest-strategic-centre-draft"
"PL-01","PL618","Świecki","2024","3","nearest-strategic-centre-draft"
"PL-01","PL621","Elbląski","2024","3","nearest-strategic-centre-draft"
"PL-01","PL622","Olsztyński","2024","3","nearest-strategic-centre-draft"
"PL-01","PL633","Trójmiejski","2024","3","nearest-strategic-centre-draft"
"PL-01","PL634","Gdański","2024","3","nearest-strategic-centre-draft"
"PL-01","PL636","Słupski","2024","3","nearest-strategic-centre-draft"
"PL-01","PL637","Chojnicki","2024","3","nearest-strategic-centre-draft"
"PL-01","PL638","Starogardzki","2024","3","nearest-strategic-centre-draft"
"PL-02","PL411","Pilski","2024","3","nearest-strategic-centre-draft"
"PL-02","PL414","Koniński","2024","3","nearest-strategic-centre-draft"
"PL-02","PL415","Miasto Poznań","2024","3","nearest-strategic-centre-draft"
"PL-02","PL416","Kaliski","2024","3","nearest-strategic-centre-draft"
"PL-02","PL417","Leszczyński","2024","3","nearest-strategic-centre-draft"
"PL-02","PL418","Poznański","2024","3","nearest-strategic-centre-draft"
"PL-02","PL424","Miasto Szczecin","2024","3","nearest-strategic-centre-draft"
"PL-02","PL427","Szczecinecko-pyrzycki","2024","3","nearest-strategic-centre-draft"
"PL-02","PL428","Szczeciński","2024","3","nearest-strategic-centre-draft"
"PL-02","PL431","Gorzowski","2024","3","nearest-strategic-centre-draft"
"PL-02","PL432","Zielonogórski","2024","3","nearest-strategic-centre-draft"
"PL-02","PL514","Miasto Wrocław","2024","3","nearest-strategic-centre-draft"
"PL-02","PL515","Jeleniogórski","2024","3","nearest-strategic-centre-draft"
"PL-02","PL516","Legnicko-głogowski","2024","3","nearest-strategic-centre-draft"
"PL-02","PL517","Wałbrzyski","2024","3","nearest-strategic-centre-draft"
"PL-02","PL518","Wrocławski","2024","3","nearest-strategic-centre-draft"
"PL-02","PL613","Bydgosko-toruński","2024","3","nearest-strategic-centre-draft"
"PL-02","PL617","Inowrocławski","2024","3","nearest-strategic-centre-draft"
"PL-02","PL619","Włocławski","2024","3","nearest-strategic-centre-draft"
"PL-02","PL714","Sieradzki","2024","3","nearest-strategic-centre-draft"
"PL-03","PL623","Ełcki","2024","3","nearest-strategic-centre-draft"
"PL-03","PL711","Miasto Łódź","2024","3","nearest-strategic-centre-draft"
"PL-03","PL712","Łódzki","2024","3","nearest-strategic-centre-draft"
"PL-03","PL713","Piotrkowski","2024","3","nearest-strategic-centre-draft"
"PL-03","PL715","Skierniewicki","2024","3","nearest-strategic-centre-draft"
"PL-03","PL841","Białostocki","2024","3","nearest-strategic-centre-draft"
"PL-03","PL842","Łomżyński","2024","3","nearest-strategic-centre-draft"
"PL-03","PL843","Suwalski","2024","3","nearest-strategic-centre-draft"
"PL-03","PL911","Miasto Warszawa","2024","3","nearest-strategic-centre-draft"
"PL-03","PL912","Warszawski wschodni","2024","3","nearest-strategic-centre-draft"
"PL-03","PL913","Warszawski zachodni","2024","3","nearest-strategic-centre-draft"
"PL-03","PL921","Radomski","2024","3","nearest-strategic-centre-draft"
"PL-03","PL922","Ciechanowski","2024","3","nearest-strategic-centre-draft"
"PL-03","PL923","Płocki","2024","3","nearest-strategic-centre-draft"
"PL-03","PL924","Ostrołęcki","2024","3","nearest-strategic-centre-draft"
"PL-03","PL925","Siedlecki","2024","3","nearest-strategic-centre-draft"
"PL-03","PL926","Żyrardowski","2024","3","nearest-strategic-centre-draft"
"PL-04","PL213","Miasto Kraków","2024","3","nearest-strategic-centre-draft"
"PL-04","PL214","Krakowski","2024","3","nearest-strategic-centre-draft"
"PL-04","PL217","Tarnowski","2024","3","nearest-strategic-centre-draft"
"PL-04","PL218","Nowosądecki","2024","3","nearest-strategic-centre-draft"
"PL-04","PL219","Nowotarski","2024","3","nearest-strategic-centre-draft"
"PL-04","PL21A","Oświęcimski","2024","3","nearest-strategic-centre-draft"
"PL-04","PL224","Częstochowski","2024","3","nearest-strategic-centre-draft"
"PL-04","PL225","Bielski","2024","3","nearest-strategic-centre-draft"
"PL-04","PL227","Rybnicki","2024","3","nearest-strategic-centre-draft"
"PL-04","PL228","Bytomski","2024","3","nearest-strategic-centre-draft"
"PL-04","PL229","Gliwicki","2024","3","nearest-strategic-centre-draft"
"PL-04","PL22A","Katowicki","2024","3","nearest-strategic-centre-draft"
"PL-04","PL22B","Sosnowiecki","2024","3","nearest-strategic-centre-draft"
"PL-04","PL22C","Tyski","2024","3","nearest-strategic-centre-draft"
"PL-04","PL523","Nyski","2024","3","nearest-strategic-centre-draft"
"PL-04","PL524","Opolski","2024","3","nearest-strategic-centre-draft"
"PL-04","PL721","Kielecki","2024","3","nearest-strategic-centre-draft"
"PL-04","PL722","Sandomiersko-jędrzejowski","2024","3","nearest-strategic-centre-draft"
"PL-04","PL821","Krośnieński","2024","3","nearest-strategic-centre-draft"
"PL-05","PL811","Bialski","2024","3","nearest-strategic-centre-draft"
"PL-05","PL812","Chełmsko-zamojski","2024","3","nearest-strategic-centre-draft"
"PL-05","PL814","Lubelski","2024","3","nearest-strategic-centre-draft"
"PL-05","PL815","Puławski","2024","3","nearest-strategic-centre-draft"
"PL-05","PL822","Przemyski","2024","3","nearest-strategic-centre-draft"
"PL-05","PL823","Rzeszowski","2024","3","nearest-strategic-centre-draft"
"PL-05","PL824","Tarnobrzeski","2024","3","nearest-strategic-centre-draft"
"PT-01","PT111","Alto Minho","2024","3","nearest-strategic-centre-draft"
"PT-01","PT112","Cávado","2024","3","nearest-strategic-centre-draft"
"PT-01","PT119","Ave","2024","3","nearest-strategic-centre-draft"
"PT-01","PT11A","Área Metropolitana do Porto","2024","3","nearest-strategic-centre-draft"
"PT-01","PT11B","Alto Tâmega e Barroso","2024","3","nearest-strategic-centre-draft"
"PT-01","PT11C","Tâmega e Sousa","2024","3","nearest-strategic-centre-draft"
"PT-01","PT11D","Douro","2024","3","nearest-strategic-centre-draft"
"PT-01","PT11E","Terras de Trás-os-Montes","2024","3","nearest-strategic-centre-draft"
"PT-01","PT191","Região de Aveiro","2024","3","nearest-strategic-centre-draft"
"PT-01","PT192","Região de Coimbra","2024","3","nearest-strategic-centre-draft"
"PT-01","PT194","Viseu Dão Lafões","2024","3","nearest-strategic-centre-draft"
"PT-01","PT195","Beira Baixa","2024","3","nearest-strategic-centre-draft"
"PT-01","PT196","Beiras e Serra da Estrela","2024","3","nearest-strategic-centre-draft"
"PT-02","PT150","Algarve","2024","3","nearest-strategic-centre-draft"
"PT-02","PT193","Região de Leiria","2024","3","nearest-strategic-centre-draft"
"PT-02","PT1A0","Grande Lisboa","2024","3","nearest-strategic-centre-draft"
"PT-02","PT1B0","Península de Setúbal","2024","3","nearest-strategic-centre-draft"
"PT-02","PT1C1","Alentejo Litoral","2024","3","nearest-strategic-centre-draft"
"PT-02","PT1C2","Baixo Alentejo","2024","3","nearest-strategic-centre-draft"
"PT-02","PT1C3","Alto Alentejo","2024","3","nearest-strategic-centre-draft"
"PT-02","PT1C4","Alentejo Central","2024","3","nearest-strategic-centre-draft"
"PT-02","PT1D1","Oeste","2024","3","nearest-strategic-centre-draft"
"PT-02","PT1D2","Médio Tejo","2024","3","nearest-strategic-centre-draft"
"PT-02","PT1D3","Lezíria do Tejo","2024","3","nearest-strategic-centre-draft"
"RO-01","RO111","Bihor","2024","3","nearest-strategic-centre-draft"
"RO-01","RO112","Bistriţa-Năsăud","2024","3","nearest-strategic-centre-draft"
"RO-01","RO113","Cluj","2024","3","nearest-strategic-centre-draft"
"RO-01","RO114","Maramureş","2024","3","nearest-strategic-centre-draft"
"RO-01","RO115","Satu Mare","2024","3","nearest-strategic-centre-draft"
"RO-01","RO116","Sălaj","2024","3","nearest-strategic-centre-draft"
"RO-01","RO121","Alba","2024","3","nearest-strategic-centre-draft"
"RO-01","RO124","Harghita","2024","3","nearest-strategic-centre-draft"
"RO-01","RO125","Mureş","2024","3","nearest-strategic-centre-draft"
"RO-01","RO126","Sibiu","2024","3","nearest-strategic-centre-draft"
"RO-01","RO412","Gorj","2024","3","nearest-strategic-centre-draft"
"RO-01","RO413","Mehedinţi","2024","3","nearest-strategic-centre-draft"
"RO-01","RO421","Arad","2024","3","nearest-strategic-centre-draft"
"RO-01","RO422","Caraş-Severin","2024","3","nearest-strategic-centre-draft"
"RO-01","RO423","Hunedoara","2024","3","nearest-strategic-centre-draft"
"RO-01","RO424","Timiş","2024","3","nearest-strategic-centre-draft"
"RO-02","RO122","Braşov","2024","3","nearest-strategic-centre-draft"
"RO-02","RO123","Covasna","2024","3","nearest-strategic-centre-draft"
"RO-02","RO221","Brăila","2024","3","nearest-strategic-centre-draft"
"RO-02","RO222","Buzău","2024","3","nearest-strategic-centre-draft"
"RO-02","RO223","Constanţa","2024","3","nearest-strategic-centre-draft"
"RO-02","RO225","Tulcea","2024","3","nearest-strategic-centre-draft"
"RO-02","RO311","Argeş","2024","3","nearest-strategic-centre-draft"
"RO-02","RO312","Călăraşi","2024","3","nearest-strategic-centre-draft"
"RO-02","RO313","Dâmboviţa","2024","3","nearest-strategic-centre-draft"
"RO-02","RO314","Giurgiu","2024","3","nearest-strategic-centre-draft"
"RO-02","RO315","Ialomiţa","2024","3","nearest-strategic-centre-draft"
"RO-02","RO316","Prahova","2024","3","nearest-strategic-centre-draft"
"RO-02","RO317","Teleorman","2024","3","nearest-strategic-centre-draft"
"RO-02","RO321","Bucureşti","2024","3","nearest-strategic-centre-draft"
"RO-02","RO322","Ilfov","2024","3","nearest-strategic-centre-draft"
"RO-02","RO411","Dolj","2024","3","nearest-strategic-centre-draft"
"RO-02","RO414","Olt","2024","3","nearest-strategic-centre-draft"
"RO-02","RO415","Vâlcea","2024","3","nearest-strategic-centre-draft"
"RO-03","RO211","Bacău","2024","3","nearest-strategic-centre-draft"
"RO-03","RO212","Botoşani","2024","3","nearest-strategic-centre-draft"
"RO-03","RO213","Iaşi","2024","3","nearest-strategic-centre-draft"
"RO-03","RO214","Neamţ","2024","3","nearest-strategic-centre-draft"
"RO-03","RO215","Suceava","2024","3","nearest-strategic-centre-draft"
"RO-03","RO216","Vaslui","2024","3","nearest-strategic-centre-draft"
"RO-03","RO224","Galaţi","2024","3","nearest-strategic-centre-draft"
"RO-03","RO226","Vrancea","2024","3","nearest-strategic-centre-draft"
"RS-01","RS110","City of Belgrade","2024","3","nearest-strategic-centre-draft"
"RS-01","RS121","Zapadnobačka oblast ","2024","3","nearest-strategic-centre-draft"
"RS-01","RS122","Južnobanatska oblast","2024","3","nearest-strategic-centre-draft"
"RS-01","RS123","Južnobačka oblast","2024","3","nearest-strategic-centre-draft"
"RS-01","RS124","Severnobanatska oblast","2024","3","nearest-strategic-centre-draft"
"RS-01","RS125","Severnobačka oblast","2024","3","nearest-strategic-centre-draft"
"RS-01","RS126","Srednjobanatska oblast","2024","3","nearest-strategic-centre-draft"
"RS-01","RS127","Sremska oblast","2024","3","nearest-strategic-centre-draft"
"RS-01","RS211","Zlatiborska oblast","2024","3","nearest-strategic-centre-draft"
"RS-01","RS212","Kolubarska oblast","2024","3","nearest-strategic-centre-draft"
"RS-01","RS213","Mačvanska oblast","2024","3","nearest-strategic-centre-draft"
"RS-01","RS214","Moravička oblast","2024","3","nearest-strategic-centre-draft"
"RS-01","RS218","Šumadijska oblast","2024","3","nearest-strategic-centre-draft"
"RS-01","RS222","Braničevska oblast","2024","3","nearest-strategic-centre-draft"
"RS-01","RS227","Podunavska oblast","2024","3","nearest-strategic-centre-draft"
"RS-02","RS215","Pomoravska oblast","2024","3","nearest-strategic-centre-draft"
"RS-02","RS216","Rasinska oblast","2024","3","nearest-strategic-centre-draft"
"RS-02","RS217","Raška oblast","2024","3","nearest-strategic-centre-draft"
"RS-02","RS221","Borska oblast","2024","3","nearest-strategic-centre-draft"
"RS-02","RS223","Zaječarska oblast","2024","3","nearest-strategic-centre-draft"
"RS-02","RS224","Jablanička oblast","2024","3","nearest-strategic-centre-draft"
"RS-02","RS225","Nišavska oblast","2024","3","nearest-strategic-centre-draft"
"RS-02","RS226","Pirotska oblast","2024","3","nearest-strategic-centre-draft"
"RS-02","RS228","Pčinjska oblast","2024","3","nearest-strategic-centre-draft"
"RS-02","RS229","Toplička oblast","2024","3","nearest-strategic-centre-draft"
"RU-01","28173009B40138449315491","Kaliningrad","2025","1","nearest-strategic-centre-draft"
"RU-02","28173009B16533507618293","Novgorod Oblast","2025","1","nearest-strategic-centre-draft"
"RU-02","28173009B62882423633207","Arkhangelsk Oblast","2025","1","nearest-strategic-centre-draft"
"RU-02","28173009B70218250039968","Murmansk Oblast","2025","1","nearest-strategic-centre-draft"
"RU-02","28173009B86476767341172","Pskov Oblast","2025","1","nearest-strategic-centre-draft"
"RU-02","28173009B8796515134902","Saint Petersburg","2025","1","nearest-strategic-centre-draft"
"RU-02","28173009B90810482533567","Leningrad oblast","2025","1","nearest-strategic-centre-draft"
"RU-02","28173009B96976580001980","Republic of Karelia","2025","1","nearest-strategic-centre-draft"
"RU-03","28173009B19676032168465","Moscow","2025","1","nearest-strategic-centre-draft"
"RU-03","28173009B31773571872137","Smolensk Oblast","2025","1","nearest-strategic-centre-draft"
"RU-03","28173009B38848907206629","Yaroslavl Oblast","2025","1","nearest-strategic-centre-draft"
"RU-03","28173009B3932420572168","Oryol Oblast","2025","1","nearest-strategic-centre-draft"
"RU-03","28173009B42082792489997","Tula Oblast","2025","1","nearest-strategic-centre-draft"
"RU-03","28173009B50284711669511","Tambov Oblast","2025","1","nearest-strategic-centre-draft"
"RU-03","28173009B5502896824563","Lipetsk Oblast","2025","1","nearest-strategic-centre-draft"
"RU-03","28173009B63182593849600","Tver Oblast","2025","1","nearest-strategic-centre-draft"
"RU-03","28173009B69714658607289","Ryazan Oblast","2025","1","nearest-strategic-centre-draft"
"RU-03","28173009B74836580104791","Moscow Oblast","2025","1","nearest-strategic-centre-draft"
"RU-03","28173009B91128253561055","Vladimir Oblast","2025","1","nearest-strategic-centre-draft"
"RU-03","28173009B9124867987859","Bryansk Oblast","2025","1","nearest-strategic-centre-draft"
"RU-03","28173009B94971452660823","Kursk Oblast","2025","1","nearest-strategic-centre-draft"
"RU-03","28173009B99237675212372","Kaluga Oblast","2025","1","nearest-strategic-centre-draft"
"RU-04","28173009B16834140201491","Republic of Mordovia","2025","1","nearest-strategic-centre-draft"
"RU-04","28173009B18259284234443","Nizhny Novgorod Oblast","2025","1","nearest-strategic-centre-draft"
"RU-04","28173009B19466568926459","Chelyabinsk Oblast","2025","1","nearest-strategic-centre-draft"
"RU-04","28173009B21210279674314","Komi Republic","2025","1","nearest-strategic-centre-draft"
"RU-04","28173009B21415173479872","Saratov Oblast","2025","1","nearest-strategic-centre-draft"
"RU-04","28173009B25497318303482","Samara Oblast","2025","1","nearest-strategic-centre-draft"
"RU-04","28173009B30250450380208","Bashkortostan","2025","1","nearest-strategic-centre-draft"
"RU-04","28173009B3082792446388","Nenets Autonomous Okrug","2025","1","nearest-strategic-centre-draft"
"RU-04","28173009B31225333555943","Kirov Oblast","2025","1","nearest-strategic-centre-draft"
"RU-04","28173009B34434912986355","Udmurtia","2025","1","nearest-strategic-centre-draft"
"RU-04","28173009B41275184158050","Ivanovo Oblast","2025","1","nearest-strategic-centre-draft"
"RU-04","28173009B42697300509311","Ulyanovsk Oblast","2025","1","nearest-strategic-centre-draft"
"RU-04","28173009B46738131000378","Tatarstan","2025","1","nearest-strategic-centre-draft"
"RU-04","28173009B59972517059449","Penza Oblast","2025","1","nearest-strategic-centre-draft"
"RU-04","28173009B61240048498251","Mari El","2025","1","nearest-strategic-centre-draft"
"RU-04","28173009B70678486994214","Kostroma Oblast","2025","1","nearest-strategic-centre-draft"
"RU-04","28173009B76603557910928","Orenburg Oblast","2025","1","nearest-strategic-centre-draft"
"RU-04","28173009B90469334921421","Perm Krai","2025","1","nearest-strategic-centre-draft"
"RU-04","28173009B91429860602147","Chuvashia","2025","1","nearest-strategic-centre-draft"
"RU-04","28173009B92397886288731","Sverdlovsk Oblast","2025","1","nearest-strategic-centre-draft"
"RU-04","28173009B96664025860642","Vologda Oblast","2025","1","nearest-strategic-centre-draft"
"RU-05","28173009B21416061393121","Belgorod Oblast","2025","1","nearest-strategic-centre-draft"
"RU-05","28173009B24428243574749","Dagestan","2025","1","nearest-strategic-centre-draft"
"RU-05","28173009B2687808218031","Voronezh Oblast","2025","1","nearest-strategic-centre-draft"
"RU-05","28173009B41832925814017","Adygea","2025","1","nearest-strategic-centre-draft"
"RU-05","28173009B46424166303156","Rostov Oblast","2025","1","nearest-strategic-centre-draft"
"RU-05","28173009B46612801043871","Kabardino-Balkaria","2025","1","nearest-strategic-centre-draft"
"RU-05","28173009B57398385788417","Kalmykia","2025","1","nearest-strategic-centre-draft"
"RU-05","28173009B68474107072963","Astrakhan Oblast","2025","1","nearest-strategic-centre-draft"
"RU-05","28173009B7235812138525","North Ossetia–Alania","2025","1","nearest-strategic-centre-draft"
"RU-05","28173009B75413689166101","Ingushetia","2025","1","nearest-strategic-centre-draft"
"RU-05","28173009B83675725671802","Krasnodar Krai","2025","1","nearest-strategic-centre-draft"
"RU-05","28173009B89423349656391","Stavropol Krai","2025","1","nearest-strategic-centre-draft"
"RU-05","28173009B90356867269748","Volgograd Oblast","2025","1","nearest-strategic-centre-draft"
"RU-05","28173009B95588705134862","Karachay-Cherkessia","2025","1","nearest-strategic-centre-draft"
"RU-05","28173009B98838729156012","Chechnya","2025","1","nearest-strategic-centre-draft"
"SE-01","SE211","Jönköpings län","2024","3","nearest-strategic-centre-draft"
"SE-01","SE212","Kronobergs län","2024","3","nearest-strategic-centre-draft"
"SE-01","SE221","Blekinge län","2024","3","nearest-strategic-centre-draft"
"SE-01","SE224","Skåne län","2024","3","nearest-strategic-centre-draft"
"SE-01","SE231","Hallands län","2024","3","nearest-strategic-centre-draft"
"SE-01","SE232","Västra Götalands län","2024","3","nearest-strategic-centre-draft"
"SE-02","SE110","Stockholms län","2024","3","nearest-strategic-centre-draft"
"SE-02","SE121","Uppsala län","2024","3","nearest-strategic-centre-draft"
"SE-02","SE122","Södermanlands län","2024","3","nearest-strategic-centre-draft"
"SE-02","SE123","Östergötlands län","2024","3","nearest-strategic-centre-draft"
"SE-02","SE124","Örebro län","2024","3","nearest-strategic-centre-draft"
"SE-02","SE125","Västmanlands län","2024","3","nearest-strategic-centre-draft"
"SE-02","SE213","Kalmar län","2024","3","nearest-strategic-centre-draft"
"SE-02","SE214","Gotlands län","2024","3","nearest-strategic-centre-draft"
"SE-02","SE311","Värmlands län","2024","3","nearest-strategic-centre-draft"
"SE-02","SE312","Dalarnas län","2024","3","nearest-strategic-centre-draft"
"SE-02","SE313","Gävleborgs län","2024","3","nearest-strategic-centre-draft"
"SE-03","SE321","Västernorrlands län","2024","3","nearest-strategic-centre-draft"
"SE-03","SE322","Jämtlands län","2024","3","nearest-strategic-centre-draft"
"SE-03","SE331","Västerbottens län","2024","3","nearest-strategic-centre-draft"
"SE-03","SE332","Norrbottens län","2024","3","nearest-strategic-centre-draft"
"SI-01","SI031","Pomurska","2024","3","nearest-strategic-centre-draft"
"SI-01","SI032","Podravska","2024","3","nearest-strategic-centre-draft"
"SI-01","SI033","Koroška","2024","3","nearest-strategic-centre-draft"
"SI-01","SI034","Savinjska","2024","3","nearest-strategic-centre-draft"
"SI-01","SI035","Zasavska","2024","3","nearest-strategic-centre-draft"
"SI-01","SI036","Posavska","2024","3","nearest-strategic-centre-draft"
"SI-01","SI037","Jugovzhodna Slovenija","2024","3","nearest-strategic-centre-draft"
"SI-01","SI038","Primorsko-notranjska","2024","3","nearest-strategic-centre-draft"
"SI-01","SI041","Osrednjeslovenska","2024","3","nearest-strategic-centre-draft"
"SI-01","SI042","Gorenjska","2024","3","nearest-strategic-centre-draft"
"SI-01","SI043","Goriška","2024","3","nearest-strategic-centre-draft"
"SI-01","SI044","Obalno-kraška","2024","3","nearest-strategic-centre-draft"
"SK-01","SK010","Bratislavský kraj","2024","3","nearest-strategic-centre-draft"
"SK-01","SK021","Trnavský kraj","2024","3","nearest-strategic-centre-draft"
"SK-01","SK022","Trenčiansky kraj","2024","3","nearest-strategic-centre-draft"
"SK-01","SK023","Nitriansky kraj","2024","3","nearest-strategic-centre-draft"
"SK-01","SK031","Žilinský kraj","2024","3","nearest-strategic-centre-draft"
"SK-01","SK032","Banskobystrický kraj","2024","3","nearest-strategic-centre-draft"
"SK-01","SK041","Prešovský kraj","2024","3","nearest-strategic-centre-draft"
"SK-01","SK042","Košický kraj","2024","3","nearest-strategic-centre-draft"
"TR-01","TR100","İstanbul","2024","3","nearest-strategic-centre-draft"
"TR-01","TR211","Tekirdağ","2024","3","nearest-strategic-centre-draft"
"TR-01","TR212","Edirne","2024","3","nearest-strategic-centre-draft"
"TR-01","TR213","Kırklareli","2024","3","nearest-strategic-centre-draft"
"TR-01","TR221","Balıkesir","2024","3","nearest-strategic-centre-draft"
"TR-01","TR222","Çanakkale","2024","3","nearest-strategic-centre-draft"
"TR-01","TR411","Bursa","2024","3","nearest-strategic-centre-draft"
"TR-01","TR413","Bilecik","2024","3","nearest-strategic-centre-draft"
"TR-01","TR421","Kocaeli","2024","3","nearest-strategic-centre-draft"
"TR-01","TR425","Yalova","2024","3","nearest-strategic-centre-draft"
"UA-01","14850775B13681962240800","Volyn Oblast","2025","1","nearest-strategic-centre-draft"
"UA-01","14850775B19104561075165","Ivano-Frankivsk Oblast","2025","1","nearest-strategic-centre-draft"
"UA-01","14850775B26941409899318","Lviv Oblast","2025","1","nearest-strategic-centre-draft"
"UA-01","14850775B35593196550103","Chernivtsi Oblast","2025","1","nearest-strategic-centre-draft"
"UA-01","14850775B78366470925827","Khmelnytskyi Oblast","2025","1","nearest-strategic-centre-draft"
"UA-01","14850775B81694531118507","Ternopil Oblast","2025","1","nearest-strategic-centre-draft"
"UA-01","14850775B82824220650579","Zakarpattia Oblast","2025","1","nearest-strategic-centre-draft"
"UA-01","14850775B83802928232754","Rivne Oblast","2025","1","nearest-strategic-centre-draft"
"UA-02","14850775B22712718081002","Kyiv","2025","1","nearest-strategic-centre-draft"
"UA-02","14850775B37539954297462","Kyiv Oblast","2025","1","nearest-strategic-centre-draft"
"UA-02","14850775B55286662261645","Chernihiv Oblast","2025","1","nearest-strategic-centre-draft"
"UA-02","14850775B64193679462794","Kirovohrad Oblast","2025","1","nearest-strategic-centre-draft"
"UA-02","14850775B79197734087513","Zhytomyr Oblast","2025","1","nearest-strategic-centre-draft"
"UA-02","14850775B93300237551625","Vinnytsia Oblast","2025","1","nearest-strategic-centre-draft"
"UA-02","14850775B95678810793770","Cherkasy Oblast","2025","1","nearest-strategic-centre-draft"
"UA-03","14850775B14512392274127","Sumy Oblast","2025","1","nearest-strategic-centre-draft"
"UA-03","14850775B15615817748403","Donetsk Oblast","2025","1","nearest-strategic-centre-draft"
"UA-03","14850775B15913324833724","Kharkiv Oblast","2025","1","nearest-strategic-centre-draft"
"UA-03","14850775B18105645488844","Poltava Oblast","2025","1","nearest-strategic-centre-draft"
"UA-03","14850775B31033086218351","Luhansk Oblast","2025","1","nearest-strategic-centre-draft"
"UA-03","14850775B41808765507575","Dnipropetrovsk Oblast","2025","1","nearest-strategic-centre-draft"
"UA-03","14850775B92888097715572","Zaporizhia Oblast","2025","1","nearest-strategic-centre-draft"
"UA-04","14850775B53240635394722","Odessa Oblast","2025","1","nearest-strategic-centre-draft"
"UA-04","14850775B65901307765467","Kherson Oblast","2025","1","nearest-strategic-centre-draft"
"UA-04","14850775B99856317748721","Mykolaiv Oblast","2025","1","nearest-strategic-centre-draft"
"UA-05","14850775B24260608407062","Autonomous Republic of Crimea","2025","1","nearest-strategic-centre-draft"
"UA-05","14850775B70667807354554","Sevastopol","2025","1","nearest-strategic-centre-draft"
"XK-01","XK001","Prishtinë","2024","3","nearest-strategic-centre-draft"
"XK-01","XK002","Mitrovicë","2024","3","nearest-strategic-centre-draft"
"XK-01","XK003","Pejë","2024","3","nearest-strategic-centre-draft"
"XK-01","XK004","Prizren","2024","3","nearest-strategic-centre-draft"
"XK-01","XK005","Ferizaj","2024","3","nearest-strategic-centre-draft"
"XK-01","XK006","Gjilan","2024","3","nearest-strategic-centre-draft"
"XK-01","XK007","Gjakovë","2024","3","nearest-strategic-centre-draft"
